measurement_id,molecule_id,standardized_inchikey,endpoint_name,functional_mode,functional_mode_source,standard_type,standard_relation,standard_value,standard_units,pactivity_value,pactivity_recalculated,pactivity_absolute_difference,assay_chembl_id,target_chembl_id,target_gene,target_organism,target_type,target_confidence,assay_type,bao_format,cell_chembl_id,document_chembl_id,doi,pmid,document_type,source_retrieved_at,data_validity_comment,activity_comment,review_status,admission_reasons,development_partition
3219259,CHEMBL1076503,DJXXCPVDTMEZQZ-UHFFFAOYSA-N,pFunc_inhibition,antagonist,assay_text_rule,IC50,=,710.0,nM,6.15,6.148742,0.001258,CHEMBL1105840,CHEMBL251,ADORA2A,Homo sapiens,SINGLE PROTEIN,9,F,BAO_0000219,CHEMBL3307512,CHEMBL1154258,10.1016/j.bmcl.2009.08.040,19733067,PUBLICATION,2026-09-12T13:56:46.856914+00:00,,,admitted_exploratory,,development
3219258,CHEMBL1076504,CDUCLUZYLNLKKW-UHFFFAOYSA-N,pFunc_inhibition,antagonist,assay_text_rule,IC50,=,2610.0,nM,5.58,5.583359,0.003359,CHEMBL1105840,CHEMBL251,ADORA2A,Homo sapiens,SINGLE PROTEIN,9,F,BAO_0000219,CHEMBL3307512,CHEMBL1154258,10.1016/j.bmcl.2009.08.040,19733067,PUBLICATION,2026-09-12T13:56:46.856914+00:00,,,admitted_exploratory,,development
3219224,CHEMBL1077749,OUKKULWZHJJUCO-UHFFFAOYSA-N,pFunc_inhibition,antagonist,assay_text_rule,IC50,=,7847.0,nM,5.11,5.105296,0.004704,CHEMBL1105840,CHEMBL251,ADORA2A,Homo sapiens,SINGLE PROTEIN,9,F,BAO_0000219,CHEMBL3307512,CHEMBL1154258,10.1016/j.bmcl.2009.08.040,19733067,PUBLICATION,2026-09-12T13:56:46.856914+00:00,,,admitted_exploratory,,development
3219233,CHEMBL1077902,SFYCKRAOKBZQQD-UHFFFAOYSA-N,pFunc_inhibition,antagonist,assay_text_rule,IC50,=,116.0,nM,6.94,6.935542,0.004458,CHEMBL1105840,CHEMBL251,ADORA2A,Homo sapiens,SINGLE PROTEIN,9,F,BAO_0000219,CHEMBL3307512,CHEMBL1154258,10.1016/j.bmcl.2009.08.040,19733067,PUBLICATION,2026-09-12T13:56:46.856914+00:00,,,admitted_exploratory,,development
3219234,CHEMBL1078001,RMNYIORRJFTYKB-UHFFFAOYSA-N,pFunc_inhibition,antagonist,assay_text_rule,IC50,=,161.0,nM,6.79,6.793174,0.003174,CHEMBL1105840,CHEMBL251,ADORA2A,Homo sapiens,SINGLE PROTEIN,9,F,BAO_0000219,CHEMBL3307512,CHEMBL1154258,10.1016/j.bmcl.2009.08.040,19733067,PUBLICATION,2026-09-12T13:56:46.856914+00:00,,,admitted_exploratory,,development
3219235,CHEMBL1078085,WBCAKXYDAUCZDG-UHFFFAOYSA-N,pFunc_inhibition,antagonist,assay_text_rule,IC50,=,351.0,nM,6.46,6.454693,0.005307,CHEMBL1105840,CHEMBL251,ADORA2A,Homo sapiens,SINGLE PROTEIN,9,F,BAO_0000219,CHEMBL3307512,CHEMBL1154258,10.1016/j.bmcl.2009.08.040,19733067,PUBLICATION,2026-09-12T13:56:46.856914+00:00,,,admitted_exploratory,,development
3219246,CHEMBL1079141,NJLNJHCKQVRQDL-UHFFFAOYSA-N,pFunc_inhibition,antagonist,assay_text_rule,IC50,=,1619.0,nM,5.79,5.790753,0.000753,CHEMBL1105840,CHEMBL251,ADORA2A,Homo sapiens,SINGLE PROTEIN,9,F,BAO_0000219,CHEMBL3307512,CHEMBL1154258,10.1016/j.bmcl.2009.08.040,19733067,PUBLICATION,2026-09-12T13:56:46.856914+00:00,,,admitted_exploratory,,development
3219260,CHEMBL1082063,JTMNJBCPWGVLEV-UHFFFAOYSA-N,pFunc_inhibition,antagonist,assay_text_rule,IC50,=,3093.0,nM,5.51,5.509620,0.000380,CHEMBL1105840,CHEMBL251,ADORA2A,Homo sapiens,SINGLE PROTEIN,9,F,BAO_0000219,CHEMBL3307512,CHEMBL1154258,10.1016/j.bmcl.2009.08.040,19733067,PUBLICATION,2026-09-12T13:56:46.856914+00:00,,,admitted_exploratory,,development
12084382,CHEMBL1087185,WEDKBAZTBXZYBK-UHFFFAOYSA-N,,antagonist,assay_text_rule,Ki,=,8.2,nM,8.09,8.086186,0.003814,CHEMBL2167687,CHEMBL251,ADORA2A,Homo sapiens,SINGLE PROTEIN,9,F,BAO_0000019,,CHEMBL2163234,10.1021/jm201640m,22239465,PUBLICATION,2026-09-12T13:56:46.856914+00:00,,,quarantine,endpoint_or_functional_mode_not_admitted,development
3279087,CHEMBL1087185,WEDKBAZTBXZYBK-UHFFFAOYSA-N,,antagonist,assay_text_rule,Ki,=,8.2,nM,8.09,8.086186,0.003814,CHEMBL1116482,CHEMBL251,ADORA2A,Homo sapiens,SINGLE PROTEIN,8,F,BAO_0000019,,CHEMBL1157881,10.1016/j.bmcl.2010.03.024,20338760,PUBLICATION,2026-09-12T13:56:46.856914+00:00,,,quarantine,endpoint_or_functional_mode_not_admitted,development
12084390,CHEMBL1087189,NZMLWAPHUUXPMQ-UHFFFAOYSA-N,,antagonist,assay_text_rule,Ki,=,4.1,nM,8.39,8.387216,0.002784,CHEMBL2167687,CHEMBL251,ADORA2A,Homo sapiens,SINGLE PROTEIN,9,F,BAO_0000019,,CHEMBL2163234,10.1021/jm201640m,22239465,PUBLICATION,2026-09-12T13:56:46.856914+00:00,,,quarantine,endpoint_or_functional_mode_not_admitted,development
14645591,CHEMBL1087189,NZMLWAPHUUXPMQ-UHFFFAOYSA-N,,antagonist,assay_text_rule,Ki,=,4.1,nM,8.39,8.387216,0.002784,CHEMBL3267347,CHEMBL251,ADORA2A,Homo sapiens,SINGLE PROTEIN,9,F,BAO_0000357,,CHEMBL3259781,10.1021/jm4011669,24164628,PUBLICATION,2026-09-12T13:56:46.856914+00:00,,,quarantine,endpoint_or_functional_mode_not_admitted,development
3243703,CHEMBL1092270,QHFYRCHXHNWYCV-UHFFFAOYSA-N,pBind_Ki,,unresolved,Ki,=,0.12,nM,9.92,9.920819,0.000819,CHEMBL1105450,CHEMBL251,ADORA2A,Homo sapiens,SINGLE PROTEIN,9,B,BAO_0000219,CHEMBL3307715,CHEMBL1156165,10.1016/j.bmc.2010.02.048,20303771,PUBLICATION,2026-09-12T13:56:46.856914+00:00,,,admitted_exploratory,,development
3243756,CHEMBL1092270,QHFYRCHXHNWYCV-UHFFFAOYSA-N,,antagonist,assay_text_rule,Activity,=,0.11,pmol/ml,,,,CHEMBL1105453,CHEMBL251,ADORA2A,Homo sapiens,SINGLE PROTEIN,9,F,BAO_0000219,CHEMBL3307715,CHEMBL1156165,10.1016/j.bmc.2010.02.048,20303771,PUBLICATION,2026-09-12T13:56:46.856914+00:00,,,quarantine,endpoint_or_functional_mode_not_admitted|non_nm_units|pchembl_missing_or_inconsistent,development
12084381,CHEMBL1095488,BCDASHXLAMCATI-UHFFFAOYSA-N,,antagonist,assay_text_rule,Ki,=,6.5,nM,8.19,8.187087,0.002913,CHEMBL2167687,CHEMBL251,ADORA2A,Homo sapiens,SINGLE PROTEIN,9,F,BAO_0000019,,CHEMBL2163234,10.1021/jm201640m,22239465,PUBLICATION,2026-09-12T13:56:46.856914+00:00,,,quarantine,endpoint_or_functional_mode_not_admitted,development
14645592,CHEMBL1095488,BCDASHXLAMCATI-UHFFFAOYSA-N,,antagonist,assay_text_rule,Ki,=,6.5,nM,8.19,8.187087,0.002913,CHEMBL3267347,CHEMBL251,ADORA2A,Homo sapiens,SINGLE PROTEIN,9,F,BAO_0000357,,CHEMBL3259781,10.1021/jm4011669,24164628,PUBLICATION,2026-09-12T13:56:46.856914+00:00,,,quarantine,endpoint_or_functional_mode_not_admitted,development
24354309,CHEMBL1095488,BCDASHXLAMCATI-UHFFFAOYSA-N,pBind_Ki,antagonist,assay_text_rule,Ki,=,7.5,nM,8.12,8.124939,0.004939,CHEMBL5032900,CHEMBL251,ADORA2A,Homo sapiens,SINGLE PROTEIN,9,B,BAO_0000219,,CHEMBL5032500,10.1021/acs.jmedchem.0c00914,34107215,PUBLICATION,2026-09-12T13:56:46.856914+00:00,,,admitted_exploratory,,development
3279098,CHEMBL1095488,BCDASHXLAMCATI-UHFFFAOYSA-N,,antagonist,assay_text_rule,Ki,=,6.5,nM,8.19,8.187087,0.002913,CHEMBL1116482,CHEMBL251,ADORA2A,Homo sapiens,SINGLE PROTEIN,8,F,BAO_0000019,,CHEMBL1157881,10.1016/j.bmcl.2010.03.024,20338760,PUBLICATION,2026-09-12T13:56:46.856914+00:00,,,quarantine,endpoint_or_functional_mode_not_admitted,development
3296287,CHEMBL1097859,KYSFTXJTWSDCSC-UHFFFAOYSA-N,,,unresolved,Inhibition,=,68.9,%,,,,CHEMBL1105725,CHEMBL251,ADORA2A,Homo sapiens,SINGLE PROTEIN,9,B,BAO_0000219,CHEMBL3308376,CHEMBL1158568,10.1016/j.bmc.2010.03.048,20382540,PUBLICATION,2026-09-12T13:56:46.856914+00:00,,,quarantine,endpoint_or_functional_mode_not_admitted|non_nm_units|pchembl_missing_or_inconsistent,development
3296346,CHEMBL1097859,KYSFTXJTWSDCSC-UHFFFAOYSA-N,pBind_Ki,,unresolved,Ki,=,2511.89,nM,5.60,5.599999,0.000001,CHEMBL1108377,CHEMBL251,ADORA2A,Homo sapiens,SINGLE PROTEIN,9,B,BAO_0000219,CHEMBL3308376,CHEMBL1158568,10.1016/j.bmc.2010.03.048,20382540,PUBLICATION,2026-09-12T13:56:46.856914+00:00,,,admitted_exploratory,,development
3296347,CHEMBL1097859,KYSFTXJTWSDCSC-UHFFFAOYSA-N,,antagonist,assay_text_rule,Ki,=,7943.28,nM,5.10,5.100000,0.000000,CHEMBL1108378,CHEMBL251,ADORA2A,Homo sapiens,SINGLE PROTEIN,9,F,BAO_0000219,CHEMBL3308072,CHEMBL1158568,10.1016/j.bmc.2010.03.048,20382540,PUBLICATION,2026-09-12T13:56:46.856914+00:00,,,quarantine,endpoint_or_functional_mode_not_admitted,development
1217305,CHEMBL119709,HUJXGQILHAUCCV-MOROJQBDSA-N,pBind_Ki,,unresolved,Ki,=,2520.0,nM,5.60,5.598599,0.001401,CHEMBL644663,CHEMBL251,ADORA2A,Homo sapiens,SINGLE PROTEIN,9,B,BAO_0000357,,CHEMBL1132702,10.1021/jm9804984,10212124,PUBLICATION,2026-09-12T13:56:46.856914+00:00,,,admitted_exploratory,,development
13968209,CHEMBL119709,HUJXGQILHAUCCV-MOROJQBDSA-N,,antagonist,assay_text_rule,EC50,=,79.43,nM,7.10,7.100015,0.000015,CHEMBL3135340,CHEMBL251,ADORA2A,Homo sapiens,SINGLE PROTEIN,9,F,BAO_0000219,CHEMBL3308072,CHEMBL3132785,10.1039/C3MD00364G,,PUBLICATION,2026-09-12T13:56:46.856914+00:00,,,quarantine,endpoint_or_functional_mode_not_admitted,development
1450084,CHEMBL119709,HUJXGQILHAUCCV-MOROJQBDSA-N,pBind_Ki,,unresolved,Ki,=,2910.0,nM,5.54,5.536107,0.003893,CHEMBL840086,CHEMBL251,ADORA2A,Homo sapiens,SINGLE PROTEIN,9,B,BAO_0000357,,CHEMBL1137867,10.1016/j.bmcl.2004.07.042,15341938,PUBLICATION,2026-09-12T13:56:46.856914+00:00,,,admitted_exploratory,,development
1466061,CHEMBL119709,HUJXGQILHAUCCV-MOROJQBDSA-N,pBind_Ki,,unresolved,Ki,=,56.0,nM,7.25,7.251812,0.001812,CHEMBL876372,CHEMBL251,ADORA2A,Homo sapiens,SINGLE PROTEIN,9,B,BAO_0000219,CHEMBL3307715,CHEMBL1138752,10.1021/jm049682h,15341491,PUBLICATION,2026-09-12T13:56:46.856914+00:00,,,admitted_exploratory,,development
1473548,CHEMBL119709,HUJXGQILHAUCCV-MOROJQBDSA-N,pBind_Ki,,unresolved,Ki,=,56.0,nM,7.25,7.251812,0.001812,CHEMBL828281,CHEMBL251,ADORA2A,Homo sapiens,SINGLE PROTEIN,9,B,BAO_0000219,CHEMBL3308072,CHEMBL1138800,10.1021/jm0408161,15481989,PUBLICATION,2026-09-12T13:56:46.856914+00:00,,,admitted_exploratory,,development
1517160,CHEMBL119709,HUJXGQILHAUCCV-MOROJQBDSA-N,pBind_Ki,,unresolved,Ki,=,40.0,nM,7.40,7.397940,0.002060,CHEMBL828979,CHEMBL251,ADORA2A,Homo sapiens,SINGLE PROTEIN,8,B,BAO_0000019,,CHEMBL1144357,10.1021/jm049408n,15743197,PUBLICATION,2026-09-12T13:56:46.856914+00:00,,,quarantine,non_human_context,development
1518497,CHEMBL119709,HUJXGQILHAUCCV-MOROJQBDSA-N,pBind_Ki,antagonist,assay_text_rule,Ki,=,2900.0,nM,5.54,5.537602,0.002398,CHEMBL829833,CHEMBL251,ADORA2A,Homo sapiens,SINGLE PROTEIN,9,B,BAO_0000219,CHEMBL3308072,CHEMBL1142719,10.1021/jm049580r,15771421,PUBLICATION,2026-09-12T13:56:46.856914+00:00,,,admitted_exploratory,,development
16771031,CHEMBL119709,HUJXGQILHAUCCV-MOROJQBDSA-N,pBind_Ki,,unresolved,Ki,=,6200.0,nM,5.21,5.207608,0.002392,CHEMBL3863867,CHEMBL251,ADORA2A,Homo sapiens,SINGLE PROTEIN,9,B,BAO_0000219,CHEMBL3307715,CHEMBL3862033,10.1021/acs.jmedchem.6b01183,27933810,PUBLICATION,2026-09-12T13:56:46.856914+00:00,,,admitted_exploratory,,development
1709883,CHEMBL119709,HUJXGQILHAUCCV-MOROJQBDSA-N,pBind_Ki,,unresolved,Ki,=,510.0,nM,6.29,6.292430,0.002430,CHEMBL861496,CHEMBL251,ADORA2A,Homo sapiens,SINGLE PROTEIN,9,B,BAO_0000219,CHEMBL3307715,CHEMBL1147002,10.1016/j.bmcl.2006.01.110,16487705,PUBLICATION,2026-09-12T13:56:46.856914+00:00,,,admitted_exploratory,,development
1804891,CHEMBL119709,HUJXGQILHAUCCV-MOROJQBDSA-N,,,unresolved,Activity,,,,,,,CHEMBL853707,CHEMBL251,ADORA2A,Homo sapiens,SINGLE PROTEIN,9,B,BAO_0000357,,CHEMBL1139220,10.1021/jm061045z,17201410,PUBLICATION,2026-09-12T13:56:46.856914+00:00,,Not Determined,quarantine,endpoint_or_functional_mode_not_admitted|non_exact_relation|non_nm_units|non_positive_or_missing_value|pchembl_missing_or_inconsistent,development
18051329,CHEMBL119709,HUJXGQILHAUCCV-MOROJQBDSA-N,pBind_Ki,,unresolved,Ki,=,2910.0,nM,5.54,5.536107,0.003893,CHEMBL4011495,CHEMBL251,ADORA2A,Homo sapiens,SINGLE PROTEIN,9,B,BAO_0000219,CHEMBL3307715,CHEMBL4007510,10.1021/acs.jmedchem.7b00241,28380296,PUBLICATION,2026-09-12T13:56:46.856914+00:00,,,admitted_exploratory,,development
18086743,CHEMBL119709,HUJXGQILHAUCCV-MOROJQBDSA-N,pBind_Ki,,unresolved,Ki,=,2910.0,nM,5.54,5.536107,0.003893,CHEMBL4018933,CHEMBL251,ADORA2A,Homo sapiens,SINGLE PROTEIN,9,B,BAO_0000219,CHEMBL3307715,CHEMBL4017496,10.1021/acs.jmedchem.7b00805,28799755,PUBLICATION,2026-09-12T13:56:46.856914+00:00,,,admitted_exploratory,,development
18806515,CHEMBL119709,HUJXGQILHAUCCV-MOROJQBDSA-N,pBind_Ki,,unresolved,Ki,=,2900.0,nM,5.54,5.537602,0.002398,CHEMBL4275271,CHEMBL251,ADORA2A,Homo sapiens,SINGLE PROTEIN,9,B,BAO_0000219,,CHEMBL4270622,10.1016/j.ejmech.2018.08.042,30144700,PUBLICATION,2026-09-12T13:56:46.856914+00:00,,,admitted_exploratory,,development
2167211,CHEMBL119709,HUJXGQILHAUCCV-MOROJQBDSA-N,pBind_Ki,,unresolved,Ki,=,93.1,nM,7.03,7.031050,0.001050,CHEMBL935759,CHEMBL251,ADORA2A,Homo sapiens,SINGLE PROTEIN,9,B,BAO_0000219,CHEMBL3307715,CHEMBL1145629,10.1016/j.bmcl.2008.04.001,18424135,PUBLICATION,2026-09-12T13:56:46.856914+00:00,,,admitted_exploratory,,development
2374270,CHEMBL119709,HUJXGQILHAUCCV-MOROJQBDSA-N,pBind_Ki,,unresolved,Ki,=,2900.0,nM,5.54,5.537602,0.002398,CHEMBL1028957,CHEMBL251,ADORA2A,Homo sapiens,SINGLE PROTEIN,9,B,BAO_0000219,CHEMBL3307715,CHEMBL1140153,10.1021/jm8008647,18811138,PUBLICATION,2026-09-12T13:56:46.856914+00:00,,,admitted_exploratory,,development
3087194,CHEMBL119709,HUJXGQILHAUCCV-MOROJQBDSA-N,pBind_Ki,,unresolved,Ki,=,2900.0,nM,5.54,5.537602,0.002398,CHEMBL1070691,CHEMBL251,ADORA2A,Homo sapiens,SINGLE PROTEIN,9,B,BAO_0000219,CHEMBL3308072,CHEMBL1153082,10.1016/j.bmc.2009.10.011,19879151,PUBLICATION,2026-09-12T13:56:46.856914+00:00,,,admitted_exploratory,,development
543391,CHEMBL119709,HUJXGQILHAUCCV-MOROJQBDSA-N,pBind_Ki,,unresolved,Ki,=,370.0,nM,6.43,6.431798,0.001798,CHEMBL644660,CHEMBL251,ADORA2A,Homo sapiens,SINGLE PROTEIN,9,B,BAO_0000219,CHEMBL3307648,CHEMBL1130114,10.1021/jm970084v,9258366,PUBLICATION,2026-09-12T13:56:46.856914+00:00,,,admitted_exploratory,,development
543392,CHEMBL119709,HUJXGQILHAUCCV-MOROJQBDSA-N,pBind_Ki,,unresolved,Ki,=,143.0,nM,6.84,6.844664,0.004664,CHEMBL644659,CHEMBL251,ADORA2A,Homo sapiens,SINGLE PROTEIN,9,B,BAO_0000219,CHEMBL3307648,CHEMBL1130114,10.1021/jm970084v,9258366,PUBLICATION,2026-09-12T13:56:46.856914+00:00,,,quarantine,mutant_or_variant_assay,development
543393,CHEMBL119709,HUJXGQILHAUCCV-MOROJQBDSA-N,pBind_Ki,,unresolved,Ki,=,32.0,nM,7.50,7.494850,0.005150,CHEMBL644658,CHEMBL251,ADORA2A,Homo sapiens,SINGLE PROTEIN,9,B,BAO_0000219,CHEMBL3307648,CHEMBL1130114,10.1021/jm970084v,9258366,PUBLICATION,2026-09-12T13:56:46.856914+00:00,,,quarantine,mutant_or_variant_assay,development
769517,CHEMBL119709,HUJXGQILHAUCCV-MOROJQBDSA-N,pBind_Ki,antagonist,assay_text_rule,Ki,=,116.0,nM,6.94,6.935542,0.004458,CHEMBL873042,CHEMBL251,ADORA2A,Homo sapiens,SINGLE PROTEIN,8,B,BAO_0000019,,CHEMBL1131221,10.1021/jm9707737,9572897,PUBLICATION,2026-09-12T13:56:46.856914+00:00,,,quarantine,non_human_context,development
1105140,CHEMBL122396,BCWROVBBUOSFGD-UHFFFAOYSA-N,pBind_Ki,,unresolved,Ki,=,214.0,nM,6.67,6.669586,0.000414,CHEMBL649781,CHEMBL251,ADORA2A,Homo sapiens,SINGLE PROTEIN,9,B,BAO_0000219,CHEMBL3307715,CHEMBL1148363,10.1021/jm049947s,15239649,PUBLICATION,2026-09-12T13:56:46.856914+00:00,,,admitted_exploratory,,locked_holdout
1105144,CHEMBL122396,BCWROVBBUOSFGD-UHFFFAOYSA-N,,agonist,assay_text_rule,Efficacy,=,32.0,%,,,,CHEMBL649777,CHEMBL251,ADORA2A,Homo sapiens,SINGLE PROTEIN,9,F,BAO_0000219,CHEMBL3308072,CHEMBL1148363,10.1021/jm049947s,15239649,PUBLICATION,2026-09-12T13:56:46.856914+00:00,,,quarantine,endpoint_or_functional_mode_not_admitted|non_nm_units|pchembl_missing_or_inconsistent,locked_holdout
12139231,CHEMBL122396,BCWROVBBUOSFGD-UHFFFAOYSA-N,pBind_Ki,,unresolved,Ki,=,214.0,nM,6.67,6.669586,0.000414,CHEMBL2187072,CHEMBL251,ADORA2A,Homo sapiens,SINGLE PROTEIN,9,B,BAO_0000219,CHEMBL3308072,CHEMBL2177029,10.1021/jm300087j,22468757,PUBLICATION,2026-09-12T13:56:46.856914+00:00,,,admitted_exploratory,,locked_holdout
1801184,CHEMBL122396,BCWROVBBUOSFGD-UHFFFAOYSA-N,,,unresolved,Activity,,,,,,,CHEMBL853707,CHEMBL251,ADORA2A,Homo sapiens,SINGLE PROTEIN,9,B,BAO_0000357,,CHEMBL1139220,10.1021/jm061045z,17201410,PUBLICATION,2026-09-12T13:56:46.856914+00:00,,Not Determined,quarantine,endpoint_or_functional_mode_not_admitted|non_exact_relation|non_nm_units|non_positive_or_missing_value|pchembl_missing_or_inconsistent,locked_holdout
1033783,CHEMBL136689,AEULVFLPCJOBCE-UHFFFAOYSA-N,pBind_Ki,,unresolved,Ki,=,0.048,nM,10.32,10.318759,0.001241,CHEMBL642227,CHEMBL251,ADORA2A,Homo sapiens,SINGLE PROTEIN,9,B,BAO_0000219,CHEMBL3307715,CHEMBL1133517,10.1021/jm0009843,11087559,PUBLICATION,2026-09-12T13:56:46.856914+00:00,,,admitted_exploratory,,development
13398780,CHEMBL136689,AEULVFLPCJOBCE-UHFFFAOYSA-N,pBind_Ki,,unresolved,Ki,=,4.1,nM,8.39,8.387216,0.002784,CHEMBL2417039,CHEMBL251,ADORA2A,Homo sapiens,SINGLE PROTEIN,9,B,BAO_0000219,CHEMBL3307715,CHEMBL2412992,10.1016/j.bmcl.2012.10.112,23200243,PUBLICATION,2026-09-12T13:56:46.856914+00:00,,,admitted_exploratory,,development
13398791,CHEMBL136689,AEULVFLPCJOBCE-UHFFFAOYSA-N,pBind_Ki,,unresolved,Ki,=,11.1,nM,7.96,7.954677,0.005323,CHEMBL2417040,CHEMBL251,ADORA2A,Homo sapiens,SINGLE PROTEIN,9,B,BAO_0000219,CHEMBL3307715,CHEMBL2412992,10.1016/j.bmcl.2012.10.112,23200243,PUBLICATION,2026-09-12T13:56:46.856914+00:00,,,admitted_exploratory,,development
15054556,CHEMBL136689,AEULVFLPCJOBCE-UHFFFAOYSA-N,pBind_Ki,,unresolved,Ki,=,0.048,nM,10.32,10.318759,0.001241,CHEMBL3366212,CHEMBL251,ADORA2A,Homo sapiens,SINGLE PROTEIN,9,B,BAO_0000219,CHEMBL3308072,CHEMBL3351655,10.1021/jm500752h,24972108,PUBLICATION,2026-09-12T13:56:46.856914+00:00,,,admitted_exploratory,,development
16914905,CHEMBL136689,AEULVFLPCJOBCE-UHFFFAOYSA-N,,,unresolved,Kd,=,1.956,nM,8.71,8.708631,0.001369,CHEMBL3885750,CHEMBL251,ADORA2A,Homo sapiens,SINGLE PROTEIN,9,B,BAO_0000019,,CHEMBL3885741,10.6019/CHEMBL3885741,,DATASET,2026-09-12T13:56:46.856914+00:00,,Interpretation: Specific Binding,quarantine,endpoint_or_functional_mode_not_admitted|not_primary_publication,development
16914907,CHEMBL136689,AEULVFLPCJOBCE-UHFFFAOYSA-N,,,unresolved,kon,=,726200.0,Ms-1,,,,CHEMBL3885750,CHEMBL251,ADORA2A,Homo sapiens,SINGLE PROTEIN,9,B,BAO_0000019,,CHEMBL3885741,10.6019/CHEMBL3885741,,DATASET,2026-09-12T13:56:46.856914+00:00,,Interpretation: Specific Binding,quarantine,endpoint_or_functional_mode_not_admitted|non_nm_units|pchembl_missing_or_inconsistent|not_primary_publication,development
16914920,CHEMBL136689,AEULVFLPCJOBCE-UHFFFAOYSA-N,,,unresolved,k_off,=,0.00132,s-1,,,,CHEMBL3885750,CHEMBL251,ADORA2A,Homo sapiens,SINGLE PROTEIN,9,B,BAO_0000019,,CHEMBL3885741,10.6019/CHEMBL3885741,,DATASET,2026-09-12T13:56:46.856914+00:00,,Interpretation: Specific Binding,quarantine,endpoint_or_functional_mode_not_admitted|non_nm_units|pchembl_missing_or_inconsistent|not_primary_publication,development
16914936,CHEMBL136689,AEULVFLPCJOBCE-UHFFFAOYSA-N,,,unresolved,kon,=,793266.67,Ms-1,,,,CHEMBL3885748,CHEMBL251,ADORA2A,Homo sapiens,SINGLE PROTEIN,9,B,BAO_0000019,,CHEMBL3885741,10.6019/CHEMBL3885741,,DATASET,2026-09-12T13:56:46.856914+00:00,,Interpretation: Specific Binding,quarantine,endpoint_or_functional_mode_not_admitted|non_nm_units|pchembl_missing_or_inconsistent|not_primary_publication,development
16914937,CHEMBL136689,AEULVFLPCJOBCE-UHFFFAOYSA-N,,,unresolved,k_off,=,0.003348,s-1,,,,CHEMBL3885748,CHEMBL251,ADORA2A,Homo sapiens,SINGLE PROTEIN,9,B,BAO_0000019,,CHEMBL3885741,10.6019/CHEMBL3885741,,DATASET,2026-09-12T13:56:46.856914+00:00,,Interpretation: Specific Binding,quarantine,endpoint_or_functional_mode_not_admitted|non_nm_units|pchembl_missing_or_inconsistent|not_primary_publication,development
16914970,CHEMBL136689,AEULVFLPCJOBCE-UHFFFAOYSA-N,,,unresolved,Kd,=,4.66,nM,8.33,8.331614,0.001614,CHEMBL3885748,CHEMBL251,ADORA2A,Homo sapiens,SINGLE PROTEIN,9,B,BAO_0000019,,CHEMBL3885741,10.6019/CHEMBL3885741,,DATASET,2026-09-12T13:56:46.856914+00:00,,Interpretation: Specific Binding,quarantine,endpoint_or_functional_mode_not_admitted|not_primary_publication,development
16915462,CHEMBL136689,AEULVFLPCJOBCE-UHFFFAOYSA-N,,antagonist,assay_text_rule,koff,,0.4149,min^-1,,,,CHEMBL3885747,CHEMBL251,ADORA2A,Homo sapiens,SINGLE PROTEIN,9,B,BAO_0000019,,CHEMBL3885741,10.6019/CHEMBL3885741,,DATASET,2026-09-12T13:56:46.856914+00:00,,,quarantine,endpoint_or_functional_mode_not_admitted|non_exact_relation|non_nm_units|pchembl_missing_or_inconsistent|not_primary_publication,development
16915475,CHEMBL136689,AEULVFLPCJOBCE-UHFFFAOYSA-N,,antagonist,assay_text_rule,kon,,0.222,nM^-1 min^-1,,,,CHEMBL3885747,CHEMBL251,ADORA2A,Homo sapiens,SINGLE PROTEIN,9,B,BAO_0000019,,CHEMBL3885741,10.6019/CHEMBL3885741,,DATASET,2026-09-12T13:56:46.856914+00:00,,,quarantine,endpoint_or_functional_mode_not_admitted|non_exact_relation|non_nm_units|pchembl_missing_or_inconsistent|not_primary_publication,development
24376202,CHEMBL136689,AEULVFLPCJOBCE-UHFFFAOYSA-N,,antagonist,assay_text_rule,pKb,=,9.47,,,,,CHEMBL5037232,CHEMBL251,ADORA2A,Homo sapiens,SINGLE PROTEIN,9,F,BAO_0000249,,CHEMBL5036326,10.1021/acs.jmedchem.0c02169,34120444,PUBLICATION,2026-09-12T13:56:46.856914+00:00,,,quarantine,endpoint_or_functional_mode_not_admitted|non_nm_units|pchembl_missing_or_inconsistent,development
24376203,CHEMBL136689,AEULVFLPCJOBCE-UHFFFAOYSA-N,,antagonist,assay_text_rule,Ki,=,0.3,nM,9.52,9.522879,0.002879,CHEMBL5037232,CHEMBL251,ADORA2A,Homo sapiens,SINGLE PROTEIN,9,F,BAO_0000249,,CHEMBL5036326,10.1021/acs.jmedchem.0c02169,34120444,PUBLICATION,2026-09-12T13:56:46.856914+00:00,,,quarantine,endpoint_or_functional_mode_not_admitted,development
3500050,CHEMBL136689,AEULVFLPCJOBCE-UHFFFAOYSA-N,pBind_Ki,,unresolved,Ki,=,4.1,nM,8.39,8.387216,0.002784,CHEMBL1260324,CHEMBL251,ADORA2A,Homo sapiens,SINGLE PROTEIN,9,B,BAO_0000219,CHEMBL3307715,CHEMBL1255545,10.1016/j.bmcl.2010.08.021,20801028,PUBLICATION,2026-09-12T13:56:46.856914+00:00,,,admitted_exploratory,,development
3560378,CHEMBL136689,AEULVFLPCJOBCE-UHFFFAOYSA-N,pBind_Ki,,unresolved,Ki,>,0.048,nM,,10.318759,,CHEMBL1286683,CHEMBL251,ADORA2A,Homo sapiens,SINGLE PROTEIN,9,B,BAO_0000357,,CHEMBL1275345,10.1016/j.bmc.2010.09.043,20937560,PUBLICATION,2026-09-12T13:56:46.856914+00:00,,,quarantine,non_exact_relation|pchembl_missing_or_inconsistent,development
6178802,CHEMBL136689,AEULVFLPCJOBCE-UHFFFAOYSA-N,pBind_Ki,,unresolved,Ki,=,4.1,nM,8.39,8.387216,0.002784,CHEMBL1772677,CHEMBL251,ADORA2A,Homo sapiens,SINGLE PROTEIN,9,B,BAO_0000219,CHEMBL3307715,CHEMBL1770126,10.1016/j.bmcl.2010.11.082,21185184,PUBLICATION,2026-09-12T13:56:46.856914+00:00,,,admitted_exploratory,,development
7972288,CHEMBL136689,AEULVFLPCJOBCE-UHFFFAOYSA-N,,antagonist,assay_text_rule,INH,=,0.048,nM,,10.318759,,CHEMBL1931861,CHEMBL251,ADORA2A,Homo sapiens,SINGLE PROTEIN,9,F,BAO_0000019,,CHEMBL1926574,10.1021/jm101349u,21214204,PUBLICATION,2026-09-12T13:56:46.856914+00:00,,,quarantine,endpoint_or_functional_mode_not_admitted|pchembl_missing_or_inconsistent,development
24781559,CHEMBL1417210,IHPOVUXVIZRYAC-UHFFFAOYSA-N,,,unresolved,Kd,=,410000.0,nM,3.39,3.387216,0.002784,CHEMBL5129723,CHEMBL251,ADORA2A,Homo sapiens,SINGLE PROTEIN,9,B,BAO_0000219,,CHEMBL5126601,10.1021/acsmedchemlett.2c00099,35859869,PUBLICATION,2026-09-12T13:56:46.856914+00:00,,,quarantine,endpoint_or_functional_mode_not_admitted,development
24781682,CHEMBL1417210,IHPOVUXVIZRYAC-UHFFFAOYSA-N,,agonist,assay_text_rule,Activity,,,,,,,CHEMBL5129738,CHEMBL251,ADORA2A,Homo sapiens,SINGLE PROTEIN,9,F,BAO_0000219,,CHEMBL5126601,10.1021/acsmedchemlett.2c00099,35859869,PUBLICATION,2026-09-12T13:56:46.856914+00:00,,NA,quarantine,endpoint_or_functional_mode_not_admitted|non_exact_relation|non_nm_units|non_positive_or_missing_value|pchembl_missing_or_inconsistent,development
25517208,CHEMBL1460863,XAESXNPBEDJXJH-UHFFFAOYSA-N,,,unresolved,Activity,,,,,,,CHEMBL5336568,CHEMBL251,ADORA2A,Homo sapiens,SINGLE PROTEIN,9,B,BAO_0000219,,CHEMBL5335785,10.1016/j.ejmech.2023.115419,37301076,PUBLICATION,2026-09-12T13:56:46.856914+00:00,,,quarantine,endpoint_or_functional_mode_not_admitted|non_exact_relation|non_nm_units|non_positive_or_missing_value|pchembl_missing_or_inconsistent,development
25517260,CHEMBL1460863,XAESXNPBEDJXJH-UHFFFAOYSA-N,,antagonist,assay_text_rule,EC50,=,4.365,nM,8.36,8.360016,0.000016,CHEMBL5336572,CHEMBL251,ADORA2A,Homo sapiens,SINGLE PROTEIN,9,F,BAO_0000219,,CHEMBL5335785,10.1016/j.ejmech.2023.115419,37301076,PUBLICATION,2026-09-12T13:56:46.856914+00:00,,,quarantine,endpoint_or_functional_mode_not_admitted,development
18296945,CHEMBL1561896,PVXSYGKEPLNOTR-UHFFFAOYSA-N,,,unresolved,Inhibition,>,60.0,%,,,,CHEMBL4123888,CHEMBL251,ADORA2A,Homo sapiens,SINGLE PROTEIN,9,B,BAO_0000219,,CHEMBL4118207,10.1021/acs.jmedchem.8b00204,29792714,PUBLICATION,2026-09-12T13:56:46.856914+00:00,,,quarantine,endpoint_or_functional_mode_not_admitted|non_exact_relation|non_nm_units|pchembl_missing_or_inconsistent,development
18296969,CHEMBL1561896,PVXSYGKEPLNOTR-UHFFFAOYSA-N,pBind_Ki,,unresolved,Ki,=,19.0,nM,7.72,7.721246,0.001246,CHEMBL4123886,CHEMBL251,ADORA2A,Homo sapiens,SINGLE PROTEIN,9,B,BAO_0000219,,CHEMBL4118207,10.1021/acs.jmedchem.8b00204,29792714,PUBLICATION,2026-09-12T13:56:46.856914+00:00,,,admitted_exploratory,,development
18296988,CHEMBL1561896,PVXSYGKEPLNOTR-UHFFFAOYSA-N,,antagonist,assay_text_rule,Inhibition,,,%,,,,CHEMBL4123896,CHEMBL251,ADORA2A,Homo sapiens,SINGLE PROTEIN,9,F,BAO_0000219,,CHEMBL4118207,10.1021/acs.jmedchem.8b00204,29792714,PUBLICATION,2026-09-12T13:56:46.856914+00:00,,,quarantine,endpoint_or_functional_mode_not_admitted|non_exact_relation|non_nm_units|non_positive_or_missing_value|pchembl_missing_or_inconsistent,development
24781565,CHEMBL1573515,ZRWBHKXIXMTWJN-UHFFFAOYSA-N,,,unresolved,Kd,=,131000.0,nM,3.88,3.882729,0.002729,CHEMBL5129723,CHEMBL251,ADORA2A,Homo sapiens,SINGLE PROTEIN,9,B,BAO_0000219,,CHEMBL5126601,10.1021/acsmedchemlett.2c00099,35859869,PUBLICATION,2026-09-12T13:56:46.856914+00:00,,,quarantine,endpoint_or_functional_mode_not_admitted,locked_holdout
24781688,CHEMBL1573515,ZRWBHKXIXMTWJN-UHFFFAOYSA-N,,agonist,assay_text_rule,Activity,,,,,,,CHEMBL5129738,CHEMBL251,ADORA2A,Homo sapiens,SINGLE PROTEIN,9,F,BAO_0000219,,CHEMBL5126601,10.1021/acsmedchemlett.2c00099,35859869,PUBLICATION,2026-09-12T13:56:46.856914+00:00,,NA,quarantine,endpoint_or_functional_mode_not_admitted|non_exact_relation|non_nm_units|non_positive_or_missing_value|pchembl_missing_or_inconsistent,locked_holdout
25517203,CHEMBL1587915,YPMWIVBLLPUGOQ-UHFFFAOYSA-N,,,unresolved,Activity,,,,,,,CHEMBL5336568,CHEMBL251,ADORA2A,Homo sapiens,SINGLE PROTEIN,9,B,BAO_0000219,,CHEMBL5335785,10.1016/j.ejmech.2023.115419,37301076,PUBLICATION,2026-09-12T13:56:46.856914+00:00,,,quarantine,endpoint_or_functional_mode_not_admitted|non_exact_relation|non_nm_units|non_positive_or_missing_value|pchembl_missing_or_inconsistent|unassigned_stereocenter,locked_holdout
25517255,CHEMBL1587915,YPMWIVBLLPUGOQ-UHFFFAOYSA-N,,antagonist,assay_text_rule,EC50,=,4.571,nM,8.34,8.339989,0.000011,CHEMBL5336572,CHEMBL251,ADORA2A,Homo sapiens,SINGLE PROTEIN,9,F,BAO_0000219,,CHEMBL5335785,10.1016/j.ejmech.2023.115419,37301076,PUBLICATION,2026-09-12T13:56:46.856914+00:00,,,quarantine,endpoint_or_functional_mode_not_admitted|unassigned_stereocenter,locked_holdout
5207185,CHEMBL1671936,KEUJAGGJGBWRFC-UHFFFAOYSA-N,pBind_Ki,,unresolved,Ki,=,5.9,nM,8.23,8.229148,0.000852,CHEMBL1679250,CHEMBL251,ADORA2A,Homo sapiens,SINGLE PROTEIN,9,B,BAO_0000219,,CHEMBL1671809,10.1021/jm1008659,21210664,PUBLICATION,2026-09-12T13:56:46.856914+00:00,,,admitted_exploratory,,development
5207187,CHEMBL1671936,KEUJAGGJGBWRFC-UHFFFAOYSA-N,,antagonist,assay_text_rule,Kb,=,1.3,nM,,8.886057,,CHEMBL1679415,CHEMBL251,ADORA2A,Homo sapiens,SINGLE PROTEIN,9,F,BAO_0000219,CHEMBL3308072,CHEMBL1671809,10.1021/jm1008659,21210664,PUBLICATION,2026-09-12T13:56:46.856914+00:00,,,quarantine,endpoint_or_functional_mode_not_admitted|pchembl_missing_or_inconsistent,development
1277888,CHEMBL17127,UTLPKQYUXOEJIL-UHFFFAOYSA-N,pBind_Ki,,unresolved,Ki,=,1.1,nM,8.96,8.958607,0.001393,CHEMBL647487,CHEMBL251,ADORA2A,Homo sapiens,SINGLE PROTEIN,9,B,BAO_0000219,CHEMBL3307715,CHEMBL1135389,10.1021/jm010924c,11754583,PUBLICATION,2026-09-12T13:56:46.856914+00:00,,,admitted_exploratory,,development
13398779,CHEMBL17127,UTLPKQYUXOEJIL-UHFFFAOYSA-N,pBind_Ki,,unresolved,Ki,=,0.6,nM,9.22,9.221849,0.001849,CHEMBL2417039,CHEMBL251,ADORA2A,Homo sapiens,SINGLE PROTEIN,9,B,BAO_0000219,CHEMBL3307715,CHEMBL2412992,10.1016/j.bmcl.2012.10.112,23200243,PUBLICATION,2026-09-12T13:56:46.856914+00:00,,,admitted_exploratory,,development
13398790,CHEMBL17127,UTLPKQYUXOEJIL-UHFFFAOYSA-N,pBind_Ki,,unresolved,Ki,=,1.9,nM,8.72,8.721246,0.001246,CHEMBL2417040,CHEMBL251,ADORA2A,Homo sapiens,SINGLE PROTEIN,9,B,BAO_0000219,CHEMBL3307715,CHEMBL2412992,10.1016/j.bmcl.2012.10.112,23200243,PUBLICATION,2026-09-12T13:56:46.856914+00:00,,,admitted_exploratory,,development
13418936,CHEMBL17127,UTLPKQYUXOEJIL-UHFFFAOYSA-N,,antagonist,assay_text_rule,Activity,=,0.55,pmol/ml,,,,CHEMBL2422903,CHEMBL251,ADORA2A,Homo sapiens,SINGLE PROTEIN,9,F,BAO_0000219,CHEMBL3307715,CHEMBL2417388,10.1016/j.bmc.2013.07.005,23953686,PUBLICATION,2026-09-12T13:56:46.856914+00:00,,,quarantine,endpoint_or_functional_mode_not_admitted|non_nm_units|pchembl_missing_or_inconsistent,development
14645599,CHEMBL17127,UTLPKQYUXOEJIL-UHFFFAOYSA-N,,antagonist,assay_text_rule,Ki,=,1.1,nM,8.96,8.958607,0.001393,CHEMBL3267348,CHEMBL251,ADORA2A,Homo sapiens,SINGLE PROTEIN,9,F,BAO_0000357,,CHEMBL3259781,10.1021/jm4011669,24164628,PUBLICATION,2026-09-12T13:56:46.856914+00:00,,,quarantine,endpoint_or_functional_mode_not_admitted,development
1499633,CHEMBL17127,UTLPKQYUXOEJIL-UHFFFAOYSA-N,pBind_Ki,antagonist,assay_text_rule,Ki,=,4.3,nM,8.37,8.366532,0.003468,CHEMBL829686,CHEMBL251,ADORA2A,Homo sapiens,SINGLE PROTEIN,9,B,BAO_0000219,CHEMBL3307715,CHEMBL1143541,10.1016/j.bmcl.2005.02.031,15808481,PUBLICATION,2026-09-12T13:56:46.856914+00:00,,,admitted_exploratory,,development
1601984,CHEMBL17127,UTLPKQYUXOEJIL-UHFFFAOYSA-N,pBind_Ki,,unresolved,Ki,=,2.3,nM,8.64,8.638272,0.001728,CHEMBL884729,CHEMBL251,ADORA2A,Homo sapiens,SINGLE PROTEIN,8,B,BAO_0000357,,CHEMBL1143471,10.1016/j.bmcl.2005.07.052,16153830,PUBLICATION,2026-09-12T13:56:46.856914+00:00,,,admitted_exploratory,,development
16914467,CHEMBL17127,UTLPKQYUXOEJIL-UHFFFAOYSA-N,,,unresolved,k_off,=,0.004112,s-1,,,,CHEMBL3885765,CHEMBL251,ADORA2A,Homo sapiens,SINGLE PROTEIN,9,B,BAO_0000357,,CHEMBL3885741,10.6019/CHEMBL3885741,,DATASET,2026-09-12T13:56:46.856914+00:00,,Interpretation: Specific Binding,quarantine,endpoint_or_functional_mode_not_admitted|non_nm_units|pchembl_missing_or_inconsistent|not_primary_publication,development
16914468,CHEMBL17127,UTLPKQYUXOEJIL-UHFFFAOYSA-N,,,unresolved,Kd,=,1.973,nM,8.71,8.704873,0.005127,CHEMBL3885765,CHEMBL251,ADORA2A,Homo sapiens,SINGLE PROTEIN,9,B,BAO_0000357,,CHEMBL3885741,10.6019/CHEMBL3885741,,DATASET,2026-09-12T13:56:46.856914+00:00,,Interpretation: Specific Binding,quarantine,endpoint_or_functional_mode_not_admitted|not_primary_publication,development
16914472,CHEMBL17127,UTLPKQYUXOEJIL-UHFFFAOYSA-N,,,unresolved,kon,=,2110000.0,Ms-1,,,,CHEMBL3885765,CHEMBL251,ADORA2A,Homo sapiens,SINGLE PROTEIN,9,B,BAO_0000357,,CHEMBL3885741,10.6019/CHEMBL3885741,,DATASET,2026-09-12T13:56:46.856914+00:00,,Interpretation: Specific Binding,quarantine,endpoint_or_functional_mode_not_admitted|non_nm_units|pchembl_missing_or_inconsistent|not_primary_publication,development
16914475,CHEMBL17127,UTLPKQYUXOEJIL-UHFFFAOYSA-N,,,unresolved,kon,=,1136000.0,Ms-1,,,,CHEMBL3885764,CHEMBL251,ADORA2A,Homo sapiens,SINGLE PROTEIN,9,B,BAO_0000357,,CHEMBL3885741,10.6019/CHEMBL3885741,,DATASET,2026-09-12T13:56:46.856914+00:00,,Interpretation: Specific Binding,quarantine,endpoint_or_functional_mode_not_admitted|non_nm_units|pchembl_missing_or_inconsistent|not_primary_publication,development
16914476,CHEMBL17127,UTLPKQYUXOEJIL-UHFFFAOYSA-N,,,unresolved,k_off,=,0.003676,s-1,,,,CHEMBL3885764,CHEMBL251,ADORA2A,Homo sapiens,SINGLE PROTEIN,9,B,BAO_0000357,,CHEMBL3885741,10.6019/CHEMBL3885741,,DATASET,2026-09-12T13:56:46.856914+00:00,,Interpretation: Specific Binding,quarantine,endpoint_or_functional_mode_not_admitted|non_nm_units|pchembl_missing_or_inconsistent|not_primary_publication,development
16914478,CHEMBL17127,UTLPKQYUXOEJIL-UHFFFAOYSA-N,,,unresolved,Kd,=,3.34,nM,8.48,8.476254,0.003746,CHEMBL3885764,CHEMBL251,ADORA2A,Homo sapiens,SINGLE PROTEIN,9,B,BAO_0000357,,CHEMBL3885741,10.6019/CHEMBL3885741,,DATASET,2026-09-12T13:56:46.856914+00:00,,Interpretation: Specific Binding,quarantine,endpoint_or_functional_mode_not_admitted|not_primary_publication,development
16914676,CHEMBL17127,UTLPKQYUXOEJIL-UHFFFAOYSA-N,,,unresolved,kon,=,1480000.0,Ms-1,,,,CHEMBL3885760,CHEMBL251,ADORA2A,Homo sapiens,SINGLE PROTEIN,9,B,BAO_0000357,,CHEMBL3885741,10.6019/CHEMBL3885741,,DATASET,2026-09-12T13:56:46.856914+00:00,,Interpretation: Specific Binding,quarantine,endpoint_or_functional_mode_not_admitted|non_nm_units|pchembl_missing_or_inconsistent|not_primary_publication,development
16914678,CHEMBL17127,UTLPKQYUXOEJIL-UHFFFAOYSA-N,,,unresolved,k_off,=,0.0211,s-1,,,,CHEMBL3885760,CHEMBL251,ADORA2A,Homo sapiens,SINGLE PROTEIN,9,B,BAO_0000357,,CHEMBL3885741,10.6019/CHEMBL3885741,,DATASET,2026-09-12T13:56:46.856914+00:00,,Interpretation: Specific Binding,quarantine,endpoint_or_functional_mode_not_admitted|non_nm_units|pchembl_missing_or_inconsistent|not_primary_publication,development
16914679,CHEMBL17127,UTLPKQYUXOEJIL-UHFFFAOYSA-N,,,unresolved,Kd,=,16.8,nM,7.78,7.774691,0.005309,CHEMBL3885760,CHEMBL251,ADORA2A,Homo sapiens,SINGLE PROTEIN,9,B,BAO_0000357,,CHEMBL3885741,10.6019/CHEMBL3885741,,DATASET,2026-09-12T13:56:46.856914+00:00,,Interpretation: Specific Binding,quarantine,endpoint_or_functional_mode_not_admitted|not_primary_publication,development
16914902,CHEMBL17127,UTLPKQYUXOEJIL-UHFFFAOYSA-N,,,unresolved,Kd,=,4.022,nM,8.40,8.395558,0.004442,CHEMBL3885750,CHEMBL251,ADORA2A,Homo sapiens,SINGLE PROTEIN,9,B,BAO_0000019,,CHEMBL3885741,10.6019/CHEMBL3885741,,DATASET,2026-09-12T13:56:46.856914+00:00,,Interpretation: Specific Binding,quarantine,endpoint_or_functional_mode_not_admitted|not_primary_publication,development
16914914,CHEMBL17127,UTLPKQYUXOEJIL-UHFFFAOYSA-N,,,unresolved,k_off,=,0.00891,s-1,,,,CHEMBL3885750,CHEMBL251,ADORA2A,Homo sapiens,SINGLE PROTEIN,9,B,BAO_0000019,,CHEMBL3885741,10.6019/CHEMBL3885741,,DATASET,2026-09-12T13:56:46.856914+00:00,,Interpretation: Specific Binding,quarantine,endpoint_or_functional_mode_not_admitted|non_nm_units|pchembl_missing_or_inconsistent|not_primary_publication,development
16914919,CHEMBL17127,UTLPKQYUXOEJIL-UHFFFAOYSA-N,,,unresolved,kon,=,3647866.67,Ms-1,,,,CHEMBL3885750,CHEMBL251,ADORA2A,Homo sapiens,SINGLE PROTEIN,9,B,BAO_0000019,,CHEMBL3885741,10.6019/CHEMBL3885741,,DATASET,2026-09-12T13:56:46.856914+00:00,,Interpretation: Specific Binding,quarantine,endpoint_or_functional_mode_not_admitted|non_nm_units|pchembl_missing_or_inconsistent|not_primary_publication,development
16914926,CHEMBL17127,UTLPKQYUXOEJIL-UHFFFAOYSA-N,,,unresolved,kon,=,3528666.67,Ms-1,,,,CHEMBL3885748,CHEMBL251,ADORA2A,Homo sapiens,SINGLE PROTEIN,9,B,BAO_0000019,,CHEMBL3885741,10.6019/CHEMBL3885741,,DATASET,2026-09-12T13:56:46.856914+00:00,,Interpretation: Specific Binding,quarantine,endpoint_or_functional_mode_not_admitted|non_nm_units|pchembl_missing_or_inconsistent|not_primary_publication,development
16914935,CHEMBL17127,UTLPKQYUXOEJIL-UHFFFAOYSA-N,,,unresolved,k_off,=,0.02265,s-1,,,,CHEMBL3885748,CHEMBL251,ADORA2A,Homo sapiens,SINGLE PROTEIN,9,B,BAO_0000019,,CHEMBL3885741,10.6019/CHEMBL3885741,,DATASET,2026-09-12T13:56:46.856914+00:00,,Interpretation: Specific Binding,quarantine,endpoint_or_functional_mode_not_admitted|non_nm_units|pchembl_missing_or_inconsistent|not_primary_publication,development
16914955,CHEMBL17127,UTLPKQYUXOEJIL-UHFFFAOYSA-N,,,unresolved,Kd,=,6.516,nM,8.19,8.186019,0.003981,CHEMBL3885748,CHEMBL251,ADORA2A,Homo sapiens,SINGLE PROTEIN,9,B,BAO_0000019,,CHEMBL3885741,10.6019/CHEMBL3885741,,DATASET,2026-09-12T13:56:46.856914+00:00,,Interpretation: Specific Binding,quarantine,endpoint_or_functional_mode_not_admitted|not_primary_publication,development
16915472,CHEMBL17127,UTLPKQYUXOEJIL-UHFFFAOYSA-N,,antagonist,assay_text_rule,koff,,0.4569,min^-1,,,,CHEMBL3885747,CHEMBL251,ADORA2A,Homo sapiens,SINGLE PROTEIN,9,B,BAO_0000019,,CHEMBL3885741,10.6019/CHEMBL3885741,,DATASET,2026-09-12T13:56:46.856914+00:00,,,quarantine,endpoint_or_functional_mode_not_admitted|non_exact_relation|non_nm_units|pchembl_missing_or_inconsistent|not_primary_publication,development
16915474,CHEMBL17127,UTLPKQYUXOEJIL-UHFFFAOYSA-N,,antagonist,assay_text_rule,kon,,0.1278,nM^-1 min^-1,,,,CHEMBL3885747,CHEMBL251,ADORA2A,Homo sapiens,SINGLE PROTEIN,9,B,BAO_0000019,,CHEMBL3885741,10.6019/CHEMBL3885741,,DATASET,2026-09-12T13:56:46.856914+00:00,,,quarantine,endpoint_or_functional_mode_not_admitted|non_exact_relation|non_nm_units|pchembl_missing_or_inconsistent|not_primary_publication,development
200830,CHEMBL17127,UTLPKQYUXOEJIL-UHFFFAOYSA-N,pBind_Ki,,unresolved,Ki,=,0.6,nM,9.22,9.221849,0.001849,CHEMBL644656,CHEMBL251,ADORA2A,Homo sapiens,SINGLE PROTEIN,8,B,BAO_0000357,,CHEMBL1149198,10.1016/j.bmcl.2004.03.104,15149696,PUBLICATION,2026-09-12T13:56:46.856914+00:00,,,admitted_exploratory,,development
22756950,CHEMBL17127,UTLPKQYUXOEJIL-UHFFFAOYSA-N,pBind_Ki,antagonist,assay_text_rule,Ki,=,1.1,nM,8.96,8.958607,0.001393,CHEMBL4700997,CHEMBL251,ADORA2A,Homo sapiens,SINGLE PROTEIN,9,B,BAO_0000357,,CHEMBL4699449,10.1021/acs.jmedchem.0c00237,32667814,PUBLICATION,2026-09-12T13:56:46.856914+00:00,,,admitted_exploratory,,development
23126615,CHEMBL17127,UTLPKQYUXOEJIL-UHFFFAOYSA-N,,antagonist,assay_text_rule,IC50,=,40.0,nM,7.40,7.397940,0.002060,CHEMBL4807308,CHEMBL251,ADORA2A,Homo sapiens,SINGLE PROTEIN,9,B,BAO_0000219,,CHEMBL4806962,,,PATENT,2026-09-12T13:56:46.856914+00:00,,,quarantine,endpoint_or_functional_mode_not_admitted|not_primary_publication|doi_or_pmid_missing,development
24351920,CHEMBL17127,UTLPKQYUXOEJIL-UHFFFAOYSA-N,pBind_Ki,antagonist,assay_text_rule,Ki,=,2.4,nM,8.62,8.619789,0.000211,CHEMBL5032352,CHEMBL251,ADORA2A,Homo sapiens,SINGLE PROTEIN,9,B,BAO_0000249,,CHEMBL5030563,10.1021/acs.jmedchem.1c01155,34783558,PUBLICATION,2026-09-12T13:56:46.856914+00:00,,,admitted_exploratory,,development
2454695,CHEMBL17127,UTLPKQYUXOEJIL-UHFFFAOYSA-N,,antagonist,assay_text_rule,Ki,=,2.0,nM,8.70,8.698970,0.001030,CHEMBL986416,CHEMBL251,ADORA2A,Homo sapiens,SINGLE PROTEIN,9,F,BAO_0000019,,CHEMBL1155013,10.1016/j.bmcl.2008.05.069,18558486,PUBLICATION,2026-09-12T13:56:46.856914+00:00,,,quarantine,endpoint_or_functional_mode_not_admitted,development
2458562,CHEMBL17127,UTLPKQYUXOEJIL-UHFFFAOYSA-N,,antagonist,assay_text_rule,Ki,=,2.0,nM,8.70,8.698970,0.001030,CHEMBL937827,CHEMBL251,ADORA2A,Homo sapiens,SINGLE PROTEIN,9,F,BAO_0000019,,CHEMBL1155026,10.1016/j.bmcl.2008.05.074,18562199,PUBLICATION,2026-09-12T13:56:46.856914+00:00,,,quarantine,endpoint_or_functional_mode_not_admitted,development
24772546,CHEMBL17127,UTLPKQYUXOEJIL-UHFFFAOYSA-N,,antagonist,assay_text_rule,K,=,1.05,nM,,8.978811,,CHEMBL5126895,CHEMBL251,ADORA2A,Homo sapiens,SINGLE PROTEIN,9,B,BAO_0000357,,CHEMBL5126505,10.1016/j.ejmech.2021.113907,34695776,PUBLICATION,2026-09-12T13:56:46.856914+00:00,,,quarantine,endpoint_or_functional_mode_not_admitted|pchembl_missing_or_inconsistent,development
24777221,CHEMBL17127,UTLPKQYUXOEJIL-UHFFFAOYSA-N,,antagonist,assay_text_rule,Ki,=,2.3,nM,8.64,8.638272,0.001728,CHEMBL5128609,CHEMBL251,ADORA2A,Homo sapiens,SINGLE PROTEIN,9,F,BAO_0000019,,CHEMBL5126552,10.1016/j.ejmech.2022.114378,35462165,PUBLICATION,2026-09-12T13:56:46.856914+00:00,,,quarantine,endpoint_or_functional_mode_not_admitted,development
2563434,CHEMBL17127,UTLPKQYUXOEJIL-UHFFFAOYSA-N,pBind_Ki,,unresolved,Ki,=,0.6,nM,9.22,9.221849,0.001849,CHEMBL967913,CHEMBL251,ADORA2A,Homo sapiens,SINGLE PROTEIN,9,B,BAO_0000357,,CHEMBL1155896,10.1021/jm701594y,18637670,PUBLICATION,2026-09-12T13:56:46.856914+00:00,,,admitted_exploratory,,development
25935672,CHEMBL17127,UTLPKQYUXOEJIL-UHFFFAOYSA-N,pFunc_inhibition,antagonist,assay_text_rule,IC50,=,15.0,nM,7.82,7.823909,0.003909,CHEMBL5531819,CHEMBL251,ADORA2A,Homo sapiens,SINGLE PROTEIN,9,F,BAO_0000019,,CHEMBL5528085,10.1021/acs.jmedchem.4c00250,38483150,PUBLICATION,2026-09-12T13:56:46.856914+00:00,,,admitted_exploratory,,development
2916514,CHEMBL17127,UTLPKQYUXOEJIL-UHFFFAOYSA-N,pBind_Ki,,unresolved,Ki,=,1.1,nM,8.96,8.958607,0.001393,CHEMBL1037717,CHEMBL251,ADORA2A,Homo sapiens,SINGLE PROTEIN,9,B,BAO_0000219,CHEMBL3308072,CHEMBL1154073,10.1016/j.bmc.2009.05.038,19501513,PUBLICATION,2026-09-12T13:56:46.856914+00:00,,,admitted_exploratory,,development
307891,CHEMBL17127,UTLPKQYUXOEJIL-UHFFFAOYSA-N,pBind_Ki,,unresolved,Ki,=,2.0,nM,8.70,8.698970,0.001030,CHEMBL639492,CHEMBL251,ADORA2A,Homo sapiens,SINGLE PROTEIN,8,B,BAO_0000249,,CHEMBL1149169,10.1021/jm030977p,15163184,PUBLICATION,2026-09-12T13:56:46.856914+00:00,,,quarantine,non_human_context,development
307894,CHEMBL17127,UTLPKQYUXOEJIL-UHFFFAOYSA-N,pBind_Ki,,unresolved,Ki,=,3.25,nM,8.49,8.488117,0.001883,CHEMBL642332,CHEMBL251,ADORA2A,Homo sapiens,SINGLE PROTEIN,8,B,BAO_0000249,,CHEMBL1149169,10.1021/jm030977p,15163184,PUBLICATION,2026-09-12T13:56:46.856914+00:00,,,admitted_exploratory,,development
3243712,CHEMBL17127,UTLPKQYUXOEJIL-UHFFFAOYSA-N,pBind_Ki,,unresolved,Ki,=,1.23,nM,8.91,8.910095,0.000095,CHEMBL1105450,CHEMBL251,ADORA2A,Homo sapiens,SINGLE PROTEIN,9,B,BAO_0000219,CHEMBL3307715,CHEMBL1156165,10.1016/j.bmc.2010.02.048,20303771,PUBLICATION,2026-09-12T13:56:46.856914+00:00,,,admitted_exploratory,,development
3243758,CHEMBL17127,UTLPKQYUXOEJIL-UHFFFAOYSA-N,,antagonist,assay_text_rule,Activity,=,0.25,pmol/ml,,,,CHEMBL1105453,CHEMBL251,ADORA2A,Homo sapiens,SINGLE PROTEIN,9,F,BAO_0000219,CHEMBL3307715,CHEMBL1156165,10.1016/j.bmc.2010.02.048,20303771,PUBLICATION,2026-09-12T13:56:46.856914+00:00,,,quarantine,endpoint_or_functional_mode_not_admitted|non_nm_units|pchembl_missing_or_inconsistent,development
364373,CHEMBL17127,UTLPKQYUXOEJIL-UHFFFAOYSA-N,,antagonist,assay_text_rule,ED50,=,0.3,uM,,,,CHEMBL842669,CHEMBL251,ADORA2A,Homo sapiens,SINGLE PROTEIN,8,F,BAO_0000019,,CHEMBL1129517,10.1021/jm950746l,8676354,PUBLICATION,2026-09-12T13:56:46.856914+00:00,,,quarantine,endpoint_or_functional_mode_not_admitted|non_human_context|non_nm_units|pchembl_missing_or_inconsistent,development
7985248,CHEMBL17127,UTLPKQYUXOEJIL-UHFFFAOYSA-N,pBind_Ki,,unresolved,Ki,=,1.1,nM,8.96,8.958607,0.001393,CHEMBL1936135,CHEMBL251,ADORA2A,Homo sapiens,SINGLE PROTEIN,9,B,BAO_0000219,CHEMBL3308072,CHEMBL1932966,10.1016/j.bmc.2011.11.037,22204739,PUBLICATION,2026-09-12T13:56:46.856914+00:00,,,admitted_exploratory,,development
943820,CHEMBL17127,UTLPKQYUXOEJIL-UHFFFAOYSA-N,pFunc_inhibition,antagonist,assay_text_rule,IC50,=,12.0,nM,7.92,7.920819,0.000819,CHEMBL696391,CHEMBL251,ADORA2A,Homo sapiens,SINGLE PROTEIN,9,F,BAO_0000019,,CHEMBL1131246,10.1021/jm9708689,9622554,PUBLICATION,2026-09-12T13:56:46.856914+00:00,,,admitted_exploratory,,development
943822,CHEMBL17127,UTLPKQYUXOEJIL-UHFFFAOYSA-N,pBind_Ki,,unresolved,Ki,=,1.1,nM,8.96,8.958607,0.001393,CHEMBL640525,CHEMBL251,ADORA2A,Homo sapiens,SINGLE PROTEIN,9,B,BAO_0000219,CHEMBL3308072,CHEMBL1131246,10.1021/jm9708689,9622554,PUBLICATION,2026-09-12T13:56:46.856914+00:00,,,admitted_exploratory,,development
10887418,CHEMBL183,FFBDFADSZUINTG-UHFFFAOYSA-N,pBind_Ki,,unresolved,Ki,=,337.0,nM,6.47,6.472370,0.002370,CHEMBL2034748,CHEMBL251,ADORA2A,Homo sapiens,SINGLE PROTEIN,9,B,BAO_0000219,CHEMBL3308072,CHEMBL2029296,10.1021/jm201177b,22257095,PUBLICATION,2026-09-12T13:56:46.856914+00:00,,,admitted_exploratory,,development
13398775,CHEMBL183,FFBDFADSZUINTG-UHFFFAOYSA-N,pBind_Ki,,unresolved,Ki,=,129.0,nM,6.89,6.889410,0.000590,CHEMBL2417039,CHEMBL251,ADORA2A,Homo sapiens,SINGLE PROTEIN,9,B,BAO_0000219,CHEMBL3307715,CHEMBL2412992,10.1016/j.bmcl.2012.10.112,23200243,PUBLICATION,2026-09-12T13:56:46.856914+00:00,,,admitted_exploratory,,development
13398786,CHEMBL183,FFBDFADSZUINTG-UHFFFAOYSA-N,pBind_Ki,,unresolved,Ki,=,630.0,nM,6.20,6.200659,0.000659,CHEMBL2417040,CHEMBL251,ADORA2A,Homo sapiens,SINGLE PROTEIN,9,B,BAO_0000219,CHEMBL3307715,CHEMBL2412992,10.1016/j.bmcl.2012.10.112,23200243,PUBLICATION,2026-09-12T13:56:46.856914+00:00,,,admitted_exploratory,,development
13489797,CHEMBL183,FFBDFADSZUINTG-UHFFFAOYSA-N,pBind_Ki,,unresolved,Ki,=,337.0,nM,6.47,6.472370,0.002370,CHEMBL2438815,CHEMBL251,ADORA2A,Homo sapiens,SINGLE PROTEIN,9,B,BAO_0000219,CHEMBL3308072,CHEMBL2434872,10.1016/j.ejmech.2013.09.001,24077183,PUBLICATION,2026-09-12T13:56:46.856914+00:00,,,admitted_exploratory,,development
1404102,CHEMBL183,FFBDFADSZUINTG-UHFFFAOYSA-N,pBind_Ki,,unresolved,Ki,=,129.0,nM,6.89,6.889410,0.000590,CHEMBL830256,CHEMBL251,ADORA2A,Homo sapiens,SINGLE PROTEIN,9,B,BAO_0000219,CHEMBL3308072,CHEMBL1145202,10.1021/jm049597+,15771447,PUBLICATION,2026-09-12T13:56:46.856914+00:00,,,admitted_exploratory,,development
14994271,CHEMBL183,FFBDFADSZUINTG-UHFFFAOYSA-N,pBind_Ki,,unresolved,Ki,=,260.3,nM,6.58,6.584526,0.004526,CHEMBL3383137,CHEMBL251,ADORA2A,Homo sapiens,SINGLE PROTEIN,9,B,BAO_0000219,CHEMBL3308072,CHEMBL3351777,10.1016/j.ejmech.2014.10.020,25462223,PUBLICATION,2026-09-12T13:56:46.856914+00:00,,,admitted_exploratory,,development
1611093,CHEMBL183,FFBDFADSZUINTG-UHFFFAOYSA-N,pBind_Ki,,unresolved,Ki,=,56.0,nM,7.25,7.251812,0.001812,CHEMBL883651,CHEMBL251,ADORA2A,Homo sapiens,SINGLE PROTEIN,9,B,BAO_0000219,CHEMBL3307715,CHEMBL1140374,10.1021/jm058018d,16250647,PUBLICATION,2026-09-12T13:56:46.856914+00:00,,,admitted_exploratory,,development
1652696,CHEMBL183,FFBDFADSZUINTG-UHFFFAOYSA-N,pBind_Ki,,unresolved,Ki,=,337.0,nM,6.47,6.472370,0.002370,CHEMBL861067,CHEMBL251,ADORA2A,Homo sapiens,SINGLE PROTEIN,8,B,BAO_0000249,,CHEMBL1140434,10.1021/jm0504149,16335918,PUBLICATION,2026-09-12T13:56:46.856914+00:00,,,quarantine,non_human_context,development
1652699,CHEMBL183,FFBDFADSZUINTG-UHFFFAOYSA-N,pBind_Ki,,unresolved,Ki,=,260.0,nM,6.58,6.585027,0.005027,CHEMBL860042,CHEMBL251,ADORA2A,Homo sapiens,SINGLE PROTEIN,9,B,BAO_0000219,CHEMBL3308072,CHEMBL1140434,10.1021/jm0504149,16335918,PUBLICATION,2026-09-12T13:56:46.856914+00:00,,,admitted_exploratory,,development
1653124,CHEMBL183,FFBDFADSZUINTG-UHFFFAOYSA-N,pBind_Ki,,unresolved,Ki,=,337.0,nM,6.47,6.472370,0.002370,CHEMBL860280,CHEMBL251,ADORA2A,Homo sapiens,SINGLE PROTEIN,9,B,BAO_0000219,CHEMBL3308072,CHEMBL1141186,10.1021/jm050792d,16366607,PUBLICATION,2026-09-12T13:56:46.856914+00:00,,,admitted_exploratory,,development
16536805,CHEMBL183,FFBDFADSZUINTG-UHFFFAOYSA-N,pBind_Ki,,unresolved,Ki,=,157.0,nM,6.80,6.804100,0.004100,CHEMBL3791367,CHEMBL251,ADORA2A,Homo sapiens,SINGLE PROTEIN,9,B,BAO_0000219,CHEMBL3308376,CHEMBL3784997,10.1021/acs.jmedchem.5b01586,26824742,PUBLICATION,2026-09-12T13:56:46.856914+00:00,,,admitted_exploratory,,development
16914903,CHEMBL183,FFBDFADSZUINTG-UHFFFAOYSA-N,,,unresolved,Kd,=,106.44,nM,6.97,6.972895,0.002895,CHEMBL3885750,CHEMBL251,ADORA2A,Homo sapiens,SINGLE PROTEIN,9,B,BAO_0000019,,CHEMBL3885741,10.6019/CHEMBL3885741,,DATASET,2026-09-12T13:56:46.856914+00:00,,Interpretation: Specific Binding,quarantine,endpoint_or_functional_mode_not_admitted|not_primary_publication,development
16914915,CHEMBL183,FFBDFADSZUINTG-UHFFFAOYSA-N,,,unresolved,k_off,=,0.04447,s-1,,,,CHEMBL3885750,CHEMBL251,ADORA2A,Homo sapiens,SINGLE PROTEIN,9,B,BAO_0000019,,CHEMBL3885741,10.6019/CHEMBL3885741,,DATASET,2026-09-12T13:56:46.856914+00:00,,Interpretation: Specific Binding,quarantine,endpoint_or_functional_mode_not_admitted|non_nm_units|pchembl_missing_or_inconsistent|not_primary_publication,development
16914921,CHEMBL183,FFBDFADSZUINTG-UHFFFAOYSA-N,,,unresolved,kon,=,451466.67,Ms-1,,,,CHEMBL3885750,CHEMBL251,ADORA2A,Homo sapiens,SINGLE PROTEIN,9,B,BAO_0000019,,CHEMBL3885741,10.6019/CHEMBL3885741,,DATASET,2026-09-12T13:56:46.856914+00:00,,Interpretation: Specific Binding,quarantine,endpoint_or_functional_mode_not_admitted|non_nm_units|pchembl_missing_or_inconsistent|not_primary_publication,development
16914927,CHEMBL183,FFBDFADSZUINTG-UHFFFAOYSA-N,,,unresolved,Kd,=,76.29,nM,7.12,7.117532,0.002468,CHEMBL3885748,CHEMBL251,ADORA2A,Homo sapiens,SINGLE PROTEIN,9,B,BAO_0000019,,CHEMBL3885741,10.6019/CHEMBL3885741,,DATASET,2026-09-12T13:56:46.856914+00:00,,Interpretation: Specific Binding,quarantine,endpoint_or_functional_mode_not_admitted|not_primary_publication,development
16914952,CHEMBL183,FFBDFADSZUINTG-UHFFFAOYSA-N,,,unresolved,k_off,=,0.03484,s-1,,,,CHEMBL3885748,CHEMBL251,ADORA2A,Homo sapiens,SINGLE PROTEIN,9,B,BAO_0000019,,CHEMBL3885741,10.6019/CHEMBL3885741,,DATASET,2026-09-12T13:56:46.856914+00:00,,Interpretation: Specific Binding,quarantine,endpoint_or_functional_mode_not_admitted|non_nm_units|pchembl_missing_or_inconsistent|not_primary_publication,development
16914966,CHEMBL183,FFBDFADSZUINTG-UHFFFAOYSA-N,,,unresolved,kon,=,482900.0,Ms-1,,,,CHEMBL3885748,CHEMBL251,ADORA2A,Homo sapiens,SINGLE PROTEIN,9,B,BAO_0000019,,CHEMBL3885741,10.6019/CHEMBL3885741,,DATASET,2026-09-12T13:56:46.856914+00:00,,Interpretation: Specific Binding,quarantine,endpoint_or_functional_mode_not_admitted|non_nm_units|pchembl_missing_or_inconsistent|not_primary_publication,development
16915467,CHEMBL183,FFBDFADSZUINTG-UHFFFAOYSA-N,,antagonist,assay_text_rule,koff,,0.4596,min^-1,,,,CHEMBL3885747,CHEMBL251,ADORA2A,Homo sapiens,SINGLE PROTEIN,9,B,BAO_0000019,,CHEMBL3885741,10.6019/CHEMBL3885741,,DATASET,2026-09-12T13:56:46.856914+00:00,,,quarantine,endpoint_or_functional_mode_not_admitted|non_exact_relation|non_nm_units|pchembl_missing_or_inconsistent|not_primary_publication,development
16915471,CHEMBL183,FFBDFADSZUINTG-UHFFFAOYSA-N,,antagonist,assay_text_rule,kon,,0.00306,nM^-1 min^-1,,,,CHEMBL3885747,CHEMBL251,ADORA2A,Homo sapiens,SINGLE PROTEIN,9,B,BAO_0000019,,CHEMBL3885741,10.6019/CHEMBL3885741,,DATASET,2026-09-12T13:56:46.856914+00:00,,,quarantine,endpoint_or_functional_mode_not_admitted|non_exact_relation|non_nm_units|pchembl_missing_or_inconsistent|not_primary_publication,development
1746147,CHEMBL183,FFBDFADSZUINTG-UHFFFAOYSA-N,pBind_Ki,,unresolved,Ki,=,337.0,nM,6.47,6.472370,0.002370,CHEMBL864191,CHEMBL251,ADORA2A,Homo sapiens,SINGLE PROTEIN,8,B,BAO_0000249,,CHEMBL1138044,10.1021/jm060373w,16789747,PUBLICATION,2026-09-12T13:56:46.856914+00:00,,,quarantine,non_human_context,development
1746152,CHEMBL183,FFBDFADSZUINTG-UHFFFAOYSA-N,pBind_Ki,,unresolved,Ki,=,260.0,nM,6.58,6.585027,0.005027,CHEMBL862969,CHEMBL251,ADORA2A,Homo sapiens,SINGLE PROTEIN,9,B,BAO_0000219,CHEMBL3308072,CHEMBL1138044,10.1021/jm060373w,16789747,PUBLICATION,2026-09-12T13:56:46.856914+00:00,,,admitted_exploratory,,development
1801176,CHEMBL183,FFBDFADSZUINTG-UHFFFAOYSA-N,,,unresolved,Activity,,,,,,,CHEMBL853707,CHEMBL251,ADORA2A,Homo sapiens,SINGLE PROTEIN,9,B,BAO_0000357,,CHEMBL1139220,10.1021/jm061045z,17201410,PUBLICATION,2026-09-12T13:56:46.856914+00:00,,Not Determined,quarantine,endpoint_or_functional_mode_not_admitted|non_exact_relation|non_nm_units|non_positive_or_missing_value|pchembl_missing_or_inconsistent,development
18236236,CHEMBL183,FFBDFADSZUINTG-UHFFFAOYSA-N,pBind_Ki,,unresolved,Ki,=,157.0,nM,6.80,6.804100,0.004100,CHEMBL4051291,CHEMBL251,ADORA2A,Homo sapiens,SINGLE PROTEIN,9,B,BAO_0000219,CHEMBL3308376,CHEMBL4049429,10.1021/acs.jmedchem.7b00138,28368607,PUBLICATION,2026-09-12T13:56:46.856914+00:00,,,admitted_exploratory,,development
1917511,CHEMBL183,FFBDFADSZUINTG-UHFFFAOYSA-N,pBind_Ki,,unresolved,Ki,=,260.0,nM,6.58,6.585027,0.005027,CHEMBL894344,CHEMBL251,ADORA2A,Homo sapiens,SINGLE PROTEIN,9,B,BAO_0000219,CHEMBL3308072,CHEMBL1148732,10.1021/jm070123v,17665891,PUBLICATION,2026-09-12T13:56:46.856914+00:00,,,admitted_exploratory,,development
19274389,CHEMBL183,FFBDFADSZUINTG-UHFFFAOYSA-N,pFunc_inhibition,antagonist,assay_text_rule,IC50,=,132.0,nM,6.88,6.879426,0.000574,CHEMBL4407539,CHEMBL251,ADORA2A,Homo sapiens,SINGLE PROTEIN,9,F,BAO_0000219,CHEMBL3308072,CHEMBL4406810,10.1021/acs.jmedchem.9b00106,31306001,PUBLICATION,2026-09-12T13:56:46.856914+00:00,,,admitted_exploratory,,development
19274556,CHEMBL183,FFBDFADSZUINTG-UHFFFAOYSA-N,pBind_Ki,,unresolved,Ki,=,97.0,nM,7.01,7.013228,0.003228,CHEMBL4407528,CHEMBL251,ADORA2A,Homo sapiens,SINGLE PROTEIN,9,B,BAO_0000219,CHEMBL3308072,CHEMBL4406810,10.1021/acs.jmedchem.9b00106,31306001,PUBLICATION,2026-09-12T13:56:46.856914+00:00,,,admitted_exploratory,,development
19320136,CHEMBL183,FFBDFADSZUINTG-UHFFFAOYSA-N,pBind_Ki,,unresolved,Ki,=,741310241.3,nM,,0.130000,,CHEMBL4417610,CHEMBL251,ADORA2A,Homo sapiens,SINGLE PROTEIN,9,B,BAO_0000219,CHEMBL3308072,CHEMBL4414680,10.1016/j.ejmech.2019.111936,31855793,PUBLICATION,2026-09-12T13:56:46.856914+00:00,Outside typical range,,quarantine,disallowed_validity_comment|pchembl_missing_or_inconsistent,development
1996055,CHEMBL183,FFBDFADSZUINTG-UHFFFAOYSA-N,pBind_Ki,,unresolved,Ki,=,337.0,nM,6.47,6.472370,0.002370,CHEMBL901019,CHEMBL251,ADORA2A,Homo sapiens,SINGLE PROTEIN,9,B,BAO_0000219,CHEMBL3308072,CHEMBL1137613,10.1021/jm0708376,17927167,PUBLICATION,2026-09-12T13:56:46.856914+00:00,,,admitted_exploratory,,development
20665897,CHEMBL183,FFBDFADSZUINTG-UHFFFAOYSA-N,pBind_Ki,,unresolved,Ki,=,157.0,nM,6.80,6.804100,0.004100,CHEMBL4619442,CHEMBL251,ADORA2A,Homo sapiens,SINGLE PROTEIN,9,B,BAO_0000219,CHEMBL3308376,CHEMBL4616721,10.1021/acs.jmedchem.0c00564,32573250,PUBLICATION,2026-09-12T13:56:46.856914+00:00,,,admitted_exploratory,,development
2110363,CHEMBL183,FFBDFADSZUINTG-UHFFFAOYSA-N,pBind_Ki,,unresolved,Ki,=,337.0,nM,6.47,6.472370,0.002370,CHEMBL950994,CHEMBL251,ADORA2A,Homo sapiens,SINGLE PROTEIN,9,B,BAO_0000219,CHEMBL3308072,CHEMBL1143166,10.1021/jm701159t,18269230,PUBLICATION,2026-09-12T13:56:46.856914+00:00,,,admitted_exploratory,,development
2142200,CHEMBL183,FFBDFADSZUINTG-UHFFFAOYSA-N,pBind_Ki,,unresolved,Ki,=,129.0,nM,6.89,6.889410,0.000590,CHEMBL922856,CHEMBL251,ADORA2A,Homo sapiens,SINGLE PROTEIN,9,B,BAO_0000219,CHEMBL3307715,CHEMBL1143999,10.1016/j.bmc.2008.01.013,18258439,PUBLICATION,2026-09-12T13:56:46.856914+00:00,,,admitted_exploratory,,development
2281136,CHEMBL183,FFBDFADSZUINTG-UHFFFAOYSA-N,pBind_Ki,,unresolved,Ki,=,130.0,nM,6.89,6.886057,0.003943,CHEMBL955116,CHEMBL251,ADORA2A,Homo sapiens,SINGLE PROTEIN,9,B,BAO_0000219,CHEMBL3308072,CHEMBL1153377,10.1016/j.bmc.2009.02.030,19282184,PUBLICATION,2026-09-12T13:56:46.856914+00:00,,,admitted_exploratory,,development
2281750,CHEMBL183,FFBDFADSZUINTG-UHFFFAOYSA-N,pBind_Ki,,unresolved,Ki,=,260.0,nM,6.58,6.585027,0.005027,CHEMBL1012738,CHEMBL251,ADORA2A,Homo sapiens,SINGLE PROTEIN,9,B,BAO_0000219,CHEMBL3308072,CHEMBL1153402,10.1021/jm8014876,19301821,PUBLICATION,2026-09-12T13:56:46.856914+00:00,,,admitted_exploratory,,development
2292179,CHEMBL183,FFBDFADSZUINTG-UHFFFAOYSA-N,pBind_Ki,,unresolved,Ki,=,130.0,nM,6.89,6.886057,0.003943,CHEMBL1014640,CHEMBL251,ADORA2A,Homo sapiens,SINGLE PROTEIN,9,B,BAO_0000219,CHEMBL3307715,CHEMBL1137738,10.1016/j.ejmech.2008.10.017,19036477,PUBLICATION,2026-09-12T13:56:46.856914+00:00,,,admitted_exploratory,,development
22992948,CHEMBL183,FFBDFADSZUINTG-UHFFFAOYSA-N,pBind_Ki,,unresolved,Ki,=,157.0,nM,6.80,6.804100,0.004100,CHEMBL4775662,CHEMBL251,ADORA2A,Homo sapiens,SINGLE PROTEIN,9,B,BAO_0000249,,CHEMBL4765483,10.1021/acs.jmedchem.0c01431,33372800,PUBLICATION,2026-09-12T13:56:46.856914+00:00,,,admitted_exploratory,,development
2339566,CHEMBL183,FFBDFADSZUINTG-UHFFFAOYSA-N,pBind_Ki,,unresolved,Ki,=,260.0,nM,6.58,6.585027,0.005027,CHEMBL955675,CHEMBL251,ADORA2A,Homo sapiens,SINGLE PROTEIN,9,B,BAO_0000219,CHEMBL3308072,CHEMBL1150363,10.1016/j.bmc.2008.04.039,18468446,PUBLICATION,2026-09-12T13:56:46.856914+00:00,,,admitted_exploratory,,development
24405840,CHEMBL183,FFBDFADSZUINTG-UHFFFAOYSA-N,pBind_Ki,antagonist,assay_text_rule,Ki,=,157.0,nM,6.80,6.804100,0.004100,CHEMBL5044920,CHEMBL251,ADORA2A,Homo sapiens,SINGLE PROTEIN,9,B,BAO_0000249,,CHEMBL5042528,10.1021/acs.jmedchem.1c01636,35068155,PUBLICATION,2026-09-12T13:56:46.856914+00:00,,,admitted_exploratory,,development
25459851,CHEMBL183,FFBDFADSZUINTG-UHFFFAOYSA-N,pBind_Ki,antagonist,assay_text_rule,Ki,=,157.0,nM,6.80,6.804100,0.004100,CHEMBL5321396,CHEMBL251,ADORA2A,Homo sapiens,SINGLE PROTEIN,9,B,BAO_0000249,,CHEMBL5321195,10.1021/acs.jmedchem.2c01768,36517209,PUBLICATION,2026-09-12T13:56:46.856914+00:00,,,admitted_exploratory,,development
2563459,CHEMBL183,FFBDFADSZUINTG-UHFFFAOYSA-N,pBind_Ki,,unresolved,Ki,=,130.0,nM,6.89,6.886057,0.003943,CHEMBL1000455,CHEMBL251,ADORA2A,Homo sapiens,SINGLE PROTEIN,9,B,BAO_0000219,CHEMBL3307715,CHEMBL1155896,10.1021/jm701594y,18637670,PUBLICATION,2026-09-12T13:56:46.856914+00:00,,,admitted_exploratory,,development
313272,CHEMBL183,FFBDFADSZUINTG-UHFFFAOYSA-N,pBind_Ki,,unresolved,Ki,=,200.0,nM,6.70,6.698970,0.001030,CHEMBL639492,CHEMBL251,ADORA2A,Homo sapiens,SINGLE PROTEIN,8,B,BAO_0000249,,CHEMBL1149169,10.1021/jm030977p,15163184,PUBLICATION,2026-09-12T13:56:46.856914+00:00,,,quarantine,non_human_context,development
313275,CHEMBL183,FFBDFADSZUINTG-UHFFFAOYSA-N,pBind_Ki,,unresolved,Ki,=,144.0,nM,6.84,6.841638,0.001638,CHEMBL642332,CHEMBL251,ADORA2A,Homo sapiens,SINGLE PROTEIN,8,B,BAO_0000249,,CHEMBL1149169,10.1021/jm030977p,15163184,PUBLICATION,2026-09-12T13:56:46.856914+00:00,,,admitted_exploratory,,development
3285628,CHEMBL183,FFBDFADSZUINTG-UHFFFAOYSA-N,pBind_Ki,,unresolved,Ki,=,130.0,nM,6.89,6.886057,0.003943,CHEMBL1120796,CHEMBL251,ADORA2A,Homo sapiens,SINGLE PROTEIN,9,B,BAO_0000219,CHEMBL3308072,CHEMBL1157749,10.1021/jm901785w,20408530,PUBLICATION,2026-09-12T13:56:46.856914+00:00,,,admitted_exploratory,,development
3560503,CHEMBL183,FFBDFADSZUINTG-UHFFFAOYSA-N,pBind_Ki,,unresolved,Ki,=,260.0,nM,6.58,6.585027,0.005027,CHEMBL1286673,CHEMBL251,ADORA2A,Homo sapiens,SINGLE PROTEIN,9,B,BAO_0000219,CHEMBL3308376,CHEMBL1275345,10.1016/j.bmc.2010.09.043,20937560,PUBLICATION,2026-09-12T13:56:46.856914+00:00,,,admitted_exploratory,,development
375722,CHEMBL183,FFBDFADSZUINTG-UHFFFAOYSA-N,,antagonist,assay_text_rule,ED50,>,10.0,uM,,,,CHEMBL842669,CHEMBL251,ADORA2A,Homo sapiens,SINGLE PROTEIN,8,F,BAO_0000019,,CHEMBL1129517,10.1021/jm950746l,8676354,PUBLICATION,2026-09-12T13:56:46.856914+00:00,,,quarantine,endpoint_or_functional_mode_not_admitted|non_human_context|non_exact_relation|non_nm_units|pchembl_missing_or_inconsistent,development
384069,CHEMBL183,FFBDFADSZUINTG-UHFFFAOYSA-N,pBind_Ki,,unresolved,Ki,=,340.0,nM,6.47,6.468521,0.001479,CHEMBL639494,CHEMBL251,ADORA2A,Homo sapiens,SINGLE PROTEIN,8,B,BAO_0000249,,CHEMBL1127455,10.1021/jm00044a018,8071944,PUBLICATION,2026-09-12T13:56:46.856914+00:00,,,quarantine,non_human_context,development
531498,CHEMBL183,FFBDFADSZUINTG-UHFFFAOYSA-N,pBind_Ki,,unresolved,Ki,=,226.0,nM,6.65,6.645892,0.004108,CHEMBL644660,CHEMBL251,ADORA2A,Homo sapiens,SINGLE PROTEIN,9,B,BAO_0000219,CHEMBL3307648,CHEMBL1130114,10.1021/jm970084v,9258366,PUBLICATION,2026-09-12T13:56:46.856914+00:00,,,admitted_exploratory,,development
531499,CHEMBL183,FFBDFADSZUINTG-UHFFFAOYSA-N,pBind_Ki,,unresolved,Ki,=,788.0,nM,6.10,6.103474,0.003474,CHEMBL644659,CHEMBL251,ADORA2A,Homo sapiens,SINGLE PROTEIN,9,B,BAO_0000219,CHEMBL3307648,CHEMBL1130114,10.1021/jm970084v,9258366,PUBLICATION,2026-09-12T13:56:46.856914+00:00,,,quarantine,mutant_or_variant_assay,development
531500,CHEMBL183,FFBDFADSZUINTG-UHFFFAOYSA-N,pBind_Ki,,unresolved,Ki,=,291.0,nM,6.54,6.536107,0.003893,CHEMBL644658,CHEMBL251,ADORA2A,Homo sapiens,SINGLE PROTEIN,9,B,BAO_0000219,CHEMBL3307648,CHEMBL1130114,10.1021/jm970084v,9258366,PUBLICATION,2026-09-12T13:56:46.856914+00:00,,,quarantine,mutant_or_variant_assay,development
832476,CHEMBL183,FFBDFADSZUINTG-UHFFFAOYSA-N,,,unresolved,IC50,=,261.0,nM,6.58,6.583359,0.003359,CHEMBL649780,CHEMBL251,ADORA2A,Homo sapiens,SINGLE PROTEIN,9,B,BAO_0000219,CHEMBL3307715,CHEMBL1131846,10.1016/s0960-894x(99)00398-4,10476879,PUBLICATION,2026-09-12T13:56:46.856914+00:00,,,quarantine,endpoint_or_functional_mode_not_admitted,development
832478,CHEMBL183,FFBDFADSZUINTG-UHFFFAOYSA-N,,,unresolved,IC50,=,217.0,nM,6.66,6.663540,0.003540,CHEMBL649778,CHEMBL251,ADORA2A,Homo sapiens,SINGLE PROTEIN,8,B,BAO_0000019,,CHEMBL1131846,10.1016/s0960-894x(99)00398-4,10476879,PUBLICATION,2026-09-12T13:56:46.856914+00:00,,,quarantine,endpoint_or_functional_mode_not_admitted,development
832480,CHEMBL183,FFBDFADSZUINTG-UHFFFAOYSA-N,pBind_Ki,,unresolved,Ki,=,70.0,nM,7.16,7.154902,0.005098,CHEMBL649783,CHEMBL251,ADORA2A,Homo sapiens,SINGLE PROTEIN,8,B,BAO_0000019,,CHEMBL1131846,10.1016/s0960-894x(99)00398-4,10476879,PUBLICATION,2026-09-12T13:56:46.856914+00:00,,,admitted_exploratory,,development
887085,CHEMBL183,FFBDFADSZUINTG-UHFFFAOYSA-N,pBind_Ki,,unresolved,Ki,=,337.0,nM,6.47,6.472370,0.002370,CHEMBL649775,CHEMBL251,ADORA2A,Homo sapiens,SINGLE PROTEIN,8,B,BAO_0000019,,CHEMBL1134334,10.1021/jm001054m,11462973,PUBLICATION,2026-09-12T13:56:46.856914+00:00,,,quarantine,non_human_context,development
975591,CHEMBL183,FFBDFADSZUINTG-UHFFFAOYSA-N,pBind_Ki,,unresolved,Ki,=,337.0,nM,6.47,6.472370,0.002370,CHEMBL649773,CHEMBL251,ADORA2A,Homo sapiens,SINGLE PROTEIN,8,B,BAO_0000019,,CHEMBL1148352,10.1021/jm031136l,15214785,PUBLICATION,2026-09-12T13:56:46.856914+00:00,,,quarantine,non_human_context,development
999928,CHEMBL183,FFBDFADSZUINTG-UHFFFAOYSA-N,pBind_Ki,,unresolved,Ki,=,337.0,nM,6.47,6.472370,0.002370,CHEMBL642126,CHEMBL251,ADORA2A,Homo sapiens,SINGLE PROTEIN,8,B,BAO_0000249,,CHEMBL1133616,10.1021/jm000936i,10956220,PUBLICATION,2026-09-12T13:56:46.856914+00:00,,,quarantine,non_human_context,development
8031757,CHEMBL1950653,BWHLYEQTTHPURZ-QLYQVZKDSA-N,pBind_Ki,,unresolved,Ki,=,160.0,nM,6.80,6.795880,0.004120,CHEMBL1955228,CHEMBL251,ADORA2A,Homo sapiens,SINGLE PROTEIN,9,B,BAO_0000219,CHEMBL3307715,CHEMBL1949672,10.1021/jm201461q,22104008,PUBLICATION,2026-09-12T13:56:46.856914+00:00,,,admitted_exploratory,,development
8031771,CHEMBL1950653,BWHLYEQTTHPURZ-QLYQVZKDSA-N,,agonist,assay_text_rule,Emax,=,110.9,%,,,,CHEMBL1955229,CHEMBL251,ADORA2A,Homo sapiens,SINGLE PROTEIN,9,F,BAO_0000219,CHEMBL3308072,CHEMBL1949672,10.1021/jm201461q,22104008,PUBLICATION,2026-09-12T13:56:46.856914+00:00,,,quarantine,endpoint_or_functional_mode_not_admitted|non_nm_units|pchembl_missing_or_inconsistent,development
8031759,CHEMBL1950655,WPQKCNOVLXDKLF-SNPPRPGFSA-N,pBind_Ki,,unresolved,Ki,=,87.2,nM,7.06,7.059484,0.000516,CHEMBL1955228,CHEMBL251,ADORA2A,Homo sapiens,SINGLE PROTEIN,9,B,BAO_0000219,CHEMBL3307715,CHEMBL1949672,10.1021/jm201461q,22104008,PUBLICATION,2026-09-12T13:56:46.856914+00:00,,,admitted_exploratory,,development
8031773,CHEMBL1950655,WPQKCNOVLXDKLF-SNPPRPGFSA-N,,agonist,assay_text_rule,Emax,=,104.5,%,,,,CHEMBL1955229,CHEMBL251,ADORA2A,Homo sapiens,SINGLE PROTEIN,9,F,BAO_0000219,CHEMBL3308072,CHEMBL1949672,10.1021/jm201461q,22104008,PUBLICATION,2026-09-12T13:56:46.856914+00:00,,,quarantine,endpoint_or_functional_mode_not_admitted|non_nm_units|pchembl_missing_or_inconsistent,development
8031769,CHEMBL1950665,XDBPGTOUWLQGCG-RKMGSRDVSA-N,pBind_Ki,,unresolved,Ki,=,110.0,nM,6.96,6.958607,0.001393,CHEMBL1955228,CHEMBL251,ADORA2A,Homo sapiens,SINGLE PROTEIN,9,B,BAO_0000219,CHEMBL3307715,CHEMBL1949672,10.1021/jm201461q,22104008,PUBLICATION,2026-09-12T13:56:46.856914+00:00,,,admitted_exploratory,,development
8031783,CHEMBL1950665,XDBPGTOUWLQGCG-RKMGSRDVSA-N,,agonist,assay_text_rule,Emax,=,105.2,%,,,,CHEMBL1955229,CHEMBL251,ADORA2A,Homo sapiens,SINGLE PROTEIN,9,F,BAO_0000219,CHEMBL3308072,CHEMBL1949672,10.1021/jm201461q,22104008,PUBLICATION,2026-09-12T13:56:46.856914+00:00,,,quarantine,endpoint_or_functional_mode_not_admitted|non_nm_units|pchembl_missing_or_inconsistent,development
1729853,CHEMBL197606,DVLLEQDRWZECAH-UHFFFAOYSA-N,,,unresolved,pKi,,,,,,,CHEMBL862097,CHEMBL251,ADORA2A,Homo sapiens,SINGLE PROTEIN,9,B,BAO_0000357,,CHEMBL1148617,10.1021/jm0506221,16392813,PUBLICATION,2026-09-12T13:56:46.856914+00:00,,Not Determined,quarantine,endpoint_or_functional_mode_not_admitted|non_exact_relation|non_nm_units|non_positive_or_missing_value|pchembl_missing_or_inconsistent,development
1729857,CHEMBL197606,DVLLEQDRWZECAH-UHFFFAOYSA-N,,,unresolved,Inhibition,,,%,,,,CHEMBL853017,CHEMBL251,ADORA2A,Homo sapiens,SINGLE PROTEIN,9,B,BAO_0000219,CHEMBL3307715,CHEMBL1148617,10.1021/jm0506221,16392813,PUBLICATION,2026-09-12T13:56:46.856914+00:00,,Not Determined,quarantine,endpoint_or_functional_mode_not_admitted|non_exact_relation|non_nm_units|non_positive_or_missing_value|pchembl_missing_or_inconsistent,development
1729866,CHEMBL197606,DVLLEQDRWZECAH-UHFFFAOYSA-N,,antagonist,assay_text_rule,pA2,,,,,,,CHEMBL853546,CHEMBL251,ADORA2A,Homo sapiens,SINGLE PROTEIN,9,F,BAO_0000219,CHEMBL3308072,CHEMBL1148617,10.1021/jm0506221,16392813,PUBLICATION,2026-09-12T13:56:46.856914+00:00,,Not Determined,quarantine,endpoint_or_functional_mode_not_admitted|non_exact_relation|non_nm_units|non_positive_or_missing_value|pchembl_missing_or_inconsistent,development
13300521,CHEMBL197669,CYYQMAWUIRPCNW-UHFFFAOYSA-N,,antagonist,assay_text_rule,Ki,=,6.6,nM,8.18,8.180456,0.000456,CHEMBL2384073,CHEMBL251,ADORA2A,Homo sapiens,SINGLE PROTEIN,9,F,BAO_0000219,,CHEMBL2380258,10.1016/j.bmcl.2013.03.070,23602401,PUBLICATION,2026-09-12T13:56:46.856914+00:00,,,quarantine,endpoint_or_functional_mode_not_admitted,development
13356853,CHEMBL197669,CYYQMAWUIRPCNW-UHFFFAOYSA-N,pFunc_inhibition,antagonist,assay_text_rule,IC50,=,430.0,nM,6.37,6.366532,0.003468,CHEMBL2401083,CHEMBL251,ADORA2A,Homo sapiens,SINGLE PROTEIN,9,F,BAO_0000219,CHEMBL3307715,CHEMBL2396554,10.1021/jm400491x,23789814,PUBLICATION,2026-09-12T13:56:46.856914+00:00,,,admitted_exploratory,,development
13356861,CHEMBL197669,CYYQMAWUIRPCNW-UHFFFAOYSA-N,pBind_Ki,,unresolved,Ki,=,10.7,nM,7.97,7.970616,0.000616,CHEMBL2401084,CHEMBL251,ADORA2A,Homo sapiens,SINGLE PROTEIN,9,B,BAO_0000219,CHEMBL3307715,CHEMBL2396554,10.1021/jm400491x,23789814,PUBLICATION,2026-09-12T13:56:46.856914+00:00,,,admitted_exploratory,,development
14645627,CHEMBL197669,CYYQMAWUIRPCNW-UHFFFAOYSA-N,,antagonist,assay_text_rule,Ki,=,6.6,nM,8.18,8.180456,0.000456,CHEMBL3267348,CHEMBL251,ADORA2A,Homo sapiens,SINGLE PROTEIN,9,F,BAO_0000357,,CHEMBL3259781,10.1021/jm4011669,24164628,PUBLICATION,2026-09-12T13:56:46.856914+00:00,,,quarantine,endpoint_or_functional_mode_not_admitted,development
1610967,CHEMBL197669,CYYQMAWUIRPCNW-UHFFFAOYSA-N,pBind_Ki,,unresolved,Ki,=,6.6,nM,8.18,8.180456,0.000456,CHEMBL883651,CHEMBL251,ADORA2A,Homo sapiens,SINGLE PROTEIN,9,B,BAO_0000219,CHEMBL3307715,CHEMBL1140374,10.1021/jm058018d,16250647,PUBLICATION,2026-09-12T13:56:46.856914+00:00,,,admitted_exploratory,,development
2563420,CHEMBL197669,CYYQMAWUIRPCNW-UHFFFAOYSA-N,pBind_Ki,,unresolved,Ki,=,6.6,nM,8.18,8.180456,0.000456,CHEMBL967913,CHEMBL251,ADORA2A,Homo sapiens,SINGLE PROTEIN,9,B,BAO_0000357,,CHEMBL1155896,10.1021/jm701594y,18637670,PUBLICATION,2026-09-12T13:56:46.856914+00:00,,,admitted_exploratory,,development
10925734,CHEMBL1990267,HHMZURGWXAWJGC-UHFFFAOYSA-N,,antagonist,assay_text_rule,pKb,=,6.59,,,,,CHEMBL2045255,CHEMBL251,ADORA2A,Homo sapiens,SINGLE PROTEIN,9,F,BAO_0000219,CHEMBL3308072,CHEMBL2040792,10.1016/j.ejmech.2012.05.009,22677030,PUBLICATION,2026-09-12T13:56:46.856914+00:00,,,quarantine,endpoint_or_functional_mode_not_admitted|non_nm_units|pchembl_missing_or_inconsistent,development
10925745,CHEMBL1990267,HHMZURGWXAWJGC-UHFFFAOYSA-N,pBind_Ki,,unresolved,Ki,=,79.43,nM,7.10,7.100015,0.000015,CHEMBL2045251,CHEMBL251,ADORA2A,Homo sapiens,SINGLE PROTEIN,9,B,BAO_0000219,CHEMBL3308376,CHEMBL2040792,10.1016/j.ejmech.2012.05.009,22677030,PUBLICATION,2026-09-12T13:56:46.856914+00:00,,,admitted_exploratory,,development
10925770,CHEMBL1990267,HHMZURGWXAWJGC-UHFFFAOYSA-N,,,unresolved,Inhibition,>,70.0,%,,,,CHEMBL2045250,CHEMBL251,ADORA2A,Homo sapiens,SINGLE PROTEIN,9,B,BAO_0000219,CHEMBL3308376,CHEMBL2040792,10.1016/j.ejmech.2012.05.009,22677030,PUBLICATION,2026-09-12T13:56:46.856914+00:00,,,quarantine,endpoint_or_functional_mode_not_admitted|non_exact_relation|non_nm_units|pchembl_missing_or_inconsistent,development
25073174,CHEMBL1990267,HHMZURGWXAWJGC-UHFFFAOYSA-N,pBind_Ki,,unresolved,Ki,=,79.43,nM,7.10,7.100015,0.000015,CHEMBL5253509,CHEMBL251,ADORA2A,Homo sapiens,SINGLE PROTEIN,9,B,BAO_0000357,,CHEMBL5252530,10.1016/j.ejmech.2016.07.057,27494166,PUBLICATION,2026-09-12T13:56:46.856914+00:00,,,admitted_exploratory,,development
1674046,CHEMBL199446,OTTHALQEWXGENA-UHFFFAOYSA-N,pBind_Ki,,unresolved,Ki,=,64.57,nM,7.19,7.189969,0.000031,CHEMBL862097,CHEMBL251,ADORA2A,Homo sapiens,SINGLE PROTEIN,9,B,BAO_0000357,,CHEMBL1148617,10.1021/jm0506221,16392813,PUBLICATION,2026-09-12T13:56:46.856914+00:00,,,admitted_exploratory,,locked_holdout
1674792,CHEMBL199446,OTTHALQEWXGENA-UHFFFAOYSA-N,,,unresolved,Inhibition,=,41.0,%,,,,CHEMBL853017,CHEMBL251,ADORA2A,Homo sapiens,SINGLE PROTEIN,9,B,BAO_0000219,CHEMBL3307715,CHEMBL1148617,10.1021/jm0506221,16392813,PUBLICATION,2026-09-12T13:56:46.856914+00:00,,,quarantine,endpoint_or_functional_mode_not_admitted|non_nm_units|pchembl_missing_or_inconsistent,locked_holdout
1674881,CHEMBL199446,OTTHALQEWXGENA-UHFFFAOYSA-N,,antagonist,assay_text_rule,Kd,=,57.54,nM,7.24,7.240030,0.000030,CHEMBL853546,CHEMBL251,ADORA2A,Homo sapiens,SINGLE PROTEIN,9,F,BAO_0000219,CHEMBL3308072,CHEMBL1148617,10.1021/jm0506221,16392813,PUBLICATION,2026-09-12T13:56:46.856914+00:00,,,quarantine,endpoint_or_functional_mode_not_admitted,locked_holdout
1730059,CHEMBL201217,ZDQNNVOXYCDLRR-UHFFFAOYSA-N,,,unresolved,pKi,,,,,,,CHEMBL862097,CHEMBL251,ADORA2A,Homo sapiens,SINGLE PROTEIN,9,B,BAO_0000357,,CHEMBL1148617,10.1021/jm0506221,16392813,PUBLICATION,2026-09-12T13:56:46.856914+00:00,,Not Determined,quarantine,endpoint_or_functional_mode_not_admitted|non_exact_relation|non_nm_units|non_positive_or_missing_value|pchembl_missing_or_inconsistent,development
1730063,CHEMBL201217,ZDQNNVOXYCDLRR-UHFFFAOYSA-N,,,unresolved,Inhibition,,,%,,,,CHEMBL853017,CHEMBL251,ADORA2A,Homo sapiens,SINGLE PROTEIN,9,B,BAO_0000219,CHEMBL3307715,CHEMBL1148617,10.1021/jm0506221,16392813,PUBLICATION,2026-09-12T13:56:46.856914+00:00,,Not Determined,quarantine,endpoint_or_functional_mode_not_admitted|non_exact_relation|non_nm_units|non_positive_or_missing_value|pchembl_missing_or_inconsistent,development
1730072,CHEMBL201217,ZDQNNVOXYCDLRR-UHFFFAOYSA-N,,antagonist,assay_text_rule,pA2,,,,,,,CHEMBL853546,CHEMBL251,ADORA2A,Homo sapiens,SINGLE PROTEIN,9,F,BAO_0000219,CHEMBL3308072,CHEMBL1148617,10.1021/jm0506221,16392813,PUBLICATION,2026-09-12T13:56:46.856914+00:00,,Not Determined,quarantine,endpoint_or_functional_mode_not_admitted|non_exact_relation|non_nm_units|non_positive_or_missing_value|pchembl_missing_or_inconsistent,development
10873948,CHEMBL2024116,NEYZTILMBRSITP-UHFFFAOYSA-N,pBind_Ki,,unresolved,Ki,=,15.49,nM,7.81,7.809949,0.000051,CHEMBL2024727,CHEMBL251,ADORA2A,Homo sapiens,SINGLE PROTEIN,9,B,BAO_0000219,CHEMBL3307715,CHEMBL2021853,10.1021/jm201376w,22220592,PUBLICATION,2026-09-12T13:56:46.856914+00:00,,,admitted_exploratory,,development
10874008,CHEMBL2024116,NEYZTILMBRSITP-UHFFFAOYSA-N,,,unresolved,Kd,=,10.0,nM,8.00,8.000000,0.000000,CHEMBL2024732,CHEMBL251,ADORA2A,Homo sapiens,SINGLE PROTEIN,8,B,BAO_0000357,,CHEMBL2021853,10.1021/jm201376w,22220592,PUBLICATION,2026-09-12T13:56:46.856914+00:00,,,quarantine,endpoint_or_functional_mode_not_admitted,development
22757056,CHEMBL2024116,NEYZTILMBRSITP-UHFFFAOYSA-N,pBind_Ki,antagonist,assay_text_rule,Ki,=,1.7,nM,8.77,8.769551,0.000449,CHEMBL4701049,CHEMBL251,ADORA2A,Homo sapiens,SINGLE PROTEIN,9,B,BAO_0000219,,CHEMBL4699449,10.1021/acs.jmedchem.0c00237,32667814,PUBLICATION,2026-09-12T13:56:46.856914+00:00,,,admitted_exploratory,,development
22757057,CHEMBL2024116,NEYZTILMBRSITP-UHFFFAOYSA-N,pFunc_inhibition,antagonist,assay_text_rule,IC50,=,142.9,nM,6.84,6.844968,0.004968,CHEMBL4701050,CHEMBL251,ADORA2A,Homo sapiens,SINGLE PROTEIN,9,F,BAO_0000219,,CHEMBL4699449,10.1021/acs.jmedchem.0c00237,32667814,PUBLICATION,2026-09-12T13:56:46.856914+00:00,,,admitted_exploratory,,development
22757058,CHEMBL2024116,NEYZTILMBRSITP-UHFFFAOYSA-N,pFunc_inhibition,antagonist,assay_text_rule,IC50,=,0.79,nM,9.10,9.102373,0.002373,CHEMBL4701051,CHEMBL251,ADORA2A,Homo sapiens,SINGLE PROTEIN,9,F,BAO_0000219,,CHEMBL4699449,10.1021/acs.jmedchem.0c00237,32667814,PUBLICATION,2026-09-12T13:56:46.856914+00:00,,,admitted_exploratory,,development
22757061,CHEMBL2024116,NEYZTILMBRSITP-UHFFFAOYSA-N,,antagonist,assay_text_rule,IC50,=,10.0,nM,8.00,8.000000,0.000000,CHEMBL4701054,CHEMBL251,ADORA2A,Homo sapiens,SINGLE PROTEIN,9,B,BAO_0000357,,CHEMBL4699449,10.1021/acs.jmedchem.0c00237,32667814,PUBLICATION,2026-09-12T13:56:46.856914+00:00,,,quarantine,endpoint_or_functional_mode_not_admitted,development
10925736,CHEMBL2042059,LUFDYZFYLCODSE-UHFFFAOYSA-N,,antagonist,assay_text_rule,pKb,=,6.1,,,,,CHEMBL2045255,CHEMBL251,ADORA2A,Homo sapiens,SINGLE PROTEIN,9,F,BAO_0000219,CHEMBL3308072,CHEMBL2040792,10.1016/j.ejmech.2012.05.009,22677030,PUBLICATION,2026-09-12T13:56:46.856914+00:00,,,quarantine,endpoint_or_functional_mode_not_admitted|non_nm_units|pchembl_missing_or_inconsistent,locked_holdout
10925753,CHEMBL2042059,LUFDYZFYLCODSE-UHFFFAOYSA-N,pBind_Ki,,unresolved,Ki,=,398.11,nM,6.40,6.399997,0.000003,CHEMBL2045251,CHEMBL251,ADORA2A,Homo sapiens,SINGLE PROTEIN,9,B,BAO_0000219,CHEMBL3308376,CHEMBL2040792,10.1016/j.ejmech.2012.05.009,22677030,PUBLICATION,2026-09-12T13:56:46.856914+00:00,,,admitted_exploratory,,locked_holdout
10926678,CHEMBL2042059,LUFDYZFYLCODSE-UHFFFAOYSA-N,,,unresolved,Inhibition,>,70.0,%,,,,CHEMBL2045250,CHEMBL251,ADORA2A,Homo sapiens,SINGLE PROTEIN,9,B,BAO_0000219,CHEMBL3308376,CHEMBL2040792,10.1016/j.ejmech.2012.05.009,22677030,PUBLICATION,2026-09-12T13:56:46.856914+00:00,,,quarantine,endpoint_or_functional_mode_not_admitted|non_exact_relation|non_nm_units|pchembl_missing_or_inconsistent,locked_holdout
10925737,CHEMBL2042062,JNCOYVVDNPCLKB-UHFFFAOYSA-N,,antagonist,assay_text_rule,pKb,=,6.36,,,,,CHEMBL2045255,CHEMBL251,ADORA2A,Homo sapiens,SINGLE PROTEIN,9,F,BAO_0000219,CHEMBL3308072,CHEMBL2040792,10.1016/j.ejmech.2012.05.009,22677030,PUBLICATION,2026-09-12T13:56:46.856914+00:00,,,quarantine,endpoint_or_functional_mode_not_admitted|non_nm_units|pchembl_missing_or_inconsistent,locked_holdout
10925756,CHEMBL2042062,JNCOYVVDNPCLKB-UHFFFAOYSA-N,pBind_Ki,,unresolved,Ki,=,398.11,nM,6.40,6.399997,0.000003,CHEMBL2045251,CHEMBL251,ADORA2A,Homo sapiens,SINGLE PROTEIN,9,B,BAO_0000219,CHEMBL3308376,CHEMBL2040792,10.1016/j.ejmech.2012.05.009,22677030,PUBLICATION,2026-09-12T13:56:46.856914+00:00,,,admitted_exploratory,,locked_holdout
10926685,CHEMBL2042062,JNCOYVVDNPCLKB-UHFFFAOYSA-N,,,unresolved,Inhibition,>,70.0,%,,,,CHEMBL2045250,CHEMBL251,ADORA2A,Homo sapiens,SINGLE PROTEIN,9,B,BAO_0000219,CHEMBL3308376,CHEMBL2040792,10.1016/j.ejmech.2012.05.009,22677030,PUBLICATION,2026-09-12T13:56:46.856914+00:00,,,quarantine,endpoint_or_functional_mode_not_admitted|non_exact_relation|non_nm_units|pchembl_missing_or_inconsistent,locked_holdout
10925735,CHEMBL2042073,FZDOJZCUDKGLGL-UHFFFAOYSA-N,,antagonist,assay_text_rule,pKb,=,6.54,,,,,CHEMBL2045255,CHEMBL251,ADORA2A,Homo sapiens,SINGLE PROTEIN,9,F,BAO_0000219,CHEMBL3308072,CHEMBL2040792,10.1016/j.ejmech.2012.05.009,22677030,PUBLICATION,2026-09-12T13:56:46.856914+00:00,,,quarantine,endpoint_or_functional_mode_not_admitted|non_nm_units|pchembl_missing_or_inconsistent,development
10925750,CHEMBL2042073,FZDOJZCUDKGLGL-UHFFFAOYSA-N,pBind_Ki,,unresolved,Ki,=,125.89,nM,6.90,6.900009,0.000009,CHEMBL2045251,CHEMBL251,ADORA2A,Homo sapiens,SINGLE PROTEIN,9,B,BAO_0000219,CHEMBL3308376,CHEMBL2040792,10.1016/j.ejmech.2012.05.009,22677030,PUBLICATION,2026-09-12T13:56:46.856914+00:00,,,admitted_exploratory,,development
10926672,CHEMBL2042073,FZDOJZCUDKGLGL-UHFFFAOYSA-N,,,unresolved,Inhibition,>,70.0,%,,,,CHEMBL2045250,CHEMBL251,ADORA2A,Homo sapiens,SINGLE PROTEIN,9,B,BAO_0000219,CHEMBL3308376,CHEMBL2040792,10.1016/j.ejmech.2012.05.009,22677030,PUBLICATION,2026-09-12T13:56:46.856914+00:00,,,quarantine,endpoint_or_functional_mode_not_admitted|non_exact_relation|non_nm_units|pchembl_missing_or_inconsistent,development
10925733,CHEMBL2042081,VLBFZMVIQCLDRL-UHFFFAOYSA-N,,antagonist,assay_text_rule,pKb,=,6.02,,,,,CHEMBL2045255,CHEMBL251,ADORA2A,Homo sapiens,SINGLE PROTEIN,9,F,BAO_0000219,CHEMBL3308072,CHEMBL2040792,10.1016/j.ejmech.2012.05.009,22677030,PUBLICATION,2026-09-12T13:56:46.856914+00:00,,,quarantine,endpoint_or_functional_mode_not_admitted|non_nm_units|pchembl_missing_or_inconsistent,development
10925743,CHEMBL2042081,VLBFZMVIQCLDRL-UHFFFAOYSA-N,pBind_Ki,,unresolved,Ki,=,630.96,nM,6.20,6.199998,0.000002,CHEMBL2045251,CHEMBL251,ADORA2A,Homo sapiens,SINGLE PROTEIN,9,B,BAO_0000219,CHEMBL3308376,CHEMBL2040792,10.1016/j.ejmech.2012.05.009,22677030,PUBLICATION,2026-09-12T13:56:46.856914+00:00,,,admitted_exploratory,,development
10925767,CHEMBL2042081,VLBFZMVIQCLDRL-UHFFFAOYSA-N,,,unresolved,Inhibition,>,70.0,%,,,,CHEMBL2045250,CHEMBL251,ADORA2A,Homo sapiens,SINGLE PROTEIN,9,B,BAO_0000219,CHEMBL3308376,CHEMBL2040792,10.1016/j.ejmech.2012.05.009,22677030,PUBLICATION,2026-09-12T13:56:46.856914+00:00,,,quarantine,endpoint_or_functional_mode_not_admitted|non_exact_relation|non_nm_units|pchembl_missing_or_inconsistent,development
10925253,CHEMBL2042301,TXMBOCGCZJDFNZ-ACIRYHQQSA-N,pFunc_agonism,agonist,assay_text_rule,EC50,=,45.0,nM,7.35,7.346787,0.003213,CHEMBL2044689,CHEMBL251,ADORA2A,Homo sapiens,SINGLE PROTEIN,9,F,BAO_0000219,CHEMBL3308072,CHEMBL2040819,10.1021/jm300206u,22432713,PUBLICATION,2026-09-12T13:56:46.856914+00:00,,,admitted_exploratory,,locked_holdout
10925255,CHEMBL2042303,SQCZJYTXAWXOND-RKMGSRDVSA-N,pFunc_agonism,agonist,assay_text_rule,EC50,=,6.6,nM,8.18,8.180456,0.000456,CHEMBL2044689,CHEMBL251,ADORA2A,Homo sapiens,SINGLE PROTEIN,9,F,BAO_0000219,CHEMBL3308072,CHEMBL2040819,10.1021/jm300206u,22432713,PUBLICATION,2026-09-12T13:56:46.856914+00:00,,,admitted_exploratory,,development
10925256,CHEMBL2042304,QIMAEJZEQKSMHZ-UGCAPWQASA-N,pFunc_agonism,agonist,assay_text_rule,EC50,=,0.85,nM,9.07,9.070581,0.000581,CHEMBL2044689,CHEMBL251,ADORA2A,Homo sapiens,SINGLE PROTEIN,9,F,BAO_0000219,CHEMBL3308072,CHEMBL2040819,10.1021/jm300206u,22432713,PUBLICATION,2026-09-12T13:56:46.856914+00:00,,,admitted_exploratory,,development
10925257,CHEMBL2042305,LPUCXUCWIQBLNE-KCIBBDPESA-N,pFunc_agonism,agonist,assay_text_rule,EC50,=,66.0,nM,7.18,7.180456,0.000456,CHEMBL2044689,CHEMBL251,ADORA2A,Homo sapiens,SINGLE PROTEIN,9,F,BAO_0000219,CHEMBL3308072,CHEMBL2040819,10.1021/jm300206u,22432713,PUBLICATION,2026-09-12T13:56:46.856914+00:00,,,admitted_exploratory,,development
10925260,CHEMBL2042308,AGLLTBWZMRXXOV-FWBSXESASA-N,pFunc_agonism,agonist,assay_text_rule,EC50,=,366.0,nM,6.44,6.436519,0.003481,CHEMBL2044689,CHEMBL251,ADORA2A,Homo sapiens,SINGLE PROTEIN,9,F,BAO_0000219,CHEMBL3308072,CHEMBL2040819,10.1021/jm300206u,22432713,PUBLICATION,2026-09-12T13:56:46.856914+00:00,,,admitted_exploratory,,development
10925262,CHEMBL2042310,KGGRLFLXKXSBIC-MPBXGEDSSA-N,pFunc_agonism,agonist,assay_text_rule,EC50,=,89.7,nM,7.05,7.047208,0.002792,CHEMBL2044689,CHEMBL251,ADORA2A,Homo sapiens,SINGLE PROTEIN,9,F,BAO_0000219,CHEMBL3308072,CHEMBL2040819,10.1021/jm300206u,22432713,PUBLICATION,2026-09-12T13:56:46.856914+00:00,,,admitted_exploratory,,development
10993383,CHEMBL2070507,CGYRWWMWNACLSU-AEISUSGSSA-N,pBind_Ki,,unresolved,Ki,=,34.0,nM,7.47,7.468521,0.001479,CHEMBL2072275,CHEMBL251,ADORA2A,Homo sapiens,SINGLE PROTEIN,9,B,BAO_0000219,CHEMBL3307715,CHEMBL2069206,10.1021/jm300095s,22486652,PUBLICATION,2026-09-12T13:56:46.856914+00:00,,,admitted_exploratory,,development
10993397,CHEMBL2070507,CGYRWWMWNACLSU-AEISUSGSSA-N,pFunc_agonism,agonist,assay_text_rule,EC50,=,26.8,nM,7.57,7.571865,0.001865,CHEMBL2072287,CHEMBL251,ADORA2A,Homo sapiens,SINGLE PROTEIN,9,F,BAO_0000219,CHEMBL3308072,CHEMBL2069206,10.1021/jm300095s,22486652,PUBLICATION,2026-09-12T13:56:46.856914+00:00,,,admitted_exploratory,,development
10993399,CHEMBL2070507,CGYRWWMWNACLSU-AEISUSGSSA-N,,agonist,assay_text_rule,Efficacy,=,99.0,%,,,,CHEMBL2072283,CHEMBL251,ADORA2A,Homo sapiens,SINGLE PROTEIN,9,F,BAO_0000219,CHEMBL3308072,CHEMBL2069206,10.1021/jm300095s,22486652,PUBLICATION,2026-09-12T13:56:46.856914+00:00,,,quarantine,endpoint_or_functional_mode_not_admitted|non_nm_units|pchembl_missing_or_inconsistent,development
10993388,CHEMBL2070508,ISNMLOJARGEFLK-BQVMBELUSA-N,pBind_Ki,,unresolved,Ki,=,650.0,nM,6.19,6.187087,0.002913,CHEMBL2072275,CHEMBL251,ADORA2A,Homo sapiens,SINGLE PROTEIN,9,B,BAO_0000219,CHEMBL3307715,CHEMBL2069206,10.1021/jm300095s,22486652,PUBLICATION,2026-09-12T13:56:46.856914+00:00,,,admitted_exploratory,,development
10993398,CHEMBL2070508,ISNMLOJARGEFLK-BQVMBELUSA-N,pFunc_agonism,agonist,assay_text_rule,EC50,=,225.0,nM,6.65,6.647817,0.002183,CHEMBL2072287,CHEMBL251,ADORA2A,Homo sapiens,SINGLE PROTEIN,9,F,BAO_0000219,CHEMBL3308072,CHEMBL2069206,10.1021/jm300095s,22486652,PUBLICATION,2026-09-12T13:56:46.856914+00:00,,,admitted_exploratory,,development
10993400,CHEMBL2070508,ISNMLOJARGEFLK-BQVMBELUSA-N,,agonist,assay_text_rule,Efficacy,=,75.0,%,,,,CHEMBL2072283,CHEMBL251,ADORA2A,Homo sapiens,SINGLE PROTEIN,9,F,BAO_0000219,CHEMBL3308072,CHEMBL2069206,10.1021/jm300095s,22486652,PUBLICATION,2026-09-12T13:56:46.856914+00:00,,,quarantine,endpoint_or_functional_mode_not_admitted|non_nm_units|pchembl_missing_or_inconsistent,development
12046050,CHEMBL2153620,HXKSIAZEWSOTLE-UHFFFAOYSA-N,pBind_Ki,,unresolved,Ki,=,610.0,nM,6.21,6.214670,0.004670,CHEMBL2154931,CHEMBL251,ADORA2A,Homo sapiens,SINGLE PROTEIN,9,B,BAO_0000219,CHEMBL3308072,CHEMBL2150901,10.1016/j.ejmech.2011.05.023,21664729,PUBLICATION,2026-09-12T13:56:46.856914+00:00,,,quarantine,unassigned_stereocenter,development
12047029,CHEMBL2153620,HXKSIAZEWSOTLE-UHFFFAOYSA-N,,antagonist,assay_text_rule,Kb,=,644.0,nM,,6.191114,,CHEMBL2154401,CHEMBL251,ADORA2A,Homo sapiens,SINGLE PROTEIN,9,F,BAO_0000219,CHEMBL3308072,CHEMBL2150901,10.1016/j.ejmech.2011.05.023,21664729,PUBLICATION,2026-09-12T13:56:46.856914+00:00,,,quarantine,endpoint_or_functional_mode_not_admitted|pchembl_missing_or_inconsistent|unassigned_stereocenter,development
12046045,CHEMBL2153627,YRBJBKSUFQWHDB-UHFFFAOYSA-N,pBind_Ki,,unresolved,Ki,=,417.0,nM,6.38,6.379864,0.000136,CHEMBL2154931,CHEMBL251,ADORA2A,Homo sapiens,SINGLE PROTEIN,9,B,BAO_0000219,CHEMBL3308072,CHEMBL2150901,10.1016/j.ejmech.2011.05.023,21664729,PUBLICATION,2026-09-12T13:56:46.856914+00:00,,,admitted_exploratory,,locked_holdout
12047030,CHEMBL2153627,YRBJBKSUFQWHDB-UHFFFAOYSA-N,,antagonist,assay_text_rule,Kb,=,220.0,nM,,6.657577,,CHEMBL2154401,CHEMBL251,ADORA2A,Homo sapiens,SINGLE PROTEIN,9,F,BAO_0000219,CHEMBL3308072,CHEMBL2150901,10.1016/j.ejmech.2011.05.023,21664729,PUBLICATION,2026-09-12T13:56:46.856914+00:00,,,quarantine,endpoint_or_functional_mode_not_admitted|pchembl_missing_or_inconsistent,locked_holdout
12046044,CHEMBL2153629,BMVNEXDBQUNWCE-UHFFFAOYSA-N,pBind_Ki,,unresolved,Ki,=,306.0,nM,6.51,6.514279,0.004279,CHEMBL2154931,CHEMBL251,ADORA2A,Homo sapiens,SINGLE PROTEIN,9,B,BAO_0000219,CHEMBL3308072,CHEMBL2150901,10.1016/j.ejmech.2011.05.023,21664729,PUBLICATION,2026-09-12T13:56:46.856914+00:00,,,admitted_exploratory,,development
12047031,CHEMBL2153629,BMVNEXDBQUNWCE-UHFFFAOYSA-N,,antagonist,assay_text_rule,Kb,=,210.0,nM,,6.677781,,CHEMBL2154401,CHEMBL251,ADORA2A,Homo sapiens,SINGLE PROTEIN,9,F,BAO_0000219,CHEMBL3308072,CHEMBL2150901,10.1016/j.ejmech.2011.05.023,21664729,PUBLICATION,2026-09-12T13:56:46.856914+00:00,,,quarantine,endpoint_or_functional_mode_not_admitted|pchembl_missing_or_inconsistent,development
1795760,CHEMBL216392,DJQKAKFNNBFTLQ-KHTYJDQRSA-N,,antagonist,assay_text_rule,Inhibition,=,39.0,%,,,,CHEMBL909309,CHEMBL251,ADORA2A,Homo sapiens,SINGLE PROTEIN,9,B,BAO_0000219,CHEMBL3308072,CHEMBL1137298,10.1021/jm0608208,17149867,PUBLICATION,2026-09-12T13:56:46.856914+00:00,,,quarantine,endpoint_or_functional_mode_not_admitted|non_nm_units|pchembl_missing_or_inconsistent,development
1795816,CHEMBL216392,DJQKAKFNNBFTLQ-KHTYJDQRSA-N,,agonist,assay_text_rule,Activity,<,50.0,%,,,,CHEMBL909310,CHEMBL251,ADORA2A,Homo sapiens,SINGLE PROTEIN,9,F,BAO_0000219,CHEMBL3308072,CHEMBL1137298,10.1021/jm0608208,17149867,PUBLICATION,2026-09-12T13:56:46.856914+00:00,,,quarantine,endpoint_or_functional_mode_not_admitted|non_exact_relation|non_nm_units|pchembl_missing_or_inconsistent,development
12084387,CHEMBL2165799,SGXSQJCDFWYGRN-UHFFFAOYSA-N,,antagonist,assay_text_rule,Ki,=,1.3,nM,8.89,8.886057,0.003943,CHEMBL2167687,CHEMBL251,ADORA2A,Homo sapiens,SINGLE PROTEIN,9,F,BAO_0000019,,CHEMBL2163234,10.1021/jm201640m,22239465,PUBLICATION,2026-09-12T13:56:46.856914+00:00,,,quarantine,endpoint_or_functional_mode_not_admitted,locked_holdout
12084380,CHEMBL2165804,MNUJNGGYFNZUNB-UHFFFAOYSA-N,,antagonist,assay_text_rule,Ki,=,1.8,nM,8.74,8.744727,0.004727,CHEMBL2167687,CHEMBL251,ADORA2A,Homo sapiens,SINGLE PROTEIN,9,F,BAO_0000019,,CHEMBL2163234,10.1021/jm201640m,22239465,PUBLICATION,2026-09-12T13:56:46.856914+00:00,,,quarantine,endpoint_or_functional_mode_not_admitted,development
14645630,CHEMBL2165804,MNUJNGGYFNZUNB-UHFFFAOYSA-N,,antagonist,assay_text_rule,Ki,=,1.8,nM,8.74,8.744727,0.004727,CHEMBL3267348,CHEMBL251,ADORA2A,Homo sapiens,SINGLE PROTEIN,9,F,BAO_0000357,,CHEMBL3259781,10.1021/jm4011669,24164628,PUBLICATION,2026-09-12T13:56:46.856914+00:00,,,quarantine,endpoint_or_functional_mode_not_admitted,development
19481489,CHEMBL2165804,MNUJNGGYFNZUNB-UHFFFAOYSA-N,pBind_Ki,antagonist,assay_text_rule,Ki,=,1760.0,nM,5.75,5.754487,0.004487,CHEMBL4480639,CHEMBL251,ADORA2A,Homo sapiens,SINGLE PROTEIN,9,B,BAO_0000357,,CHEMBL4480374,10.1039/C8MD00540K,30881617,PUBLICATION,2026-09-12T13:56:46.856914+00:00,,,admitted_exploratory,,development
24710028,CHEMBL2165804,MNUJNGGYFNZUNB-UHFFFAOYSA-N,pBind_Ki,antagonist,assay_text_rule,Ki,=,1.8,nM,8.74,8.744727,0.004727,CHEMBL5109848,CHEMBL251,ADORA2A,Homo sapiens,SINGLE PROTEIN,9,B,BAO_0000249,,CHEMBL5108007,10.1016/j.ejmech.2022.114620,35933788,PUBLICATION,2026-09-12T13:56:46.856914+00:00,,,admitted_exploratory,,development
12084392,CHEMBL2165806,CTSJRKVVECGHGZ-UHFFFAOYSA-N,,antagonist,assay_text_rule,Ki,=,3.1,nM,8.51,8.508638,0.001362,CHEMBL2167687,CHEMBL251,ADORA2A,Homo sapiens,SINGLE PROTEIN,9,F,BAO_0000019,,CHEMBL2163234,10.1021/jm201640m,22239465,PUBLICATION,2026-09-12T13:56:46.856914+00:00,,,quarantine,endpoint_or_functional_mode_not_admitted|unassigned_stereocenter,development
1795767,CHEMBL218326,BFNBQDWOBYWSKD-LSCFUAHRSA-N,,antagonist,assay_text_rule,Inhibition,=,40.0,%,,,,CHEMBL909309,CHEMBL251,ADORA2A,Homo sapiens,SINGLE PROTEIN,9,B,BAO_0000219,CHEMBL3308072,CHEMBL1137298,10.1021/jm0608208,17149867,PUBLICATION,2026-09-12T13:56:46.856914+00:00,,,quarantine,endpoint_or_functional_mode_not_admitted|non_nm_units|pchembl_missing_or_inconsistent,development
1795808,CHEMBL218326,BFNBQDWOBYWSKD-LSCFUAHRSA-N,,agonist,assay_text_rule,Activity,,,,,,,CHEMBL909310,CHEMBL251,ADORA2A,Homo sapiens,SINGLE PROTEIN,9,F,BAO_0000219,CHEMBL3308072,CHEMBL1137298,10.1021/jm0608208,17149867,PUBLICATION,2026-09-12T13:56:46.856914+00:00,,,quarantine,endpoint_or_functional_mode_not_admitted|non_exact_relation|non_nm_units|non_positive_or_missing_value|pchembl_missing_or_inconsistent,development
1795772,CHEMBL219055,JBQPJIFYNWOTMD-IDTAVKCVSA-N,,antagonist,assay_text_rule,Inhibition,=,18.0,%,,,,CHEMBL909309,CHEMBL251,ADORA2A,Homo sapiens,SINGLE PROTEIN,9,B,BAO_0000219,CHEMBL3308072,CHEMBL1137298,10.1021/jm0608208,17149867,PUBLICATION,2026-09-12T13:56:46.856914+00:00,,,quarantine,endpoint_or_functional_mode_not_admitted|non_nm_units|pchembl_missing_or_inconsistent,development
1795812,CHEMBL219055,JBQPJIFYNWOTMD-IDTAVKCVSA-N,,agonist,assay_text_rule,Activity,<,50.0,%,,,,CHEMBL909310,CHEMBL251,ADORA2A,Homo sapiens,SINGLE PROTEIN,9,F,BAO_0000219,CHEMBL3308072,CHEMBL1137298,10.1021/jm0608208,17149867,PUBLICATION,2026-09-12T13:56:46.856914+00:00,,,quarantine,endpoint_or_functional_mode_not_admitted|non_exact_relation|non_nm_units|pchembl_missing_or_inconsistent,development
1795764,CHEMBL219256,UVCPEXPHSCKQFM-SCFUHWHPSA-N,,antagonist,assay_text_rule,Inhibition,=,39.0,%,,,,CHEMBL909309,CHEMBL251,ADORA2A,Homo sapiens,SINGLE PROTEIN,9,B,BAO_0000219,CHEMBL3308072,CHEMBL1137298,10.1021/jm0608208,17149867,PUBLICATION,2026-09-12T13:56:46.856914+00:00,,,quarantine,endpoint_or_functional_mode_not_admitted|non_nm_units|pchembl_missing_or_inconsistent,development
1795820,CHEMBL219256,UVCPEXPHSCKQFM-SCFUHWHPSA-N,,agonist,assay_text_rule,Activity,<,50.0,%,,,,CHEMBL909310,CHEMBL251,ADORA2A,Homo sapiens,SINGLE PROTEIN,9,F,BAO_0000219,CHEMBL3308072,CHEMBL1137298,10.1021/jm0608208,17149867,PUBLICATION,2026-09-12T13:56:46.856914+00:00,,,quarantine,endpoint_or_functional_mode_not_admitted|non_exact_relation|non_nm_units|pchembl_missing_or_inconsistent,development
1901934,CHEMBL225368,OSBIAWPZBNFCQQ-ODNYIURZSA-N,,,unresolved,Activity,>,40.0,%,,,,CHEMBL889380,CHEMBL251,ADORA2A,Homo sapiens,SINGLE PROTEIN,8,B,BAO_0000249,,CHEMBL1145382,10.1021/jm060947x,17539620,PUBLICATION,2026-09-12T13:56:46.856914+00:00,,,quarantine,endpoint_or_functional_mode_not_admitted|non_human_context|non_exact_relation|non_nm_units|pchembl_missing_or_inconsistent,development
1901977,CHEMBL225368,OSBIAWPZBNFCQQ-ODNYIURZSA-N,,agonist,assay_text_rule,Activity,,,,,,,CHEMBL889385,CHEMBL251,ADORA2A,Homo sapiens,SINGLE PROTEIN,9,F,BAO_0000219,CHEMBL3307740,CHEMBL1145382,10.1021/jm060947x,17539620,PUBLICATION,2026-09-12T13:56:46.856914+00:00,,,quarantine,endpoint_or_functional_mode_not_admitted|non_exact_relation|non_nm_units|non_positive_or_missing_value|pchembl_missing_or_inconsistent,development
1831163,CHEMBL225459,OXLUZSPXALFOBX-NVQRDWNXSA-N,pBind_Ki,,unresolved,Ki,=,150.0,nM,6.82,6.823909,0.003909,CHEMBL918609,CHEMBL251,ADORA2A,Homo sapiens,SINGLE PROTEIN,9,B,BAO_0000219,CHEMBL3308072,CHEMBL1144471,10.1021/jm061278q,17378544,PUBLICATION,2026-09-12T13:56:46.856914+00:00,,,admitted_exploratory,,development
1831237,CHEMBL225459,OXLUZSPXALFOBX-NVQRDWNXSA-N,pFunc_agonism,agonist,assay_text_rule,EC50,=,39.7,nM,7.40,7.401209,0.001209,CHEMBL918613,CHEMBL251,ADORA2A,Homo sapiens,SINGLE PROTEIN,9,F,BAO_0000219,CHEMBL3308072,CHEMBL1144471,10.1021/jm061278q,17378544,PUBLICATION,2026-09-12T13:56:46.856914+00:00,,,admitted_exploratory,,development
1901900,CHEMBL226694,CWFYFSVSDFREOX-HNLGHXBASA-N,,,unresolved,Kd,=,25000.0,nM,4.60,4.602060,0.002060,CHEMBL889376,CHEMBL251,ADORA2A,Homo sapiens,SINGLE PROTEIN,8,B,BAO_0000249,,CHEMBL1145382,10.1021/jm060947x,17539620,PUBLICATION,2026-09-12T13:56:46.856914+00:00,,,quarantine,endpoint_or_functional_mode_not_admitted|non_human_context,locked_holdout
1901935,CHEMBL226694,CWFYFSVSDFREOX-HNLGHXBASA-N,,,unresolved,Activity,>,40.0,%,,,,CHEMBL889380,CHEMBL251,ADORA2A,Homo sapiens,SINGLE PROTEIN,8,B,BAO_0000249,,CHEMBL1145382,10.1021/jm060947x,17539620,PUBLICATION,2026-09-12T13:56:46.856914+00:00,,,quarantine,endpoint_or_functional_mode_not_admitted|non_human_context|non_exact_relation|non_nm_units|pchembl_missing_or_inconsistent,locked_holdout
1901978,CHEMBL226694,CWFYFSVSDFREOX-HNLGHXBASA-N,,agonist,assay_text_rule,Activity,,,,,,,CHEMBL889385,CHEMBL251,ADORA2A,Homo sapiens,SINGLE PROTEIN,9,F,BAO_0000219,CHEMBL3307740,CHEMBL1145382,10.1021/jm060947x,17539620,PUBLICATION,2026-09-12T13:56:46.856914+00:00,,,quarantine,endpoint_or_functional_mode_not_admitted|non_exact_relation|non_nm_units|non_positive_or_missing_value|pchembl_missing_or_inconsistent,locked_holdout
13287501,CHEMBL2377086,VQUWVROZMNLFDC-UHFFFAOYSA-N,,antagonist,assay_text_rule,Ki,=,500.0,nM,6.30,6.301030,0.001030,CHEMBL2380019,CHEMBL251,ADORA2A,Homo sapiens,SINGLE PROTEIN,9,F,BAO_0000219,CHEMBL3307512,CHEMBL2375358,10.1016/j.bmcl.2013.02.078,23522563,PUBLICATION,2026-09-12T13:56:46.856914+00:00,,,quarantine,endpoint_or_functional_mode_not_admitted,locked_holdout
13287517,CHEMBL2377087,DOOVOCKWYMYRGX-UHFFFAOYSA-N,,antagonist,assay_text_rule,Ki,=,207.0,nM,6.68,6.684030,0.004030,CHEMBL2380019,CHEMBL251,ADORA2A,Homo sapiens,SINGLE PROTEIN,9,F,BAO_0000219,CHEMBL3307512,CHEMBL2375358,10.1016/j.bmcl.2013.02.078,23522563,PUBLICATION,2026-09-12T13:56:46.856914+00:00,,,quarantine,endpoint_or_functional_mode_not_admitted,development
13287544,CHEMBL2377088,YCJUYKBUDGJHNY-UHFFFAOYSA-N,,antagonist,assay_text_rule,Ki,=,29.8,nM,7.53,7.525784,0.004216,CHEMBL2380019,CHEMBL251,ADORA2A,Homo sapiens,SINGLE PROTEIN,9,F,BAO_0000219,CHEMBL3307512,CHEMBL2375358,10.1016/j.bmcl.2013.02.078,23522563,PUBLICATION,2026-09-12T13:56:46.856914+00:00,,,quarantine,endpoint_or_functional_mode_not_admitted,locked_holdout
13287469,CHEMBL2377089,CDJGHJCXXQGCRZ-UHFFFAOYSA-N,,antagonist,assay_text_rule,Ki,>,1000.0,nM,,6.000000,,CHEMBL2380019,CHEMBL251,ADORA2A,Homo sapiens,SINGLE PROTEIN,9,F,BAO_0000219,CHEMBL3307512,CHEMBL2375358,10.1016/j.bmcl.2013.02.078,23522563,PUBLICATION,2026-09-12T13:56:46.856914+00:00,,,quarantine,endpoint_or_functional_mode_not_admitted|non_exact_relation|pchembl_missing_or_inconsistent,development
13287537,CHEMBL2377095,BHVPOSFNSGUGIO-UHFFFAOYSA-N,,antagonist,assay_text_rule,Ki,=,63.4,nM,7.20,7.197911,0.002089,CHEMBL2380019,CHEMBL251,ADORA2A,Homo sapiens,SINGLE PROTEIN,9,F,BAO_0000219,CHEMBL3307512,CHEMBL2375358,10.1016/j.bmcl.2013.02.078,23522563,PUBLICATION,2026-09-12T13:56:46.856914+00:00,,,quarantine,endpoint_or_functional_mode_not_admitted,development
13287515,CHEMBL2377096,JWFFZYKQEFJTQY-UHFFFAOYSA-N,,antagonist,assay_text_rule,Ki,=,222.0,nM,6.65,6.653647,0.003647,CHEMBL2380019,CHEMBL251,ADORA2A,Homo sapiens,SINGLE PROTEIN,9,F,BAO_0000219,CHEMBL3307512,CHEMBL2375358,10.1016/j.bmcl.2013.02.078,23522563,PUBLICATION,2026-09-12T13:56:46.856914+00:00,,,quarantine,endpoint_or_functional_mode_not_admitted,development
13287518,CHEMBL2377108,CZCQGKAJTJOUKQ-UHFFFAOYSA-N,,antagonist,assay_text_rule,Ki,=,203.0,nM,6.69,6.692504,0.002504,CHEMBL2380019,CHEMBL251,ADORA2A,Homo sapiens,SINGLE PROTEIN,9,F,BAO_0000219,CHEMBL3307512,CHEMBL2375358,10.1016/j.bmcl.2013.02.078,23522563,PUBLICATION,2026-09-12T13:56:46.856914+00:00,,,quarantine,endpoint_or_functional_mode_not_admitted,locked_holdout
13287511,CHEMBL2377223,NVNOBGYXPMPAEC-UHFFFAOYSA-N,,antagonist,assay_text_rule,Ki,=,263.0,nM,6.58,6.580044,0.000044,CHEMBL2380019,CHEMBL251,ADORA2A,Homo sapiens,SINGLE PROTEIN,9,F,BAO_0000219,CHEMBL3307512,CHEMBL2375358,10.1016/j.bmcl.2013.02.078,23522563,PUBLICATION,2026-09-12T13:56:46.856914+00:00,,,quarantine,endpoint_or_functional_mode_not_admitted,locked_holdout
13287543,CHEMBL2377235,DFBNAUSKOWYPSJ-UHFFFAOYSA-N,,antagonist,assay_text_rule,Ki,=,31.0,nM,7.51,7.508638,0.001362,CHEMBL2380019,CHEMBL251,ADORA2A,Homo sapiens,SINGLE PROTEIN,9,F,BAO_0000219,CHEMBL3307512,CHEMBL2375358,10.1016/j.bmcl.2013.02.078,23522563,PUBLICATION,2026-09-12T13:56:46.856914+00:00,,,quarantine,endpoint_or_functional_mode_not_admitted,development
13287528,CHEMBL2377236,NEGXZKPQYUOIFO-UHFFFAOYSA-N,,antagonist,assay_text_rule,Ki,=,107.0,nM,6.97,6.970616,0.000616,CHEMBL2380019,CHEMBL251,ADORA2A,Homo sapiens,SINGLE PROTEIN,9,F,BAO_0000219,CHEMBL3307512,CHEMBL2375358,10.1016/j.bmcl.2013.02.078,23522563,PUBLICATION,2026-09-12T13:56:46.856914+00:00,,,quarantine,endpoint_or_functional_mode_not_admitted,development
13287535,CHEMBL2377238,JNBHZYOEHBWUGX-UHFFFAOYSA-N,,antagonist,assay_text_rule,Ki,=,67.3,nM,7.17,7.171985,0.001985,CHEMBL2380019,CHEMBL251,ADORA2A,Homo sapiens,SINGLE PROTEIN,9,F,BAO_0000219,CHEMBL3307512,CHEMBL2375358,10.1016/j.bmcl.2013.02.078,23522563,PUBLICATION,2026-09-12T13:56:46.856914+00:00,,,quarantine,endpoint_or_functional_mode_not_admitted,development
13300486,CHEMBL2381765,WGAKQGDHUAFLTM-UHFFFAOYSA-N,pFunc_inhibition,antagonist,assay_text_rule,IC50,>,100000.0,nM,,4.000000,,CHEMBL2384072,CHEMBL251,ADORA2A,Homo sapiens,SINGLE PROTEIN,9,F,BAO_0000219,CHEMBL3308072,CHEMBL2380258,10.1016/j.bmcl.2013.03.070,23602401,PUBLICATION,2026-09-12T13:56:46.856914+00:00,,,quarantine,non_exact_relation|pchembl_missing_or_inconsistent,locked_holdout
13300493,CHEMBL2381765,WGAKQGDHUAFLTM-UHFFFAOYSA-N,pFunc_inhibition,antagonist,assay_text_rule,IC50,>,100000.0,nM,,4.000000,,CHEMBL2384072,CHEMBL251,ADORA2A,Homo sapiens,SINGLE PROTEIN,9,F,BAO_0000219,CHEMBL3308072,CHEMBL2380258,10.1016/j.bmcl.2013.03.070,23602401,PUBLICATION,2026-09-12T13:56:46.856914+00:00,,,quarantine,non_exact_relation|pchembl_missing_or_inconsistent,locked_holdout
13299560,CHEMBL2382434,QMBOZLGNPMVERZ-UHFFFAOYSA-N,,antagonist,assay_text_rule,Activity,,,,,,,CHEMBL2382682,CHEMBL251,ADORA2A,Homo sapiens,SINGLE PROTEIN,9,F,BAO_0000219,CHEMBL3308072,CHEMBL2380255,10.1021/jm400336x,23631427,PUBLICATION,2026-09-12T13:56:46.856914+00:00,,,quarantine,endpoint_or_functional_mode_not_admitted|non_exact_relation|non_nm_units|non_positive_or_missing_value|pchembl_missing_or_inconsistent,development
13299561,CHEMBL2382434,QMBOZLGNPMVERZ-UHFFFAOYSA-N,,antagonist,assay_text_rule,Activity,,,,,,,CHEMBL2382683,CHEMBL251,ADORA2A,Homo sapiens,SINGLE PROTEIN,9,F,BAO_0000219,CHEMBL3308072,CHEMBL2380255,10.1021/jm400336x,23631427,PUBLICATION,2026-09-12T13:56:46.856914+00:00,,,quarantine,endpoint_or_functional_mode_not_admitted|non_exact_relation|non_nm_units|non_positive_or_missing_value|pchembl_missing_or_inconsistent,development
13299663,CHEMBL2382434,QMBOZLGNPMVERZ-UHFFFAOYSA-N,pBind_Ki,,unresolved,Ki,=,39.5,nM,7.40,7.403403,0.003403,CHEMBL2382692,CHEMBL251,ADORA2A,Homo sapiens,SINGLE PROTEIN,9,B,BAO_0000219,CHEMBL3308072,CHEMBL2380255,10.1021/jm400336x,23631427,PUBLICATION,2026-09-12T13:56:46.856914+00:00,,,admitted_exploratory,,development
2141180,CHEMBL259105,XICBEZUAIRPALD-UHFFFAOYSA-N,pBind_Ki,,unresolved,Ki,=,426.58,nM,6.37,6.370000,0.000000,CHEMBL939996,CHEMBL251,ADORA2A,Homo sapiens,SINGLE PROTEIN,9,B,BAO_0000219,CHEMBL3308072,CHEMBL1143979,10.1016/j.bmc.2008.01.002,18226909,PUBLICATION,2026-09-12T13:56:46.856914+00:00,,,admitted_exploratory,,locked_holdout
2141207,CHEMBL259105,XICBEZUAIRPALD-UHFFFAOYSA-N,,antagonist,assay_text_rule,Activity,,,,,,,CHEMBL940083,CHEMBL251,ADORA2A,Homo sapiens,SINGLE PROTEIN,9,F,BAO_0000219,CHEMBL3308072,CHEMBL1143979,10.1016/j.bmc.2008.01.002,18226909,PUBLICATION,2026-09-12T13:56:46.856914+00:00,,Dose-dependent effect,quarantine,endpoint_or_functional_mode_not_admitted|non_exact_relation|non_nm_units|non_positive_or_missing_value|pchembl_missing_or_inconsistent,locked_holdout
2141096,CHEMBL259580,SLHFRTFEGMLRBP-UHFFFAOYSA-N,pBind_Ki,,unresolved,Ki,=,467.74,nM,6.33,6.329995,0.000005,CHEMBL939996,CHEMBL251,ADORA2A,Homo sapiens,SINGLE PROTEIN,9,B,BAO_0000219,CHEMBL3308072,CHEMBL1143979,10.1016/j.bmc.2008.01.002,18226909,PUBLICATION,2026-09-12T13:56:46.856914+00:00,,,admitted_exploratory,,development
2141209,CHEMBL259580,SLHFRTFEGMLRBP-UHFFFAOYSA-N,,antagonist,assay_text_rule,Activity,,,,,,,CHEMBL940083,CHEMBL251,ADORA2A,Homo sapiens,SINGLE PROTEIN,9,F,BAO_0000219,CHEMBL3308072,CHEMBL1143979,10.1016/j.bmc.2008.01.002,18226909,PUBLICATION,2026-09-12T13:56:46.856914+00:00,,Dose-dependent effect,quarantine,endpoint_or_functional_mode_not_admitted|non_exact_relation|non_nm_units|non_positive_or_missing_value|pchembl_missing_or_inconsistent,development
10993376,CHEMBL261482,MYNRELUCFAQMFC-QRIDJOKKSA-N,pBind_Ki,,unresolved,Ki,=,50.0,nM,7.30,7.301030,0.001030,CHEMBL2072275,CHEMBL251,ADORA2A,Homo sapiens,SINGLE PROTEIN,9,B,BAO_0000219,CHEMBL3307715,CHEMBL2069206,10.1021/jm300095s,22486652,PUBLICATION,2026-09-12T13:56:46.856914+00:00,,,admitted_exploratory,,development
10993396,CHEMBL261482,MYNRELUCFAQMFC-QRIDJOKKSA-N,pFunc_agonism,agonist,assay_text_rule,EC50,=,22.9,nM,7.64,7.640165,0.000165,CHEMBL2072287,CHEMBL251,ADORA2A,Homo sapiens,SINGLE PROTEIN,9,F,BAO_0000219,CHEMBL3308072,CHEMBL2069206,10.1021/jm300095s,22486652,PUBLICATION,2026-09-12T13:56:46.856914+00:00,,,admitted_exploratory,,development
19108156,CHEMBL261482,MYNRELUCFAQMFC-QRIDJOKKSA-N,pBind_Ki,,unresolved,Ki,=,50.0,nM,7.30,7.301030,0.001030,CHEMBL4369925,CHEMBL251,ADORA2A,Homo sapiens,SINGLE PROTEIN,9,B,BAO_0000219,CHEMBL3307715,CHEMBL4368904,10.1021/acs.jmedchem.8b01662,30605331,PUBLICATION,2026-09-12T13:56:46.856914+00:00,,,admitted_exploratory,,development
2107077,CHEMBL270654,ZKEREZNJKGRMFY-UHFFFAOYSA-N,pBind_Ki,,unresolved,Ki,=,1.0,nM,9.00,9.000000,0.000000,CHEMBL930529,CHEMBL251,ADORA2A,Homo sapiens,SINGLE PROTEIN,9,B,BAO_0000219,CHEMBL3307715,CHEMBL1142297,10.1016/j.bmcl.2008.01.036,18249540,PUBLICATION,2026-09-12T13:56:46.856914+00:00,,,admitted_exploratory,,development
2107103,CHEMBL270654,ZKEREZNJKGRMFY-UHFFFAOYSA-N,pFunc_inhibition,antagonist,assay_text_rule,IC50,=,100.0,nM,7.00,7.000000,0.000000,CHEMBL930535,CHEMBL251,ADORA2A,Homo sapiens,SINGLE PROTEIN,9,F,BAO_0000219,CHEMBL3307715,CHEMBL1142297,10.1016/j.bmcl.2008.01.036,18249540,PUBLICATION,2026-09-12T13:56:46.856914+00:00,,,admitted_exploratory,,development
2141141,CHEMBL294223,NHADJLJUOVTRKS-UHFFFAOYSA-N,pBind_Ki,,unresolved,Ki,=,3548.13,nM,5.45,5.450000,0.000000,CHEMBL939996,CHEMBL251,ADORA2A,Homo sapiens,SINGLE PROTEIN,9,B,BAO_0000219,CHEMBL3308072,CHEMBL1143979,10.1016/j.bmc.2008.01.002,18226909,PUBLICATION,2026-09-12T13:56:46.856914+00:00,,,admitted_exploratory,,development
2141208,CHEMBL294223,NHADJLJUOVTRKS-UHFFFAOYSA-N,,antagonist,assay_text_rule,Activity,,,,,,,CHEMBL940083,CHEMBL251,ADORA2A,Homo sapiens,SINGLE PROTEIN,9,F,BAO_0000219,CHEMBL3308072,CHEMBL1143979,10.1016/j.bmc.2008.01.002,18226909,PUBLICATION,2026-09-12T13:56:46.856914+00:00,,Dose-dependent effect,quarantine,endpoint_or_functional_mode_not_admitted|non_exact_relation|non_nm_units|non_positive_or_missing_value|pchembl_missing_or_inconsistent,development
13968208,CHEMBL3133079,RNSBXSZLWYVTLA-MOROJQBDSA-N,,antagonist,assay_text_rule,EC50,=,79.43,nM,7.10,7.100015,0.000015,CHEMBL3135340,CHEMBL251,ADORA2A,Homo sapiens,SINGLE PROTEIN,9,F,BAO_0000219,CHEMBL3308072,CHEMBL3132785,10.1039/C3MD00364G,,PUBLICATION,2026-09-12T13:56:46.856914+00:00,,,quarantine,endpoint_or_functional_mode_not_admitted,development
13968244,CHEMBL3133081,ZKLXTXSQNULGEI-MEQWQQMJSA-N,,antagonist,assay_text_rule,EC50,=,3981.07,nM,5.40,5.400000,0.000000,CHEMBL3135340,CHEMBL251,ADORA2A,Homo sapiens,SINGLE PROTEIN,9,F,BAO_0000219,CHEMBL3308072,CHEMBL3132785,10.1039/C3MD00364G,,PUBLICATION,2026-09-12T13:56:46.856914+00:00,,,quarantine,endpoint_or_functional_mode_not_admitted,development
13968241,CHEMBL3133157,NPUPFMDILXTXOB-AEISUSGSSA-N,,antagonist,assay_text_rule,EC50,=,2511.89,nM,5.60,5.599999,0.000001,CHEMBL3135340,CHEMBL251,ADORA2A,Homo sapiens,SINGLE PROTEIN,9,F,BAO_0000219,CHEMBL3308072,CHEMBL3132785,10.1039/C3MD00364G,,PUBLICATION,2026-09-12T13:56:46.856914+00:00,,,quarantine,endpoint_or_functional_mode_not_admitted,development
13968232,CHEMBL3133159,INGLINQFJUMLPQ-MEQWQQMJSA-N,,antagonist,assay_text_rule,EC50,=,794.33,nM,6.10,6.099999,0.000001,CHEMBL3135340,CHEMBL251,ADORA2A,Homo sapiens,SINGLE PROTEIN,9,F,BAO_0000219,CHEMBL3308072,CHEMBL3132785,10.1039/C3MD00364G,,PUBLICATION,2026-09-12T13:56:46.856914+00:00,,,quarantine,endpoint_or_functional_mode_not_admitted,development
14552658,CHEMBL3217867,XAJHCZJNDNZUFV-UHFFFAOYSA-N,,antagonist,assay_text_rule,Ki,>,10000.0,nM,,5.000000,,CHEMBL3223903,CHEMBL251,ADORA2A,Homo sapiens,SINGLE PROTEIN,9,F,BAO_0000219,CHEMBL3307512,CHEMBL3217453,10.1039/C1MD00082A,,PUBLICATION,2026-09-12T13:56:46.856914+00:00,,,quarantine,endpoint_or_functional_mode_not_admitted|non_exact_relation|pchembl_missing_or_inconsistent,development
14552523,CHEMBL3222049,WUIJOMASCIDKAR-UHFFFAOYSA-N,,antagonist,assay_text_rule,Ki,=,36.0,nM,7.44,7.443697,0.003697,CHEMBL3223903,CHEMBL251,ADORA2A,Homo sapiens,SINGLE PROTEIN,9,F,BAO_0000219,CHEMBL3307512,CHEMBL3217453,10.1039/C1MD00082A,,PUBLICATION,2026-09-12T13:56:46.856914+00:00,,,quarantine,endpoint_or_functional_mode_not_admitted,development
14552515,CHEMBL3222051,MPLWCHQDAAXUTI-UHFFFAOYSA-N,,antagonist,assay_text_rule,Ki,=,28.1,nM,7.55,7.551294,0.001294,CHEMBL3223903,CHEMBL251,ADORA2A,Homo sapiens,SINGLE PROTEIN,9,F,BAO_0000219,CHEMBL3307512,CHEMBL3217453,10.1039/C1MD00082A,,PUBLICATION,2026-09-12T13:56:46.856914+00:00,,,quarantine,endpoint_or_functional_mode_not_admitted,development
14552514,CHEMBL3222054,SSJXHQWCBBLDCI-UHFFFAOYSA-N,,antagonist,assay_text_rule,Ki,=,27.6,nM,7.56,7.559091,0.000909,CHEMBL3223903,CHEMBL251,ADORA2A,Homo sapiens,SINGLE PROTEIN,9,F,BAO_0000219,CHEMBL3307512,CHEMBL3217453,10.1039/C1MD00082A,,PUBLICATION,2026-09-12T13:56:46.856914+00:00,,,quarantine,endpoint_or_functional_mode_not_admitted,development
14552518,CHEMBL3222055,WKCYYQAUFYIEID-UHFFFAOYSA-N,,antagonist,assay_text_rule,Ki,=,29.0,nM,7.54,7.537602,0.002398,CHEMBL3223903,CHEMBL251,ADORA2A,Homo sapiens,SINGLE PROTEIN,9,F,BAO_0000219,CHEMBL3307512,CHEMBL3217453,10.1039/C1MD00082A,,PUBLICATION,2026-09-12T13:56:46.856914+00:00,,,quarantine,endpoint_or_functional_mode_not_admitted,development
14645594,CHEMBL3222055,WKCYYQAUFYIEID-UHFFFAOYSA-N,,antagonist,assay_text_rule,Ki,=,29.0,nM,7.54,7.537602,0.002398,CHEMBL3267347,CHEMBL251,ADORA2A,Homo sapiens,SINGLE PROTEIN,9,F,BAO_0000357,,CHEMBL3259781,10.1021/jm4011669,24164628,PUBLICATION,2026-09-12T13:56:46.856914+00:00,,,quarantine,endpoint_or_functional_mode_not_admitted,development
14552567,CHEMBL3222057,JQPWKEHWBDMVSV-UHFFFAOYSA-N,,antagonist,assay_text_rule,Ki,=,200.0,nM,6.70,6.698970,0.001030,CHEMBL3223903,CHEMBL251,ADORA2A,Homo sapiens,SINGLE PROTEIN,9,F,BAO_0000219,CHEMBL3307512,CHEMBL3217453,10.1039/C1MD00082A,,PUBLICATION,2026-09-12T13:56:46.856914+00:00,,,quarantine,endpoint_or_functional_mode_not_admitted,development
14552496,CHEMBL3222061,KYXCXHCFXDUHNI-UHFFFAOYSA-N,,antagonist,assay_text_rule,Ki,=,6.6,nM,8.18,8.180456,0.000456,CHEMBL3223903,CHEMBL251,ADORA2A,Homo sapiens,SINGLE PROTEIN,9,F,BAO_0000219,CHEMBL3307512,CHEMBL3217453,10.1039/C1MD00082A,,PUBLICATION,2026-09-12T13:56:46.856914+00:00,,,quarantine,endpoint_or_functional_mode_not_admitted,development
14645595,CHEMBL3222061,KYXCXHCFXDUHNI-UHFFFAOYSA-N,,antagonist,assay_text_rule,Ki,=,6.6,nM,8.18,8.180456,0.000456,CHEMBL3267347,CHEMBL251,ADORA2A,Homo sapiens,SINGLE PROTEIN,9,F,BAO_0000357,,CHEMBL3259781,10.1021/jm4011669,24164628,PUBLICATION,2026-09-12T13:56:46.856914+00:00,,,quarantine,endpoint_or_functional_mode_not_admitted,development
14552494,CHEMBL3222062,PVOIMUIDWFQGQH-TXEJJXNPSA-N,,antagonist,assay_text_rule,Ki,=,5.3,nM,8.28,8.275724,0.004276,CHEMBL3223903,CHEMBL251,ADORA2A,Homo sapiens,SINGLE PROTEIN,9,F,BAO_0000219,CHEMBL3307512,CHEMBL3217453,10.1039/C1MD00082A,,PUBLICATION,2026-09-12T13:56:46.856914+00:00,,,quarantine,endpoint_or_functional_mode_not_admitted,development
14645596,CHEMBL3222062,PVOIMUIDWFQGQH-TXEJJXNPSA-N,,antagonist,assay_text_rule,Ki,=,5.3,nM,8.28,8.275724,0.004276,CHEMBL3267347,CHEMBL251,ADORA2A,Homo sapiens,SINGLE PROTEIN,9,F,BAO_0000357,,CHEMBL3259781,10.1021/jm4011669,24164628,PUBLICATION,2026-09-12T13:56:46.856914+00:00,,,quarantine,endpoint_or_functional_mode_not_admitted,development
14552570,CHEMBL3222064,LHLASRBBJLLXBC-UHFFFAOYSA-N,,antagonist,assay_text_rule,Ki,=,230.0,nM,6.64,6.638272,0.001728,CHEMBL3223903,CHEMBL251,ADORA2A,Homo sapiens,SINGLE PROTEIN,9,F,BAO_0000219,CHEMBL3307512,CHEMBL3217453,10.1039/C1MD00082A,,PUBLICATION,2026-09-12T13:56:46.856914+00:00,,,quarantine,endpoint_or_functional_mode_not_admitted,development
14552583,CHEMBL3222102,FCGAKHXBRHDRBH-UHFFFAOYSA-N,,antagonist,assay_text_rule,Ki,=,350.0,nM,6.46,6.455932,0.004068,CHEMBL3223903,CHEMBL251,ADORA2A,Homo sapiens,SINGLE PROTEIN,9,F,BAO_0000219,CHEMBL3307512,CHEMBL3217453,10.1039/C1MD00082A,,PUBLICATION,2026-09-12T13:56:46.856914+00:00,,,quarantine,endpoint_or_functional_mode_not_admitted,development
14570059,CHEMBL3235280,DMDJTLNTJHFQMG-UHFFFAOYSA-N,pFunc_agonism,agonist,assay_text_rule,EC50,=,3.0,nM,8.52,8.522879,0.002879,CHEMBL3240794,CHEMBL251,ADORA2A,Homo sapiens,SINGLE PROTEIN,9,F,BAO_0000219,CHEMBL3307715,CHEMBL3232854,10.1021/jm401643m,24669958,PUBLICATION,2026-09-12T13:56:46.856914+00:00,,,admitted_exploratory,,development
15029530,CHEMBL3317574,QXNZRRSDCMNJDB-UHFFFAOYSA-N,pBind_Ki,,unresolved,Ki,=,55.0,nM,7.26,7.259637,0.000363,CHEMBL3379785,CHEMBL251,ADORA2A,Homo sapiens,SINGLE PROTEIN,9,B,BAO_0000219,CHEMBL3308072,CHEMBL3352340,10.1016/j.ejmech.2014.07.060,25063944,PUBLICATION,2026-09-12T13:56:46.856914+00:00,,,admitted_exploratory,,development
15029631,CHEMBL3317574,QXNZRRSDCMNJDB-UHFFFAOYSA-N,pFunc_inhibition,antagonist,assay_text_rule,IC50,=,423.0,nM,6.37,6.373660,0.003660,CHEMBL3379793,CHEMBL251,ADORA2A,Homo sapiens,SINGLE PROTEIN,9,F,BAO_0000219,CHEMBL3308072,CHEMBL3352340,10.1016/j.ejmech.2014.07.060,25063944,PUBLICATION,2026-09-12T13:56:46.856914+00:00,,,admitted_exploratory,,development
16580272,CHEMBL3317574,QXNZRRSDCMNJDB-UHFFFAOYSA-N,pBind_Ki,,unresolved,Ki,=,55.0,nM,7.26,7.259637,0.000363,CHEMBL3802552,CHEMBL251,ADORA2A,Homo sapiens,SINGLE PROTEIN,9,B,BAO_0000219,CHEMBL3308072,CHEMBL3797185,10.1016/j.bmc.2016.04.048,27161878,PUBLICATION,2026-09-12T13:56:46.856914+00:00,,,admitted_exploratory,,development
24772394,CHEMBL3317574,QXNZRRSDCMNJDB-UHFFFAOYSA-N,pBind_Ki,antagonist,assay_text_rule,Ki,=,55.0,nM,7.26,7.259637,0.000363,CHEMBL5126837,CHEMBL251,ADORA2A,Homo sapiens,SINGLE PROTEIN,9,B,BAO_0000249,,CHEMBL5126505,10.1016/j.ejmech.2021.113907,34695776,PUBLICATION,2026-09-12T13:56:46.856914+00:00,,,admitted_exploratory,,development
24772467,CHEMBL3317574,QXNZRRSDCMNJDB-UHFFFAOYSA-N,,antagonist,assay_text_rule,Ki,=,423.0,nM,6.37,6.373660,0.003660,CHEMBL5126857,CHEMBL251,ADORA2A,Homo sapiens,SINGLE PROTEIN,9,F,BAO_0000219,,CHEMBL5126505,10.1016/j.ejmech.2021.113907,34695776,PUBLICATION,2026-09-12T13:56:46.856914+00:00,,,quarantine,endpoint_or_functional_mode_not_admitted,development
15114624,CHEMBL3335523,FDVZSKDDSYLYNX-YRIIQKNPSA-N,pBind_Ki,,unresolved,Ki,=,23.0,nM,7.64,7.638272,0.001728,CHEMBL3390251,CHEMBL251,ADORA2A,Homo sapiens,SINGLE PROTEIN,9,B,BAO_0000219,CHEMBL3307715,CHEMBL3352600,10.1021/ml5002486,25221664,PUBLICATION,2026-09-12T13:56:46.856914+00:00,,,admitted_exploratory,,development
15114638,CHEMBL3335523,FDVZSKDDSYLYNX-YRIIQKNPSA-N,pFunc_agonism,agonist,assay_text_rule,EC50,=,5.86,nM,8.23,8.232102,0.002102,CHEMBL3390256,CHEMBL251,ADORA2A,Homo sapiens,SINGLE PROTEIN,9,F,BAO_0000219,CHEMBL3308072,CHEMBL3352600,10.1021/ml5002486,25221664,PUBLICATION,2026-09-12T13:56:46.856914+00:00,,,admitted_exploratory,,development
15114639,CHEMBL3335523,FDVZSKDDSYLYNX-YRIIQKNPSA-N,,,unresolved,Activity,=,19.0,%,,,,CHEMBL3390257,CHEMBL251,ADORA2A,Homo sapiens,SINGLE PROTEIN,9,B,BAO_0000219,CHEMBL3307715,CHEMBL3352600,10.1021/ml5002486,25221664,PUBLICATION,2026-09-12T13:56:46.856914+00:00,,,quarantine,endpoint_or_functional_mode_not_admitted|non_nm_units|pchembl_missing_or_inconsistent,development
15114640,CHEMBL3335523,FDVZSKDDSYLYNX-YRIIQKNPSA-N,,,unresolved,Activity,=,11.0,%,,,,CHEMBL3390258,CHEMBL251,ADORA2A,Homo sapiens,SINGLE PROTEIN,9,B,BAO_0000219,CHEMBL3307715,CHEMBL3352600,10.1021/ml5002486,25221664,PUBLICATION,2026-09-12T13:56:46.856914+00:00,,,quarantine,endpoint_or_functional_mode_not_admitted|non_nm_units|pchembl_missing_or_inconsistent,development
15114642,CHEMBL3335523,FDVZSKDDSYLYNX-YRIIQKNPSA-N,,,unresolved,Kd,=,5.04,nM,8.30,8.297569,0.002431,CHEMBL3390259,CHEMBL251,ADORA2A,Homo sapiens,SINGLE PROTEIN,9,B,BAO_0000219,CHEMBL3307715,CHEMBL3352600,10.1021/ml5002486,25221664,PUBLICATION,2026-09-12T13:56:46.856914+00:00,,,quarantine,endpoint_or_functional_mode_not_admitted,development
15114645,CHEMBL3335523,FDVZSKDDSYLYNX-YRIIQKNPSA-N,,,unresolved,Bmax,=,0.79,pmol,,,,CHEMBL3390260,CHEMBL251,ADORA2A,Homo sapiens,SINGLE PROTEIN,9,B,BAO_0000219,CHEMBL3307715,CHEMBL3352600,10.1021/ml5002486,25221664,PUBLICATION,2026-09-12T13:56:46.856914+00:00,,,quarantine,endpoint_or_functional_mode_not_admitted|non_nm_units|pchembl_missing_or_inconsistent,development
15114647,CHEMBL3335523,FDVZSKDDSYLYNX-YRIIQKNPSA-N,,,unresolved,Kd,=,2.24,nM,8.65,8.649752,0.000248,CHEMBL3390261,CHEMBL251,ADORA2A,Homo sapiens,SINGLE PROTEIN,9,B,BAO_0000219,CHEMBL3307648,CHEMBL3352600,10.1021/ml5002486,25221664,PUBLICATION,2026-09-12T13:56:46.856914+00:00,,,quarantine,endpoint_or_functional_mode_not_admitted,development
15114648,CHEMBL3335523,FDVZSKDDSYLYNX-YRIIQKNPSA-N,,,unresolved,Kd,=,3.17,nM,8.50,8.498941,0.001059,CHEMBL3390262,CHEMBL251,ADORA2A,Homo sapiens,SINGLE PROTEIN,9,B,BAO_0000219,CHEMBL3307648,CHEMBL3352600,10.1021/ml5002486,25221664,PUBLICATION,2026-09-12T13:56:46.856914+00:00,,,quarantine,endpoint_or_functional_mode_not_admitted,development
24781567,CHEMBL336555,CITCTUNIFJOTHI-UHFFFAOYSA-N,,,unresolved,Kd,=,9600.0,nM,5.02,5.017729,0.002271,CHEMBL5129723,CHEMBL251,ADORA2A,Homo sapiens,SINGLE PROTEIN,9,B,BAO_0000219,,CHEMBL5126601,10.1021/acsmedchemlett.2c00099,35859869,PUBLICATION,2026-09-12T13:56:46.856914+00:00,,,quarantine,endpoint_or_functional_mode_not_admitted,development
24781690,CHEMBL336555,CITCTUNIFJOTHI-UHFFFAOYSA-N,,agonist,assay_text_rule,Activity,,,,,,,CHEMBL5129738,CHEMBL251,ADORA2A,Homo sapiens,SINGLE PROTEIN,9,F,BAO_0000219,,CHEMBL5126601,10.1021/acsmedchemlett.2c00099,35859869,PUBLICATION,2026-09-12T13:56:46.856914+00:00,,NA,quarantine,endpoint_or_functional_mode_not_admitted|non_exact_relation|non_nm_units|non_positive_or_missing_value|pchembl_missing_or_inconsistent,development
15210135,CHEMBL3414573,CBDPEPRMHBCTEB-QPXQOZNCSA-N,pBind_Ki,,unresolved,Ki,=,26.0,nM,7.58,7.585027,0.005027,CHEMBL3419484,CHEMBL251,ADORA2A,Homo sapiens,SINGLE PROTEIN,9,B,BAO_0000219,CHEMBL3308072,CHEMBL3414558,10.1021/acs.jmedchem.5b00215,25780876,PUBLICATION,2026-09-12T13:56:46.856914+00:00,,,admitted_exploratory,,development
15210160,CHEMBL3414573,CBDPEPRMHBCTEB-QPXQOZNCSA-N,pFunc_agonism,agonist,assay_text_rule,EC50,=,38.0,nM,7.42,7.420216,0.000216,CHEMBL3419486,CHEMBL251,ADORA2A,Homo sapiens,SINGLE PROTEIN,9,F,BAO_0000219,CHEMBL3308072,CHEMBL3414558,10.1021/acs.jmedchem.5b00215,25780876,PUBLICATION,2026-09-12T13:56:46.856914+00:00,,,admitted_exploratory,,development
15208805,CHEMBL3414940,DEVAFUMPTPLYOY-BQVMBELUSA-N,pBind_Ki,,unresolved,Ki,=,93.0,nM,7.03,7.031517,0.001517,CHEMBL3420489,CHEMBL251,ADORA2A,Homo sapiens,SINGLE PROTEIN,9,B,BAO_0000219,CHEMBL3308072,CHEMBL3414438,10.1021/acs.jmedchem.5b00074,25699637,PUBLICATION,2026-09-12T13:56:46.856914+00:00,,,admitted_exploratory,,development
15208847,CHEMBL3414940,DEVAFUMPTPLYOY-BQVMBELUSA-N,pFunc_agonism,agonist,assay_text_rule,EC50,=,9.75,nM,8.01,8.010995,0.000995,CHEMBL3420494,CHEMBL251,ADORA2A,Homo sapiens,SINGLE PROTEIN,9,F,BAO_0000219,CHEMBL3308072,CHEMBL3414438,10.1021/acs.jmedchem.5b00074,25699637,PUBLICATION,2026-09-12T13:56:46.856914+00:00,,,admitted_exploratory,,development
15208901,CHEMBL3414940,DEVAFUMPTPLYOY-BQVMBELUSA-N,,agonist,assay_text_rule,Efficacy,>=,90.0,%,,,,CHEMBL3420494,CHEMBL251,ADORA2A,Homo sapiens,SINGLE PROTEIN,9,F,BAO_0000219,CHEMBL3308072,CHEMBL3414438,10.1021/acs.jmedchem.5b00074,25699637,PUBLICATION,2026-09-12T13:56:46.856914+00:00,,,quarantine,endpoint_or_functional_mode_not_admitted|non_exact_relation|non_nm_units|pchembl_missing_or_inconsistent,development
18240229,CHEMBL3414940,DEVAFUMPTPLYOY-BQVMBELUSA-N,pBind_Ki,,unresolved,Ki,=,146.0,nM,6.84,6.835647,0.004353,CHEMBL4052148,CHEMBL251,ADORA2A,Homo sapiens,SINGLE PROTEIN,9,B,BAO_0000219,,CHEMBL4049451,10.1021/acs.jmedchem.7b00291,28447789,PUBLICATION,2026-09-12T13:56:46.856914+00:00,,,admitted_exploratory,,development
18240281,CHEMBL3414940,DEVAFUMPTPLYOY-BQVMBELUSA-N,pFunc_agonism,agonist,assay_text_rule,EC50,=,21.6,nM,7.67,7.665546,0.004454,CHEMBL4052151,CHEMBL251,ADORA2A,Homo sapiens,SINGLE PROTEIN,9,F,BAO_0000219,,CHEMBL4049451,10.1021/acs.jmedchem.7b00291,28447789,PUBLICATION,2026-09-12T13:56:46.856914+00:00,,,admitted_exploratory,,development
18240351,CHEMBL3414940,DEVAFUMPTPLYOY-BQVMBELUSA-N,,agonist,assay_text_rule,Efficacy,>=,90.0,%,,,,CHEMBL4052156,CHEMBL251,ADORA2A,Homo sapiens,SINGLE PROTEIN,9,F,BAO_0000219,,CHEMBL4049451,10.1021/acs.jmedchem.7b00291,28447789,PUBLICATION,2026-09-12T13:56:46.856914+00:00,,,quarantine,endpoint_or_functional_mode_not_admitted|non_exact_relation|non_nm_units|pchembl_missing_or_inconsistent,development
15208806,CHEMBL3414941,IRRXNCFETDOCCQ-AEISUSGSSA-N,pBind_Ki,,unresolved,Ki,=,62.2,nM,7.21,7.206210,0.003790,CHEMBL3420489,CHEMBL251,ADORA2A,Homo sapiens,SINGLE PROTEIN,9,B,BAO_0000219,CHEMBL3308072,CHEMBL3414438,10.1021/acs.jmedchem.5b00074,25699637,PUBLICATION,2026-09-12T13:56:46.856914+00:00,,,admitted_exploratory,,development
15208848,CHEMBL3414941,IRRXNCFETDOCCQ-AEISUSGSSA-N,pFunc_agonism,agonist,assay_text_rule,EC50,=,5.31,nM,8.28,8.274905,0.005095,CHEMBL3420494,CHEMBL251,ADORA2A,Homo sapiens,SINGLE PROTEIN,9,F,BAO_0000219,CHEMBL3308072,CHEMBL3414438,10.1021/acs.jmedchem.5b00074,25699637,PUBLICATION,2026-09-12T13:56:46.856914+00:00,,,admitted_exploratory,,development
15208902,CHEMBL3414941,IRRXNCFETDOCCQ-AEISUSGSSA-N,,agonist,assay_text_rule,Efficacy,>=,90.0,%,,,,CHEMBL3420494,CHEMBL251,ADORA2A,Homo sapiens,SINGLE PROTEIN,9,F,BAO_0000219,CHEMBL3308072,CHEMBL3414438,10.1021/acs.jmedchem.5b00074,25699637,PUBLICATION,2026-09-12T13:56:46.856914+00:00,,,quarantine,endpoint_or_functional_mode_not_admitted|non_exact_relation|non_nm_units|pchembl_missing_or_inconsistent,development
18240230,CHEMBL3414941,IRRXNCFETDOCCQ-AEISUSGSSA-N,pBind_Ki,,unresolved,Ki,=,274.0,nM,6.56,6.562249,0.002249,CHEMBL4052148,CHEMBL251,ADORA2A,Homo sapiens,SINGLE PROTEIN,9,B,BAO_0000219,,CHEMBL4049451,10.1021/acs.jmedchem.7b00291,28447789,PUBLICATION,2026-09-12T13:56:46.856914+00:00,,,admitted_exploratory,,development
18240282,CHEMBL3414941,IRRXNCFETDOCCQ-AEISUSGSSA-N,pFunc_agonism,agonist,assay_text_rule,EC50,=,21.5,nM,7.67,7.667562,0.002438,CHEMBL4052151,CHEMBL251,ADORA2A,Homo sapiens,SINGLE PROTEIN,9,F,BAO_0000219,,CHEMBL4049451,10.1021/acs.jmedchem.7b00291,28447789,PUBLICATION,2026-09-12T13:56:46.856914+00:00,,,admitted_exploratory,,development
18240352,CHEMBL3414941,IRRXNCFETDOCCQ-AEISUSGSSA-N,,agonist,assay_text_rule,Efficacy,>=,90.0,%,,,,CHEMBL4052156,CHEMBL251,ADORA2A,Homo sapiens,SINGLE PROTEIN,9,F,BAO_0000219,,CHEMBL4049451,10.1021/acs.jmedchem.7b00291,28447789,PUBLICATION,2026-09-12T13:56:46.856914+00:00,,,quarantine,endpoint_or_functional_mode_not_admitted|non_exact_relation|non_nm_units|pchembl_missing_or_inconsistent,development
15208809,CHEMBL3414944,OZWIQLJRUYENLH-BHETVNITSA-N,pBind_Ki,,unresolved,Ki,=,554.0,nM,6.26,6.256490,0.003510,CHEMBL3420489,CHEMBL251,ADORA2A,Homo sapiens,SINGLE PROTEIN,9,B,BAO_0000219,CHEMBL3308072,CHEMBL3414438,10.1021/acs.jmedchem.5b00074,25699637,PUBLICATION,2026-09-12T13:56:46.856914+00:00,,,quarantine,unassigned_stereocenter,development
15208851,CHEMBL3414944,OZWIQLJRUYENLH-BHETVNITSA-N,pFunc_agonism,agonist,assay_text_rule,EC50,=,25.1,nM,7.60,7.600326,0.000326,CHEMBL3420494,CHEMBL251,ADORA2A,Homo sapiens,SINGLE PROTEIN,9,F,BAO_0000219,CHEMBL3308072,CHEMBL3414438,10.1021/acs.jmedchem.5b00074,25699637,PUBLICATION,2026-09-12T13:56:46.856914+00:00,,,quarantine,unassigned_stereocenter,development
15208905,CHEMBL3414944,OZWIQLJRUYENLH-BHETVNITSA-N,,agonist,assay_text_rule,Efficacy,>=,90.0,%,,,,CHEMBL3420494,CHEMBL251,ADORA2A,Homo sapiens,SINGLE PROTEIN,9,F,BAO_0000219,CHEMBL3308072,CHEMBL3414438,10.1021/acs.jmedchem.5b00074,25699637,PUBLICATION,2026-09-12T13:56:46.856914+00:00,,,quarantine,endpoint_or_functional_mode_not_admitted|non_exact_relation|non_nm_units|pchembl_missing_or_inconsistent|unassigned_stereocenter,development
15208811,CHEMBL3414946,SLEKQRJDUVSCPY-MOROJQBDSA-N,pBind_Ki,,unresolved,Ki,=,77.5,nM,7.11,7.110698,0.000698,CHEMBL3420489,CHEMBL251,ADORA2A,Homo sapiens,SINGLE PROTEIN,9,B,BAO_0000219,CHEMBL3308072,CHEMBL3414438,10.1021/acs.jmedchem.5b00074,25699637,PUBLICATION,2026-09-12T13:56:46.856914+00:00,,,admitted_exploratory,,development
15208853,CHEMBL3414946,SLEKQRJDUVSCPY-MOROJQBDSA-N,pFunc_agonism,agonist,assay_text_rule,EC50,=,8.4,nM,8.08,8.075721,0.004279,CHEMBL3420494,CHEMBL251,ADORA2A,Homo sapiens,SINGLE PROTEIN,9,F,BAO_0000219,CHEMBL3308072,CHEMBL3414438,10.1021/acs.jmedchem.5b00074,25699637,PUBLICATION,2026-09-12T13:56:46.856914+00:00,,,admitted_exploratory,,development
15209818,CHEMBL3414946,SLEKQRJDUVSCPY-MOROJQBDSA-N,,agonist,assay_text_rule,Efficacy,>=,90.0,%,,,,CHEMBL3420494,CHEMBL251,ADORA2A,Homo sapiens,SINGLE PROTEIN,9,F,BAO_0000219,CHEMBL3308072,CHEMBL3414438,10.1021/acs.jmedchem.5b00074,25699637,PUBLICATION,2026-09-12T13:56:46.856914+00:00,,,quarantine,endpoint_or_functional_mode_not_admitted|non_exact_relation|non_nm_units|pchembl_missing_or_inconsistent,development
15210102,CHEMBL3416776,APKBJUYYYJBSCQ-CMCWBKRRSA-N,pFunc_agonism,agonist,assay_text_rule,EC50,=,438.0,nM,6.36,6.358526,0.001474,CHEMBL3419486,CHEMBL251,ADORA2A,Homo sapiens,SINGLE PROTEIN,9,F,BAO_0000219,CHEMBL3308072,CHEMBL3414558,10.1021/acs.jmedchem.5b00215,25780876,PUBLICATION,2026-09-12T13:56:46.856914+00:00,,,admitted_exploratory,,development
15210106,CHEMBL3416776,APKBJUYYYJBSCQ-CMCWBKRRSA-N,pBind_Ki,,unresolved,Ki,=,237.0,nM,6.62,6.625252,0.005252,CHEMBL3419484,CHEMBL251,ADORA2A,Homo sapiens,SINGLE PROTEIN,9,B,BAO_0000219,CHEMBL3308072,CHEMBL3414558,10.1021/acs.jmedchem.5b00215,25780876,PUBLICATION,2026-09-12T13:56:46.856914+00:00,,,admitted_exploratory,,development
15210101,CHEMBL3416777,KOEBHQWXJSXWRR-CMCWBKRRSA-N,pFunc_agonism,agonist,assay_text_rule,EC50,=,842.0,nM,6.08,6.074688,0.005312,CHEMBL3419486,CHEMBL251,ADORA2A,Homo sapiens,SINGLE PROTEIN,9,F,BAO_0000219,CHEMBL3308072,CHEMBL3414558,10.1021/acs.jmedchem.5b00215,25780876,PUBLICATION,2026-09-12T13:56:46.856914+00:00,,,admitted_exploratory,,locked_holdout
15210105,CHEMBL3416777,KOEBHQWXJSXWRR-CMCWBKRRSA-N,pBind_Ki,,unresolved,Ki,=,659.0,nM,6.18,6.181115,0.001115,CHEMBL3419484,CHEMBL251,ADORA2A,Homo sapiens,SINGLE PROTEIN,9,B,BAO_0000219,CHEMBL3308072,CHEMBL3414558,10.1021/acs.jmedchem.5b00215,25780876,PUBLICATION,2026-09-12T13:56:46.856914+00:00,,,admitted_exploratory,,locked_holdout
15210100,CHEMBL3416778,GLQXBKNCFOACJO-UGCAPWQASA-N,pFunc_agonism,agonist,assay_text_rule,EC50,=,1763.0,nM,5.75,5.753748,0.003748,CHEMBL3419486,CHEMBL251,ADORA2A,Homo sapiens,SINGLE PROTEIN,9,F,BAO_0000219,CHEMBL3308072,CHEMBL3414558,10.1021/acs.jmedchem.5b00215,25780876,PUBLICATION,2026-09-12T13:56:46.856914+00:00,,,admitted_exploratory,,locked_holdout
15210104,CHEMBL3416778,GLQXBKNCFOACJO-UGCAPWQASA-N,pBind_Ki,,unresolved,Ki,=,967.0,nM,6.01,6.014574,0.004574,CHEMBL3419484,CHEMBL251,ADORA2A,Homo sapiens,SINGLE PROTEIN,9,B,BAO_0000219,CHEMBL3308072,CHEMBL3414558,10.1021/acs.jmedchem.5b00215,25780876,PUBLICATION,2026-09-12T13:56:46.856914+00:00,,,admitted_exploratory,,locked_holdout
15210251,CHEMBL3416801,VOMVVKGMVNIXGH-GRXQJBFDSA-N,pBind_Ki,,unresolved,Ki,>,10000.0,nM,,5.000000,,CHEMBL3419484,CHEMBL251,ADORA2A,Homo sapiens,SINGLE PROTEIN,9,B,BAO_0000219,CHEMBL3308072,CHEMBL3414558,10.1021/acs.jmedchem.5b00215,25780876,PUBLICATION,2026-09-12T13:56:46.856914+00:00,,,quarantine,non_exact_relation|pchembl_missing_or_inconsistent,development
15210262,CHEMBL3416801,VOMVVKGMVNIXGH-GRXQJBFDSA-N,,,unresolved,Inhibition,=,32.0,%,,,,CHEMBL3419485,CHEMBL251,ADORA2A,Homo sapiens,SINGLE PROTEIN,9,B,BAO_0000219,CHEMBL3308072,CHEMBL3414558,10.1021/acs.jmedchem.5b00215,25780876,PUBLICATION,2026-09-12T13:56:46.856914+00:00,,,quarantine,endpoint_or_functional_mode_not_admitted|non_nm_units|pchembl_missing_or_inconsistent,development
15210266,CHEMBL3416801,VOMVVKGMVNIXGH-GRXQJBFDSA-N,pFunc_agonism,agonist,assay_text_rule,EC50,>,10000.0,nM,,5.000000,,CHEMBL3419486,CHEMBL251,ADORA2A,Homo sapiens,SINGLE PROTEIN,9,F,BAO_0000219,CHEMBL3308072,CHEMBL3414558,10.1021/acs.jmedchem.5b00215,25780876,PUBLICATION,2026-09-12T13:56:46.856914+00:00,,,quarantine,non_exact_relation|pchembl_missing_or_inconsistent,development
15210309,CHEMBL3416801,VOMVVKGMVNIXGH-GRXQJBFDSA-N,,agonist,assay_text_rule,Activity,=,18.0,%,,,,CHEMBL3419491,CHEMBL251,ADORA2A,Homo sapiens,SINGLE PROTEIN,9,F,BAO_0000219,CHEMBL3308072,CHEMBL3414558,10.1021/acs.jmedchem.5b00215,25780876,PUBLICATION,2026-09-12T13:56:46.856914+00:00,,,quarantine,endpoint_or_functional_mode_not_admitted|non_nm_units|pchembl_missing_or_inconsistent,development
15210255,CHEMBL3416805,BMVQYTBZDSZAEL-NLJXWPIHSA-N,pBind_Ki,,unresolved,Ki,=,745.0,nM,6.13,6.127844,0.002156,CHEMBL3419484,CHEMBL251,ADORA2A,Homo sapiens,SINGLE PROTEIN,9,B,BAO_0000219,CHEMBL3308072,CHEMBL3414558,10.1021/acs.jmedchem.5b00215,25780876,PUBLICATION,2026-09-12T13:56:46.856914+00:00,,,admitted_exploratory,,locked_holdout
15210270,CHEMBL3416805,BMVQYTBZDSZAEL-NLJXWPIHSA-N,pFunc_agonism,agonist,assay_text_rule,EC50,>,10000.0,nM,,5.000000,,CHEMBL3419486,CHEMBL251,ADORA2A,Homo sapiens,SINGLE PROTEIN,9,F,BAO_0000219,CHEMBL3308072,CHEMBL3414558,10.1021/acs.jmedchem.5b00215,25780876,PUBLICATION,2026-09-12T13:56:46.856914+00:00,,,quarantine,non_exact_relation|pchembl_missing_or_inconsistent,locked_holdout
15210313,CHEMBL3416805,BMVQYTBZDSZAEL-NLJXWPIHSA-N,,agonist,assay_text_rule,Activity,=,23.0,%,,,,CHEMBL3419491,CHEMBL251,ADORA2A,Homo sapiens,SINGLE PROTEIN,9,F,BAO_0000219,CHEMBL3308072,CHEMBL3414558,10.1021/acs.jmedchem.5b00215,25780876,PUBLICATION,2026-09-12T13:56:46.856914+00:00,,,quarantine,endpoint_or_functional_mode_not_admitted|non_nm_units|pchembl_missing_or_inconsistent,locked_holdout
15210260,CHEMBL3416810,GDLSEFIWYFWPFI-YRIIQKNPSA-N,pBind_Ki,,unresolved,Ki,=,16.32,nM,7.79,7.787280,0.002720,CHEMBL3419484,CHEMBL251,ADORA2A,Homo sapiens,SINGLE PROTEIN,9,B,BAO_0000219,CHEMBL3308072,CHEMBL3414558,10.1021/acs.jmedchem.5b00215,25780876,PUBLICATION,2026-09-12T13:56:46.856914+00:00,,,admitted_exploratory,,development
15210275,CHEMBL3416810,GDLSEFIWYFWPFI-YRIIQKNPSA-N,pFunc_agonism,agonist,assay_text_rule,EC50,=,27.0,nM,7.57,7.568636,0.001364,CHEMBL3419486,CHEMBL251,ADORA2A,Homo sapiens,SINGLE PROTEIN,9,F,BAO_0000219,CHEMBL3308072,CHEMBL3414558,10.1021/acs.jmedchem.5b00215,25780876,PUBLICATION,2026-09-12T13:56:46.856914+00:00,,,admitted_exploratory,,development
1674055,CHEMBL372148,FTVRDQDWDBZPQP-UHFFFAOYSA-N,pBind_Ki,,unresolved,Ki,=,2630.27,nM,5.58,5.580000,0.000000,CHEMBL862097,CHEMBL251,ADORA2A,Homo sapiens,SINGLE PROTEIN,9,B,BAO_0000357,,CHEMBL1148617,10.1021/jm0506221,16392813,PUBLICATION,2026-09-12T13:56:46.856914+00:00,,,admitted_exploratory,,development
1674772,CHEMBL372148,FTVRDQDWDBZPQP-UHFFFAOYSA-N,,,unresolved,Inhibition,=,15.0,%,,,,CHEMBL853017,CHEMBL251,ADORA2A,Homo sapiens,SINGLE PROTEIN,9,B,BAO_0000219,CHEMBL3307715,CHEMBL1148617,10.1021/jm0506221,16392813,PUBLICATION,2026-09-12T13:56:46.856914+00:00,,,quarantine,endpoint_or_functional_mode_not_admitted|non_nm_units|pchembl_missing_or_inconsistent,development
1674877,CHEMBL372148,FTVRDQDWDBZPQP-UHFFFAOYSA-N,,antagonist,assay_text_rule,Kd,=,3162.28,nM,5.50,5.500000,0.000000,CHEMBL853546,CHEMBL251,ADORA2A,Homo sapiens,SINGLE PROTEIN,9,F,BAO_0000219,CHEMBL3308072,CHEMBL1148617,10.1021/jm0506221,16392813,PUBLICATION,2026-09-12T13:56:46.856914+00:00,,,quarantine,endpoint_or_functional_mode_not_admitted,development
16405794,CHEMBL3740939,XACFFOLLZVHOCM-QRIDJOKKSA-N,,agonist,assay_text_rule,Emax,,,,,,,CHEMBL3743205,CHEMBL251,ADORA2A,Homo sapiens,SINGLE PROTEIN,9,F,BAO_0000219,CHEMBL3308072,CHEMBL3739405,10.1039/C5MD00086F,,PUBLICATION,2026-09-12T13:56:46.856914+00:00,,Not Determined,quarantine,endpoint_or_functional_mode_not_admitted|non_exact_relation|non_nm_units|non_positive_or_missing_value|pchembl_missing_or_inconsistent,development
16405805,CHEMBL3740939,XACFFOLLZVHOCM-QRIDJOKKSA-N,pFunc_agonism,agonist,assay_text_rule,EC50,,,,,,,CHEMBL3743420,CHEMBL251,ADORA2A,Homo sapiens,SINGLE PROTEIN,9,F,BAO_0000219,CHEMBL3308072,CHEMBL3739405,10.1039/C5MD00086F,,PUBLICATION,2026-09-12T13:56:46.856914+00:00,,Not Determined,quarantine,non_exact_relation|non_nm_units|non_positive_or_missing_value|pchembl_missing_or_inconsistent,development
16406727,CHEMBL3740939,XACFFOLLZVHOCM-QRIDJOKKSA-N,pBind_Ki,,unresolved,Ki,=,3708.0,nM,5.43,5.430860,0.000860,CHEMBL3743197,CHEMBL251,ADORA2A,Homo sapiens,SINGLE PROTEIN,9,B,BAO_0000219,CHEMBL3308376,CHEMBL3739405,10.1039/C5MD00086F,,PUBLICATION,2026-09-12T13:56:46.856914+00:00,,,admitted_exploratory,,development
16405793,CHEMBL3741393,YISHBQSEDYNEAM-BTBIENRZSA-N,,agonist,assay_text_rule,Emax,=,80.0,%,,,,CHEMBL3743205,CHEMBL251,ADORA2A,Homo sapiens,SINGLE PROTEIN,9,F,BAO_0000219,CHEMBL3308072,CHEMBL3739405,10.1039/C5MD00086F,,PUBLICATION,2026-09-12T13:56:46.856914+00:00,,,quarantine,endpoint_or_functional_mode_not_admitted|non_nm_units|pchembl_missing_or_inconsistent|unassigned_stereocenter,development
16405804,CHEMBL3741393,YISHBQSEDYNEAM-BTBIENRZSA-N,pFunc_agonism,agonist,assay_text_rule,EC50,=,48.0,nM,7.32,7.318759,0.001241,CHEMBL3743420,CHEMBL251,ADORA2A,Homo sapiens,SINGLE PROTEIN,9,F,BAO_0000219,CHEMBL3308072,CHEMBL3739405,10.1039/C5MD00086F,,PUBLICATION,2026-09-12T13:56:46.856914+00:00,,,quarantine,unassigned_stereocenter,development
16406726,CHEMBL3741393,YISHBQSEDYNEAM-BTBIENRZSA-N,pBind_Ki,,unresolved,Ki,=,85.0,nM,7.07,7.070581,0.000581,CHEMBL3743197,CHEMBL251,ADORA2A,Homo sapiens,SINGLE PROTEIN,9,B,BAO_0000219,CHEMBL3308376,CHEMBL3739405,10.1039/C5MD00086F,,PUBLICATION,2026-09-12T13:56:46.856914+00:00,,,quarantine,unassigned_stereocenter,development
16485903,CHEMBL3771208,XSVRBMOJKPAIJX-NKYRPOHVSA-N,,agonist,assay_text_rule,pEC50,,,,,,,CHEMBL3772778,CHEMBL251,ADORA2A,Homo sapiens,SINGLE PROTEIN,9,B,BAO_0000219,,CHEMBL3769381,10.1021/acs.jmedchem.5b01402,26756468,PUBLICATION,2026-09-12T13:56:46.856914+00:00,,,quarantine,endpoint_or_functional_mode_not_admitted|non_exact_relation|non_nm_units|non_positive_or_missing_value|pchembl_missing_or_inconsistent,locked_holdout
16485937,CHEMBL3771208,XSVRBMOJKPAIJX-NKYRPOHVSA-N,,agonist,assay_text_rule,Emax,,,,,,,CHEMBL3772781,CHEMBL251,ADORA2A,Homo sapiens,SINGLE PROTEIN,9,B,BAO_0000219,,CHEMBL3769381,10.1021/acs.jmedchem.5b01402,26756468,PUBLICATION,2026-09-12T13:56:46.856914+00:00,,,quarantine,endpoint_or_functional_mode_not_admitted|non_exact_relation|non_nm_units|non_positive_or_missing_value|pchembl_missing_or_inconsistent,locked_holdout
16486006,CHEMBL3771208,XSVRBMOJKPAIJX-NKYRPOHVSA-N,,,unresolved,pKA,,,,,,,CHEMBL3772789,CHEMBL251,ADORA2A,Homo sapiens,SINGLE PROTEIN,9,B,BAO_0000219,,CHEMBL3769381,10.1021/acs.jmedchem.5b01402,26756468,PUBLICATION,2026-09-12T13:56:46.856914+00:00,,Not Active,quarantine,endpoint_or_functional_mode_not_admitted|non_exact_relation|non_nm_units|non_positive_or_missing_value|pchembl_missing_or_inconsistent,locked_holdout
24669210,CHEMBL3771208,XSVRBMOJKPAIJX-NKYRPOHVSA-N,,antagonist,assay_text_rule,EC50,=,11220.18,nM,4.95,4.950000,0.000000,CHEMBL5099262,CHEMBL251,ADORA2A,Homo sapiens,SINGLE PROTEIN,9,F,BAO_0000219,,CHEMBL5096218,10.1021/acs.jmedchem.2c01414,36270633,PUBLICATION,2026-09-12T13:56:46.856914+00:00,,,quarantine,endpoint_or_functional_mode_not_admitted,locked_holdout
24669237,CHEMBL3771208,XSVRBMOJKPAIJX-NKYRPOHVSA-N,,antagonist,assay_text_rule,Emax,=,17.13,%,,,,CHEMBL5099263,CHEMBL251,ADORA2A,Homo sapiens,SINGLE PROTEIN,9,F,BAO_0000219,,CHEMBL5096218,10.1021/acs.jmedchem.2c01414,36270633,PUBLICATION,2026-09-12T13:56:46.856914+00:00,,,quarantine,endpoint_or_functional_mode_not_admitted|non_nm_units|pchembl_missing_or_inconsistent,locked_holdout
16651636,CHEMBL3827859,LKZCACKRMPMZHI-UHFFFAOYSA-N,pBind_Ki,,unresolved,Ki,=,559.0,nM,6.25,6.252588,0.002588,CHEMBL3831093,CHEMBL251,ADORA2A,Homo sapiens,SINGLE PROTEIN,9,B,BAO_0000219,CHEMBL3308072,CHEMBL3826885,10.1016/j.bmc.2016.07.028,27485602,PUBLICATION,2026-09-12T13:56:46.856914+00:00,,,admitted_exploratory,,development
16651673,CHEMBL3827859,LKZCACKRMPMZHI-UHFFFAOYSA-N,,,unresolved,Inhibition,=,57.0,%,,,,CHEMBL3831094,CHEMBL251,ADORA2A,Homo sapiens,SINGLE PROTEIN,9,B,BAO_0000219,CHEMBL3308072,CHEMBL3826885,10.1016/j.bmc.2016.07.028,27485602,PUBLICATION,2026-09-12T13:56:46.856914+00:00,,,quarantine,endpoint_or_functional_mode_not_admitted|non_nm_units|pchembl_missing_or_inconsistent,development
16652695,CHEMBL3827859,LKZCACKRMPMZHI-UHFFFAOYSA-N,,antagonist,assay_text_rule,Kb,=,839.0,nM,,6.076238,,CHEMBL3831099,CHEMBL251,ADORA2A,Homo sapiens,SINGLE PROTEIN,9,F,BAO_0000219,CHEMBL3308072,CHEMBL3826885,10.1016/j.bmc.2016.07.028,27485602,PUBLICATION,2026-09-12T13:56:46.856914+00:00,,,quarantine,endpoint_or_functional_mode_not_admitted|pchembl_missing_or_inconsistent,development
16652713,CHEMBL3827859,LKZCACKRMPMZHI-UHFFFAOYSA-N,,antagonist,assay_text_rule,EC50,=,460.0,nM,6.34,6.337242,0.002758,CHEMBL3831106,CHEMBL251,ADORA2A,Homo sapiens,SINGLE PROTEIN,9,F,BAO_0000219,CHEMBL3308072,CHEMBL3826885,10.1016/j.bmc.2016.07.028,27485602,PUBLICATION,2026-09-12T13:56:46.856914+00:00,,,quarantine,endpoint_or_functional_mode_not_admitted,development
1901942,CHEMBL388509,VJRBXIHTQMRKQY-JXSIFGCMSA-N,,,unresolved,Activity,>,40.0,%,,,,CHEMBL889380,CHEMBL251,ADORA2A,Homo sapiens,SINGLE PROTEIN,8,B,BAO_0000249,,CHEMBL1145382,10.1021/jm060947x,17539620,PUBLICATION,2026-09-12T13:56:46.856914+00:00,,,quarantine,endpoint_or_functional_mode_not_admitted|non_human_context|non_exact_relation|non_nm_units|pchembl_missing_or_inconsistent,development
1901985,CHEMBL388509,VJRBXIHTQMRKQY-JXSIFGCMSA-N,,agonist,assay_text_rule,Activity,,,,,,,CHEMBL889385,CHEMBL251,ADORA2A,Homo sapiens,SINGLE PROTEIN,9,F,BAO_0000219,CHEMBL3307740,CHEMBL1145382,10.1021/jm060947x,17539620,PUBLICATION,2026-09-12T13:56:46.856914+00:00,,,quarantine,endpoint_or_functional_mode_not_admitted|non_exact_relation|non_nm_units|non_positive_or_missing_value|pchembl_missing_or_inconsistent,development
2067952,CHEMBL398272,NPNLXWRCDBORLG-UHFFFAOYSA-N,pBind_Ki,,unresolved,Ki,=,0.9,nM,9.05,9.045757,0.004243,CHEMBL943926,CHEMBL251,ADORA2A,Homo sapiens,SINGLE PROTEIN,9,B,BAO_0000219,CHEMBL3307715,CHEMBL1140734,10.1021/jm070623o,18189346,PUBLICATION,2026-09-12T13:56:46.856914+00:00,,,admitted_exploratory,,development
2117678,CHEMBL398272,NPNLXWRCDBORLG-UHFFFAOYSA-N,pBind_Ki,,unresolved,Ki,=,0.9,nM,9.05,9.045757,0.004243,CHEMBL949242,CHEMBL251,ADORA2A,Homo sapiens,SINGLE PROTEIN,9,B,BAO_0000219,CHEMBL3307715,CHEMBL1142326,10.1021/jm701185v,18307292,PUBLICATION,2026-09-12T13:56:46.856914+00:00,,,admitted_exploratory,,development
2117708,CHEMBL398272,NPNLXWRCDBORLG-UHFFFAOYSA-N,pFunc_inhibition,antagonist,assay_text_rule,IC50,=,103.0,nM,6.99,6.987163,0.002837,CHEMBL949245,CHEMBL251,ADORA2A,Homo sapiens,SINGLE PROTEIN,9,F,BAO_0000019,,CHEMBL1142326,10.1021/jm701185v,18307292,PUBLICATION,2026-09-12T13:56:46.856914+00:00,,,admitted_exploratory,,development
18240242,CHEMBL4059961,WTSRCKFFAWSKBH-MOROJQBDSA-N,pBind_Ki,,unresolved,Ki,=,58.2,nM,7.24,7.235077,0.004923,CHEMBL4052148,CHEMBL251,ADORA2A,Homo sapiens,SINGLE PROTEIN,9,B,BAO_0000219,,CHEMBL4049451,10.1021/acs.jmedchem.7b00291,28447789,PUBLICATION,2026-09-12T13:56:46.856914+00:00,,,admitted_exploratory,,locked_holdout
18240294,CHEMBL4059961,WTSRCKFFAWSKBH-MOROJQBDSA-N,pFunc_agonism,agonist,assay_text_rule,EC50,=,13.3,nM,7.88,7.876148,0.003852,CHEMBL4052151,CHEMBL251,ADORA2A,Homo sapiens,SINGLE PROTEIN,9,F,BAO_0000219,,CHEMBL4049451,10.1021/acs.jmedchem.7b00291,28447789,PUBLICATION,2026-09-12T13:56:46.856914+00:00,,,admitted_exploratory,,locked_holdout
18240364,CHEMBL4059961,WTSRCKFFAWSKBH-MOROJQBDSA-N,,agonist,assay_text_rule,Efficacy,>=,90.0,%,,,,CHEMBL4052156,CHEMBL251,ADORA2A,Homo sapiens,SINGLE PROTEIN,9,F,BAO_0000219,,CHEMBL4049451,10.1021/acs.jmedchem.7b00291,28447789,PUBLICATION,2026-09-12T13:56:46.856914+00:00,,,quarantine,endpoint_or_functional_mode_not_admitted|non_exact_relation|non_nm_units|pchembl_missing_or_inconsistent,locked_holdout
18224819,CHEMBL4063841,HYJFZTMSAYHUCD-VNXSDAFKSA-N,,antagonist,assay_text_rule,EC50,=,3630.78,nM,5.44,5.440000,0.000000,CHEMBL4048590,CHEMBL251,ADORA2A,Homo sapiens,SINGLE PROTEIN,9,F,BAO_0000219,,CHEMBL4043287,10.1021/acs.jmedchem.8b00047,29446948,PUBLICATION,2026-09-12T13:56:46.856914+00:00,,,quarantine,endpoint_or_functional_mode_not_admitted,development
18224836,CHEMBL4063841,HYJFZTMSAYHUCD-VNXSDAFKSA-N,,antagonist,assay_text_rule,Emax,=,131.0,%,,,,CHEMBL4048591,CHEMBL251,ADORA2A,Homo sapiens,SINGLE PROTEIN,9,F,BAO_0000219,,CHEMBL4043287,10.1021/acs.jmedchem.8b00047,29446948,PUBLICATION,2026-09-12T13:56:46.856914+00:00,,,quarantine,endpoint_or_functional_mode_not_admitted|non_nm_units|pchembl_missing_or_inconsistent,development
18224853,CHEMBL4063841,HYJFZTMSAYHUCD-VNXSDAFKSA-N,,antagonist,assay_text_rule,log(activity),=,5.56,,,,,CHEMBL4048592,CHEMBL251,ADORA2A,Homo sapiens,SINGLE PROTEIN,9,F,BAO_0000219,,CHEMBL4043287,10.1021/acs.jmedchem.8b00047,29446948,PUBLICATION,2026-09-12T13:56:46.856914+00:00,,,quarantine,endpoint_or_functional_mode_not_admitted|non_nm_units|pchembl_missing_or_inconsistent,development
18059275,CHEMBL4064795,SHMHGBZUFQHAIL-UHFFFAOYSA-N,pBind_Ki,,unresolved,Ki,=,2.9,nM,8.54,8.537602,0.002398,CHEMBL4012872,CHEMBL251,ADORA2A,Homo sapiens,SINGLE PROTEIN,9,B,BAO_0000219,,CHEMBL4011624,10.1021/acs.jmedchem.7b00457,28590753,PUBLICATION,2026-09-12T13:56:46.856914+00:00,,,admitted_exploratory,,development
18059396,CHEMBL4064795,SHMHGBZUFQHAIL-UHFFFAOYSA-N,pFunc_inhibition,antagonist,assay_text_rule,IC50,=,98.0,nM,7.01,7.008774,0.001226,CHEMBL4012875,CHEMBL251,ADORA2A,Homo sapiens,SINGLE PROTEIN,9,F,BAO_0000219,,CHEMBL4011624,10.1021/acs.jmedchem.7b00457,28590753,PUBLICATION,2026-09-12T13:56:46.856914+00:00,,,admitted_exploratory,,development
24772336,CHEMBL4064795,SHMHGBZUFQHAIL-UHFFFAOYSA-N,pBind_Ki,antagonist,assay_text_rule,Ki,=,2.9,nM,8.54,8.537602,0.002398,CHEMBL5126825,CHEMBL251,ADORA2A,Homo sapiens,SINGLE PROTEIN,9,B,BAO_0000357,,CHEMBL5126505,10.1016/j.ejmech.2021.113907,34695776,PUBLICATION,2026-09-12T13:56:46.856914+00:00,,,admitted_exploratory,,development
24772482,CHEMBL4064795,SHMHGBZUFQHAIL-UHFFFAOYSA-N,pFunc_inhibition,antagonist,assay_text_rule,IC50,>,30000.0,nM,,4.522879,,CHEMBL5126863,CHEMBL251,ADORA2A,Homo sapiens,SINGLE PROTEIN,9,F,BAO_0000219,,CHEMBL5126505,10.1016/j.ejmech.2021.113907,34695776,PUBLICATION,2026-09-12T13:56:46.856914+00:00,,,quarantine,non_exact_relation|pchembl_missing_or_inconsistent,development
18224822,CHEMBL4072009,INHVHVABDDQLDR-IYRWRCLLSA-N,,antagonist,assay_text_rule,pEC50,,,,,,,CHEMBL4048590,CHEMBL251,ADORA2A,Homo sapiens,SINGLE PROTEIN,9,F,BAO_0000219,,CHEMBL4043287,10.1021/acs.jmedchem.8b00047,29446948,PUBLICATION,2026-09-12T13:56:46.856914+00:00,,Not Determined,quarantine,endpoint_or_functional_mode_not_admitted|non_exact_relation|non_nm_units|non_positive_or_missing_value|pchembl_missing_or_inconsistent,development
18224839,CHEMBL4072009,INHVHVABDDQLDR-IYRWRCLLSA-N,,antagonist,assay_text_rule,Emax,,,,,,,CHEMBL4048591,CHEMBL251,ADORA2A,Homo sapiens,SINGLE PROTEIN,9,F,BAO_0000219,,CHEMBL4043287,10.1021/acs.jmedchem.8b00047,29446948,PUBLICATION,2026-09-12T13:56:46.856914+00:00,,Not Determined,quarantine,endpoint_or_functional_mode_not_admitted|non_exact_relation|non_nm_units|non_positive_or_missing_value|pchembl_missing_or_inconsistent,development
18224856,CHEMBL4072009,INHVHVABDDQLDR-IYRWRCLLSA-N,,antagonist,assay_text_rule,log(activity),,,,,,,CHEMBL4048592,CHEMBL251,ADORA2A,Homo sapiens,SINGLE PROTEIN,9,F,BAO_0000219,,CHEMBL4043287,10.1021/acs.jmedchem.8b00047,29446948,PUBLICATION,2026-09-12T13:56:46.856914+00:00,,Not Determined,quarantine,endpoint_or_functional_mode_not_admitted|non_exact_relation|non_nm_units|non_positive_or_missing_value|pchembl_missing_or_inconsistent,development
18224820,CHEMBL4075186,RDGGIYYOAIQPFG-VVTIBKNXSA-N,,antagonist,assay_text_rule,EC50,=,4897.79,nM,5.31,5.310000,0.000000,CHEMBL4048590,CHEMBL251,ADORA2A,Homo sapiens,SINGLE PROTEIN,9,F,BAO_0000219,,CHEMBL4043287,10.1021/acs.jmedchem.8b00047,29446948,PUBLICATION,2026-09-12T13:56:46.856914+00:00,,,quarantine,endpoint_or_functional_mode_not_admitted,development
18224837,CHEMBL4075186,RDGGIYYOAIQPFG-VVTIBKNXSA-N,,antagonist,assay_text_rule,Emax,=,97.0,%,,,,CHEMBL4048591,CHEMBL251,ADORA2A,Homo sapiens,SINGLE PROTEIN,9,F,BAO_0000219,,CHEMBL4043287,10.1021/acs.jmedchem.8b00047,29446948,PUBLICATION,2026-09-12T13:56:46.856914+00:00,,,quarantine,endpoint_or_functional_mode_not_admitted|non_nm_units|pchembl_missing_or_inconsistent,development
18224854,CHEMBL4075186,RDGGIYYOAIQPFG-VVTIBKNXSA-N,,antagonist,assay_text_rule,log(activity),=,5.2,,,,,CHEMBL4048592,CHEMBL251,ADORA2A,Homo sapiens,SINGLE PROTEIN,9,F,BAO_0000219,,CHEMBL4043287,10.1021/acs.jmedchem.8b00047,29446948,PUBLICATION,2026-09-12T13:56:46.856914+00:00,,,quarantine,endpoint_or_functional_mode_not_admitted|non_nm_units|pchembl_missing_or_inconsistent,development
18240233,CHEMBL4076003,VLAOLJRMDZJSLN-PFHKOEEOSA-N,pBind_Ki,,unresolved,Ki,=,342.0,nM,6.47,6.465974,0.004026,CHEMBL4052148,CHEMBL251,ADORA2A,Homo sapiens,SINGLE PROTEIN,9,B,BAO_0000219,,CHEMBL4049451,10.1021/acs.jmedchem.7b00291,28447789,PUBLICATION,2026-09-12T13:56:46.856914+00:00,,,admitted_exploratory,,development
18240285,CHEMBL4076003,VLAOLJRMDZJSLN-PFHKOEEOSA-N,pFunc_agonism,agonist,assay_text_rule,EC50,=,54.3,nM,7.26,7.265200,0.005200,CHEMBL4052151,CHEMBL251,ADORA2A,Homo sapiens,SINGLE PROTEIN,9,F,BAO_0000219,,CHEMBL4049451,10.1021/acs.jmedchem.7b00291,28447789,PUBLICATION,2026-09-12T13:56:46.856914+00:00,,,admitted_exploratory,,development
18240355,CHEMBL4076003,VLAOLJRMDZJSLN-PFHKOEEOSA-N,,agonist,assay_text_rule,Efficacy,>=,90.0,%,,,,CHEMBL4052156,CHEMBL251,ADORA2A,Homo sapiens,SINGLE PROTEIN,9,F,BAO_0000219,,CHEMBL4049451,10.1021/acs.jmedchem.7b00291,28447789,PUBLICATION,2026-09-12T13:56:46.856914+00:00,,,quarantine,endpoint_or_functional_mode_not_admitted|non_exact_relation|non_nm_units|pchembl_missing_or_inconsistent,development
18224826,CHEMBL4076495,RSKKOALBKRBUAX-QMEWKUSNSA-N,,antagonist,assay_text_rule,EC50,=,354.81,nM,6.45,6.450004,0.000004,CHEMBL4048590,CHEMBL251,ADORA2A,Homo sapiens,SINGLE PROTEIN,9,F,BAO_0000219,,CHEMBL4043287,10.1021/acs.jmedchem.8b00047,29446948,PUBLICATION,2026-09-12T13:56:46.856914+00:00,,,quarantine,endpoint_or_functional_mode_not_admitted,development
18224843,CHEMBL4076495,RSKKOALBKRBUAX-QMEWKUSNSA-N,,antagonist,assay_text_rule,Emax,=,110.0,%,,,,CHEMBL4048591,CHEMBL251,ADORA2A,Homo sapiens,SINGLE PROTEIN,9,F,BAO_0000219,,CHEMBL4043287,10.1021/acs.jmedchem.8b00047,29446948,PUBLICATION,2026-09-12T13:56:46.856914+00:00,,,quarantine,endpoint_or_functional_mode_not_admitted|non_nm_units|pchembl_missing_or_inconsistent,development
18224860,CHEMBL4076495,RSKKOALBKRBUAX-QMEWKUSNSA-N,,antagonist,assay_text_rule,log(activity),=,6.69,,,,,CHEMBL4048592,CHEMBL251,ADORA2A,Homo sapiens,SINGLE PROTEIN,9,F,BAO_0000219,,CHEMBL4043287,10.1021/acs.jmedchem.8b00047,29446948,PUBLICATION,2026-09-12T13:56:46.856914+00:00,,,quarantine,endpoint_or_functional_mode_not_admitted|non_nm_units|pchembl_missing_or_inconsistent,development
18224828,CHEMBL4078771,VNLXNZKBNFBWLX-DBBYQSBISA-N,,antagonist,assay_text_rule,EC50,=,436.52,nM,6.36,6.359996,0.000004,CHEMBL4048590,CHEMBL251,ADORA2A,Homo sapiens,SINGLE PROTEIN,9,F,BAO_0000219,,CHEMBL4043287,10.1021/acs.jmedchem.8b00047,29446948,PUBLICATION,2026-09-12T13:56:46.856914+00:00,,,quarantine,endpoint_or_functional_mode_not_admitted,locked_holdout
18224845,CHEMBL4078771,VNLXNZKBNFBWLX-DBBYQSBISA-N,,antagonist,assay_text_rule,Emax,=,86.0,%,,,,CHEMBL4048591,CHEMBL251,ADORA2A,Homo sapiens,SINGLE PROTEIN,9,F,BAO_0000219,,CHEMBL4043287,10.1021/acs.jmedchem.8b00047,29446948,PUBLICATION,2026-09-12T13:56:46.856914+00:00,,,quarantine,endpoint_or_functional_mode_not_admitted|non_nm_units|pchembl_missing_or_inconsistent,locked_holdout
18224862,CHEMBL4078771,VNLXNZKBNFBWLX-DBBYQSBISA-N,,antagonist,assay_text_rule,log(activity),=,6.1,,,,,CHEMBL4048592,CHEMBL251,ADORA2A,Homo sapiens,SINGLE PROTEIN,9,F,BAO_0000219,,CHEMBL4043287,10.1021/acs.jmedchem.8b00047,29446948,PUBLICATION,2026-09-12T13:56:46.856914+00:00,,,quarantine,endpoint_or_functional_mode_not_admitted|non_nm_units|pchembl_missing_or_inconsistent,locked_holdout
18224825,CHEMBL4081224,LYERBOIYNGNNDJ-PAGZJXIJSA-N,,antagonist,assay_text_rule,EC50,=,2691.53,nM,5.57,5.570001,0.000001,CHEMBL4048590,CHEMBL251,ADORA2A,Homo sapiens,SINGLE PROTEIN,9,F,BAO_0000219,,CHEMBL4043287,10.1021/acs.jmedchem.8b00047,29446948,PUBLICATION,2026-09-12T13:56:46.856914+00:00,,,quarantine,endpoint_or_functional_mode_not_admitted,development
18224842,CHEMBL4081224,LYERBOIYNGNNDJ-PAGZJXIJSA-N,,antagonist,assay_text_rule,Emax,=,127.0,%,,,,CHEMBL4048591,CHEMBL251,ADORA2A,Homo sapiens,SINGLE PROTEIN,9,F,BAO_0000219,,CHEMBL4043287,10.1021/acs.jmedchem.8b00047,29446948,PUBLICATION,2026-09-12T13:56:46.856914+00:00,,,quarantine,endpoint_or_functional_mode_not_admitted|non_nm_units|pchembl_missing_or_inconsistent,development
18224859,CHEMBL4081224,LYERBOIYNGNNDJ-PAGZJXIJSA-N,,antagonist,assay_text_rule,log(activity),=,5.72,,,,,CHEMBL4048592,CHEMBL251,ADORA2A,Homo sapiens,SINGLE PROTEIN,9,F,BAO_0000219,,CHEMBL4043287,10.1021/acs.jmedchem.8b00047,29446948,PUBLICATION,2026-09-12T13:56:46.856914+00:00,,,quarantine,endpoint_or_functional_mode_not_admitted|non_nm_units|pchembl_missing_or_inconsistent,development
18224830,CHEMBL4086624,YABCZTCFQUWVEM-CPLTYXLBSA-N,,antagonist,assay_text_rule,EC50,=,1318.26,nM,5.88,5.879999,0.000001,CHEMBL4048590,CHEMBL251,ADORA2A,Homo sapiens,SINGLE PROTEIN,9,F,BAO_0000219,,CHEMBL4043287,10.1021/acs.jmedchem.8b00047,29446948,PUBLICATION,2026-09-12T13:56:46.856914+00:00,,,quarantine,endpoint_or_functional_mode_not_admitted,development
18224847,CHEMBL4086624,YABCZTCFQUWVEM-CPLTYXLBSA-N,,antagonist,assay_text_rule,Emax,=,105.0,%,,,,CHEMBL4048591,CHEMBL251,ADORA2A,Homo sapiens,SINGLE PROTEIN,9,F,BAO_0000219,,CHEMBL4043287,10.1021/acs.jmedchem.8b00047,29446948,PUBLICATION,2026-09-12T13:56:46.856914+00:00,,,quarantine,endpoint_or_functional_mode_not_admitted|non_nm_units|pchembl_missing_or_inconsistent,development
18224864,CHEMBL4086624,YABCZTCFQUWVEM-CPLTYXLBSA-N,,antagonist,assay_text_rule,log(activity),=,6.11,,,,,CHEMBL4048592,CHEMBL251,ADORA2A,Homo sapiens,SINGLE PROTEIN,9,F,BAO_0000219,,CHEMBL4043287,10.1021/acs.jmedchem.8b00047,29446948,PUBLICATION,2026-09-12T13:56:46.856914+00:00,,,quarantine,endpoint_or_functional_mode_not_admitted|non_nm_units|pchembl_missing_or_inconsistent,development
18240231,CHEMBL4087306,JHUFDJIJVKFFOF-MEQWQQMJSA-N,pBind_Ki,,unresolved,Ki,=,112.0,nM,6.95,6.950782,0.000782,CHEMBL4052148,CHEMBL251,ADORA2A,Homo sapiens,SINGLE PROTEIN,9,B,BAO_0000219,,CHEMBL4049451,10.1021/acs.jmedchem.7b00291,28447789,PUBLICATION,2026-09-12T13:56:46.856914+00:00,,,admitted_exploratory,,locked_holdout
18240283,CHEMBL4087306,JHUFDJIJVKFFOF-MEQWQQMJSA-N,pFunc_agonism,agonist,assay_text_rule,EC50,=,16.6,nM,7.78,7.779892,0.000108,CHEMBL4052151,CHEMBL251,ADORA2A,Homo sapiens,SINGLE PROTEIN,9,F,BAO_0000219,,CHEMBL4049451,10.1021/acs.jmedchem.7b00291,28447789,PUBLICATION,2026-09-12T13:56:46.856914+00:00,,,admitted_exploratory,,locked_holdout
18240353,CHEMBL4087306,JHUFDJIJVKFFOF-MEQWQQMJSA-N,,agonist,assay_text_rule,Efficacy,>=,90.0,%,,,,CHEMBL4052156,CHEMBL251,ADORA2A,Homo sapiens,SINGLE PROTEIN,9,F,BAO_0000219,,CHEMBL4049451,10.1021/acs.jmedchem.7b00291,28447789,PUBLICATION,2026-09-12T13:56:46.856914+00:00,,,quarantine,endpoint_or_functional_mode_not_admitted|non_exact_relation|non_nm_units|pchembl_missing_or_inconsistent,locked_holdout
18224821,CHEMBL4101850,KMONYHYNVWVKIZ-IYRWRCLLSA-N,,antagonist,assay_text_rule,EC50,=,147.91,nM,6.83,6.830002,0.000002,CHEMBL4048590,CHEMBL251,ADORA2A,Homo sapiens,SINGLE PROTEIN,9,F,BAO_0000219,,CHEMBL4043287,10.1021/acs.jmedchem.8b00047,29446948,PUBLICATION,2026-09-12T13:56:46.856914+00:00,,,quarantine,endpoint_or_functional_mode_not_admitted,development
18224838,CHEMBL4101850,KMONYHYNVWVKIZ-IYRWRCLLSA-N,,antagonist,assay_text_rule,Emax,=,83.0,%,,,,CHEMBL4048591,CHEMBL251,ADORA2A,Homo sapiens,SINGLE PROTEIN,9,F,BAO_0000219,,CHEMBL4043287,10.1021/acs.jmedchem.8b00047,29446948,PUBLICATION,2026-09-12T13:56:46.856914+00:00,,,quarantine,endpoint_or_functional_mode_not_admitted|non_nm_units|pchembl_missing_or_inconsistent,development
18224855,CHEMBL4101850,KMONYHYNVWVKIZ-IYRWRCLLSA-N,,antagonist,assay_text_rule,log(activity),=,6.75,,,,,CHEMBL4048592,CHEMBL251,ADORA2A,Homo sapiens,SINGLE PROTEIN,9,F,BAO_0000219,,CHEMBL4043287,10.1021/acs.jmedchem.8b00047,29446948,PUBLICATION,2026-09-12T13:56:46.856914+00:00,,,quarantine,endpoint_or_functional_mode_not_admitted|non_nm_units|pchembl_missing_or_inconsistent,development
18224815,CHEMBL4104819,XLCQNEBOQXQNGA-IYRWRCLLSA-N,,antagonist,assay_text_rule,EC50,=,2290.87,nM,5.64,5.640000,0.000000,CHEMBL4048590,CHEMBL251,ADORA2A,Homo sapiens,SINGLE PROTEIN,9,F,BAO_0000219,,CHEMBL4043287,10.1021/acs.jmedchem.8b00047,29446948,PUBLICATION,2026-09-12T13:56:46.856914+00:00,,,quarantine,endpoint_or_functional_mode_not_admitted,development
18224832,CHEMBL4104819,XLCQNEBOQXQNGA-IYRWRCLLSA-N,,antagonist,assay_text_rule,Emax,=,109.0,%,,,,CHEMBL4048591,CHEMBL251,ADORA2A,Homo sapiens,SINGLE PROTEIN,9,F,BAO_0000219,,CHEMBL4043287,10.1021/acs.jmedchem.8b00047,29446948,PUBLICATION,2026-09-12T13:56:46.856914+00:00,,,quarantine,endpoint_or_functional_mode_not_admitted|non_nm_units|pchembl_missing_or_inconsistent,development
18224849,CHEMBL4104819,XLCQNEBOQXQNGA-IYRWRCLLSA-N,,antagonist,assay_text_rule,log(activity),=,5.67,,,,,CHEMBL4048592,CHEMBL251,ADORA2A,Homo sapiens,SINGLE PROTEIN,9,F,BAO_0000219,,CHEMBL4043287,10.1021/acs.jmedchem.8b00047,29446948,PUBLICATION,2026-09-12T13:56:46.856914+00:00,,,quarantine,endpoint_or_functional_mode_not_admitted|non_nm_units|pchembl_missing_or_inconsistent,development
24764951,CHEMBL4104819,XLCQNEBOQXQNGA-IYRWRCLLSA-N,pFunc_agonism,agonist,assay_text_rule,EC50,=,389.05,nM,6.41,6.409995,0.000005,CHEMBL5124853,CHEMBL251,ADORA2A,Homo sapiens,SINGLE PROTEIN,9,F,BAO_0000219,,CHEMBL5120905,10.1021/acs.jmedchem.2c00320,35729775,PUBLICATION,2026-09-12T13:56:46.856914+00:00,,,admitted_exploratory,,development
18296939,CHEMBL4128848,UYANATZTFXSNEV-UHFFFAOYSA-N,,,unresolved,Inhibition,,,%,,,,CHEMBL4123890,CHEMBL251,ADORA2A,Homo sapiens,SINGLE PROTEIN,9,B,BAO_0000219,,CHEMBL4118207,10.1021/acs.jmedchem.8b00204,29792714,PUBLICATION,2026-09-12T13:56:46.856914+00:00,,,quarantine,endpoint_or_functional_mode_not_admitted|non_exact_relation|non_nm_units|non_positive_or_missing_value|pchembl_missing_or_inconsistent,development
18296967,CHEMBL4128848,UYANATZTFXSNEV-UHFFFAOYSA-N,pBind_Ki,,unresolved,Ki,=,99.0,nM,7.00,7.004365,0.004365,CHEMBL4123886,CHEMBL251,ADORA2A,Homo sapiens,SINGLE PROTEIN,9,B,BAO_0000219,,CHEMBL4118207,10.1021/acs.jmedchem.8b00204,29792714,PUBLICATION,2026-09-12T13:56:46.856914+00:00,,,admitted_exploratory,,development
18296987,CHEMBL4128848,UYANATZTFXSNEV-UHFFFAOYSA-N,,antagonist,assay_text_rule,Inhibition,,,%,,,,CHEMBL4123895,CHEMBL251,ADORA2A,Homo sapiens,SINGLE PROTEIN,9,F,BAO_0000219,,CHEMBL4118207,10.1021/acs.jmedchem.8b00204,29792714,PUBLICATION,2026-09-12T13:56:46.856914+00:00,,,quarantine,endpoint_or_functional_mode_not_admitted|non_exact_relation|non_nm_units|non_positive_or_missing_value|pchembl_missing_or_inconsistent,development
18520659,CHEMBL4203542,HZAQUZWWTITTFO-UHFFFAOYSA-N,pBind_Ki,,unresolved,Ki,=,0.4,nM,9.40,9.397940,0.002060,CHEMBL4193729,CHEMBL251,ADORA2A,Homo sapiens,SINGLE PROTEIN,9,B,BAO_0000219,,CHEMBL4190330,10.1021/acsmedchemlett.7b00175,28835798,PUBLICATION,2026-09-12T13:56:46.856914+00:00,,,admitted_exploratory,,development
18520704,CHEMBL4203542,HZAQUZWWTITTFO-UHFFFAOYSA-N,,antagonist,assay_text_rule,Ki,=,0.15,nM,9.82,9.823909,0.003909,CHEMBL4193732,CHEMBL251,ADORA2A,Homo sapiens,SINGLE PROTEIN,9,F,BAO_0000219,,CHEMBL4190330,10.1021/acsmedchemlett.7b00175,28835798,PUBLICATION,2026-09-12T13:56:46.856914+00:00,,,quarantine,endpoint_or_functional_mode_not_admitted,development
18520670,CHEMBL4204531,WTSGLQVSVKYTNF-UHFFFAOYSA-N,pBind_Ki,,unresolved,Ki,=,0.5,nM,9.30,9.301030,0.001030,CHEMBL4193729,CHEMBL251,ADORA2A,Homo sapiens,SINGLE PROTEIN,9,B,BAO_0000219,,CHEMBL4190330,10.1021/acsmedchemlett.7b00175,28835798,PUBLICATION,2026-09-12T13:56:46.856914+00:00,,,admitted_exploratory,,development
18520693,CHEMBL4204531,WTSGLQVSVKYTNF-UHFFFAOYSA-N,,antagonist,assay_text_rule,Ki,=,2.1,nM,8.68,8.677781,0.002219,CHEMBL4193732,CHEMBL251,ADORA2A,Homo sapiens,SINGLE PROTEIN,9,F,BAO_0000219,,CHEMBL4190330,10.1021/acsmedchemlett.7b00175,28835798,PUBLICATION,2026-09-12T13:56:46.856914+00:00,,,quarantine,endpoint_or_functional_mode_not_admitted,development
18520678,CHEMBL4205884,DSELQYYUAIUYPA-UHFFFAOYSA-N,pBind_Ki,,unresolved,Ki,=,0.3,nM,9.52,9.522879,0.002879,CHEMBL4193729,CHEMBL251,ADORA2A,Homo sapiens,SINGLE PROTEIN,9,B,BAO_0000219,,CHEMBL4190330,10.1021/acsmedchemlett.7b00175,28835798,PUBLICATION,2026-09-12T13:56:46.856914+00:00,,,admitted_exploratory,,development
18520685,CHEMBL4205884,DSELQYYUAIUYPA-UHFFFAOYSA-N,,antagonist,assay_text_rule,Ki,=,0.25,nM,9.60,9.602060,0.002060,CHEMBL4193732,CHEMBL251,ADORA2A,Homo sapiens,SINGLE PROTEIN,9,F,BAO_0000219,,CHEMBL4190330,10.1021/acsmedchemlett.7b00175,28835798,PUBLICATION,2026-09-12T13:56:46.856914+00:00,,,quarantine,endpoint_or_functional_mode_not_admitted,development
18520675,CHEMBL4207839,ZDTKVDOJSNWXML-UHFFFAOYSA-N,pBind_Ki,,unresolved,Ki,=,2.0,nM,8.70,8.698970,0.001030,CHEMBL4193729,CHEMBL251,ADORA2A,Homo sapiens,SINGLE PROTEIN,9,B,BAO_0000219,,CHEMBL4190330,10.1021/acsmedchemlett.7b00175,28835798,PUBLICATION,2026-09-12T13:56:46.856914+00:00,,,admitted_exploratory,,development
18520688,CHEMBL4207839,ZDTKVDOJSNWXML-UHFFFAOYSA-N,,antagonist,assay_text_rule,Ki,,,,,,,CHEMBL4193732,CHEMBL251,ADORA2A,Homo sapiens,SINGLE PROTEIN,9,F,BAO_0000219,,CHEMBL4190330,10.1021/acsmedchemlett.7b00175,28835798,PUBLICATION,2026-09-12T13:56:46.856914+00:00,,Not Determined,quarantine,endpoint_or_functional_mode_not_admitted|non_exact_relation|non_nm_units|non_positive_or_missing_value|pchembl_missing_or_inconsistent,development
18520668,CHEMBL4207914,VJHSRYVQSIZZOS-UHFFFAOYSA-N,pBind_Ki,,unresolved,Ki,=,0.3,nM,9.52,9.522879,0.002879,CHEMBL4193729,CHEMBL251,ADORA2A,Homo sapiens,SINGLE PROTEIN,9,B,BAO_0000219,,CHEMBL4190330,10.1021/acsmedchemlett.7b00175,28835798,PUBLICATION,2026-09-12T13:56:46.856914+00:00,,,admitted_exploratory,,development
18520695,CHEMBL4207914,VJHSRYVQSIZZOS-UHFFFAOYSA-N,,antagonist,assay_text_rule,Ki,=,0.26,nM,9.59,9.585027,0.004973,CHEMBL4193732,CHEMBL251,ADORA2A,Homo sapiens,SINGLE PROTEIN,9,F,BAO_0000219,,CHEMBL4190330,10.1021/acsmedchemlett.7b00175,28835798,PUBLICATION,2026-09-12T13:56:46.856914+00:00,,,quarantine,endpoint_or_functional_mode_not_admitted,development
18520660,CHEMBL4212810,YOXUINAHBUOBMU-UHFFFAOYSA-N,pBind_Ki,,unresolved,Ki,=,1.2,nM,8.92,8.920819,0.000819,CHEMBL4193729,CHEMBL251,ADORA2A,Homo sapiens,SINGLE PROTEIN,9,B,BAO_0000219,,CHEMBL4190330,10.1021/acsmedchemlett.7b00175,28835798,PUBLICATION,2026-09-12T13:56:46.856914+00:00,,,admitted_exploratory,,development
18520703,CHEMBL4212810,YOXUINAHBUOBMU-UHFFFAOYSA-N,,antagonist,assay_text_rule,Ki,=,0.9,nM,9.05,9.045757,0.004243,CHEMBL4193732,CHEMBL251,ADORA2A,Homo sapiens,SINGLE PROTEIN,9,F,BAO_0000219,,CHEMBL4190330,10.1021/acsmedchemlett.7b00175,28835798,PUBLICATION,2026-09-12T13:56:46.856914+00:00,,,quarantine,endpoint_or_functional_mode_not_admitted,development
18520669,CHEMBL4212821,KMMFUGMKQUTMNT-UHFFFAOYSA-N,pBind_Ki,,unresolved,Ki,=,0.2,nM,9.70,9.698970,0.001030,CHEMBL4193729,CHEMBL251,ADORA2A,Homo sapiens,SINGLE PROTEIN,9,B,BAO_0000219,,CHEMBL4190330,10.1021/acsmedchemlett.7b00175,28835798,PUBLICATION,2026-09-12T13:56:46.856914+00:00,,,quarantine,unassigned_stereocenter,locked_holdout
18520694,CHEMBL4212821,KMMFUGMKQUTMNT-UHFFFAOYSA-N,,antagonist,assay_text_rule,Ki,=,0.22,nM,9.66,9.657577,0.002423,CHEMBL4193732,CHEMBL251,ADORA2A,Homo sapiens,SINGLE PROTEIN,9,F,BAO_0000219,,CHEMBL4190330,10.1021/acsmedchemlett.7b00175,28835798,PUBLICATION,2026-09-12T13:56:46.856914+00:00,,,quarantine,endpoint_or_functional_mode_not_admitted|unassigned_stereocenter,locked_holdout
18694874,CHEMBL4284097,DFHJRVMQONSFPQ-UHFFFAOYSA-N,pFunc_inhibition,antagonist,assay_text_rule,IC50,=,250.0,nM,6.60,6.602060,0.002060,CHEMBL4253810,CHEMBL251,ADORA2A,Homo sapiens,SINGLE PROTEIN,9,F,BAO_0000219,,CHEMBL4251607,10.1016/j.ejmech.2017.12.007,29268131,PUBLICATION,2026-09-12T13:56:46.856914+00:00,,,admitted_exploratory,,development
18694880,CHEMBL4284097,DFHJRVMQONSFPQ-UHFFFAOYSA-N,pBind_Ki,,unresolved,Ki,=,480.0,nM,6.32,6.318759,0.001241,CHEMBL4253809,CHEMBL251,ADORA2A,Homo sapiens,SINGLE PROTEIN,9,B,BAO_0000219,,CHEMBL4251607,10.1016/j.ejmech.2017.12.007,29268131,PUBLICATION,2026-09-12T13:56:46.856914+00:00,,,admitted_exploratory,,development
18694854,CHEMBL4284595,CFHKTWHFWORIBL-UHFFFAOYSA-N,pBind_Ki,,unresolved,Ki,=,40.0,nM,7.40,7.397940,0.002060,CHEMBL4253809,CHEMBL251,ADORA2A,Homo sapiens,SINGLE PROTEIN,9,B,BAO_0000219,,CHEMBL4251607,10.1016/j.ejmech.2017.12.007,29268131,PUBLICATION,2026-09-12T13:56:46.856914+00:00,,,admitted_exploratory,,development
18694876,CHEMBL4284595,CFHKTWHFWORIBL-UHFFFAOYSA-N,pFunc_inhibition,antagonist,assay_text_rule,IC50,=,70.6,nM,7.15,7.151195,0.001195,CHEMBL4253810,CHEMBL251,ADORA2A,Homo sapiens,SINGLE PROTEIN,9,F,BAO_0000219,,CHEMBL4251607,10.1016/j.ejmech.2017.12.007,29268131,PUBLICATION,2026-09-12T13:56:46.856914+00:00,,,admitted_exploratory,,development
24772531,CHEMBL4284595,CFHKTWHFWORIBL-UHFFFAOYSA-N,pBind_Ki,antagonist,assay_text_rule,Ki,=,40.0,nM,7.40,7.397940,0.002060,CHEMBL5126887,CHEMBL251,ADORA2A,Homo sapiens,SINGLE PROTEIN,9,B,BAO_0000357,,CHEMBL5126505,10.1016/j.ejmech.2021.113907,34695776,PUBLICATION,2026-09-12T13:56:46.856914+00:00,,,admitted_exploratory,,development
24772532,CHEMBL4284595,CFHKTWHFWORIBL-UHFFFAOYSA-N,pFunc_inhibition,antagonist,assay_text_rule,IC50,=,70.6,nM,7.15,7.151195,0.001195,CHEMBL5126888,CHEMBL251,ADORA2A,Homo sapiens,SINGLE PROTEIN,9,F,BAO_0000219,,CHEMBL5126505,10.1016/j.ejmech.2021.113907,34695776,PUBLICATION,2026-09-12T13:56:46.856914+00:00,,,admitted_exploratory,,development
18694875,CHEMBL4287056,HGXZSQKJGZKRPF-UHFFFAOYSA-N,pFunc_inhibition,antagonist,assay_text_rule,IC50,=,486.0,nM,6.31,6.313364,0.003364,CHEMBL4253810,CHEMBL251,ADORA2A,Homo sapiens,SINGLE PROTEIN,9,F,BAO_0000219,,CHEMBL4251607,10.1016/j.ejmech.2017.12.007,29268131,PUBLICATION,2026-09-12T13:56:46.856914+00:00,,,admitted_exploratory,,locked_holdout
18694895,CHEMBL4287056,HGXZSQKJGZKRPF-UHFFFAOYSA-N,pBind_Ki,,unresolved,Ki,=,210.0,nM,6.68,6.677781,0.002219,CHEMBL4253809,CHEMBL251,ADORA2A,Homo sapiens,SINGLE PROTEIN,9,B,BAO_0000219,,CHEMBL4251607,10.1016/j.ejmech.2017.12.007,29268131,PUBLICATION,2026-09-12T13:56:46.856914+00:00,,,admitted_exploratory,,locked_holdout
18746058,CHEMBL4294888,HBQGBAGFDWWJPZ-QGOAFFKASA-N,,antagonist,assay_text_rule,EC50,=,128.0,nM,6.89,6.892790,0.002790,CHEMBL4262955,CHEMBL251,ADORA2A,Homo sapiens,SINGLE PROTEIN,9,F,BAO_0000219,,CHEMBL4261547,10.1039/C7MD00247E,29250307,PUBLICATION,2026-09-12T13:56:46.856914+00:00,,,quarantine,endpoint_or_functional_mode_not_admitted,development
18746078,CHEMBL4294888,HBQGBAGFDWWJPZ-QGOAFFKASA-N,pBind_Ki,,unresolved,Ki,=,24.6,nM,7.61,7.609065,0.000935,CHEMBL4262950,CHEMBL251,ADORA2A,Homo sapiens,SINGLE PROTEIN,9,B,BAO_0000219,,CHEMBL4261547,10.1039/C7MD00247E,29250307,PUBLICATION,2026-09-12T13:56:46.856914+00:00,,,admitted_exploratory,,development
22756999,CHEMBL4297184,KURQKNMKCGYWRJ-HNNXBMFYSA-N,pBind_Ki,antagonist,assay_text_rule,Ki,=,3.4,nM,8.47,8.468521,0.001479,CHEMBL4701020,CHEMBL251,ADORA2A,Homo sapiens,SINGLE PROTEIN,9,B,BAO_0000219,,CHEMBL4699449,10.1021/acs.jmedchem.0c00237,32667814,PUBLICATION,2026-09-12T13:56:46.856914+00:00,,,admitted_exploratory,,development
22757002,CHEMBL4297184,KURQKNMKCGYWRJ-HNNXBMFYSA-N,pFunc_inhibition,antagonist,assay_text_rule,IC50,=,17.0,nM,7.77,7.769551,0.000449,CHEMBL4701023,CHEMBL251,ADORA2A,Homo sapiens,SINGLE PROTEIN,9,F,BAO_0000219,,CHEMBL4699449,10.1021/acs.jmedchem.0c00237,32667814,PUBLICATION,2026-09-12T13:56:46.856914+00:00,,,admitted_exploratory,,development
22757003,CHEMBL4297184,KURQKNMKCGYWRJ-HNNXBMFYSA-N,pFunc_inhibition,antagonist,assay_text_rule,IC50,=,70.0,nM,7.16,7.154902,0.005098,CHEMBL4701024,CHEMBL251,ADORA2A,Homo sapiens,SINGLE PROTEIN,9,F,BAO_0000219,,CHEMBL4699449,10.1021/acs.jmedchem.0c00237,32667814,PUBLICATION,2026-09-12T13:56:46.856914+00:00,,,admitted_exploratory,,development
22757066,CHEMBL4297184,KURQKNMKCGYWRJ-HNNXBMFYSA-N,,antagonist,assay_text_rule,EC50,>,10000.0,nM,,5.000000,,CHEMBL4701059,CHEMBL251,ADORA2A,Homo sapiens,SINGLE PROTEIN,9,B,BAO_0000357,,CHEMBL4699449,10.1021/acs.jmedchem.0c00237,32667814,PUBLICATION,2026-09-12T13:56:46.856914+00:00,,,quarantine,endpoint_or_functional_mode_not_admitted|non_exact_relation|pchembl_missing_or_inconsistent,development
24422750,CHEMBL4297184,KURQKNMKCGYWRJ-HNNXBMFYSA-N,pFunc_inhibition,antagonist,assay_text_rule,IC50,=,86.5,nM,7.06,7.062984,0.002984,CHEMBL5049262,CHEMBL251,ADORA2A,Homo sapiens,SINGLE PROTEIN,9,F,BAO_0000219,,CHEMBL5046288,10.1021/acs.jmedchem.1c02199,35212542,PUBLICATION,2026-09-12T13:56:46.856914+00:00,,,admitted_exploratory,,development
24422800,CHEMBL4297184,KURQKNMKCGYWRJ-HNNXBMFYSA-N,pFunc_inhibition,antagonist,assay_text_rule,IC50,=,86.5,nM,7.06,7.062984,0.002984,CHEMBL5049266,CHEMBL251,ADORA2A,Homo sapiens,SINGLE PROTEIN,9,F,BAO_0000219,,CHEMBL5046288,10.1021/acs.jmedchem.1c02199,35212542,PUBLICATION,2026-09-12T13:56:46.856914+00:00,,,admitted_exploratory,,development
24422802,CHEMBL4297184,KURQKNMKCGYWRJ-HNNXBMFYSA-N,pFunc_inhibition,antagonist,assay_text_rule,IC50,=,3353.0,nM,5.47,5.474566,0.004566,CHEMBL5049267,CHEMBL251,ADORA2A,Homo sapiens,SINGLE PROTEIN,9,F,BAO_0000219,,CHEMBL5046288,10.1021/acs.jmedchem.1c02199,35212542,PUBLICATION,2026-09-12T13:56:46.856914+00:00,,,admitted_exploratory,,development
24772313,CHEMBL4297184,KURQKNMKCGYWRJ-HNNXBMFYSA-N,,antagonist,assay_text_rule,Ki,=,3.4,nM,8.47,8.468521,0.001479,CHEMBL5126822,CHEMBL251,ADORA2A,Homo sapiens,SINGLE PROTEIN,9,F,BAO_0000019,,CHEMBL5126505,10.1016/j.ejmech.2021.113907,34695776,PUBLICATION,2026-09-12T13:56:46.856914+00:00,,,quarantine,endpoint_or_functional_mode_not_admitted,development
25695789,CHEMBL4297184,KURQKNMKCGYWRJ-HNNXBMFYSA-N,,antagonist,assay_text_rule,Activity,=,100.6,%,,,,CHEMBL5383591,CHEMBL251,ADORA2A,Homo sapiens,SINGLE PROTEIN,9,F,BAO_0000219,,CHEMBL5380829,10.1021/acs.jmedchem.2c01860,36951370,PUBLICATION,2026-09-12T13:56:46.856914+00:00,,,quarantine,endpoint_or_functional_mode_not_admitted|non_nm_units|pchembl_missing_or_inconsistent,development
25695809,CHEMBL4297184,KURQKNMKCGYWRJ-HNNXBMFYSA-N,,antagonist,assay_text_rule,Activity,=,105.2,%,,,,CHEMBL5383592,CHEMBL251,ADORA2A,Homo sapiens,SINGLE PROTEIN,9,F,BAO_0000219,,CHEMBL5380829,10.1021/acs.jmedchem.2c01860,36951370,PUBLICATION,2026-09-12T13:56:46.856914+00:00,,,quarantine,endpoint_or_functional_mode_not_admitted|non_nm_units|pchembl_missing_or_inconsistent,development
25695818,CHEMBL4297184,KURQKNMKCGYWRJ-HNNXBMFYSA-N,pFunc_inhibition,antagonist,assay_text_rule,IC50,=,80.0,nM,7.10,7.096910,0.003090,CHEMBL5383593,CHEMBL251,ADORA2A,Homo sapiens,SINGLE PROTEIN,9,F,BAO_0000219,,CHEMBL5380829,10.1021/acs.jmedchem.2c01860,36951370,PUBLICATION,2026-09-12T13:56:46.856914+00:00,,,admitted_exploratory,,development
25886129,CHEMBL4297184,KURQKNMKCGYWRJ-HNNXBMFYSA-N,pBind_Ki,,unresolved,Ki,=,3.3,nM,8.48,8.481486,0.001486,CHEMBL5517152,CHEMBL251,ADORA2A,Homo sapiens,SINGLE PROTEIN,9,B,BAO_0000249,,CHEMBL5512687,10.1021/acs.jmedchem.4c01003,38845345,PUBLICATION,2026-09-12T13:56:46.856914+00:00,,,admitted_exploratory,,development
19274390,CHEMBL4440752,RCHMOBFVVHVEGJ-UHFFFAOYSA-N,pFunc_inhibition,antagonist,assay_text_rule,IC50,=,83.0,nM,7.08,7.080922,0.000922,CHEMBL4407539,CHEMBL251,ADORA2A,Homo sapiens,SINGLE PROTEIN,9,F,BAO_0000219,CHEMBL3308072,CHEMBL4406810,10.1021/acs.jmedchem.9b00106,31306001,PUBLICATION,2026-09-12T13:56:46.856914+00:00,,,admitted_exploratory,,development
19274562,CHEMBL4440752,RCHMOBFVVHVEGJ-UHFFFAOYSA-N,pBind_Ki,,unresolved,Ki,=,24.0,nM,7.62,7.619789,0.000211,CHEMBL4407528,CHEMBL251,ADORA2A,Homo sapiens,SINGLE PROTEIN,9,B,BAO_0000219,CHEMBL3308072,CHEMBL4406810,10.1021/acs.jmedchem.9b00106,31306001,PUBLICATION,2026-09-12T13:56:46.856914+00:00,,,admitted_exploratory,,development
18917842,CHEMBL4447993,QUUSOCIUFGWWEB-UHFFFAOYSA-N,pBind_Ki,,unresolved,Ki,=,2.4,nM,8.62,8.619789,0.000211,CHEMBL4322427,CHEMBL251,ADORA2A,Homo sapiens,SINGLE PROTEIN,9,B,BAO_0000219,CHEMBL3308072,CHEMBL4321802,10.1021/acs.jmedchem.9b00778,31453698,PUBLICATION,2026-09-12T13:56:46.856914+00:00,,,quarantine,unassigned_stereocenter,development
18917927,CHEMBL4447993,QUUSOCIUFGWWEB-UHFFFAOYSA-N,pFunc_inhibition,antagonist,assay_text_rule,IC50,=,116.0,nM,6.94,6.935542,0.004458,CHEMBL4322430,CHEMBL251,ADORA2A,Homo sapiens,SINGLE PROTEIN,9,F,BAO_0000219,CHEMBL3308072,CHEMBL4321802,10.1021/acs.jmedchem.9b00778,31453698,PUBLICATION,2026-09-12T13:56:46.856914+00:00,,,quarantine,unassigned_stereocenter,development
19438464,CHEMBL4451303,GEMWFQCNZGPNFF-OAHLLOKOSA-N,,agonist,assay_text_rule,Activity,,,,,,,CHEMBL4430990,CHEMBL251,ADORA2A,Homo sapiens,SINGLE PROTEIN,9,F,BAO_0000219,CHEMBL3308072,CHEMBL4428125,10.1016/j.bmc.2016.09.003,27658798,PUBLICATION,2026-09-12T13:56:46.856914+00:00,,,quarantine,endpoint_or_functional_mode_not_admitted|non_exact_relation|non_nm_units|non_positive_or_missing_value|pchembl_missing_or_inconsistent,locked_holdout
19438641,CHEMBL4451303,GEMWFQCNZGPNFF-OAHLLOKOSA-N,pBind_Ki,,unresolved,Ki,=,595.0,nM,6.22,6.225483,0.005483,CHEMBL4430981,CHEMBL251,ADORA2A,Homo sapiens,SINGLE PROTEIN,9,B,BAO_0000357,,CHEMBL4428125,10.1016/j.bmc.2016.09.003,27658798,PUBLICATION,2026-09-12T13:56:46.856914+00:00,,,admitted_exploratory,,locked_holdout
19438797,CHEMBL4451303,GEMWFQCNZGPNFF-OAHLLOKOSA-N,,agonist,assay_text_rule,Activity,,,,,,,CHEMBL4430991,CHEMBL251,ADORA2A,Homo sapiens,SINGLE PROTEIN,9,F,BAO_0000219,CHEMBL3308072,CHEMBL4428125,10.1016/j.bmc.2016.09.003,27658798,PUBLICATION,2026-09-12T13:56:46.856914+00:00,,,quarantine,endpoint_or_functional_mode_not_admitted|non_exact_relation|non_nm_units|non_positive_or_missing_value|pchembl_missing_or_inconsistent,locked_holdout
18917837,CHEMBL4452288,PSDRVKSUMXGOJT-UHFFFAOYSA-N,pBind_Ki,,unresolved,Ki,=,36.4,nM,7.44,7.438899,0.001101,CHEMBL4322427,CHEMBL251,ADORA2A,Homo sapiens,SINGLE PROTEIN,9,B,BAO_0000219,CHEMBL3308072,CHEMBL4321802,10.1021/acs.jmedchem.9b00778,31453698,PUBLICATION,2026-09-12T13:56:46.856914+00:00,,,quarantine,unassigned_stereocenter,development
18917928,CHEMBL4452288,PSDRVKSUMXGOJT-UHFFFAOYSA-N,pFunc_inhibition,antagonist,assay_text_rule,IC50,=,296.0,nM,6.53,6.528708,0.001292,CHEMBL4322430,CHEMBL251,ADORA2A,Homo sapiens,SINGLE PROTEIN,9,F,BAO_0000219,CHEMBL3308072,CHEMBL4321802,10.1021/acs.jmedchem.9b00778,31453698,PUBLICATION,2026-09-12T13:56:46.856914+00:00,,,quarantine,unassigned_stereocenter,development
14645617,CHEMBL447664,HQSBCDPYXDGTCL-UHFFFAOYSA-N,,antagonist,assay_text_rule,Ki,=,1.3,nM,8.89,8.886057,0.003943,CHEMBL3267348,CHEMBL251,ADORA2A,Homo sapiens,SINGLE PROTEIN,9,F,BAO_0000357,,CHEMBL3259781,10.1021/jm4011669,24164628,PUBLICATION,2026-09-12T13:56:46.856914+00:00,,,quarantine,endpoint_or_functional_mode_not_admitted,development
2247515,CHEMBL447664,HQSBCDPYXDGTCL-UHFFFAOYSA-N,pBind_Ki,,unresolved,Ki,=,1.3,nM,8.89,8.886057,0.003943,CHEMBL1021382,CHEMBL251,ADORA2A,Homo sapiens,SINGLE PROTEIN,9,B,BAO_0000219,,CHEMBL1139344,10.1021/jm800961g,19072055,PUBLICATION,2026-09-12T13:56:46.856914+00:00,,,admitted_exploratory,,development
2247648,CHEMBL447664,HQSBCDPYXDGTCL-UHFFFAOYSA-N,,antagonist,assay_text_rule,Kd,=,0.631,nM,9.20,9.199971,0.000029,CHEMBL1022271,CHEMBL251,ADORA2A,Homo sapiens,SINGLE PROTEIN,9,F,BAO_0000219,CHEMBL3307512,CHEMBL1139344,10.1021/jm800961g,19072055,PUBLICATION,2026-09-12T13:56:46.856914+00:00,,,quarantine,endpoint_or_functional_mode_not_admitted,development
2247666,CHEMBL447664,HQSBCDPYXDGTCL-UHFFFAOYSA-N,,,unresolved,KA,=,0.58,nM,,9.236572,,CHEMBL1022289,CHEMBL251,ADORA2A,Homo sapiens,SINGLE PROTEIN,9,F,BAO_0000219,CHEMBL3307512,CHEMBL1139344,10.1021/jm800961g,19072055,PUBLICATION,2026-09-12T13:56:46.856914+00:00,,,quarantine,endpoint_or_functional_mode_not_admitted|pchembl_missing_or_inconsistent,development
24772312,CHEMBL447664,HQSBCDPYXDGTCL-UHFFFAOYSA-N,,antagonist,assay_text_rule,Ki,=,1.3,nM,8.89,8.886057,0.003943,CHEMBL5126822,CHEMBL251,ADORA2A,Homo sapiens,SINGLE PROTEIN,9,F,BAO_0000019,,CHEMBL5126505,10.1016/j.ejmech.2021.113907,34695776,PUBLICATION,2026-09-12T13:56:46.856914+00:00,,,quarantine,endpoint_or_functional_mode_not_admitted,development
24913416,CHEMBL447664,HQSBCDPYXDGTCL-UHFFFAOYSA-N,pBind_Ki,antagonist,assay_text_rule,Ki,=,0.79,nM,9.10,9.102373,0.002373,CHEMBL5163974,CHEMBL251,ADORA2A,Homo sapiens,SINGLE PROTEIN,9,B,BAO_0000357,,CHEMBL5154845,10.1016/j.ejmech.2022.114326,35390714,PUBLICATION,2026-09-12T13:56:46.856914+00:00,,,admitted_exploratory,,development
18959586,CHEMBL4529321,IFAWCWLECSSPBT-UHFFFAOYSA-N,pBind_Ki,,unresolved,Ki,=,1.64,nM,8.79,8.785156,0.004844,CHEMBL4333784,CHEMBL251,ADORA2A,Homo sapiens,SINGLE PROTEIN,9,B,BAO_0000219,CHEMBL3308072,CHEMBL4330140,10.1016/j.bmcl.2018.12.062,30638876,PUBLICATION,2026-09-12T13:56:46.856914+00:00,,,admitted_exploratory,,development
18959647,CHEMBL4529321,IFAWCWLECSSPBT-UHFFFAOYSA-N,pFunc_inhibition,antagonist,assay_text_rule,IC50,=,764.0,nM,6.12,6.116907,0.003093,CHEMBL4333789,CHEMBL251,ADORA2A,Homo sapiens,SINGLE PROTEIN,9,F,BAO_0000219,CHEMBL3308072,CHEMBL4330140,10.1016/j.bmcl.2018.12.062,30638876,PUBLICATION,2026-09-12T13:56:46.856914+00:00,,,admitted_exploratory,,development
19438465,CHEMBL4540395,YQRZRTIMIDGUQW-UHFFFAOYSA-N,,agonist,assay_text_rule,Activity,,,,,,,CHEMBL4430990,CHEMBL251,ADORA2A,Homo sapiens,SINGLE PROTEIN,9,F,BAO_0000219,CHEMBL3308072,CHEMBL4428125,10.1016/j.bmc.2016.09.003,27658798,PUBLICATION,2026-09-12T13:56:46.856914+00:00,,,quarantine,endpoint_or_functional_mode_not_admitted|non_exact_relation|non_nm_units|non_positive_or_missing_value|pchembl_missing_or_inconsistent,development
19438640,CHEMBL4540395,YQRZRTIMIDGUQW-UHFFFAOYSA-N,pBind_Ki,,unresolved,Ki,=,203.0,nM,6.69,6.692504,0.002504,CHEMBL4430981,CHEMBL251,ADORA2A,Homo sapiens,SINGLE PROTEIN,9,B,BAO_0000357,,CHEMBL4428125,10.1016/j.bmc.2016.09.003,27658798,PUBLICATION,2026-09-12T13:56:46.856914+00:00,,,admitted_exploratory,,development
19438798,CHEMBL4540395,YQRZRTIMIDGUQW-UHFFFAOYSA-N,,agonist,assay_text_rule,Activity,,,,,,,CHEMBL4430991,CHEMBL251,ADORA2A,Homo sapiens,SINGLE PROTEIN,9,F,BAO_0000219,CHEMBL3308072,CHEMBL4428125,10.1016/j.bmc.2016.09.003,27658798,PUBLICATION,2026-09-12T13:56:46.856914+00:00,,,quarantine,endpoint_or_functional_mode_not_admitted|non_exact_relation|non_nm_units|non_positive_or_missing_value|pchembl_missing_or_inconsistent,development
19438466,CHEMBL4549506,ZQRIIWBOYPCWHS-UHFFFAOYSA-N,,agonist,assay_text_rule,Activity,,,,,,,CHEMBL4430990,CHEMBL251,ADORA2A,Homo sapiens,SINGLE PROTEIN,9,F,BAO_0000219,CHEMBL3308072,CHEMBL4428125,10.1016/j.bmc.2016.09.003,27658798,PUBLICATION,2026-09-12T13:56:46.856914+00:00,,,quarantine,endpoint_or_functional_mode_not_admitted|non_exact_relation|non_nm_units|non_positive_or_missing_value|pchembl_missing_or_inconsistent,development
19438639,CHEMBL4549506,ZQRIIWBOYPCWHS-UHFFFAOYSA-N,pBind_Ki,,unresolved,Ki,=,217.0,nM,6.66,6.663540,0.003540,CHEMBL4430981,CHEMBL251,ADORA2A,Homo sapiens,SINGLE PROTEIN,9,B,BAO_0000357,,CHEMBL4428125,10.1016/j.bmc.2016.09.003,27658798,PUBLICATION,2026-09-12T13:56:46.856914+00:00,,,admitted_exploratory,,development
19438799,CHEMBL4549506,ZQRIIWBOYPCWHS-UHFFFAOYSA-N,,agonist,assay_text_rule,Activity,,,,,,,CHEMBL4430991,CHEMBL251,ADORA2A,Homo sapiens,SINGLE PROTEIN,9,F,BAO_0000219,CHEMBL3308072,CHEMBL4428125,10.1016/j.bmc.2016.09.003,27658798,PUBLICATION,2026-09-12T13:56:46.856914+00:00,,,quarantine,endpoint_or_functional_mode_not_admitted|non_exact_relation|non_nm_units|non_positive_or_missing_value|pchembl_missing_or_inconsistent,development
18959585,CHEMBL4559969,YXLDLDOAWIUYIS-UHFFFAOYSA-N,pBind_Ki,,unresolved,Ki,=,3.4,nM,8.47,8.468521,0.001479,CHEMBL4333784,CHEMBL251,ADORA2A,Homo sapiens,SINGLE PROTEIN,9,B,BAO_0000219,CHEMBL3308072,CHEMBL4330140,10.1016/j.bmcl.2018.12.062,30638876,PUBLICATION,2026-09-12T13:56:46.856914+00:00,,,admitted_exploratory,,development
18959648,CHEMBL4559969,YXLDLDOAWIUYIS-UHFFFAOYSA-N,pFunc_inhibition,antagonist,assay_text_rule,IC50,=,301.0,nM,6.52,6.521434,0.001434,CHEMBL4333789,CHEMBL251,ADORA2A,Homo sapiens,SINGLE PROTEIN,9,F,BAO_0000219,CHEMBL3308072,CHEMBL4330140,10.1016/j.bmcl.2018.12.062,30638876,PUBLICATION,2026-09-12T13:56:46.856914+00:00,,,admitted_exploratory,,development
2616064,CHEMBL457102,GHMVNUPBBMBPQG-UHFFFAOYSA-N,pBind_Ki,,unresolved,Ki,=,12.0,nM,7.92,7.920819,0.000819,CHEMBL1029809,CHEMBL251,ADORA2A,Homo sapiens,SINGLE PROTEIN,9,B,BAO_0000219,CHEMBL3307715,CHEMBL1154525,10.1016/j.bmcl.2008.11.066,19059776,PUBLICATION,2026-09-12T13:56:46.856914+00:00,,,admitted_exploratory,,locked_holdout
2616119,CHEMBL457102,GHMVNUPBBMBPQG-UHFFFAOYSA-N,,antagonist,assay_text_rule,Activity,,,,,,,CHEMBL1029812,CHEMBL251,ADORA2A,Homo sapiens,SINGLE PROTEIN,9,F,BAO_0000219,CHEMBL3307715,CHEMBL1154525,10.1016/j.bmcl.2008.11.066,19059776,PUBLICATION,2026-09-12T13:56:46.856914+00:00,,,quarantine,endpoint_or_functional_mode_not_admitted|non_exact_relation|non_nm_units|non_positive_or_missing_value|pchembl_missing_or_inconsistent,locked_holdout
3117560,CHEMBL457102,GHMVNUPBBMBPQG-UHFFFAOYSA-N,pBind_Ki,,unresolved,Ki,=,12.0,nM,7.92,7.920819,0.000819,CHEMBL1074277,CHEMBL251,ADORA2A,Homo sapiens,SINGLE PROTEIN,9,B,BAO_0000357,,CHEMBL1157642,10.1016/j.bmc.2010.01.072,20188574,PUBLICATION,2026-09-12T13:56:46.856914+00:00,,,admitted_exploratory,,locked_holdout
19438463,CHEMBL4582207,OOVWJQCYDXLQQI-UHFFFAOYSA-N,,agonist,assay_text_rule,Activity,,,,,,,CHEMBL4430990,CHEMBL251,ADORA2A,Homo sapiens,SINGLE PROTEIN,9,F,BAO_0000219,CHEMBL3308072,CHEMBL4428125,10.1016/j.bmc.2016.09.003,27658798,PUBLICATION,2026-09-12T13:56:46.856914+00:00,,,quarantine,endpoint_or_functional_mode_not_admitted|non_exact_relation|non_nm_units|non_positive_or_missing_value|pchembl_missing_or_inconsistent,development
19438643,CHEMBL4582207,OOVWJQCYDXLQQI-UHFFFAOYSA-N,pBind_Ki,,unresolved,Ki,=,230.0,nM,6.64,6.638272,0.001728,CHEMBL4430981,CHEMBL251,ADORA2A,Homo sapiens,SINGLE PROTEIN,9,B,BAO_0000357,,CHEMBL4428125,10.1016/j.bmc.2016.09.003,27658798,PUBLICATION,2026-09-12T13:56:46.856914+00:00,,,admitted_exploratory,,development
19438796,CHEMBL4582207,OOVWJQCYDXLQQI-UHFFFAOYSA-N,,agonist,assay_text_rule,Activity,,,,,,,CHEMBL4430991,CHEMBL251,ADORA2A,Homo sapiens,SINGLE PROTEIN,9,F,BAO_0000219,CHEMBL3308072,CHEMBL4428125,10.1016/j.bmc.2016.09.003,27658798,PUBLICATION,2026-09-12T13:56:46.856914+00:00,,,quarantine,endpoint_or_functional_mode_not_admitted|non_exact_relation|non_nm_units|non_positive_or_missing_value|pchembl_missing_or_inconsistent,development
2398359,CHEMBL458242,ZPOFECDYIXUBJD-UHFFFAOYSA-N,pBind_Ki,,unresolved,Ki,=,2.3,nM,8.64,8.638272,0.001728,CHEMBL952340,CHEMBL251,ADORA2A,Homo sapiens,SINGLE PROTEIN,9,B,BAO_0000219,CHEMBL3307715,CHEMBL1152277,10.1021/jm800851u,18947224,PUBLICATION,2026-09-12T13:56:46.856914+00:00,,,admitted_exploratory,,development
2399563,CHEMBL458242,ZPOFECDYIXUBJD-UHFFFAOYSA-N,pFunc_inhibition,antagonist,assay_text_rule,IC50,=,57.0,nM,7.24,7.244125,0.004125,CHEMBL950440,CHEMBL251,ADORA2A,Homo sapiens,SINGLE PROTEIN,9,F,BAO_0000219,CHEMBL3308072,CHEMBL1152277,10.1021/jm800851u,18947224,PUBLICATION,2026-09-12T13:56:46.856914+00:00,,,admitted_exploratory,,development
2501569,CHEMBL458242,ZPOFECDYIXUBJD-UHFFFAOYSA-N,pBind_Ki,,unresolved,Ki,=,2.3,nM,8.64,8.638272,0.001728,CHEMBL987748,CHEMBL251,ADORA2A,Homo sapiens,SINGLE PROTEIN,9,B,BAO_0000219,CHEMBL3307715,CHEMBL1143380,10.1021/jm800908d,19140664,PUBLICATION,2026-09-12T13:56:46.856914+00:00,,,admitted_exploratory,,development
2501570,CHEMBL458242,ZPOFECDYIXUBJD-UHFFFAOYSA-N,pFunc_inhibition,antagonist,assay_text_rule,IC50,=,85.0,nM,7.07,7.070581,0.000581,CHEMBL987749,CHEMBL251,ADORA2A,Homo sapiens,SINGLE PROTEIN,9,F,BAO_0000019,,CHEMBL1143380,10.1021/jm800908d,19140664,PUBLICATION,2026-09-12T13:56:46.856914+00:00,,,admitted_exploratory,,development
18917879,CHEMBL4586743,GNROHNFPJCPGCQ-UHFFFAOYSA-N,pBind_Ki,,unresolved,Ki,=,54.5,nM,7.26,7.263603,0.003603,CHEMBL4322427,CHEMBL251,ADORA2A,Homo sapiens,SINGLE PROTEIN,9,B,BAO_0000219,CHEMBL3308072,CHEMBL4321802,10.1021/acs.jmedchem.9b00778,31453698,PUBLICATION,2026-09-12T13:56:46.856914+00:00,,,admitted_exploratory,,locked_holdout
18917929,CHEMBL4586743,GNROHNFPJCPGCQ-UHFFFAOYSA-N,pFunc_inhibition,antagonist,assay_text_rule,IC50,=,263.0,nM,6.58,6.580044,0.000044,CHEMBL4322430,CHEMBL251,ADORA2A,Homo sapiens,SINGLE PROTEIN,9,F,BAO_0000219,CHEMBL3308072,CHEMBL4321802,10.1021/acs.jmedchem.9b00778,31453698,PUBLICATION,2026-09-12T13:56:46.856914+00:00,,,admitted_exploratory,,locked_holdout
2616079,CHEMBL461665,VVCBHFZICJIYTO-UHFFFAOYSA-N,pBind_Ki,,unresolved,Ki,=,67.0,nM,7.17,7.173925,0.003925,CHEMBL1029809,CHEMBL251,ADORA2A,Homo sapiens,SINGLE PROTEIN,9,B,BAO_0000219,CHEMBL3307715,CHEMBL1154525,10.1016/j.bmcl.2008.11.066,19059776,PUBLICATION,2026-09-12T13:56:46.856914+00:00,,,admitted_exploratory,,development
2616118,CHEMBL461665,VVCBHFZICJIYTO-UHFFFAOYSA-N,,antagonist,assay_text_rule,Activity,,,,,,,CHEMBL1029812,CHEMBL251,ADORA2A,Homo sapiens,SINGLE PROTEIN,9,F,BAO_0000219,CHEMBL3307715,CHEMBL1154525,10.1016/j.bmcl.2008.11.066,19059776,PUBLICATION,2026-09-12T13:56:46.856914+00:00,,,quarantine,endpoint_or_functional_mode_not_admitted|non_exact_relation|non_nm_units|non_positive_or_missing_value|pchembl_missing_or_inconsistent,development
22756989,CHEMBL4740383,BUXIAWLTBSXYSW-UHFFFAOYSA-N,,antagonist,assay_text_rule,Kb,=,1.5,nM,,8.823909,,CHEMBL4701013,CHEMBL251,ADORA2A,Homo sapiens,SINGLE PROTEIN,9,B,BAO_0000357,,CHEMBL4699449,10.1021/acs.jmedchem.0c00237,32667814,PUBLICATION,2026-09-12T13:56:46.856914+00:00,,,quarantine,endpoint_or_functional_mode_not_admitted|pchembl_missing_or_inconsistent,development
24772315,CHEMBL4740383,BUXIAWLTBSXYSW-UHFFFAOYSA-N,,antagonist,assay_text_rule,Ki,=,1.5,nM,8.82,8.823909,0.003909,CHEMBL5126822,CHEMBL251,ADORA2A,Homo sapiens,SINGLE PROTEIN,9,F,BAO_0000019,,CHEMBL5126505,10.1016/j.ejmech.2021.113907,34695776,PUBLICATION,2026-09-12T13:56:46.856914+00:00,,,quarantine,endpoint_or_functional_mode_not_admitted,development
25935565,CHEMBL4740383,BUXIAWLTBSXYSW-UHFFFAOYSA-N,pFunc_inhibition,antagonist,assay_text_rule,IC50,=,7.5,nM,8.12,8.124939,0.004939,CHEMBL5531816,CHEMBL251,ADORA2A,Homo sapiens,SINGLE PROTEIN,9,F,BAO_0000219,,CHEMBL5528085,10.1021/acs.jmedchem.4c00250,38483150,PUBLICATION,2026-09-12T13:56:46.856914+00:00,,,admitted_exploratory,,development
25935671,CHEMBL4740383,BUXIAWLTBSXYSW-UHFFFAOYSA-N,,antagonist,assay_text_rule,Ki,=,0.8511,nM,9.07,9.070019,0.000019,CHEMBL5531819,CHEMBL251,ADORA2A,Homo sapiens,SINGLE PROTEIN,9,F,BAO_0000019,,CHEMBL5528085,10.1021/acs.jmedchem.4c00250,38483150,PUBLICATION,2026-09-12T13:56:46.856914+00:00,,,quarantine,endpoint_or_functional_mode_not_admitted,development
22756986,CHEMBL4745482,NGLGHDWHOPNEET-UHFFFAOYSA-N,,antagonist,assay_text_rule,Kb,<,100.0,nM,,7.000000,,CHEMBL4701012,CHEMBL251,ADORA2A,Homo sapiens,SINGLE PROTEIN,9,F,BAO_0000219,,CHEMBL4699449,10.1021/acs.jmedchem.0c00237,32667814,PUBLICATION,2026-09-12T13:56:46.856914+00:00,,,quarantine,endpoint_or_functional_mode_not_admitted|non_exact_relation|pchembl_missing_or_inconsistent,development
22756988,CHEMBL4749058,JFXDMEOJXUXNLH-UHFFFAOYSA-N,,antagonist,assay_text_rule,Kb,<,100.0,nM,,7.000000,,CHEMBL4701012,CHEMBL251,ADORA2A,Homo sapiens,SINGLE PROTEIN,9,F,BAO_0000219,,CHEMBL4699449,10.1021/acs.jmedchem.0c00237,32667814,PUBLICATION,2026-09-12T13:56:46.856914+00:00,,,quarantine,endpoint_or_functional_mode_not_admitted|non_exact_relation|pchembl_missing_or_inconsistent|unassigned_stereocenter,development
22757007,CHEMBL4750504,MUDMILZFFXFMHF-UHFFFAOYSA-N,pFunc_inhibition,antagonist,assay_text_rule,IC50,<,100.0,nM,,7.000000,,CHEMBL4701025,CHEMBL251,ADORA2A,Homo sapiens,SINGLE PROTEIN,9,F,BAO_0000219,,CHEMBL4699449,10.1021/acs.jmedchem.0c00237,32667814,PUBLICATION,2026-09-12T13:56:46.856914+00:00,,,quarantine,non_exact_relation|pchembl_missing_or_inconsistent,development
22757006,CHEMBL4765154,CACIDNFBOFVBLU-UHFFFAOYSA-N,pFunc_inhibition,antagonist,assay_text_rule,IC50,<,10.0,nM,,8.000000,,CHEMBL4701025,CHEMBL251,ADORA2A,Homo sapiens,SINGLE PROTEIN,9,F,BAO_0000219,,CHEMBL4699449,10.1021/acs.jmedchem.0c00237,32667814,PUBLICATION,2026-09-12T13:56:46.856914+00:00,,,quarantine,non_exact_relation|pchembl_missing_or_inconsistent,development
1209210,CHEMBL477,OIRDTQYFTABQOQ-KQYNXXCUSA-N,,antagonist,assay_text_rule,EC50,=,40000.0,nM,4.40,4.397940,0.002060,CHEMBL642329,CHEMBL251,ADORA2A,Homo sapiens,SINGLE PROTEIN,8,B,BAO_0000019,,CHEMBL1126561,10.1021/jm00077a017,8258836,PUBLICATION,2026-09-12T13:56:46.856914+00:00,,,quarantine,endpoint_or_functional_mode_not_admitted,locked_holdout
14644272,CHEMBL477,OIRDTQYFTABQOQ-KQYNXXCUSA-N,pFunc_agonism,agonist,assay_text_rule,EC50,=,700.0,nM,6.16,6.154902,0.005098,CHEMBL3267337,CHEMBL251,ADORA2A,Homo sapiens,SINGLE PROTEIN,9,F,BAO_0000357,,CHEMBL3259781,10.1021/jm4011669,24164628,PUBLICATION,2026-09-12T13:56:46.856914+00:00,,,admitted_exploratory,,locked_holdout
16485899,CHEMBL477,OIRDTQYFTABQOQ-KQYNXXCUSA-N,,agonist,assay_text_rule,EC50,=,5754.4,nM,5.24,5.240000,0.000000,CHEMBL3772778,CHEMBL251,ADORA2A,Homo sapiens,SINGLE PROTEIN,9,B,BAO_0000219,,CHEMBL3769381,10.1021/acs.jmedchem.5b01402,26756468,PUBLICATION,2026-09-12T13:56:46.856914+00:00,,,quarantine,endpoint_or_functional_mode_not_admitted,locked_holdout
16485933,CHEMBL477,OIRDTQYFTABQOQ-KQYNXXCUSA-N,,agonist,assay_text_rule,Emax,=,65.9,%,,,,CHEMBL3772781,CHEMBL251,ADORA2A,Homo sapiens,SINGLE PROTEIN,9,B,BAO_0000219,,CHEMBL3769381,10.1021/acs.jmedchem.5b01402,26756468,PUBLICATION,2026-09-12T13:56:46.856914+00:00,,,quarantine,endpoint_or_functional_mode_not_admitted|non_nm_units|pchembl_missing_or_inconsistent,locked_holdout
16486002,CHEMBL477,OIRDTQYFTABQOQ-KQYNXXCUSA-N,,,unresolved,pKA,=,5.6,,,,,CHEMBL3772789,CHEMBL251,ADORA2A,Homo sapiens,SINGLE PROTEIN,9,B,BAO_0000219,,CHEMBL3769381,10.1021/acs.jmedchem.5b01402,26756468,PUBLICATION,2026-09-12T13:56:46.856914+00:00,,,quarantine,endpoint_or_functional_mode_not_admitted|non_nm_units|pchembl_missing_or_inconsistent,locked_holdout
16486652,CHEMBL477,OIRDTQYFTABQOQ-KQYNXXCUSA-N,,,unresolved,log(activity),=,0.0,,,,,CHEMBL3772947,CHEMBL251,ADORA2A,Homo sapiens,SINGLE PROTEIN,9,B,BAO_0000219,,CHEMBL3769381,10.1021/acs.jmedchem.5b01402,26756468,PUBLICATION,2026-09-12T13:56:46.856914+00:00,,,quarantine,endpoint_or_functional_mode_not_admitted|non_nm_units|non_positive_or_missing_value|pchembl_missing_or_inconsistent,locked_holdout
16493405,CHEMBL477,OIRDTQYFTABQOQ-KQYNXXCUSA-N,pFunc_agonism,agonist,assay_text_rule,EC50,=,730.0,nM,6.14,6.136677,0.003323,CHEMBL3772099,CHEMBL251,ADORA2A,Homo sapiens,SINGLE PROTEIN,9,F,BAO_0000219,CHEMBL3308072,CHEMBL3769306,10.1021/acs.jmedchem.5b00828,26356532,PUBLICATION,2026-09-12T13:56:46.856914+00:00,,,admitted_exploratory,,locked_holdout
19048500,CHEMBL477,OIRDTQYFTABQOQ-KQYNXXCUSA-N,pBind_Ki,,unresolved,Ki,=,700.0,nM,6.16,6.154902,0.005098,CHEMBL4354232,CHEMBL251,ADORA2A,Homo sapiens,SINGLE PROTEIN,9,B,BAO_0000219,CHEMBL3308072,CHEMBL4351010,10.1016/j.ejmech.2019.06.050,31255928,PUBLICATION,2026-09-12T13:56:46.856914+00:00,,,admitted_exploratory,,locked_holdout
23239633,CHEMBL477,OIRDTQYFTABQOQ-KQYNXXCUSA-N,,antagonist,assay_text_rule,Inhibition,=,3.0,%,,,,CHEMBL4828918,CHEMBL251,ADORA2A,Homo sapiens,SINGLE PROTEIN,9,B,BAO_0000249,,CHEMBL4828708,10.1016/j.ejmech.2021.113607,34171656,PUBLICATION,2026-09-12T13:56:46.856914+00:00,,,quarantine,endpoint_or_functional_mode_not_admitted|non_nm_units|pchembl_missing_or_inconsistent,locked_holdout
24669211,CHEMBL477,OIRDTQYFTABQOQ-KQYNXXCUSA-N,,antagonist,assay_text_rule,EC50,=,25.12,nM,7.60,7.599980,0.000020,CHEMBL5099262,CHEMBL251,ADORA2A,Homo sapiens,SINGLE PROTEIN,9,F,BAO_0000219,,CHEMBL5096218,10.1021/acs.jmedchem.2c01414,36270633,PUBLICATION,2026-09-12T13:56:46.856914+00:00,,,quarantine,endpoint_or_functional_mode_not_admitted,locked_holdout
24669238,CHEMBL477,OIRDTQYFTABQOQ-KQYNXXCUSA-N,,antagonist,assay_text_rule,Emax,=,21.53,%,,,,CHEMBL5099263,CHEMBL251,ADORA2A,Homo sapiens,SINGLE PROTEIN,9,F,BAO_0000219,,CHEMBL5096218,10.1021/acs.jmedchem.2c01414,36270633,PUBLICATION,2026-09-12T13:56:46.856914+00:00,,,quarantine,endpoint_or_functional_mode_not_admitted|non_nm_units|pchembl_missing_or_inconsistent,locked_holdout
24781532,CHEMBL477,OIRDTQYFTABQOQ-KQYNXXCUSA-N,,,unresolved,K,=,9.53,10^5/M/s,,,,CHEMBL5129721,CHEMBL251,ADORA2A,Homo sapiens,SINGLE PROTEIN,9,B,BAO_0000219,,CHEMBL5126601,10.1021/acsmedchemlett.2c00099,35859869,PUBLICATION,2026-09-12T13:56:46.856914+00:00,,,quarantine,endpoint_or_functional_mode_not_admitted|non_nm_units|pchembl_missing_or_inconsistent,locked_holdout
24781542,CHEMBL477,OIRDTQYFTABQOQ-KQYNXXCUSA-N,,,unresolved,K,=,0.016,/s,,,,CHEMBL5129722,CHEMBL251,ADORA2A,Homo sapiens,SINGLE PROTEIN,9,B,BAO_0000219,,CHEMBL5126601,10.1021/acsmedchemlett.2c00099,35859869,PUBLICATION,2026-09-12T13:56:46.856914+00:00,,,quarantine,endpoint_or_functional_mode_not_admitted|non_nm_units|pchembl_missing_or_inconsistent,locked_holdout
24781552,CHEMBL477,OIRDTQYFTABQOQ-KQYNXXCUSA-N,,,unresolved,Kd,=,17.3,nM,7.76,7.761954,0.001954,CHEMBL5129723,CHEMBL251,ADORA2A,Homo sapiens,SINGLE PROTEIN,9,B,BAO_0000219,,CHEMBL5126601,10.1021/acsmedchemlett.2c00099,35859869,PUBLICATION,2026-09-12T13:56:46.856914+00:00,,,quarantine,endpoint_or_functional_mode_not_admitted,locked_holdout
24781579,CHEMBL477,OIRDTQYFTABQOQ-KQYNXXCUSA-N,pBind_Ki,antagonist,assay_text_rule,Ki,=,150.0,nM,6.82,6.823909,0.003909,CHEMBL5129724,CHEMBL251,ADORA2A,Homo sapiens,SINGLE PROTEIN,9,B,BAO_0000219,,CHEMBL5126601,10.1021/acsmedchemlett.2c00099,35859869,PUBLICATION,2026-09-12T13:56:46.856914+00:00,,,admitted_exploratory,,locked_holdout
25152942,CHEMBL477,OIRDTQYFTABQOQ-KQYNXXCUSA-N,,,unresolved,AC50,=,3900.0,nM,5.41,5.408935,0.001065,CHEMBL5291726,CHEMBL251,ADORA2A,Homo sapiens,SINGLE PROTEIN,8,B,BAO_0000357,,CHEMBL5291721,10.1038/s41467-023-40064-9,37468498,PUBLICATION,2026-09-12T13:56:46.856914+00:00,,"Summarised AC50 (mean value for measurements with a relation sign ""=""; largest value for measurements with relation sign "">"")",quarantine,endpoint_or_functional_mode_not_admitted,locked_holdout
3352047,CHEMBL477,OIRDTQYFTABQOQ-KQYNXXCUSA-N,pFunc_agonism,agonist,assay_text_rule,EC50,=,700.0,nM,6.16,6.154902,0.005098,CHEMBL1175311,CHEMBL251,ADORA2A,Homo sapiens,SINGLE PROTEIN,9,F,BAO_0000219,CHEMBL3308072,CHEMBL1177799,10.1016/j.bmcl.2010.05.056,20541935,PUBLICATION,2026-09-12T13:56:46.856914+00:00,,,admitted_exploratory,,locked_holdout
6161631,CHEMBL477,OIRDTQYFTABQOQ-KQYNXXCUSA-N,pFunc_agonism,agonist,assay_text_rule,EC50,=,700.0,nM,6.16,6.154902,0.005098,CHEMBL1764842,CHEMBL251,ADORA2A,Homo sapiens,SINGLE PROTEIN,9,F,BAO_0000219,CHEMBL3308072,CHEMBL1759892,10.1016/j.bmcl.2011.02.053,21388809,PUBLICATION,2026-09-12T13:56:46.856914+00:00,,,admitted_exploratory,,locked_holdout
8031116,CHEMBL477,OIRDTQYFTABQOQ-KQYNXXCUSA-N,pBind_Ki,,unresolved,Ki,=,20.0,nM,7.70,7.698970,0.001030,CHEMBL1955226,CHEMBL251,ADORA2A,Homo sapiens,SINGLE PROTEIN,8,B,BAO_0000357,,CHEMBL1949672,10.1021/jm201461q,22104008,PUBLICATION,2026-09-12T13:56:46.856914+00:00,,,admitted_exploratory,,locked_holdout
22757005,CHEMBL4786207,FYWAHNQAQWOTDC-UHFFFAOYSA-N,pFunc_inhibition,antagonist,assay_text_rule,IC50,<,10.0,nM,,8.000000,,CHEMBL4701025,CHEMBL251,ADORA2A,Homo sapiens,SINGLE PROTEIN,9,F,BAO_0000219,,CHEMBL4699449,10.1021/acs.jmedchem.0c00237,32667814,PUBLICATION,2026-09-12T13:56:46.856914+00:00,,,quarantine,non_exact_relation|pchembl_missing_or_inconsistent,development
23172677,CHEMBL4849795,NULDMQXOPYHTEN-UHFFFAOYSA-N,,antagonist,assay_text_rule,EC50,=,164.6,nM,6.78,6.783570,0.003570,CHEMBL4814785,CHEMBL251,ADORA2A,Homo sapiens,SINGLE PROTEIN,9,F,BAO_0000221,,CHEMBL4813923,10.1016/j.ejmech.2020.113040,33316692,PUBLICATION,2026-09-12T13:56:46.856914+00:00,,,quarantine,endpoint_or_functional_mode_not_admitted,development
23172695,CHEMBL4849795,NULDMQXOPYHTEN-UHFFFAOYSA-N,,antagonist,assay_text_rule,IC50,=,9.2,nM,8.04,8.036212,0.003788,CHEMBL4814786,CHEMBL251,ADORA2A,Homo sapiens,SINGLE PROTEIN,9,B,BAO_0000249,,CHEMBL4813923,10.1016/j.ejmech.2020.113040,33316692,PUBLICATION,2026-09-12T13:56:46.856914+00:00,,,quarantine,endpoint_or_functional_mode_not_admitted,development
23172721,CHEMBL4849795,NULDMQXOPYHTEN-UHFFFAOYSA-N,pFunc_inhibition,antagonist,assay_text_rule,IC50,=,31.0,nM,7.51,7.508638,0.001362,CHEMBL4814789,CHEMBL251,ADORA2A,Homo sapiens,SINGLE PROTEIN,9,F,BAO_0000219,,CHEMBL4813923,10.1016/j.ejmech.2020.113040,33316692,PUBLICATION,2026-09-12T13:56:46.856914+00:00,,,admitted_exploratory,,development
24772483,CHEMBL4849795,NULDMQXOPYHTEN-UHFFFAOYSA-N,,antagonist,assay_text_rule,IC50,=,9.2,nM,8.04,8.036212,0.003788,CHEMBL5126864,CHEMBL251,ADORA2A,Homo sapiens,SINGLE PROTEIN,9,B,BAO_0000219,,CHEMBL5126505,10.1016/j.ejmech.2021.113907,34695776,PUBLICATION,2026-09-12T13:56:46.856914+00:00,,,quarantine,endpoint_or_functional_mode_not_admitted,development
24772484,CHEMBL4849795,NULDMQXOPYHTEN-UHFFFAOYSA-N,pFunc_inhibition,antagonist,assay_text_rule,IC50,=,31.0,nM,7.51,7.508638,0.001362,CHEMBL5126865,CHEMBL251,ADORA2A,Homo sapiens,SINGLE PROTEIN,9,F,BAO_0000219,,CHEMBL5126505,10.1016/j.ejmech.2021.113907,34695776,PUBLICATION,2026-09-12T13:56:46.856914+00:00,,,admitted_exploratory,,development
23172676,CHEMBL4855390,PNJNWZKAPLPXAV-UHFFFAOYSA-N,,antagonist,assay_text_rule,EC50,=,376.4,nM,6.42,6.424350,0.004350,CHEMBL4814785,CHEMBL251,ADORA2A,Homo sapiens,SINGLE PROTEIN,9,F,BAO_0000221,,CHEMBL4813923,10.1016/j.ejmech.2020.113040,33316692,PUBLICATION,2026-09-12T13:56:46.856914+00:00,,,quarantine,endpoint_or_functional_mode_not_admitted,development
23172682,CHEMBL4855390,PNJNWZKAPLPXAV-UHFFFAOYSA-N,,antagonist,assay_text_rule,IC50,=,10.1,nM,8.00,7.995679,0.004321,CHEMBL4814786,CHEMBL251,ADORA2A,Homo sapiens,SINGLE PROTEIN,9,B,BAO_0000249,,CHEMBL4813923,10.1016/j.ejmech.2020.113040,33316692,PUBLICATION,2026-09-12T13:56:46.856914+00:00,,,quarantine,endpoint_or_functional_mode_not_admitted,development
23172720,CHEMBL4855390,PNJNWZKAPLPXAV-UHFFFAOYSA-N,pFunc_inhibition,antagonist,assay_text_rule,IC50,=,83.0,nM,7.08,7.080922,0.000922,CHEMBL4814789,CHEMBL251,ADORA2A,Homo sapiens,SINGLE PROTEIN,9,F,BAO_0000219,,CHEMBL4813923,10.1016/j.ejmech.2020.113040,33316692,PUBLICATION,2026-09-12T13:56:46.856914+00:00,,,admitted_exploratory,,development
23302808,CHEMBL4855908,PBQNARNDMLPGRK-UHFFFAOYSA-N,pFunc_inhibition,antagonist,assay_text_rule,IC50,=,0.74,nM,9.13,9.130768,0.000768,CHEMBL4842298,CHEMBL251,ADORA2A,Homo sapiens,SINGLE PROTEIN,9,F,BAO_0000219,,CHEMBL4840384,10.1021/acsmedchemlett.1c00620,34917249,PUBLICATION,2026-09-12T13:56:46.856914+00:00,,,admitted_exploratory,,development
23302803,CHEMBL4858144,ZMVMIKHRMKEKHO-UHFFFAOYSA-N,pFunc_inhibition,antagonist,assay_text_rule,IC50,=,0.3,nM,9.52,9.522879,0.002879,CHEMBL4842298,CHEMBL251,ADORA2A,Homo sapiens,SINGLE PROTEIN,9,F,BAO_0000219,,CHEMBL4840384,10.1021/acsmedchemlett.1c00620,34917249,PUBLICATION,2026-09-12T13:56:46.856914+00:00,,,admitted_exploratory,,development
2398352,CHEMBL486162,CQMWNSQCEMHNIW-UHFFFAOYSA-N,pBind_Ki,,unresolved,Ki,=,0.71,nM,9.15,9.148742,0.001258,CHEMBL952340,CHEMBL251,ADORA2A,Homo sapiens,SINGLE PROTEIN,9,B,BAO_0000219,CHEMBL3307715,CHEMBL1152277,10.1021/jm800851u,18947224,PUBLICATION,2026-09-12T13:56:46.856914+00:00,,,admitted_exploratory,,locked_holdout
2399573,CHEMBL486162,CQMWNSQCEMHNIW-UHFFFAOYSA-N,pFunc_inhibition,antagonist,assay_text_rule,IC50,=,7.0,nM,8.15,8.154902,0.004902,CHEMBL950440,CHEMBL251,ADORA2A,Homo sapiens,SINGLE PROTEIN,9,F,BAO_0000219,CHEMBL3308072,CHEMBL1152277,10.1021/jm800851u,18947224,PUBLICATION,2026-09-12T13:56:46.856914+00:00,,,admitted_exploratory,,locked_holdout
23302804,CHEMBL4862010,GJIKYVGVZVLJJP-UHFFFAOYSA-N,pFunc_inhibition,antagonist,assay_text_rule,IC50,=,9.07,nM,8.04,8.042393,0.002393,CHEMBL4842298,CHEMBL251,ADORA2A,Homo sapiens,SINGLE PROTEIN,9,F,BAO_0000219,,CHEMBL4840384,10.1021/acsmedchemlett.1c00620,34917249,PUBLICATION,2026-09-12T13:56:46.856914+00:00,,,admitted_exploratory,,development
23302807,CHEMBL4865474,WXYARKYAYUTGKX-UHFFFAOYSA-N,pFunc_inhibition,antagonist,assay_text_rule,IC50,=,83.87,nM,7.08,7.076393,0.003607,CHEMBL4842298,CHEMBL251,ADORA2A,Homo sapiens,SINGLE PROTEIN,9,F,BAO_0000219,,CHEMBL4840384,10.1021/acsmedchemlett.1c00620,34917249,PUBLICATION,2026-09-12T13:56:46.856914+00:00,,,quarantine,unassigned_stereocenter,development
2398348,CHEMBL487554,UHHRYINUVNKFTA-UHFFFAOYSA-N,pBind_Ki,,unresolved,Ki,=,0.47,nM,9.33,9.327902,0.002098,CHEMBL952340,CHEMBL251,ADORA2A,Homo sapiens,SINGLE PROTEIN,9,B,BAO_0000219,CHEMBL3307715,CHEMBL1152277,10.1021/jm800851u,18947224,PUBLICATION,2026-09-12T13:56:46.856914+00:00,,,admitted_exploratory,,development
2399553,CHEMBL487554,UHHRYINUVNKFTA-UHFFFAOYSA-N,pFunc_inhibition,antagonist,assay_text_rule,IC50,=,18.0,nM,7.75,7.744727,0.005273,CHEMBL950440,CHEMBL251,ADORA2A,Homo sapiens,SINGLE PROTEIN,9,F,BAO_0000219,CHEMBL3308072,CHEMBL1152277,10.1021/jm800851u,18947224,PUBLICATION,2026-09-12T13:56:46.856914+00:00,,,admitted_exploratory,,development
25517310,CHEMBL4954712,DOEODBMLJOZWPF-UHFFFAOYSA-N,,antagonist,assay_text_rule,pKb,<,5.5,,,,,CHEMBL5336575,CHEMBL251,ADORA2A,Homo sapiens,SINGLE PROTEIN,9,F,BAO_0000219,,CHEMBL5335785,10.1016/j.ejmech.2023.115419,37301076,PUBLICATION,2026-09-12T13:56:46.856914+00:00,,,quarantine,endpoint_or_functional_mode_not_admitted|non_exact_relation|non_nm_units|pchembl_missing_or_inconsistent,development
2563533,CHEMBL506250,BDULELAUBSFJFH-UHFFFAOYSA-N,pBind_Ki,,unresolved,Ki,=,1.0,nM,9.00,9.000000,0.000000,CHEMBL1000455,CHEMBL251,ADORA2A,Homo sapiens,SINGLE PROTEIN,9,B,BAO_0000219,CHEMBL3307715,CHEMBL1155896,10.1021/jm701594y,18637670,PUBLICATION,2026-09-12T13:56:46.856914+00:00,,,admitted_exploratory,,development
2563560,CHEMBL506250,BDULELAUBSFJFH-UHFFFAOYSA-N,,antagonist,assay_text_rule,Kd,=,0.1349,nM,9.87,9.869988,0.000012,CHEMBL967912,CHEMBL251,ADORA2A,Homo sapiens,SINGLE PROTEIN,9,F,BAO_0000219,CHEMBL3307715,CHEMBL1155896,10.1021/jm701594y,18637670,PUBLICATION,2026-09-12T13:56:46.856914+00:00,,,quarantine,endpoint_or_functional_mode_not_admitted,development
2563561,CHEMBL506250,BDULELAUBSFJFH-UHFFFAOYSA-N,,antagonist,assay_text_rule,Kb,=,0.14,nM,,9.853872,,CHEMBL967912,CHEMBL251,ADORA2A,Homo sapiens,SINGLE PROTEIN,9,F,BAO_0000219,CHEMBL3307715,CHEMBL1155896,10.1021/jm701594y,18637670,PUBLICATION,2026-09-12T13:56:46.856914+00:00,,,quarantine,endpoint_or_functional_mode_not_admitted|pchembl_missing_or_inconsistent,development
24422794,CHEMBL5069652,QCGDCFVVNKBMQC-UHFFFAOYSA-N,pFunc_inhibition,antagonist,assay_text_rule,IC50,>,10000.0,nM,,5.000000,,CHEMBL5049262,CHEMBL251,ADORA2A,Homo sapiens,SINGLE PROTEIN,9,F,BAO_0000219,,CHEMBL5046288,10.1021/acs.jmedchem.1c02199,35212542,PUBLICATION,2026-09-12T13:56:46.856914+00:00,,,quarantine,non_exact_relation|pchembl_missing_or_inconsistent|unassigned_stereocenter,locked_holdout
24422792,CHEMBL5072377,CUZJYJCDTLGEOB-ROUUACIJSA-N,pFunc_inhibition,antagonist,assay_text_rule,IC50,>,10000.0,nM,,5.000000,,CHEMBL5049262,CHEMBL251,ADORA2A,Homo sapiens,SINGLE PROTEIN,9,F,BAO_0000219,,CHEMBL5046288,10.1021/acs.jmedchem.1c02199,35212542,PUBLICATION,2026-09-12T13:56:46.856914+00:00,,,quarantine,non_exact_relation|pchembl_missing_or_inconsistent,development
24376193,CHEMBL5073669,OILFXMJWXJFNKA-UHFFFAOYSA-N,,antagonist,assay_text_rule,pKb,=,7.42,,,,,CHEMBL5037232,CHEMBL251,ADORA2A,Homo sapiens,SINGLE PROTEIN,9,F,BAO_0000249,,CHEMBL5036326,10.1021/acs.jmedchem.0c02169,34120444,PUBLICATION,2026-09-12T13:56:46.856914+00:00,,,quarantine,endpoint_or_functional_mode_not_admitted|non_nm_units|pchembl_missing_or_inconsistent|unassigned_stereocenter,development
24376212,CHEMBL5073669,OILFXMJWXJFNKA-UHFFFAOYSA-N,,antagonist,assay_text_rule,Ki,=,38.0,nM,7.42,7.420216,0.000216,CHEMBL5037232,CHEMBL251,ADORA2A,Homo sapiens,SINGLE PROTEIN,9,F,BAO_0000249,,CHEMBL5036326,10.1021/acs.jmedchem.0c02169,34120444,PUBLICATION,2026-09-12T13:56:46.856914+00:00,,,quarantine,endpoint_or_functional_mode_not_admitted|unassigned_stereocenter,development
24422741,CHEMBL5074910,QJCIJBBTTGKSQT-UHFFFAOYSA-N,pFunc_inhibition,antagonist,assay_text_rule,IC50,=,1030.0,nM,5.99,5.987163,0.002837,CHEMBL5049262,CHEMBL251,ADORA2A,Homo sapiens,SINGLE PROTEIN,9,F,BAO_0000219,,CHEMBL5046288,10.1021/acs.jmedchem.1c02199,35212542,PUBLICATION,2026-09-12T13:56:46.856914+00:00,,,admitted_exploratory,,locked_holdout
24410633,CHEMBL5075422,REBSCEKUSAWQBZ-UHFFFAOYSA-N,pBind_Ki,antagonist,assay_text_rule,Ki,=,5.58,nM,8.25,8.253366,0.003366,CHEMBL5046035,CHEMBL251,ADORA2A,Homo sapiens,SINGLE PROTEIN,9,B,BAO_0000219,,CHEMBL5042554,10.1021/acsmedchemlett.1c00599,35295085,PUBLICATION,2026-09-12T13:56:46.856914+00:00,,,admitted_exploratory,,locked_holdout
24410665,CHEMBL5075422,REBSCEKUSAWQBZ-UHFFFAOYSA-N,pFunc_inhibition,antagonist,assay_text_rule,IC50,=,5.72,nM,8.24,8.242604,0.002604,CHEMBL5046040,CHEMBL251,ADORA2A,Homo sapiens,SINGLE PROTEIN,9,F,BAO_0000219,,CHEMBL5042554,10.1021/acsmedchemlett.1c00599,35295085,PUBLICATION,2026-09-12T13:56:46.856914+00:00,,,admitted_exploratory,,locked_holdout
24376199,CHEMBL5076572,HPGLNKYCDIIEST-UHFFFAOYSA-N,,antagonist,assay_text_rule,pKb,,,,,,,CHEMBL5037232,CHEMBL251,ADORA2A,Homo sapiens,SINGLE PROTEIN,9,F,BAO_0000249,,CHEMBL5036326,10.1021/acs.jmedchem.0c02169,34120444,PUBLICATION,2026-09-12T13:56:46.856914+00:00,,Not Determined,quarantine,endpoint_or_functional_mode_not_admitted|non_exact_relation|non_nm_units|non_positive_or_missing_value|pchembl_missing_or_inconsistent|unassigned_stereocenter,locked_holdout
24376206,CHEMBL5076572,HPGLNKYCDIIEST-UHFFFAOYSA-N,,antagonist,assay_text_rule,Ki,,,,,,,CHEMBL5037232,CHEMBL251,ADORA2A,Homo sapiens,SINGLE PROTEIN,9,F,BAO_0000249,,CHEMBL5036326,10.1021/acs.jmedchem.0c02169,34120444,PUBLICATION,2026-09-12T13:56:46.856914+00:00,,Not Determined,quarantine,endpoint_or_functional_mode_not_admitted|non_exact_relation|non_nm_units|non_positive_or_missing_value|pchembl_missing_or_inconsistent|unassigned_stereocenter,locked_holdout
24422744,CHEMBL5076939,KONIIWKRLZETBJ-UHFFFAOYSA-N,pFunc_inhibition,antagonist,assay_text_rule,IC50,=,2171.0,nM,5.66,5.663340,0.003340,CHEMBL5049262,CHEMBL251,ADORA2A,Homo sapiens,SINGLE PROTEIN,9,F,BAO_0000219,,CHEMBL5046288,10.1021/acs.jmedchem.1c02199,35212542,PUBLICATION,2026-09-12T13:56:46.856914+00:00,,,admitted_exploratory,,development
24422793,CHEMBL5077642,LNZWNAQCCDTWHH-UHFFFAOYSA-N,pFunc_inhibition,antagonist,assay_text_rule,IC50,>,10000.0,nM,,5.000000,,CHEMBL5049262,CHEMBL251,ADORA2A,Homo sapiens,SINGLE PROTEIN,9,F,BAO_0000219,,CHEMBL5046288,10.1021/acs.jmedchem.1c02199,35212542,PUBLICATION,2026-09-12T13:56:46.856914+00:00,,,quarantine,non_exact_relation|pchembl_missing_or_inconsistent|unassigned_stereocenter,locked_holdout
24422748,CHEMBL5078181,CMWXSRYHPVUFTA-UHFFFAOYSA-N,pFunc_inhibition,antagonist,assay_text_rule,IC50,=,712.0,nM,6.15,6.147520,0.002480,CHEMBL5049262,CHEMBL251,ADORA2A,Homo sapiens,SINGLE PROTEIN,9,F,BAO_0000219,,CHEMBL5046288,10.1021/acs.jmedchem.1c02199,35212542,PUBLICATION,2026-09-12T13:56:46.856914+00:00,,,admitted_exploratory,,development
24422796,CHEMBL5079295,DYBIIASEQSAQKZ-UHFFFAOYSA-N,pFunc_inhibition,antagonist,assay_text_rule,IC50,>,10000.0,nM,,5.000000,,CHEMBL5049262,CHEMBL251,ADORA2A,Homo sapiens,SINGLE PROTEIN,9,F,BAO_0000219,,CHEMBL5046288,10.1021/acs.jmedchem.1c02199,35212542,PUBLICATION,2026-09-12T13:56:46.856914+00:00,,,quarantine,non_exact_relation|pchembl_missing_or_inconsistent,locked_holdout
24422787,CHEMBL5080005,BWRDLKUFCGFHSO-UHFFFAOYSA-N,pFunc_inhibition,antagonist,assay_text_rule,IC50,>,10000.0,nM,,5.000000,,CHEMBL5049262,CHEMBL251,ADORA2A,Homo sapiens,SINGLE PROTEIN,9,F,BAO_0000219,,CHEMBL5046288,10.1021/acs.jmedchem.1c02199,35212542,PUBLICATION,2026-09-12T13:56:46.856914+00:00,,,quarantine,non_exact_relation|pchembl_missing_or_inconsistent,development
24422765,CHEMBL5081971,WALHSXGJSVIXLF-UHFFFAOYSA-N,pFunc_inhibition,antagonist,assay_text_rule,IC50,=,604.8,nM,6.22,6.218388,0.001612,CHEMBL5049262,CHEMBL251,ADORA2A,Homo sapiens,SINGLE PROTEIN,9,F,BAO_0000219,,CHEMBL5046288,10.1021/acs.jmedchem.1c02199,35212542,PUBLICATION,2026-09-12T13:56:46.856914+00:00,,,admitted_exploratory,,locked_holdout
24422749,CHEMBL5083868,MIBKLSWBYDFURE-UHFFFAOYSA-N,pFunc_inhibition,antagonist,assay_text_rule,IC50,=,979.8,nM,6.01,6.008863,0.001137,CHEMBL5049262,CHEMBL251,ADORA2A,Homo sapiens,SINGLE PROTEIN,9,F,BAO_0000219,,CHEMBL5046288,10.1021/acs.jmedchem.1c02199,35212542,PUBLICATION,2026-09-12T13:56:46.856914+00:00,,,admitted_exploratory,,locked_holdout
24422738,CHEMBL5090017,QLDKSNSJQOSBLD-HNNXBMFYSA-N,pFunc_inhibition,antagonist,assay_text_rule,IC50,=,6.6,nM,8.18,8.180456,0.000456,CHEMBL5049261,CHEMBL251,ADORA2A,Homo sapiens,SINGLE PROTEIN,9,F,BAO_0000219,,CHEMBL5046288,10.1021/acs.jmedchem.1c02199,35212542,PUBLICATION,2026-09-12T13:56:46.856914+00:00,,,admitted_exploratory,,development
24422783,CHEMBL5090017,QLDKSNSJQOSBLD-HNNXBMFYSA-N,pFunc_inhibition,antagonist,assay_text_rule,IC50,=,8.3,nM,8.08,8.080922,0.000922,CHEMBL5049262,CHEMBL251,ADORA2A,Homo sapiens,SINGLE PROTEIN,9,F,BAO_0000219,,CHEMBL5046288,10.1021/acs.jmedchem.1c02199,35212542,PUBLICATION,2026-09-12T13:56:46.856914+00:00,,,admitted_exploratory,,development
24422801,CHEMBL5090017,QLDKSNSJQOSBLD-HNNXBMFYSA-N,pFunc_inhibition,antagonist,assay_text_rule,IC50,=,8.3,nM,8.08,8.080922,0.000922,CHEMBL5049266,CHEMBL251,ADORA2A,Homo sapiens,SINGLE PROTEIN,9,F,BAO_0000219,,CHEMBL5046288,10.1021/acs.jmedchem.1c02199,35212542,PUBLICATION,2026-09-12T13:56:46.856914+00:00,,,admitted_exploratory,,development
24422803,CHEMBL5090017,QLDKSNSJQOSBLD-HNNXBMFYSA-N,pFunc_inhibition,antagonist,assay_text_rule,IC50,=,179.6,nM,6.75,6.745694,0.004306,CHEMBL5049267,CHEMBL251,ADORA2A,Homo sapiens,SINGLE PROTEIN,9,F,BAO_0000219,,CHEMBL5046288,10.1021/acs.jmedchem.1c02199,35212542,PUBLICATION,2026-09-12T13:56:46.856914+00:00,,,admitted_exploratory,,development
24669230,CHEMBL5171042,MNMRRFAISKIFMJ-SLHDEKGNSA-N,,antagonist,assay_text_rule,EC50,=,3311.31,nM,5.48,5.480000,0.000000,CHEMBL5099262,CHEMBL251,ADORA2A,Homo sapiens,SINGLE PROTEIN,9,F,BAO_0000219,,CHEMBL5096218,10.1021/acs.jmedchem.2c01414,36270633,PUBLICATION,2026-09-12T13:56:46.856914+00:00,,,quarantine,endpoint_or_functional_mode_not_admitted,development
24669247,CHEMBL5171042,MNMRRFAISKIFMJ-SLHDEKGNSA-N,,antagonist,assay_text_rule,Emax,=,15.41,%,,,,CHEMBL5099263,CHEMBL251,ADORA2A,Homo sapiens,SINGLE PROTEIN,9,F,BAO_0000219,,CHEMBL5096218,10.1021/acs.jmedchem.2c01414,36270633,PUBLICATION,2026-09-12T13:56:46.856914+00:00,,,quarantine,endpoint_or_functional_mode_not_admitted|non_nm_units|pchembl_missing_or_inconsistent,development
24855102,CHEMBL5176737,QHIATACMHNLOEM-UHFFFAOYSA-N,pBind_Ki,antagonist,assay_text_rule,Ki,=,0.302,nM,9.52,9.519993,0.000007,CHEMBL5148523,CHEMBL251,ADORA2A,Homo sapiens,SINGLE PROTEIN,9,B,BAO_0000249,,CHEMBL5143715,10.1021/acs.jmedchem.2c00101,35714367,PUBLICATION,2026-09-12T13:56:46.856914+00:00,,,admitted_exploratory,,locked_holdout
24855197,CHEMBL5176737,QHIATACMHNLOEM-UHFFFAOYSA-N,pFunc_inhibition,antagonist,assay_text_rule,IC50,=,69.9,nM,7.16,7.155523,0.004477,CHEMBL5148543,CHEMBL251,ADORA2A,Homo sapiens,SINGLE PROTEIN,9,F,BAO_0000219,,CHEMBL5143715,10.1021/acs.jmedchem.2c00101,35714367,PUBLICATION,2026-09-12T13:56:46.856914+00:00,,,admitted_exploratory,,locked_holdout
24855203,CHEMBL5176737,QHIATACMHNLOEM-UHFFFAOYSA-N,,antagonist,assay_text_rule,EC50,=,1.81,nM,8.74,8.742321,0.002321,CHEMBL5148544,CHEMBL251,ADORA2A,Homo sapiens,SINGLE PROTEIN,9,F,BAO_0000219,CHEMBL3307588,CHEMBL5143715,10.1021/acs.jmedchem.2c00101,35714367,PUBLICATION,2026-09-12T13:56:46.856914+00:00,,,quarantine,endpoint_or_functional_mode_not_admitted,locked_holdout
24855228,CHEMBL5176737,QHIATACMHNLOEM-UHFFFAOYSA-N,,antagonist,assay_text_rule,FC,=,1.81,,,,,CHEMBL5148563,CHEMBL251,ADORA2A,Homo sapiens,SINGLE PROTEIN,9,F,BAO_0000219,CHEMBL3307588,CHEMBL5143715,10.1021/acs.jmedchem.2c00101,35714367,PUBLICATION,2026-09-12T13:56:46.856914+00:00,,,quarantine,endpoint_or_functional_mode_not_admitted|non_nm_units|pchembl_missing_or_inconsistent,locked_holdout
24783510,CHEMBL5203469,MUHXGASCCALSAJ-PRIMNGNOSA-N,,antagonist,assay_text_rule,Kd,=,1.95,nM,8.71,8.709965,0.000035,CHEMBL5130188,CHEMBL251,ADORA2A,Homo sapiens,SINGLE PROTEIN,9,B,BAO_0000219,,CHEMBL5126612,10.1021/acs.jmedchem.2c00462,35977382,PUBLICATION,2026-09-12T13:56:46.856914+00:00,,,quarantine,endpoint_or_functional_mode_not_admitted,development
24783511,CHEMBL5203469,MUHXGASCCALSAJ-PRIMNGNOSA-N,,antagonist,assay_text_rule,Kd,=,1.8,nM,8.74,8.744727,0.004727,CHEMBL5130189,CHEMBL251,ADORA2A,Homo sapiens,SINGLE PROTEIN,9,B,BAO_0000219,,CHEMBL5126612,10.1021/acs.jmedchem.2c00462,35977382,PUBLICATION,2026-09-12T13:56:46.856914+00:00,,,quarantine,endpoint_or_functional_mode_not_admitted|mutant_or_variant_assay,development
24783512,CHEMBL5203469,MUHXGASCCALSAJ-PRIMNGNOSA-N,,antagonist,assay_text_rule,Kd,=,2.9,nM,8.54,8.537602,0.002398,CHEMBL5130190,CHEMBL251,ADORA2A,Homo sapiens,SINGLE PROTEIN,9,B,BAO_0000219,,CHEMBL5126612,10.1021/acs.jmedchem.2c00462,35977382,PUBLICATION,2026-09-12T13:56:46.856914+00:00,,,quarantine,endpoint_or_functional_mode_not_admitted|mutant_or_variant_assay,development
24783513,CHEMBL5203469,MUHXGASCCALSAJ-PRIMNGNOSA-N,,antagonist,assay_text_rule,Kd,=,2.7,nM,8.57,8.568636,0.001364,CHEMBL5130191,CHEMBL251,ADORA2A,Homo sapiens,SINGLE PROTEIN,9,B,BAO_0000219,,CHEMBL5126612,10.1021/acs.jmedchem.2c00462,35977382,PUBLICATION,2026-09-12T13:56:46.856914+00:00,,,quarantine,endpoint_or_functional_mode_not_admitted|mutant_or_variant_assay,development
24783514,CHEMBL5203469,MUHXGASCCALSAJ-PRIMNGNOSA-N,,antagonist,assay_text_rule,Bmax,=,2.03,pmol,,,,CHEMBL5130192,CHEMBL251,ADORA2A,Homo sapiens,SINGLE PROTEIN,9,B,BAO_0000219,,CHEMBL5126612,10.1021/acs.jmedchem.2c00462,35977382,PUBLICATION,2026-09-12T13:56:46.856914+00:00,,,quarantine,endpoint_or_functional_mode_not_admitted|non_nm_units|pchembl_missing_or_inconsistent,development
24783515,CHEMBL5203469,MUHXGASCCALSAJ-PRIMNGNOSA-N,,antagonist,assay_text_rule,Bmax,=,2.2,pmol,,,,CHEMBL5130193,CHEMBL251,ADORA2A,Homo sapiens,SINGLE PROTEIN,9,B,BAO_0000219,,CHEMBL5126612,10.1021/acs.jmedchem.2c00462,35977382,PUBLICATION,2026-09-12T13:56:46.856914+00:00,,,quarantine,endpoint_or_functional_mode_not_admitted|non_nm_units|mutant_or_variant_assay|pchembl_missing_or_inconsistent,development
24783516,CHEMBL5203469,MUHXGASCCALSAJ-PRIMNGNOSA-N,,antagonist,assay_text_rule,Bmax,=,2.4,pmol,,,,CHEMBL5130194,CHEMBL251,ADORA2A,Homo sapiens,SINGLE PROTEIN,9,B,BAO_0000219,,CHEMBL5126612,10.1021/acs.jmedchem.2c00462,35977382,PUBLICATION,2026-09-12T13:56:46.856914+00:00,,,quarantine,endpoint_or_functional_mode_not_admitted|non_nm_units|mutant_or_variant_assay|pchembl_missing_or_inconsistent,development
24783517,CHEMBL5203469,MUHXGASCCALSAJ-PRIMNGNOSA-N,,antagonist,assay_text_rule,Bmax,=,2.1,pmol,,,,CHEMBL5130195,CHEMBL251,ADORA2A,Homo sapiens,SINGLE PROTEIN,9,B,BAO_0000219,,CHEMBL5126612,10.1021/acs.jmedchem.2c00462,35977382,PUBLICATION,2026-09-12T13:56:46.856914+00:00,,,quarantine,endpoint_or_functional_mode_not_admitted|non_nm_units|mutant_or_variant_assay|pchembl_missing_or_inconsistent,development
24783518,CHEMBL5203469,MUHXGASCCALSAJ-PRIMNGNOSA-N,pBind_Ki,antagonist,assay_text_rule,Ki,=,18.3,nM,7.74,7.737549,0.002451,CHEMBL5130196,CHEMBL251,ADORA2A,Homo sapiens,SINGLE PROTEIN,9,B,BAO_0000219,,CHEMBL5126612,10.1021/acs.jmedchem.2c00462,35977382,PUBLICATION,2026-09-12T13:56:46.856914+00:00,,,admitted_exploratory,,development
24783519,CHEMBL5203469,MUHXGASCCALSAJ-PRIMNGNOSA-N,pBind_Ki,antagonist,assay_text_rule,Ki,=,21.6,nM,7.67,7.665546,0.004454,CHEMBL5130197,CHEMBL251,ADORA2A,Homo sapiens,SINGLE PROTEIN,9,B,BAO_0000219,,CHEMBL5126612,10.1021/acs.jmedchem.2c00462,35977382,PUBLICATION,2026-09-12T13:56:46.856914+00:00,,,quarantine,mutant_or_variant_assay,development
24783520,CHEMBL5203469,MUHXGASCCALSAJ-PRIMNGNOSA-N,pBind_Ki,antagonist,assay_text_rule,Ki,=,19.0,nM,7.72,7.721246,0.001246,CHEMBL5130198,CHEMBL251,ADORA2A,Homo sapiens,SINGLE PROTEIN,9,B,BAO_0000219,,CHEMBL5126612,10.1021/acs.jmedchem.2c00462,35977382,PUBLICATION,2026-09-12T13:56:46.856914+00:00,,,quarantine,mutant_or_variant_assay,development
24783521,CHEMBL5203469,MUHXGASCCALSAJ-PRIMNGNOSA-N,pBind_Ki,antagonist,assay_text_rule,Ki,=,56.4,nM,7.25,7.248721,0.001279,CHEMBL5130199,CHEMBL251,ADORA2A,Homo sapiens,SINGLE PROTEIN,9,B,BAO_0000219,,CHEMBL5126612,10.1021/acs.jmedchem.2c00462,35977382,PUBLICATION,2026-09-12T13:56:46.856914+00:00,,,quarantine,mutant_or_variant_assay,development
24783522,CHEMBL5203469,MUHXGASCCALSAJ-PRIMNGNOSA-N,,antagonist,assay_text_rule,EC50,=,0.9,nM,9.05,9.045757,0.004243,CHEMBL5130200,CHEMBL251,ADORA2A,Homo sapiens,SINGLE PROTEIN,9,F,BAO_0000219,,CHEMBL5126612,10.1021/acs.jmedchem.2c00462,35977382,PUBLICATION,2026-09-12T13:56:46.856914+00:00,,,quarantine,endpoint_or_functional_mode_not_admitted,development
24783523,CHEMBL5203469,MUHXGASCCALSAJ-PRIMNGNOSA-N,,antagonist,assay_text_rule,EC50,=,94.0,nM,7.03,7.026872,0.003128,CHEMBL5130201,CHEMBL251,ADORA2A,Homo sapiens,SINGLE PROTEIN,9,B,BAO_0000219,,CHEMBL5126612,10.1021/acs.jmedchem.2c00462,35977382,PUBLICATION,2026-09-12T13:56:46.856914+00:00,,,quarantine,endpoint_or_functional_mode_not_admitted|mutant_or_variant_assay,development
24783524,CHEMBL5203469,MUHXGASCCALSAJ-PRIMNGNOSA-N,,antagonist,assay_text_rule,EC50,=,109.0,nM,6.96,6.962574,0.002574,CHEMBL5130202,CHEMBL251,ADORA2A,Homo sapiens,SINGLE PROTEIN,9,F,BAO_0000219,,CHEMBL5126612,10.1021/acs.jmedchem.2c00462,35977382,PUBLICATION,2026-09-12T13:56:46.856914+00:00,,,quarantine,endpoint_or_functional_mode_not_admitted|mutant_or_variant_assay,development
24783525,CHEMBL5203469,MUHXGASCCALSAJ-PRIMNGNOSA-N,,antagonist,assay_text_rule,EC50,=,8390.0,nM,5.08,5.076238,0.003762,CHEMBL5130203,CHEMBL251,ADORA2A,Homo sapiens,SINGLE PROTEIN,9,B,BAO_0000219,,CHEMBL5126612,10.1021/acs.jmedchem.2c00462,35977382,PUBLICATION,2026-09-12T13:56:46.856914+00:00,,,quarantine,endpoint_or_functional_mode_not_admitted|mutant_or_variant_assay,development
24783526,CHEMBL5203469,MUHXGASCCALSAJ-PRIMNGNOSA-N,,antagonist,assay_text_rule,FC,=,28.6,,,,,CHEMBL5130204,CHEMBL251,ADORA2A,Homo sapiens,SINGLE PROTEIN,9,F,BAO_0000219,,CHEMBL5126612,10.1021/acs.jmedchem.2c00462,35977382,PUBLICATION,2026-09-12T13:56:46.856914+00:00,,,quarantine,endpoint_or_functional_mode_not_admitted|non_nm_units|pchembl_missing_or_inconsistent,development
24783527,CHEMBL5203469,MUHXGASCCALSAJ-PRIMNGNOSA-N,,antagonist,assay_text_rule,FC,=,25.0,,,,,CHEMBL5130205,CHEMBL251,ADORA2A,Homo sapiens,SINGLE PROTEIN,9,B,BAO_0000219,,CHEMBL5126612,10.1021/acs.jmedchem.2c00462,35977382,PUBLICATION,2026-09-12T13:56:46.856914+00:00,,,quarantine,endpoint_or_functional_mode_not_admitted|non_nm_units|mutant_or_variant_assay|pchembl_missing_or_inconsistent,development
24783528,CHEMBL5203469,MUHXGASCCALSAJ-PRIMNGNOSA-N,,antagonist,assay_text_rule,FC,=,26.2,,,,,CHEMBL5130206,CHEMBL251,ADORA2A,Homo sapiens,SINGLE PROTEIN,9,F,BAO_0000219,,CHEMBL5126612,10.1021/acs.jmedchem.2c00462,35977382,PUBLICATION,2026-09-12T13:56:46.856914+00:00,,,quarantine,endpoint_or_functional_mode_not_admitted|non_nm_units|mutant_or_variant_assay|pchembl_missing_or_inconsistent,development
24783529,CHEMBL5203469,MUHXGASCCALSAJ-PRIMNGNOSA-N,,antagonist,assay_text_rule,FC,=,4.8,,,,,CHEMBL5130207,CHEMBL251,ADORA2A,Homo sapiens,SINGLE PROTEIN,9,B,BAO_0000219,,CHEMBL5126612,10.1021/acs.jmedchem.2c00462,35977382,PUBLICATION,2026-09-12T13:56:46.856914+00:00,,,quarantine,endpoint_or_functional_mode_not_admitted|non_nm_units|mutant_or_variant_assay|pchembl_missing_or_inconsistent,development
25633697,CHEMBL5203469,MUHXGASCCALSAJ-PRIMNGNOSA-N,pBind_Ki,antagonist,assay_text_rule,Ki,=,7.7,nM,8.11,8.113509,0.003509,CHEMBL5366379,CHEMBL251,ADORA2A,Homo sapiens,SINGLE PROTEIN,9,B,BAO_0000249,,CHEMBL5365430,10.1021/acs.jmedchem.3c00806,37603705,PUBLICATION,2026-09-12T13:56:46.856914+00:00,,,admitted_exploratory,,development
25633769,CHEMBL5203469,MUHXGASCCALSAJ-PRIMNGNOSA-N,,antagonist,assay_text_rule,Activity,=,0.8,%,,,,CHEMBL5366393,CHEMBL251,ADORA2A,Homo sapiens,SINGLE PROTEIN,9,F,BAO_0000219,,CHEMBL5365430,10.1021/acs.jmedchem.3c00806,37603705,PUBLICATION,2026-09-12T13:56:46.856914+00:00,,,quarantine,endpoint_or_functional_mode_not_admitted|non_nm_units|pchembl_missing_or_inconsistent,development
25633774,CHEMBL5203469,MUHXGASCCALSAJ-PRIMNGNOSA-N,,antagonist,assay_text_rule,Kb,=,25.8,nM,,7.588380,,CHEMBL5366395,CHEMBL251,ADORA2A,Homo sapiens,SINGLE PROTEIN,9,B,BAO_0000219,,CHEMBL5365430,10.1021/acs.jmedchem.3c00806,37603705,PUBLICATION,2026-09-12T13:56:46.856914+00:00,,,quarantine,endpoint_or_functional_mode_not_admitted|pchembl_missing_or_inconsistent,development
25695785,CHEMBL5397080,GROXRDPKODZSRI-UHFFFAOYSA-N,,antagonist,assay_text_rule,Activity,=,105.6,%,,,,CHEMBL5383591,CHEMBL251,ADORA2A,Homo sapiens,SINGLE PROTEIN,9,F,BAO_0000219,,CHEMBL5380829,10.1021/acs.jmedchem.2c01860,36951370,PUBLICATION,2026-09-12T13:56:46.856914+00:00,,,quarantine,endpoint_or_functional_mode_not_admitted|non_nm_units|pchembl_missing_or_inconsistent,development
25695805,CHEMBL5397080,GROXRDPKODZSRI-UHFFFAOYSA-N,,antagonist,assay_text_rule,Activity,=,123.1,%,,,,CHEMBL5383592,CHEMBL251,ADORA2A,Homo sapiens,SINGLE PROTEIN,9,F,BAO_0000219,,CHEMBL5380829,10.1021/acs.jmedchem.2c01860,36951370,PUBLICATION,2026-09-12T13:56:46.856914+00:00,,,quarantine,endpoint_or_functional_mode_not_admitted|non_nm_units|pchembl_missing_or_inconsistent,development
25695817,CHEMBL5397080,GROXRDPKODZSRI-UHFFFAOYSA-N,pFunc_inhibition,antagonist,assay_text_rule,IC50,=,69.5,nM,7.16,7.158015,0.001985,CHEMBL5383593,CHEMBL251,ADORA2A,Homo sapiens,SINGLE PROTEIN,9,F,BAO_0000219,,CHEMBL5380829,10.1021/acs.jmedchem.2c01860,36951370,PUBLICATION,2026-09-12T13:56:46.856914+00:00,,,admitted_exploratory,,development
25695793,CHEMBL5407903,NCDMZEFGSLFZTJ-UHFFFAOYSA-N,,antagonist,assay_text_rule,Activity,=,0.2,%,,,,CHEMBL5383591,CHEMBL251,ADORA2A,Homo sapiens,SINGLE PROTEIN,9,F,BAO_0000219,,CHEMBL5380829,10.1021/acs.jmedchem.2c01860,36951370,PUBLICATION,2026-09-12T13:56:46.856914+00:00,,,quarantine,endpoint_or_functional_mode_not_admitted|non_nm_units|pchembl_missing_or_inconsistent,development
25695813,CHEMBL5407903,NCDMZEFGSLFZTJ-UHFFFAOYSA-N,,antagonist,assay_text_rule,Activity,=,4.0,%,,,,CHEMBL5383592,CHEMBL251,ADORA2A,Homo sapiens,SINGLE PROTEIN,9,F,BAO_0000219,,CHEMBL5380829,10.1021/acs.jmedchem.2c01860,36951370,PUBLICATION,2026-09-12T13:56:46.856914+00:00,,,quarantine,endpoint_or_functional_mode_not_admitted|non_nm_units|pchembl_missing_or_inconsistent,development
25695775,CHEMBL5410497,IBEKCGKCOQKOJV-UHFFFAOYSA-N,,antagonist,assay_text_rule,Activity,=,3.7,%,,,,CHEMBL5383591,CHEMBL251,ADORA2A,Homo sapiens,SINGLE PROTEIN,9,F,BAO_0000219,,CHEMBL5380829,10.1021/acs.jmedchem.2c01860,36951370,PUBLICATION,2026-09-12T13:56:46.856914+00:00,,,quarantine,endpoint_or_functional_mode_not_admitted|non_nm_units|pchembl_missing_or_inconsistent,development
25695795,CHEMBL5410497,IBEKCGKCOQKOJV-UHFFFAOYSA-N,,antagonist,assay_text_rule,Activity,=,35.3,%,,,,CHEMBL5383592,CHEMBL251,ADORA2A,Homo sapiens,SINGLE PROTEIN,9,F,BAO_0000219,,CHEMBL5380829,10.1021/acs.jmedchem.2c01860,36951370,PUBLICATION,2026-09-12T13:56:46.856914+00:00,,,quarantine,endpoint_or_functional_mode_not_admitted|non_nm_units|pchembl_missing_or_inconsistent,development
25695791,CHEMBL5425820,MDYUIWQHXQGOOU-UHFFFAOYSA-N,,antagonist,assay_text_rule,Activity,=,8.6,%,,,,CHEMBL5383591,CHEMBL251,ADORA2A,Homo sapiens,SINGLE PROTEIN,9,F,BAO_0000219,,CHEMBL5380829,10.1021/acs.jmedchem.2c01860,36951370,PUBLICATION,2026-09-12T13:56:46.856914+00:00,,,quarantine,endpoint_or_functional_mode_not_admitted|non_nm_units|pchembl_missing_or_inconsistent,development
25695811,CHEMBL5425820,MDYUIWQHXQGOOU-UHFFFAOYSA-N,,antagonist,assay_text_rule,Activity,=,35.7,%,,,,CHEMBL5383592,CHEMBL251,ADORA2A,Homo sapiens,SINGLE PROTEIN,9,F,BAO_0000219,,CHEMBL5380829,10.1021/acs.jmedchem.2c01860,36951370,PUBLICATION,2026-09-12T13:56:46.856914+00:00,,,quarantine,endpoint_or_functional_mode_not_admitted|non_nm_units|pchembl_missing_or_inconsistent,development
25695790,CHEMBL5439885,GRPFMWNVPJZROD-UHFFFAOYSA-N,,antagonist,assay_text_rule,Activity,=,95.4,%,,,,CHEMBL5383591,CHEMBL251,ADORA2A,Homo sapiens,SINGLE PROTEIN,9,F,BAO_0000219,,CHEMBL5380829,10.1021/acs.jmedchem.2c01860,36951370,PUBLICATION,2026-09-12T13:56:46.856914+00:00,,,quarantine,endpoint_or_functional_mode_not_admitted|non_nm_units|pchembl_missing_or_inconsistent,development
25695810,CHEMBL5439885,GRPFMWNVPJZROD-UHFFFAOYSA-N,,antagonist,assay_text_rule,Activity,=,115.9,%,,,,CHEMBL5383592,CHEMBL251,ADORA2A,Homo sapiens,SINGLE PROTEIN,9,F,BAO_0000219,,CHEMBL5380829,10.1021/acs.jmedchem.2c01860,36951370,PUBLICATION,2026-09-12T13:56:46.856914+00:00,,,quarantine,endpoint_or_functional_mode_not_admitted|non_nm_units|pchembl_missing_or_inconsistent,development
25695819,CHEMBL5439885,GRPFMWNVPJZROD-UHFFFAOYSA-N,pFunc_inhibition,antagonist,assay_text_rule,IC50,=,168.2,nM,6.77,6.774174,0.004174,CHEMBL5383593,CHEMBL251,ADORA2A,Homo sapiens,SINGLE PROTEIN,9,F,BAO_0000219,,CHEMBL5380829,10.1021/acs.jmedchem.2c01860,36951370,PUBLICATION,2026-09-12T13:56:46.856914+00:00,,,admitted_exploratory,,development
25886108,CHEMBL5556919,MYHYECFOCSQRBC-PRIMNGNOSA-N,pBind_Ki,,unresolved,Ki,=,20.5,nM,7.69,7.688246,0.001754,CHEMBL5517152,CHEMBL251,ADORA2A,Homo sapiens,SINGLE PROTEIN,9,B,BAO_0000249,,CHEMBL5512687,10.1021/acs.jmedchem.4c01003,38845345,PUBLICATION,2026-09-12T13:56:46.856914+00:00,,,admitted_exploratory,,development
25886233,CHEMBL5556919,MYHYECFOCSQRBC-PRIMNGNOSA-N,,antagonist,assay_text_rule,Inhibition,=,99.0,%,,,,CHEMBL5517161,CHEMBL251,ADORA2A,Homo sapiens,SINGLE PROTEIN,9,F,BAO_0000249,,CHEMBL5512687,10.1021/acs.jmedchem.4c01003,38845345,PUBLICATION,2026-09-12T13:56:46.856914+00:00,,,quarantine,endpoint_or_functional_mode_not_admitted|non_nm_units|pchembl_missing_or_inconsistent,development
25886243,CHEMBL5556919,MYHYECFOCSQRBC-PRIMNGNOSA-N,,antagonist,assay_text_rule,Kb,=,37.5,nM,,7.425969,,CHEMBL5517163,CHEMBL251,ADORA2A,Homo sapiens,SINGLE PROTEIN,9,F,BAO_0000249,,CHEMBL5512687,10.1021/acs.jmedchem.4c01003,38845345,PUBLICATION,2026-09-12T13:56:46.856914+00:00,,,quarantine,endpoint_or_functional_mode_not_admitted|pchembl_missing_or_inconsistent,development
2699264,CHEMBL555958,QWZWDTPIAMJTPE-UHFFFAOYSA-N,,,unresolved,Activity,,,,,,,CHEMBL1062512,CHEMBL251,ADORA2A,Homo sapiens,SINGLE PROTEIN,9,B,BAO_0000219,,CHEMBL1153525,10.1021/jm900298c,19711895,PUBLICATION,2026-09-12T13:56:46.856914+00:00,,,quarantine,endpoint_or_functional_mode_not_admitted|non_exact_relation|non_nm_units|non_positive_or_missing_value|pchembl_missing_or_inconsistent|unassigned_stereocenter,development
2699272,CHEMBL555958,QWZWDTPIAMJTPE-UHFFFAOYSA-N,,,unresolved,Activity,,,,,,,CHEMBL1062513,CHEMBL251,ADORA2A,Homo sapiens,SINGLE PROTEIN,9,B,BAO_0000219,,CHEMBL1153525,10.1021/jm900298c,19711895,PUBLICATION,2026-09-12T13:56:46.856914+00:00,,,quarantine,endpoint_or_functional_mode_not_admitted|non_exact_relation|non_nm_units|non_positive_or_missing_value|pchembl_missing_or_inconsistent|unassigned_stereocenter,development
2699288,CHEMBL555958,QWZWDTPIAMJTPE-UHFFFAOYSA-N,,,unresolved,Activity,,,,,,,CHEMBL1062517,CHEMBL251,ADORA2A,Homo sapiens,SINGLE PROTEIN,9,B,BAO_0000219,,CHEMBL1153525,10.1021/jm900298c,19711895,PUBLICATION,2026-09-12T13:56:46.856914+00:00,,,quarantine,endpoint_or_functional_mode_not_admitted|non_exact_relation|non_nm_units|non_positive_or_missing_value|pchembl_missing_or_inconsistent|unassigned_stereocenter,development
2699289,CHEMBL555958,QWZWDTPIAMJTPE-UHFFFAOYSA-N,,,unresolved,Activity,,,,,,,CHEMBL1062518,CHEMBL251,ADORA2A,Homo sapiens,SINGLE PROTEIN,9,B,BAO_0000219,,CHEMBL1153525,10.1021/jm900298c,19711895,PUBLICATION,2026-09-12T13:56:46.856914+00:00,,,quarantine,endpoint_or_functional_mode_not_admitted|non_exact_relation|non_nm_units|non_positive_or_missing_value|pchembl_missing_or_inconsistent|unassigned_stereocenter,development
2699301,CHEMBL555958,QWZWDTPIAMJTPE-UHFFFAOYSA-N,,antagonist,assay_text_rule,Activity,,,,,,,CHEMBL1062522,CHEMBL251,ADORA2A,Homo sapiens,SINGLE PROTEIN,9,F,BAO_0000219,CHEMBL3307715,CHEMBL1153525,10.1021/jm900298c,19711895,PUBLICATION,2026-09-12T13:56:46.856914+00:00,,,quarantine,endpoint_or_functional_mode_not_admitted|non_exact_relation|non_nm_units|non_positive_or_missing_value|pchembl_missing_or_inconsistent|unassigned_stereocenter,development
2699302,CHEMBL555958,QWZWDTPIAMJTPE-UHFFFAOYSA-N,,antagonist,assay_text_rule,Activity,,,,,,,CHEMBL1062523,CHEMBL251,ADORA2A,Homo sapiens,SINGLE PROTEIN,9,F,BAO_0000219,CHEMBL3307715,CHEMBL1153525,10.1021/jm900298c,19711895,PUBLICATION,2026-09-12T13:56:46.856914+00:00,,,quarantine,endpoint_or_functional_mode_not_admitted|non_exact_relation|non_nm_units|non_positive_or_missing_value|pchembl_missing_or_inconsistent|unassigned_stereocenter,development
25886119,CHEMBL5561038,CUXKGZJSDUHGOJ-UHFFFAOYSA-N,pBind_Ki,,unresolved,Ki,=,5.0,nM,8.30,8.301030,0.001030,CHEMBL5517152,CHEMBL251,ADORA2A,Homo sapiens,SINGLE PROTEIN,9,B,BAO_0000249,,CHEMBL5512687,10.1021/acs.jmedchem.4c01003,38845345,PUBLICATION,2026-09-12T13:56:46.856914+00:00,,,admitted_exploratory,,development
25886237,CHEMBL5561038,CUXKGZJSDUHGOJ-UHFFFAOYSA-N,,antagonist,assay_text_rule,Inhibition,=,98.0,%,,,,CHEMBL5517161,CHEMBL251,ADORA2A,Homo sapiens,SINGLE PROTEIN,9,F,BAO_0000249,,CHEMBL5512687,10.1021/acs.jmedchem.4c01003,38845345,PUBLICATION,2026-09-12T13:56:46.856914+00:00,,,quarantine,endpoint_or_functional_mode_not_admitted|non_nm_units|pchembl_missing_or_inconsistent,development
25886244,CHEMBL5561038,CUXKGZJSDUHGOJ-UHFFFAOYSA-N,,antagonist,assay_text_rule,Kb,=,10.0,nM,,8.000000,,CHEMBL5517163,CHEMBL251,ADORA2A,Homo sapiens,SINGLE PROTEIN,9,F,BAO_0000249,,CHEMBL5512687,10.1021/acs.jmedchem.4c01003,38845345,PUBLICATION,2026-09-12T13:56:46.856914+00:00,,,quarantine,endpoint_or_functional_mode_not_admitted|pchembl_missing_or_inconsistent,development
25935600,CHEMBL5562893,VZXSLMMZUNIHCA-UHFFFAOYSA-N,pFunc_inhibition,antagonist,assay_text_rule,IC50,=,11.2,nM,7.95,7.950782,0.000782,CHEMBL5531816,CHEMBL251,ADORA2A,Homo sapiens,SINGLE PROTEIN,9,F,BAO_0000219,,CHEMBL5528085,10.1021/acs.jmedchem.4c00250,38483150,PUBLICATION,2026-09-12T13:56:46.856914+00:00,,,admitted_exploratory,,development
25935680,CHEMBL5562893,VZXSLMMZUNIHCA-UHFFFAOYSA-N,pFunc_inhibition,antagonist,assay_text_rule,IC50,=,7.3,nM,8.14,8.136677,0.003323,CHEMBL5531823,CHEMBL251,ADORA2A,Homo sapiens,SINGLE PROTEIN,9,F,BAO_0000219,,CHEMBL5528085,10.1021/acs.jmedchem.4c00250,38483150,PUBLICATION,2026-09-12T13:56:46.856914+00:00,,,admitted_exploratory,,development
25935682,CHEMBL5562893,VZXSLMMZUNIHCA-UHFFFAOYSA-N,,antagonist,assay_text_rule,Activity,,,,,,,CHEMBL5531825,CHEMBL251,ADORA2A,Homo sapiens,SINGLE PROTEIN,9,F,BAO_0000219,,CHEMBL5528085,10.1021/acs.jmedchem.4c00250,38483150,PUBLICATION,2026-09-12T13:56:46.856914+00:00,,,quarantine,endpoint_or_functional_mode_not_admitted|non_exact_relation|non_nm_units|non_positive_or_missing_value|pchembl_missing_or_inconsistent,development
25935684,CHEMBL5562893,VZXSLMMZUNIHCA-UHFFFAOYSA-N,,antagonist,assay_text_rule,Kd,=,1.622,nM,8.79,8.789949,0.000051,CHEMBL5531827,CHEMBL251,ADORA2A,Homo sapiens,SINGLE PROTEIN,9,F,BAO_0000219,,CHEMBL5528085,10.1021/acs.jmedchem.4c00250,38483150,PUBLICATION,2026-09-12T13:56:46.856914+00:00,,,quarantine,endpoint_or_functional_mode_not_admitted,development
25935686,CHEMBL5562893,VZXSLMMZUNIHCA-UHFFFAOYSA-N,,,unresolved,Activity,,,,,,,CHEMBL5531829,CHEMBL251,ADORA2A,Homo sapiens,SINGLE PROTEIN,9,B,BAO_0000357,,CHEMBL5528085,10.1021/acs.jmedchem.4c00250,38483150,PUBLICATION,2026-09-12T13:56:46.856914+00:00,,,quarantine,endpoint_or_functional_mode_not_admitted|non_exact_relation|non_nm_units|non_positive_or_missing_value|pchembl_missing_or_inconsistent,development
26125654,CHEMBL5619272,OCWXHAVOVZQLIR-UHFFFAOYSA-N,,antagonist,assay_text_rule,Activity,,,,,,,CHEMBL5616300,CHEMBL251,ADORA2A,Homo sapiens,SINGLE PROTEIN,9,F,BAO_0000219,,CHEMBL5614411,10.1016/j.bmc.2024.117881,39178585,PUBLICATION,2026-09-12T13:56:46.856914+00:00,,,quarantine,endpoint_or_functional_mode_not_admitted|non_exact_relation|non_nm_units|non_positive_or_missing_value|pchembl_missing_or_inconsistent,locked_holdout
26125713,CHEMBL5619272,OCWXHAVOVZQLIR-UHFFFAOYSA-N,,antagonist,assay_text_rule,EC50,=,12840.0,nM,4.89,4.891435,0.001435,CHEMBL5616314,CHEMBL251,ADORA2A,Homo sapiens,SINGLE PROTEIN,9,F,BAO_0000219,,CHEMBL5614411,10.1016/j.bmc.2024.117881,39178585,PUBLICATION,2026-09-12T13:56:46.856914+00:00,,,quarantine,endpoint_or_functional_mode_not_admitted,locked_holdout
26125659,CHEMBL5619355,KGEDJBOYKCCMEF-UHFFFAOYSA-N,,antagonist,assay_text_rule,Activity,,,,,,,CHEMBL5616300,CHEMBL251,ADORA2A,Homo sapiens,SINGLE PROTEIN,9,F,BAO_0000219,,CHEMBL5614411,10.1016/j.bmc.2024.117881,39178585,PUBLICATION,2026-09-12T13:56:46.856914+00:00,,,quarantine,endpoint_or_functional_mode_not_admitted|non_exact_relation|non_nm_units|non_positive_or_missing_value|pchembl_missing_or_inconsistent,development
26125710,CHEMBL5619355,KGEDJBOYKCCMEF-UHFFFAOYSA-N,,antagonist,assay_text_rule,Activity,,,,,,,CHEMBL5616313,CHEMBL251,ADORA2A,Homo sapiens,SINGLE PROTEIN,9,F,BAO_0000219,,CHEMBL5614411,10.1016/j.bmc.2024.117881,39178585,PUBLICATION,2026-09-12T13:56:46.856914+00:00,,,quarantine,endpoint_or_functional_mode_not_admitted|non_exact_relation|non_nm_units|non_positive_or_missing_value|pchembl_missing_or_inconsistent,development
26125714,CHEMBL5619355,KGEDJBOYKCCMEF-UHFFFAOYSA-N,,antagonist,assay_text_rule,EC50,=,3590.0,nM,5.45,5.444906,0.005094,CHEMBL5616314,CHEMBL251,ADORA2A,Homo sapiens,SINGLE PROTEIN,9,F,BAO_0000219,,CHEMBL5614411,10.1016/j.bmc.2024.117881,39178585,PUBLICATION,2026-09-12T13:56:46.856914+00:00,,,quarantine,endpoint_or_functional_mode_not_admitted,development
26125645,CHEMBL5619520,SUDOWMACBRPLEH-UHFFFAOYSA-N,,antagonist,assay_text_rule,Activity,,,,,,,CHEMBL5616300,CHEMBL251,ADORA2A,Homo sapiens,SINGLE PROTEIN,9,F,BAO_0000219,,CHEMBL5614411,10.1016/j.bmc.2024.117881,39178585,PUBLICATION,2026-09-12T13:56:46.856914+00:00,,,quarantine,endpoint_or_functional_mode_not_admitted|non_exact_relation|non_nm_units|non_positive_or_missing_value|pchembl_missing_or_inconsistent,development
26125712,CHEMBL5619520,SUDOWMACBRPLEH-UHFFFAOYSA-N,,antagonist,assay_text_rule,EC50,=,14570.0,nM,4.84,4.836540,0.003460,CHEMBL5616314,CHEMBL251,ADORA2A,Homo sapiens,SINGLE PROTEIN,9,F,BAO_0000219,,CHEMBL5614411,10.1016/j.bmc.2024.117881,39178585,PUBLICATION,2026-09-12T13:56:46.856914+00:00,,,quarantine,endpoint_or_functional_mode_not_admitted,development
2699262,CHEMBL564084,OTQOMCALXNRSDL-UHFFFAOYSA-N,,,unresolved,Activity,,,,,,,CHEMBL1062512,CHEMBL251,ADORA2A,Homo sapiens,SINGLE PROTEIN,9,B,BAO_0000219,,CHEMBL1153525,10.1021/jm900298c,19711895,PUBLICATION,2026-09-12T13:56:46.856914+00:00,,,quarantine,endpoint_or_functional_mode_not_admitted|non_exact_relation|non_nm_units|non_positive_or_missing_value|pchembl_missing_or_inconsistent|unassigned_stereocenter,development
2699270,CHEMBL564084,OTQOMCALXNRSDL-UHFFFAOYSA-N,,,unresolved,Activity,,,,,,,CHEMBL1062513,CHEMBL251,ADORA2A,Homo sapiens,SINGLE PROTEIN,9,B,BAO_0000219,,CHEMBL1153525,10.1021/jm900298c,19711895,PUBLICATION,2026-09-12T13:56:46.856914+00:00,,,quarantine,endpoint_or_functional_mode_not_admitted|non_exact_relation|non_nm_units|non_positive_or_missing_value|pchembl_missing_or_inconsistent|unassigned_stereocenter,development
2699286,CHEMBL564084,OTQOMCALXNRSDL-UHFFFAOYSA-N,,,unresolved,Activity,,,,,,,CHEMBL1062517,CHEMBL251,ADORA2A,Homo sapiens,SINGLE PROTEIN,9,B,BAO_0000219,,CHEMBL1153525,10.1021/jm900298c,19711895,PUBLICATION,2026-09-12T13:56:46.856914+00:00,,,quarantine,endpoint_or_functional_mode_not_admitted|non_exact_relation|non_nm_units|non_positive_or_missing_value|pchembl_missing_or_inconsistent|unassigned_stereocenter,development
2699292,CHEMBL564084,OTQOMCALXNRSDL-UHFFFAOYSA-N,,,unresolved,Activity,,,,,,,CHEMBL1062518,CHEMBL251,ADORA2A,Homo sapiens,SINGLE PROTEIN,9,B,BAO_0000219,,CHEMBL1153525,10.1021/jm900298c,19711895,PUBLICATION,2026-09-12T13:56:46.856914+00:00,,,quarantine,endpoint_or_functional_mode_not_admitted|non_exact_relation|non_nm_units|non_positive_or_missing_value|pchembl_missing_or_inconsistent|unassigned_stereocenter,development
2699305,CHEMBL564084,OTQOMCALXNRSDL-UHFFFAOYSA-N,,antagonist,assay_text_rule,Activity,,,,,,,CHEMBL1062522,CHEMBL251,ADORA2A,Homo sapiens,SINGLE PROTEIN,9,F,BAO_0000219,CHEMBL3307715,CHEMBL1153525,10.1021/jm900298c,19711895,PUBLICATION,2026-09-12T13:56:46.856914+00:00,,,quarantine,endpoint_or_functional_mode_not_admitted|non_exact_relation|non_nm_units|non_positive_or_missing_value|pchembl_missing_or_inconsistent|unassigned_stereocenter,development
2699306,CHEMBL564084,OTQOMCALXNRSDL-UHFFFAOYSA-N,,antagonist,assay_text_rule,Activity,,,,,,,CHEMBL1062523,CHEMBL251,ADORA2A,Homo sapiens,SINGLE PROTEIN,9,F,BAO_0000219,CHEMBL3307715,CHEMBL1153525,10.1021/jm900298c,19711895,PUBLICATION,2026-09-12T13:56:46.856914+00:00,,,quarantine,endpoint_or_functional_mode_not_admitted|non_exact_relation|non_nm_units|non_positive_or_missing_value|pchembl_missing_or_inconsistent|unassigned_stereocenter,development
3106973,CHEMBL600794,YCIKPGUSEZZDGL-UHFFFAOYSA-N,pBind_Ki,antagonist,assay_text_rule,Ki,=,2700.0,nM,5.57,5.568636,0.001364,CHEMBL1071493,CHEMBL251,ADORA2A,Homo sapiens,SINGLE PROTEIN,9,B,BAO_0000357,,CHEMBL1156885,10.1021/jm901647p,20095623,PUBLICATION,2026-09-12T13:56:46.856914+00:00,,,admitted_exploratory,,development
3107029,CHEMBL600794,YCIKPGUSEZZDGL-UHFFFAOYSA-N,,antagonist,assay_text_rule,Inhibition,=,92.0,%,,,,CHEMBL1071496,CHEMBL251,ADORA2A,Homo sapiens,SINGLE PROTEIN,9,B,BAO_0000357,,CHEMBL1156885,10.1021/jm901647p,20095623,PUBLICATION,2026-09-12T13:56:46.856914+00:00,,,quarantine,endpoint_or_functional_mode_not_admitted|non_nm_units|pchembl_missing_or_inconsistent,development
3107077,CHEMBL600794,YCIKPGUSEZZDGL-UHFFFAOYSA-N,,antagonist,assay_text_rule,Activity,,,,,,,CHEMBL1071497,CHEMBL251,ADORA2A,Homo sapiens,SINGLE PROTEIN,9,F,BAO_0000219,CHEMBL3307715,CHEMBL1156885,10.1021/jm901647p,20095623,PUBLICATION,2026-09-12T13:56:46.856914+00:00,,Dose-dependent effect,quarantine,endpoint_or_functional_mode_not_admitted|non_exact_relation|non_nm_units|non_positive_or_missing_value|pchembl_missing_or_inconsistent,development
3107078,CHEMBL600794,YCIKPGUSEZZDGL-UHFFFAOYSA-N,,antagonist,assay_text_rule,Activity,,,,,,,CHEMBL1071498,CHEMBL251,ADORA2A,Homo sapiens,SINGLE PROTEIN,9,F,BAO_0000219,CHEMBL3307715,CHEMBL1156885,10.1021/jm901647p,20095623,PUBLICATION,2026-09-12T13:56:46.856914+00:00,,,quarantine,endpoint_or_functional_mode_not_admitted|non_exact_relation|non_nm_units|non_positive_or_missing_value|pchembl_missing_or_inconsistent,development
3106959,CHEMBL600819,VJCANGHIFSKRFF-UHFFFAOYSA-N,pBind_Ki,antagonist,assay_text_rule,Ki,=,630.0,nM,6.20,6.200659,0.000659,CHEMBL1071493,CHEMBL251,ADORA2A,Homo sapiens,SINGLE PROTEIN,9,B,BAO_0000357,,CHEMBL1156885,10.1021/jm901647p,20095623,PUBLICATION,2026-09-12T13:56:46.856914+00:00,,,admitted_exploratory,,development
3107015,CHEMBL600819,VJCANGHIFSKRFF-UHFFFAOYSA-N,,antagonist,assay_text_rule,Inhibition,=,54.0,%,,,,CHEMBL1071496,CHEMBL251,ADORA2A,Homo sapiens,SINGLE PROTEIN,9,B,BAO_0000357,,CHEMBL1156885,10.1021/jm901647p,20095623,PUBLICATION,2026-09-12T13:56:46.856914+00:00,,,quarantine,endpoint_or_functional_mode_not_admitted|non_nm_units|pchembl_missing_or_inconsistent,development
3107016,CHEMBL600819,VJCANGHIFSKRFF-UHFFFAOYSA-N,,antagonist,assay_text_rule,Activity,,,,,,,CHEMBL1071498,CHEMBL251,ADORA2A,Homo sapiens,SINGLE PROTEIN,9,F,BAO_0000219,CHEMBL3307715,CHEMBL1156885,10.1021/jm901647p,20095623,PUBLICATION,2026-09-12T13:56:46.856914+00:00,,,quarantine,endpoint_or_functional_mode_not_admitted|non_exact_relation|non_nm_units|non_positive_or_missing_value|pchembl_missing_or_inconsistent,development
3107073,CHEMBL600819,VJCANGHIFSKRFF-UHFFFAOYSA-N,,antagonist,assay_text_rule,Activity,,,,,,,CHEMBL1071497,CHEMBL251,ADORA2A,Homo sapiens,SINGLE PROTEIN,9,F,BAO_0000219,CHEMBL3307715,CHEMBL1156885,10.1021/jm901647p,20095623,PUBLICATION,2026-09-12T13:56:46.856914+00:00,,,quarantine,endpoint_or_functional_mode_not_admitted|non_exact_relation|non_nm_units|non_positive_or_missing_value|pchembl_missing_or_inconsistent,development
3106970,CHEMBL601413,YHFDPEYHDOTAOT-UHFFFAOYSA-N,pBind_Ki,antagonist,assay_text_rule,Ki,=,300.0,nM,6.52,6.522879,0.002879,CHEMBL1071493,CHEMBL251,ADORA2A,Homo sapiens,SINGLE PROTEIN,9,B,BAO_0000357,,CHEMBL1156885,10.1021/jm901647p,20095623,PUBLICATION,2026-09-12T13:56:46.856914+00:00,,,admitted_exploratory,,development
3107026,CHEMBL601413,YHFDPEYHDOTAOT-UHFFFAOYSA-N,,antagonist,assay_text_rule,Inhibition,=,70.0,%,,,,CHEMBL1071496,CHEMBL251,ADORA2A,Homo sapiens,SINGLE PROTEIN,9,B,BAO_0000357,,CHEMBL1156885,10.1021/jm901647p,20095623,PUBLICATION,2026-09-12T13:56:46.856914+00:00,,,quarantine,endpoint_or_functional_mode_not_admitted|non_nm_units|pchembl_missing_or_inconsistent,development
3107075,CHEMBL601413,YHFDPEYHDOTAOT-UHFFFAOYSA-N,,antagonist,assay_text_rule,Activity,,,,,,,CHEMBL1071497,CHEMBL251,ADORA2A,Homo sapiens,SINGLE PROTEIN,9,F,BAO_0000219,CHEMBL3307715,CHEMBL1156885,10.1021/jm901647p,20095623,PUBLICATION,2026-09-12T13:56:46.856914+00:00,,Dose-dependent effect,quarantine,endpoint_or_functional_mode_not_admitted|non_exact_relation|non_nm_units|non_positive_or_missing_value|pchembl_missing_or_inconsistent,development
3107076,CHEMBL601413,YHFDPEYHDOTAOT-UHFFFAOYSA-N,,antagonist,assay_text_rule,Activity,,,,,,,CHEMBL1071498,CHEMBL251,ADORA2A,Homo sapiens,SINGLE PROTEIN,9,F,BAO_0000219,CHEMBL3307715,CHEMBL1156885,10.1021/jm901647p,20095623,PUBLICATION,2026-09-12T13:56:46.856914+00:00,,,quarantine,endpoint_or_functional_mode_not_admitted|non_exact_relation|non_nm_units|non_positive_or_missing_value|pchembl_missing_or_inconsistent,development
3107079,CHEMBL601413,YHFDPEYHDOTAOT-UHFFFAOYSA-N,,antagonist,assay_text_rule,Activity,,,,,,,CHEMBL1071499,CHEMBL251,ADORA2A,Homo sapiens,SINGLE PROTEIN,9,F,BAO_0000219,CHEMBL3307715,CHEMBL1156885,10.1021/jm901647p,20095623,PUBLICATION,2026-09-12T13:56:46.856914+00:00,,,quarantine,endpoint_or_functional_mode_not_admitted|non_exact_relation|non_nm_units|non_positive_or_missing_value|pchembl_missing_or_inconsistent,development
