chembl_id,molecule_name,curation_batch,proposed_class,decision,functional_class,primary_binary_label,evidence_tier,dataset_admission_eligible,primary_analysis_eligible,training_eligible,curation_mode,decision_engine,human_validation_claimed,human_approval_required,decision_rationale,functional_activity_rows,qualifying_activity_rows,representative_activity_id,representative_assay_id,representative_document_id,representative_source_url,representative_evidence_passage,audited_at_utc,ruleset_version
CHEMBL113142,ZM-241385,1,antagonist,quarantine_excluded_function,unknown,,,False,False,False,machine_curated_computational_audit,deterministic_evidence_rules,False,False,Raw ChEMBL evidence contains endpoint-excluded functional class(es) ['inverse_agonist']; the record cannot enter the binary agonist-versus-antagonist endpoint.,9,9,13300508,CHEMBL2384072,CHEMBL2380258,https://doi.org/10.1016/j.bmcl.2013.03.070,Antagonist activity at recombinant human adenosine A2A receptor expressed in CHO cells assessed as inhibition of NECA-induced cAMP production after 60 mins,2026-09-10T12:57:45.680015+00:00,a2a-computational-curation-v1.3
CHEMBL477,ADENOSINE,1,agonist,accept_agonist,agonist,1,tier_1,True,True,False,machine_curated_computational_audit,deterministic_evidence_rules,False,False,3 qualifying activity row(s) link an explicit human A2A functional agonist direction to 2 traceable primary publication(s).,5,5,3352047,CHEMBL1175311,CHEMBL1177799,https://doi.org/10.1016/j.bmcl.2010.05.056,Agonist activity at human adenosine A2A receptor expressed in CHO cells assessed as increase of intracellular calcium level,2026-09-10T12:57:45.680238+00:00,a2a-computational-curation-v1.3
CHEMBL4297184,CIFORADENANT,1,antagonist,accept_antagonist,antagonist,0,tier_1,True,True,False,machine_curated_computational_audit,deterministic_evidence_rules,False,False,8 qualifying activity row(s) link an explicit human A2A functional antagonist direction to 3 traceable primary publication(s).,8,8,22757002,CHEMBL4701023,CHEMBL4699449,https://doi.org/10.1021/acs.jmedchem.0c00237,Antagonist activity at human adenosine 2A receptor expressed in HEK293 cells assessed as inhibition of NECA-induced cAMP by immunoassay,2026-09-10T12:57:45.680401+00:00,a2a-computational-curation-v1.3
CHEMBL5203469,CHEMBL5203469,1,antagonist,accept_antagonist,antagonist,0,tier_1,True,True,False,machine_curated_computational_audit,deterministic_evidence_rules,False,False,5 qualifying activity row(s) link an explicit human A2A functional antagonist direction to 2 traceable primary publication(s).,5,5,24783522,CHEMBL5130200,CHEMBL5126612,https://doi.org/10.1021/acs.jmedchem.2c00462,Antagonist activity at wild type human A2AAR expressed in CHO cells assessed as inhibition of CGS21680-induced cAMP accumulation preincubated for 20 mins followed by CGS21680 addition and measured after 20 mins by by alpha screen assay,2026-09-10T12:57:45.680515+00:00,a2a-computational-curation-v1.3
CHEMBL4104819,CHEMBL4104819,1,agonist,accept_agonist,agonist,1,tier_1,True,True,False,machine_curated_computational_audit,deterministic_evidence_rules,False,False,4 qualifying activity row(s) link an explicit human A2A functional agonist direction to 2 traceable primary publication(s).,4,4,18224815,CHEMBL4048590,CHEMBL4043287,https://doi.org/10.1021/acs.jmedchem.8b00047,Agonist activity at human A2A-AR expressed in FlpIn-CHO cells assessed as inhibition of forskolin-stimulated cAMP accumulation preincubated for 40 mins followed by forskolin addition measured after 30 mins by Alphascreen assay,2026-09-10T12:57:45.680603+00:00,a2a-computational-curation-v1.3
CHEMBL3414940,CHEMBL3414940,1,agonist,accept_agonist,agonist,1,tier_1,True,True,False,machine_curated_computational_audit,deterministic_evidence_rules,False,False,4 qualifying activity row(s) link an explicit human A2A functional agonist direction to 2 traceable primary publication(s).,4,4,15208847,CHEMBL3420494,CHEMBL3414438,https://doi.org/10.1021/acs.jmedchem.5b00074,Agonist activity at human recombinant adenosine A2A receptor transfected in CHO cells assessed as induction of adenylyl cyclase activity,2026-09-10T12:57:45.680699+00:00,a2a-computational-curation-v1.3
CHEMBL3414941,CHEMBL3414941,1,agonist,accept_agonist,agonist,1,tier_1,True,True,False,machine_curated_computational_audit,deterministic_evidence_rules,False,False,4 qualifying activity row(s) link an explicit human A2A functional agonist direction to 2 traceable primary publication(s).,4,4,15208848,CHEMBL3420494,CHEMBL3414438,https://doi.org/10.1021/acs.jmedchem.5b00074,Agonist activity at human recombinant adenosine A2A receptor transfected in CHO cells assessed as induction of adenylyl cyclase activity,2026-09-10T12:57:45.680791+00:00,a2a-computational-curation-v1.3
CHEMBL186113,GW-328267,1,agonist,needs_full_text,unknown,,,False,False,False,machine_curated_computational_audit,deterministic_evidence_rules,False,False,"Functional evidence passed target/context checks, but no qualifying primary publication was established.",3,3,12139290,CHEMBL2187058,CHEMBL2177029,https://doi.org/10.1021/jm300087j,Agonist activity at human recombinant adenosine A2A receptor expressed in CHO cells assessed as induction of cyclic AMP production,2026-09-10T12:57:45.680835+00:00,a2a-computational-curation-v1.3
CHEMBL1087189,CHEMBL1087189,1,antagonist,accept_antagonist,antagonist,0,tier_1,True,True,False,machine_curated_computational_audit,deterministic_evidence_rules,False,False,1 qualifying activity row(s) link an explicit human A2A functional antagonist direction to 1 traceable primary publication(s).,2,2,12084390,CHEMBL2167687,CHEMBL2163234,https://doi.org/10.1021/jm201640m,Antagonist activity at human Adenosine receptor A2a assessed as inhibition of cAMP production,2026-09-10T12:57:45.680864+00:00,a2a-computational-curation-v1.3
CHEMBL1095488,CHEMBL1095488,1,antagonist,accept_antagonist,antagonist,0,tier_1,True,True,False,machine_curated_computational_audit,deterministic_evidence_rules,False,False,1 qualifying activity row(s) link an explicit human A2A functional antagonist direction to 1 traceable primary publication(s).,2,2,12084381,CHEMBL2167687,CHEMBL2163234,https://doi.org/10.1021/jm201640m,Antagonist activity at human Adenosine receptor A2a assessed as inhibition of cAMP production,2026-09-10T12:57:45.680893+00:00,a2a-computational-curation-v1.3
CHEMBL17127,SCH-58261,1,antagonist,accept_antagonist,antagonist,0,tier_1,True,True,False,machine_curated_computational_audit,deterministic_evidence_rules,False,False,2 qualifying activity row(s) link an explicit human A2A functional antagonist direction to 2 traceable primary publication(s).,2,2,3243758,CHEMBL1105453,CHEMBL1156165,https://doi.org/10.1016/j.bmc.2010.02.048,Antagonist activity at human adenosine A2A receptor expressed in HEK293 cells assessed as inhibition of NECA-induced intracellular cAMP accumulation at 100 nM after 24 hrs (Rvb= 0.40 pmol/ml),2026-09-10T12:57:45.680938+00:00,a2a-computational-curation-v1.3
CHEMBL197669,ST1535,1,antagonist,accept_antagonist,antagonist,0,tier_1,True,True,False,machine_curated_computational_audit,deterministic_evidence_rules,False,False,2 qualifying activity row(s) link an explicit human A2A functional antagonist direction to 2 traceable primary publication(s).,2,2,13300521,CHEMBL2384073,CHEMBL2380258,https://doi.org/10.1016/j.bmcl.2013.03.070,Antagonist activity at human adenosine A2A receptor assessed as cAMP level by cell based assay,2026-09-10T12:57:45.680980+00:00,a2a-computational-curation-v1.3
CHEMBL3222055,CHEMBL3222055,1,antagonist,accept_antagonist,antagonist,0,tier_1,True,True,False,machine_curated_computational_audit,deterministic_evidence_rules,False,False,1 qualifying activity row(s) link an explicit human A2A functional antagonist direction to 1 traceable primary publication(s).,2,2,14552518,CHEMBL3223903,CHEMBL3217453,https://doi.org/10.1039/C1MD00082A,Antagonist activity at human adenosine A2A receptor expressed in CHO-K1 cells preincubated for 15 mins before NECA addition measured after 5.5 to 6 hrs by beta-galactosidase reporter gene assay,2026-09-10T12:57:45.681015+00:00,a2a-computational-curation-v1.3
CHEMBL3222061,CHEMBL3222061,1,antagonist,accept_antagonist,antagonist,0,tier_1,True,True,False,machine_curated_computational_audit,deterministic_evidence_rules,False,False,1 qualifying activity row(s) link an explicit human A2A functional antagonist direction to 1 traceable primary publication(s).,2,2,14552496,CHEMBL3223903,CHEMBL3217453,https://doi.org/10.1039/C1MD00082A,Antagonist activity at human adenosine A2A receptor expressed in CHO-K1 cells preincubated for 15 mins before NECA addition measured after 5.5 to 6 hrs by beta-galactosidase reporter gene assay,2026-09-10T12:57:45.681049+00:00,a2a-computational-curation-v1.3
CHEMBL3222062,CHEMBL3222062,1,antagonist,accept_antagonist,antagonist,0,tier_1,True,True,False,machine_curated_computational_audit,deterministic_evidence_rules,False,False,1 qualifying activity row(s) link an explicit human A2A functional antagonist direction to 1 traceable primary publication(s).,2,2,14552494,CHEMBL3223903,CHEMBL3217453,https://doi.org/10.1039/C1MD00082A,Antagonist activity at human adenosine A2A receptor expressed in CHO-K1 cells preincubated for 15 mins before NECA addition measured after 5.5 to 6 hrs by beta-galactosidase reporter gene assay,2026-09-10T12:57:45.681083+00:00,a2a-computational-curation-v1.3
CHEMBL3317574,CHEMBL3317574,1,antagonist,accept_antagonist,antagonist,0,tier_1,True,True,False,machine_curated_computational_audit,deterministic_evidence_rules,False,False,1 qualifying activity row(s) link an explicit human A2A functional antagonist direction to 1 traceable primary publication(s).,2,2,15029631,CHEMBL3379793,CHEMBL3352340,https://doi.org/10.1016/j.ejmech.2014.07.060,Antagonist activity at human adenosine A2A receptor expressed in CHO cells assessed as inhibition of NECA-stimulated cAMP level by scintillation counting analysis,2026-09-10T12:57:45.681125+00:00,a2a-computational-curation-v1.3
CHEMBL4064795,CHEMBL4064795,1,antagonist,accept_antagonist,antagonist,0,tier_1,True,True,False,machine_curated_computational_audit,deterministic_evidence_rules,False,False,1 qualifying activity row(s) link an explicit human A2A functional antagonist direction to 1 traceable primary publication(s).,2,2,18059396,CHEMBL4012875,CHEMBL4011624,https://doi.org/10.1021/acs.jmedchem.7b00457,Antagonist activity at human adenosine receptor A2A expressed in CHO cell membranes assessed as inhibition of NECA-induced increase of cAMP accumulation preincubated for 10 mins followed by NECA addition measured after 10 mins by GloSensor cAMP assay,2026-09-10T12:57:45.681167+00:00,a2a-computational-curation-v1.3
CHEMBL458242,CHEMBL458242,1,antagonist,accept_antagonist,antagonist,0,tier_1,True,True,False,machine_curated_computational_audit,deterministic_evidence_rules,False,False,2 qualifying activity row(s) link an explicit human A2A functional antagonist direction to 2 traceable primary publication(s).,2,2,2399563,CHEMBL950440,CHEMBL1152277,https://doi.org/10.1021/jm800851u,Antagonist activity at human adenosine A2A receptor expressed in CHO cells assessed as inhibition of CGS-21680-induced cAMP production,2026-09-10T12:57:45.681205+00:00,a2a-computational-curation-v1.3
CHEMBL4849795,CHEMBL4849795,1,antagonist,accept_antagonist,antagonist,0,tier_1,True,True,False,machine_curated_computational_audit,deterministic_evidence_rules,False,False,1 qualifying activity row(s) link an explicit human A2A functional antagonist direction to 1 traceable primary publication(s).,2,2,23172721,CHEMBL4814789,CHEMBL4813923,https://doi.org/10.1016/j.ejmech.2020.113040,Antagonist activity at human A2A expressed in human HEK293 cells assessed as reduction in cAMP production preincubated for 10 mins followed by NECA stimulation and measured after 30 mins by micro plate reader method,2026-09-10T12:57:45.681244+00:00,a2a-computational-curation-v1.3
CHEMBL4063841,CHEMBL4063841,2,agonist,accept_agonist,agonist,1,tier_1,True,True,False,machine_curated_computational_audit,deterministic_evidence_rules,False,False,3 qualifying activity row(s) link an explicit human A2A functional agonist direction to 1 traceable primary publication(s).,3,3,18224819,CHEMBL4048590,CHEMBL4043287,https://doi.org/10.1021/acs.jmedchem.8b00047,Agonist activity at human A2A-AR expressed in FlpIn-CHO cells assessed as inhibition of forskolin-stimulated cAMP accumulation preincubated for 40 mins followed by forskolin addition measured after 30 mins by Alphascreen assay,2026-09-10T12:57:45.681309+00:00,a2a-computational-curation-v1.3
CHEMBL5090017,CHEMBL5090017,2,antagonist,accept_antagonist,antagonist,0,tier_1,True,True,False,machine_curated_computational_audit,deterministic_evidence_rules,False,False,4 qualifying activity row(s) link an explicit human A2A functional antagonist direction to 1 traceable primary publication(s).,4,4,24422738,CHEMBL5049261,CHEMBL5046288,https://doi.org/10.1021/acs.jmedchem.1c02199,Antagonist activity at human A2aR expressed in HEK293 cells assessed as reduction in NECA-induced cAMP production incubated for 20 mins in presence of 20 nM NECA by GloSensor cAMP detection assay,2026-09-10T12:57:45.681393+00:00,a2a-computational-curation-v1.3
CHEMBL4072009,CHEMBL4072009,2,agonist,accept_agonist,agonist,1,tier_1,True,True,False,machine_curated_computational_audit,deterministic_evidence_rules,False,False,3 qualifying activity row(s) link an explicit human A2A functional agonist direction to 1 traceable primary publication(s).,3,3,18224822,CHEMBL4048590,CHEMBL4043287,https://doi.org/10.1021/acs.jmedchem.8b00047,Agonist activity at human A2A-AR expressed in FlpIn-CHO cells assessed as inhibition of forskolin-stimulated cAMP accumulation preincubated for 40 mins followed by forskolin addition measured after 30 mins by Alphascreen assay,2026-09-10T12:57:45.681457+00:00,a2a-computational-curation-v1.3
CHEMBL5562893,CHEMBL5562893,2,antagonist,accept_antagonist,antagonist,0,tier_1,True,True,False,machine_curated_computational_audit,deterministic_evidence_rules,False,False,4 qualifying activity row(s) link an explicit human A2A functional antagonist direction to 1 traceable primary publication(s).,4,4,25935600,CHEMBL5531816,CHEMBL5528085,https://doi.org/10.1021/acs.jmedchem.4c00250,Antagonist activity at human adenosine 2A receptor overexpressed in HEK293 cells preincubated for 0.5 hrs followed by NECA stimulation by GloSensor cAMP assay,2026-09-10T12:57:45.681557+00:00,a2a-computational-curation-v1.3
CHEMBL5397080,CHEMBL5397080,2,antagonist,accept_antagonist,antagonist,0,tier_1,True,True,False,machine_curated_computational_audit,deterministic_evidence_rules,False,False,3 qualifying activity row(s) link an explicit human A2A functional antagonist direction to 1 traceable primary publication(s).,3,3,25695785,CHEMBL5383591,CHEMBL5380829,https://doi.org/10.1021/acs.jmedchem.2c01860,Antagonist activity at human adenosine A2A receptor expressed in HEK293 cells assessed as inhibition of NECA-induced cAMP accumulation at 1 uM pretreated for 30 mins followed by NECA induction by GloSensor assay relative to control,2026-09-10T12:57:45.681623+00:00,a2a-computational-curation-v1.3
CHEMBL5439885,CHEMBL5439885,2,antagonist,accept_antagonist,antagonist,0,tier_1,True,True,False,machine_curated_computational_audit,deterministic_evidence_rules,False,False,3 qualifying activity row(s) link an explicit human A2A functional antagonist direction to 1 traceable primary publication(s).,3,3,25695790,CHEMBL5383591,CHEMBL5380829,https://doi.org/10.1021/acs.jmedchem.2c01860,Antagonist activity at human adenosine A2A receptor expressed in HEK293 cells assessed as inhibition of NECA-induced cAMP accumulation at 1 uM pretreated for 30 mins followed by NECA induction by GloSensor assay relative to control,2026-09-10T12:57:45.681689+00:00,a2a-computational-curation-v1.3
CHEMBL4075186,CHEMBL4075186,2,agonist,accept_agonist,agonist,1,tier_1,True,True,False,machine_curated_computational_audit,deterministic_evidence_rules,False,False,3 qualifying activity row(s) link an explicit human A2A functional agonist direction to 1 traceable primary publication(s).,3,3,18224820,CHEMBL4048590,CHEMBL4043287,https://doi.org/10.1021/acs.jmedchem.8b00047,Agonist activity at human A2A-AR expressed in FlpIn-CHO cells assessed as inhibition of forskolin-stimulated cAMP accumulation preincubated for 40 mins followed by forskolin addition measured after 30 mins by Alphascreen assay,2026-09-10T12:57:45.681753+00:00,a2a-computational-curation-v1.3
CHEMBL5619355,CHEMBL5619355,2,antagonist,accept_antagonist,antagonist,0,tier_1,True,True,False,machine_curated_computational_audit,deterministic_evidence_rules,False,False,3 qualifying activity row(s) link an explicit human A2A functional antagonist direction to 1 traceable primary publication(s).,3,3,26125659,CHEMBL5616300,CHEMBL5614411,https://doi.org/10.1016/j.bmc.2024.117881,Antagonist activity at human Adenosine receptor A2a transfected in HEK293 cells co-expressing CRE-luciferase plasmid assessed as reduction in CRE promoter activity at 10 uM incubated for 18 hrs by luciferase based CRE reporter assay,2026-09-10T12:57:45.681820+00:00,a2a-computational-curation-v1.3
CHEMBL601413,CHEMBL601413,2,antagonist,accept_antagonist,antagonist,0,tier_1,True,True,False,machine_curated_computational_audit,deterministic_evidence_rules,False,False,3 qualifying activity row(s) link an explicit human A2A functional antagonist direction to 1 traceable primary publication(s).,3,3,3107075,CHEMBL1071497,CHEMBL1156885,https://doi.org/10.1021/jm901647p,"Antagonist activity at human adenosine 2A receptor expressed in HEK293 cells assessed as inhibition of 10 nM 3-(4-(2-(6-amino-9-((2R,3R,4S,5S)-5-(ethylcarbamoyl)-3,4-dihydroxytetrahydrofuran-2-yl)-9H-purin-2-ylamino)ethyl)phenyl)propanoic acid-induced intracellular cAMP production at 10 uM",2026-09-10T12:57:45.681904+00:00,a2a-computational-curation-v1.3
CHEMBL4076495,CHEMBL4076495,2,agonist,accept_agonist,agonist,1,tier_1,True,True,False,machine_curated_computational_audit,deterministic_evidence_rules,False,False,3 qualifying activity row(s) link an explicit human A2A functional agonist direction to 1 traceable primary publication(s).,3,3,18224826,CHEMBL4048590,CHEMBL4043287,https://doi.org/10.1021/acs.jmedchem.8b00047,Agonist activity at human A2A-AR expressed in FlpIn-CHO cells assessed as inhibition of forskolin-stimulated cAMP accumulation preincubated for 40 mins followed by forskolin addition measured after 30 mins by Alphascreen assay,2026-09-10T12:57:45.681968+00:00,a2a-computational-curation-v1.3
CHEMBL431770,ISTRADEFYLLINE,2,antagonist,quarantine_excluded_function,unknown,,,False,False,False,machine_curated_computational_audit,deterministic_evidence_rules,False,False,Raw ChEMBL evidence contains endpoint-excluded functional class(es) ['inverse_agonist']; the record cannot enter the binary agonist-versus-antagonist endpoint.,3,3,13300499,CHEMBL2384072,CHEMBL2380258,https://doi.org/10.1016/j.bmcl.2013.03.070,Antagonist activity at recombinant human adenosine A2A receptor expressed in CHO cells assessed as inhibition of NECA-induced cAMP production after 60 mins,2026-09-10T12:57:45.682035+00:00,a2a-computational-curation-v1.3
CHEMBL2024116,CHEMBL2024116,2,antagonist,accept_antagonist,antagonist,0,tier_1,True,True,False,machine_curated_computational_audit,deterministic_evidence_rules,False,False,2 qualifying activity row(s) link an explicit human A2A functional antagonist direction to 1 traceable primary publication(s).,2,2,22757057,CHEMBL4701050,CHEMBL4699449,https://doi.org/10.1021/acs.jmedchem.0c00237,Antagonist activity at human adenosine 2A receptor expressed in CHO-K1 cells assessed as reduction in cAMP level in presence of 10 uM adenosine by fluorescent Assay,2026-09-10T12:57:45.682068+00:00,a2a-computational-curation-v1.3
CHEMBL2382434,CHEMBL2382434,2,antagonist,accept_antagonist,antagonist,0,tier_1,True,True,False,machine_curated_computational_audit,deterministic_evidence_rules,False,False,2 qualifying activity row(s) link an explicit human A2A functional antagonist direction to 1 traceable primary publication(s).,2,2,13299560,CHEMBL2382682,CHEMBL2380255,https://doi.org/10.1021/jm400336x,Antagonist activity at human adenosine A2A receptor expressed in CHO cells assessed as decrease in NECA-induced cAMP accumulation up to 20 uM incubated for 10 mins followed by NECA induction for 15 mins measured after 60 mins by liquid scintillation counting analysis in presence of [3H]cAMP,2026-09-10T12:57:45.682109+00:00,a2a-computational-curation-v1.3
CHEMBL4078771,CHEMBL4078771,2,agonist,accept_agonist,agonist,1,tier_1,True,True,False,machine_curated_computational_audit,deterministic_evidence_rules,False,False,3 qualifying activity row(s) link an explicit human A2A functional agonist direction to 1 traceable primary publication(s).,3,3,18224828,CHEMBL4048590,CHEMBL4043287,https://doi.org/10.1021/acs.jmedchem.8b00047,Agonist activity at human A2A-AR expressed in FlpIn-CHO cells assessed as inhibition of forskolin-stimulated cAMP accumulation preincubated for 40 mins followed by forskolin addition measured after 30 mins by Alphascreen assay,2026-09-10T12:57:45.682173+00:00,a2a-computational-curation-v1.3
CHEMBL3827859,CHEMBL3827859,2,antagonist,accept_antagonist,antagonist,0,tier_1,True,True,False,machine_curated_computational_audit,deterministic_evidence_rules,False,False,2 qualifying activity row(s) link an explicit human A2A functional antagonist direction to 1 traceable primary publication(s).,2,2,16652695,CHEMBL3831099,CHEMBL3826885,https://doi.org/10.1016/j.bmc.2016.07.028,Antagonist activity at human adenosine receptor A2a expressed in CHO cell membranes assessed as inhibition of NECA-induced cAMP accumulation incubated for 15 mins in presence of [3H]cAMP by liquid scintillation counting,2026-09-10T12:57:45.682217+00:00,a2a-computational-curation-v1.3
CHEMBL3904408,CHEMBL3904408,2,antagonist,quarantine_excluded_function,unknown,,,False,False,False,machine_curated_computational_audit,deterministic_evidence_rules,False,False,Raw ChEMBL evidence contains endpoint-excluded functional class(es) ['inverse_agonist']; the record cannot enter the binary agonist-versus-antagonist endpoint.,2,2,16853874,CHEMBL3878910,CHEMBL3877301,https://doi.org/10.1021/acs.jmedchem.6b01068,Antagonist activity against human adenosine A2A receptor expressed in CHO cells assessed as inhibition of CGS21680-stimulated cAMP accumulation measured after 150 mins in presence of [3H]cAMP by scintillation counting method,2026-09-10T12:57:45.682266+00:00,a2a-computational-curation-v1.3
CHEMBL4081224,CHEMBL4081224,2,agonist,accept_agonist,agonist,1,tier_1,True,True,False,machine_curated_computational_audit,deterministic_evidence_rules,False,False,3 qualifying activity row(s) link an explicit human A2A functional agonist direction to 1 traceable primary publication(s).,3,3,18224825,CHEMBL4048590,CHEMBL4043287,https://doi.org/10.1021/acs.jmedchem.8b00047,Agonist activity at human A2A-AR expressed in FlpIn-CHO cells assessed as inhibition of forskolin-stimulated cAMP accumulation preincubated for 40 mins followed by forskolin addition measured after 30 mins by Alphascreen assay,2026-09-10T12:57:45.682330+00:00,a2a-computational-curation-v1.3
CHEMBL4125975,CHEMBL4125975,2,antagonist,quarantine_excluded_function,unknown,,,False,False,False,machine_curated_computational_audit,deterministic_evidence_rules,False,False,Raw ChEMBL evidence contains endpoint-excluded functional class(es) ['inverse_agonist']; the record cannot enter the binary agonist-versus-antagonist endpoint.,2,2,18301019,CHEMBL4124843,CHEMBL4118252,https://doi.org/10.1016/j.bmc.2018.05.048,Antagonist activity at human A2A adenosine receptor expressed in CHO cells assessed as inhibition of CGS21680-stimulated cAMP level after 30 mins by Alphascreen assay,2026-09-10T12:57:45.682371+00:00,a2a-computational-curation-v1.3
CHEMBL4126427,CHEMBL4126427,2,antagonist,quarantine_excluded_function,unknown,,,False,False,False,machine_curated_computational_audit,deterministic_evidence_rules,False,False,Raw ChEMBL evidence contains endpoint-excluded functional class(es) ['inverse_agonist']; the record cannot enter the binary agonist-versus-antagonist endpoint.,2,2,18301020,CHEMBL4124843,CHEMBL4118252,https://doi.org/10.1016/j.bmc.2018.05.048,Antagonist activity at human A2A adenosine receptor expressed in CHO cells assessed as inhibition of CGS21680-stimulated cAMP level after 30 mins by Alphascreen assay,2026-09-10T12:57:45.682412+00:00,a2a-computational-curation-v1.3
CHEMBL4086624,CHEMBL4086624,2,agonist,accept_agonist,agonist,1,tier_1,True,True,False,machine_curated_computational_audit,deterministic_evidence_rules,False,False,3 qualifying activity row(s) link an explicit human A2A functional agonist direction to 1 traceable primary publication(s).,3,3,18224830,CHEMBL4048590,CHEMBL4043287,https://doi.org/10.1021/acs.jmedchem.8b00047,Agonist activity at human A2A-AR expressed in FlpIn-CHO cells assessed as inhibition of forskolin-stimulated cAMP accumulation preincubated for 40 mins followed by forskolin addition measured after 30 mins by Alphascreen assay,2026-09-10T12:57:45.682476+00:00,a2a-computational-curation-v1.3
CHEMBL4127213,CHEMBL4127213,2,antagonist,quarantine_excluded_function,unknown,,,False,False,False,machine_curated_computational_audit,deterministic_evidence_rules,False,False,Raw ChEMBL evidence contains endpoint-excluded functional class(es) ['inverse_agonist']; the record cannot enter the binary agonist-versus-antagonist endpoint.,2,2,18301017,CHEMBL4124843,CHEMBL4118252,https://doi.org/10.1016/j.bmc.2018.05.048,Antagonist activity at human A2A adenosine receptor expressed in CHO cells assessed as inhibition of CGS21680-stimulated cAMP level after 30 mins by Alphascreen assay,2026-09-10T12:57:45.682519+00:00,a2a-computational-curation-v1.3
CHEMBL5407903,CHEMBL5407903,2,antagonist,accept_antagonist,antagonist,0,tier_1,True,True,False,machine_curated_computational_audit,deterministic_evidence_rules,False,False,2 qualifying activity row(s) link an explicit human A2A functional antagonist direction to 1 traceable primary publication(s).,2,2,25695793,CHEMBL5383591,CHEMBL5380829,https://doi.org/10.1021/acs.jmedchem.2c01860,Antagonist activity at human adenosine A2A receptor expressed in HEK293 cells assessed as inhibition of NECA-induced cAMP accumulation at 1 uM pretreated for 30 mins followed by NECA induction by GloSensor assay relative to control,2026-09-10T12:57:45.682564+00:00,a2a-computational-curation-v1.3
CHEMBL5410497,CHEMBL5410497,2,antagonist,accept_antagonist,antagonist,0,tier_1,True,True,False,machine_curated_computational_audit,deterministic_evidence_rules,False,False,2 qualifying activity row(s) link an explicit human A2A functional antagonist direction to 1 traceable primary publication(s).,2,2,25695775,CHEMBL5383591,CHEMBL5380829,https://doi.org/10.1021/acs.jmedchem.2c01860,Antagonist activity at human adenosine A2A receptor expressed in HEK293 cells assessed as inhibition of NECA-induced cAMP accumulation at 1 uM pretreated for 30 mins followed by NECA induction by GloSensor assay relative to control,2026-09-10T12:57:45.682610+00:00,a2a-computational-curation-v1.3
CHEMBL4101850,CHEMBL4101850,2,agonist,accept_agonist,agonist,1,tier_1,True,True,False,machine_curated_computational_audit,deterministic_evidence_rules,False,False,3 qualifying activity row(s) link an explicit human A2A functional agonist direction to 1 traceable primary publication(s).,3,3,18224821,CHEMBL4048590,CHEMBL4043287,https://doi.org/10.1021/acs.jmedchem.8b00047,Agonist activity at human A2A-AR expressed in FlpIn-CHO cells assessed as inhibition of forskolin-stimulated cAMP accumulation preincubated for 40 mins followed by forskolin addition measured after 30 mins by Alphascreen assay,2026-09-10T12:57:45.682673+00:00,a2a-computational-curation-v1.3
CHEMBL5425820,CHEMBL5425820,2,antagonist,accept_antagonist,antagonist,0,tier_1,True,True,False,machine_curated_computational_audit,deterministic_evidence_rules,False,False,2 qualifying activity row(s) link an explicit human A2A functional antagonist direction to 1 traceable primary publication(s).,2,2,25695791,CHEMBL5383591,CHEMBL5380829,https://doi.org/10.1021/acs.jmedchem.2c01860,Antagonist activity at human adenosine A2A receptor expressed in HEK293 cells assessed as inhibition of NECA-induced cAMP accumulation at 1 uM pretreated for 30 mins followed by NECA induction by GloSensor assay relative to control,2026-09-10T12:57:45.682719+00:00,a2a-computational-curation-v1.3
CHEMBL5556919,CHEMBL5556919,2,antagonist,accept_antagonist,antagonist,0,tier_1,True,True,False,machine_curated_computational_audit,deterministic_evidence_rules,False,False,2 qualifying activity row(s) link an explicit human A2A functional antagonist direction to 1 traceable primary publication(s).,2,2,25886233,CHEMBL5517161,CHEMBL5512687,https://doi.org/10.1021/acs.jmedchem.4c01003,Antagonist activity at human adenosine A2A receptor expressed in CHO cells assessed as inhibition of NECA-induced cAMP production at 10 uM pre-incubated for 15 mins by cAMP Biotrak Enzymeimmunoassay relative to control,2026-09-10T12:57:45.682767+00:00,a2a-computational-curation-v1.3
CHEMBL2070507,CHEMBL2070507,2,agonist,accept_agonist,agonist,1,tier_1,True,True,False,machine_curated_computational_audit,deterministic_evidence_rules,False,False,2 qualifying activity row(s) link an explicit human A2A functional agonist direction to 1 traceable primary publication(s).,2,2,10993397,CHEMBL2072287,CHEMBL2069206,https://doi.org/10.1021/jm300095s,Agonist activity at human A2A adenosine receptor expressed in CHO cells assessed as stimulation of forskolin-induced cAMP accumulation after 30 mins,2026-09-10T12:57:45.682807+00:00,a2a-computational-curation-v1.3
CHEMBL555958,CHEMBL555958,2,antagonist,accept_antagonist,antagonist,0,tier_1,True,True,False,machine_curated_computational_audit,deterministic_evidence_rules,False,False,2 qualifying activity row(s) link an explicit human A2A functional antagonist direction to 1 traceable primary publication(s).,2,2,2699301,CHEMBL1062522,CHEMBL1153525,https://doi.org/10.1021/jm900298c,Antagonist activity at human A2aR expressed in HEK293 cells assessed as cAMP accumulation at 10 uM,2026-09-10T12:57:45.682841+00:00,a2a-computational-curation-v1.3
CHEMBL5561038,CHEMBL5561038,2,antagonist,accept_antagonist,antagonist,0,tier_1,True,True,False,machine_curated_computational_audit,deterministic_evidence_rules,False,False,2 qualifying activity row(s) link an explicit human A2A functional antagonist direction to 1 traceable primary publication(s).,2,2,25886237,CHEMBL5517161,CHEMBL5512687,https://doi.org/10.1021/acs.jmedchem.4c01003,Antagonist activity at human adenosine A2A receptor expressed in CHO cells assessed as inhibition of NECA-induced cAMP production at 10 uM pre-incubated for 15 mins by cAMP Biotrak Enzymeimmunoassay relative to control,2026-09-10T12:57:45.682889+00:00,a2a-computational-curation-v1.3
CHEMBL5619272,CHEMBL5619272,2,antagonist,accept_antagonist,antagonist,0,tier_1,True,True,False,machine_curated_computational_audit,deterministic_evidence_rules,False,False,2 qualifying activity row(s) link an explicit human A2A functional antagonist direction to 1 traceable primary publication(s).,2,2,26125654,CHEMBL5616300,CHEMBL5614411,https://doi.org/10.1016/j.bmc.2024.117881,Antagonist activity at human Adenosine receptor A2a transfected in HEK293 cells co-expressing CRE-luciferase plasmid assessed as reduction in CRE promoter activity at 10 uM incubated for 18 hrs by luciferase based CRE reporter assay,2026-09-10T12:57:45.682933+00:00,a2a-computational-curation-v1.3
CHEMBL2070508,CHEMBL2070508,2,agonist,accept_agonist,agonist,1,tier_1,True,True,False,machine_curated_computational_audit,deterministic_evidence_rules,False,False,2 qualifying activity row(s) link an explicit human A2A functional agonist direction to 1 traceable primary publication(s).,2,2,10993398,CHEMBL2072287,CHEMBL2069206,https://doi.org/10.1021/jm300095s,Agonist activity at human A2A adenosine receptor expressed in CHO cells assessed as stimulation of forskolin-induced cAMP accumulation after 30 mins,2026-09-10T12:57:45.682974+00:00,a2a-computational-curation-v1.3
CHEMBL5619520,CHEMBL5619520,2,antagonist,accept_antagonist,antagonist,0,tier_1,True,True,False,machine_curated_computational_audit,deterministic_evidence_rules,False,False,2 qualifying activity row(s) link an explicit human A2A functional antagonist direction to 1 traceable primary publication(s).,2,2,26125645,CHEMBL5616300,CHEMBL5614411,https://doi.org/10.1016/j.bmc.2024.117881,Antagonist activity at human Adenosine receptor A2a transfected in HEK293 cells co-expressing CRE-luciferase plasmid assessed as reduction in CRE promoter activity at 10 uM incubated for 18 hrs by luciferase based CRE reporter assay,2026-09-10T12:57:45.683018+00:00,a2a-computational-curation-v1.3
CHEMBL564084,CHEMBL564084,2,antagonist,accept_antagonist,antagonist,0,tier_1,True,True,False,machine_curated_computational_audit,deterministic_evidence_rules,False,False,2 qualifying activity row(s) link an explicit human A2A functional antagonist direction to 1 traceable primary publication(s).,2,2,2699305,CHEMBL1062522,CHEMBL1153525,https://doi.org/10.1021/jm900298c,Antagonist activity at human A2aR expressed in HEK293 cells assessed as cAMP accumulation at 10 uM,2026-09-10T12:57:45.683052+00:00,a2a-computational-curation-v1.3
CHEMBL3416801,CHEMBL3416801,2,agonist,accept_agonist,agonist,1,tier_1,True,True,False,machine_curated_computational_audit,deterministic_evidence_rules,False,False,2 qualifying activity row(s) link an explicit human A2A functional agonist direction to 1 traceable primary publication(s).,2,2,15210266,CHEMBL3419486,CHEMBL3414558,https://doi.org/10.1021/acs.jmedchem.5b00215,Agonist activity at human adenosine A2A receptor expressed in CHO cells assessed as stimulation of [3H]cAMP levels by scintillation counting method,2026-09-10T12:57:45.683097+00:00,a2a-computational-curation-v1.3
CHEMBL600794,CHEMBL600794,2,antagonist,accept_antagonist,antagonist,0,tier_1,True,True,False,machine_curated_computational_audit,deterministic_evidence_rules,False,False,2 qualifying activity row(s) link an explicit human A2A functional antagonist direction to 1 traceable primary publication(s).,2,2,3107077,CHEMBL1071497,CHEMBL1156885,https://doi.org/10.1021/jm901647p,"Antagonist activity at human adenosine 2A receptor expressed in HEK293 cells assessed as inhibition of 10 nM 3-(4-(2-(6-amino-9-((2R,3R,4S,5S)-5-(ethylcarbamoyl)-3,4-dihydroxytetrahydrofuran-2-yl)-9H-purin-2-ylamino)ethyl)phenyl)propanoic acid-induced intracellular cAMP production at 10 uM",2026-09-10T12:57:45.683162+00:00,a2a-computational-curation-v1.3
CHEMBL600819,CHEMBL600819,2,antagonist,accept_antagonist,antagonist,0,tier_1,True,True,False,machine_curated_computational_audit,deterministic_evidence_rules,False,False,2 qualifying activity row(s) link an explicit human A2A functional antagonist direction to 1 traceable primary publication(s).,2,2,3107016,CHEMBL1071498,CHEMBL1156885,https://doi.org/10.1021/jm901647p,"Antagonist activity at human adenosine 2A receptor expressed in HEK293 cells assessed as inhibition of 10 uM 3-(4-(2-(6-amino-9-((2R,3R,4S,5S)-5-(ethylcarbamoyl)-3,4-dihydroxytetrahydrofuran-2-yl)-9H-purin-2-ylamino)ethyl)phenyl)propanoic acid-induced intracellular cAMP production at 10 uM",2026-09-10T12:57:45.683236+00:00,a2a-computational-curation-v1.3
CHEMBL3416805,CHEMBL3416805,2,agonist,accept_agonist,agonist,1,tier_1,True,True,False,machine_curated_computational_audit,deterministic_evidence_rules,False,False,2 qualifying activity row(s) link an explicit human A2A functional agonist direction to 1 traceable primary publication(s).,2,2,15210270,CHEMBL3419486,CHEMBL3414558,https://doi.org/10.1021/acs.jmedchem.5b00215,Agonist activity at human adenosine A2A receptor expressed in CHO cells assessed as stimulation of [3H]cAMP levels by scintillation counting method,2026-09-10T12:57:45.683276+00:00,a2a-computational-curation-v1.3
CHEMBL136689,CHEMBL136689,2,antagonist,accept_antagonist,antagonist,0,tier_1,True,True,False,machine_curated_computational_audit,deterministic_evidence_rules,False,False,2 qualifying activity row(s) link an explicit human A2A functional antagonist direction to 1 traceable primary publication(s).,2,2,24376202,CHEMBL5037232,CHEMBL5036326,https://doi.org/10.1021/acs.jmedchem.0c02169,Antagonist activity at human adenosine A2A receptor expressed in Flp-In-CHO cell membrane assessed as inhibition of NECA-induced cAMP accumulation in presence of forskolin measured after 40 mins by alpha screen LANCE assay,2026-09-10T12:57:45.683320+00:00,a2a-computational-curation-v1.3
CHEMBL2381765,CHEMBL2381765,2,antagonist,accept_antagonist,antagonist,0,tier_1,True,True,False,machine_curated_computational_audit,deterministic_evidence_rules,False,False,2 qualifying activity row(s) link an explicit human A2A functional antagonist direction to 1 traceable primary publication(s).,2,2,13300486,CHEMBL2384072,CHEMBL2380258,https://doi.org/10.1016/j.bmcl.2013.03.070,Antagonist activity at recombinant human adenosine A2A receptor expressed in CHO cells assessed as inhibition of NECA-induced cAMP production after 60 mins,2026-09-10T12:57:45.683366+00:00,a2a-computational-curation-v1.3
CHEMBL4159215,CHEMBL4159215,2,antagonist,quarantine_excluded_function,unknown,,,False,False,False,machine_curated_computational_audit,deterministic_evidence_rules,False,False,Raw ChEMBL evidence contains endpoint-excluded functional class(es) ['inverse_agonist']; the record cannot enter the binary agonist-versus-antagonist endpoint.,2,2,18433958,CHEMBL4156076,CHEMBL4152311,https://doi.org/10.1016/j.ejmech.2018.06.020,Antagonist activity against human adenosine A2A receptor expressed in CHO cells assessed as inhibition of CGS21680-stimulated cAMP accumulation measured after 150 mins in presence of [3H]cAMP by scintillation counting method,2026-09-10T12:57:45.683417+00:00,a2a-computational-curation-v1.3
CHEMBL3740939,CHEMBL3740939,2,agonist,accept_agonist,agonist,1,tier_1,True,True,False,machine_curated_computational_audit,deterministic_evidence_rules,False,False,2 qualifying activity row(s) link an explicit human A2A functional agonist direction to 1 traceable primary publication(s).,2,2,16405794,CHEMBL3743205,CHEMBL3739405,https://doi.org/10.1039/C5MD00086F,Agonist activity at human recombinant adenosine A2A receptor expressed in CHO cells assessed as stimulation of NECA-mediated cAMP accumulation preincubated for 15 mins followed by NECA addition measured after 15 mins by enzyme immunoassay relative to NECA,2026-09-10T12:57:45.683464+00:00,a2a-computational-curation-v1.3
CHEMBL4167557,CHEMBL4167557,2,antagonist,quarantine_excluded_function,unknown,,,False,False,False,machine_curated_computational_audit,deterministic_evidence_rules,False,False,Raw ChEMBL evidence contains endpoint-excluded functional class(es) ['inverse_agonist']; the record cannot enter the binary agonist-versus-antagonist endpoint.,2,2,18433963,CHEMBL4156076,CHEMBL4152311,https://doi.org/10.1016/j.ejmech.2018.06.020,Antagonist activity against human adenosine A2A receptor expressed in CHO cells assessed as inhibition of CGS21680-stimulated cAMP accumulation measured after 150 mins in presence of [3H]cAMP by scintillation counting method,2026-09-10T12:57:45.683516+00:00,a2a-computational-curation-v1.3
CHEMBL506250,CHEMBL506250,2,antagonist,accept_antagonist,antagonist,0,tier_1,True,True,False,machine_curated_computational_audit,deterministic_evidence_rules,False,False,2 qualifying activity row(s) link an explicit human A2A functional antagonist direction to 1 traceable primary publication(s).,2,2,2563560,CHEMBL967912,CHEMBL1155896,https://doi.org/10.1021/jm701594y,Antagonist activity at human adenosine A2A receptor expressed in HEK293 cells assessed as effect on CGS-21680-induced cAMP production,2026-09-10T12:57:45.683552+00:00,a2a-computational-curation-v1.3
CHEMBL3741393,CHEMBL3741393,2,agonist,accept_agonist,agonist,1,tier_1,True,True,False,machine_curated_computational_audit,deterministic_evidence_rules,False,False,2 qualifying activity row(s) link an explicit human A2A functional agonist direction to 1 traceable primary publication(s).,2,2,16405793,CHEMBL3743205,CHEMBL3739405,https://doi.org/10.1039/C5MD00086F,Agonist activity at human recombinant adenosine A2A receptor expressed in CHO cells assessed as stimulation of NECA-mediated cAMP accumulation preincubated for 15 mins followed by NECA addition measured after 15 mins by enzyme immunoassay relative to NECA,2026-09-10T12:57:45.683598+00:00,a2a-computational-curation-v1.3
CHEMBL5073669,CHEMBL5073669,2,antagonist,accept_antagonist,antagonist,0,tier_1,True,True,False,machine_curated_computational_audit,deterministic_evidence_rules,False,False,2 qualifying activity row(s) link an explicit human A2A functional antagonist direction to 1 traceable primary publication(s).,2,2,24376193,CHEMBL5037232,CHEMBL5036326,https://doi.org/10.1021/acs.jmedchem.0c02169,Antagonist activity at human adenosine A2A receptor expressed in Flp-In-CHO cell membrane assessed as inhibition of NECA-induced cAMP accumulation in presence of forskolin measured after 40 mins by alpha screen LANCE assay,2026-09-10T12:57:45.683641+00:00,a2a-computational-curation-v1.3
CHEMBL5076572,CHEMBL5076572,2,antagonist,accept_antagonist,antagonist,0,tier_1,True,True,False,machine_curated_computational_audit,deterministic_evidence_rules,False,False,2 qualifying activity row(s) link an explicit human A2A functional antagonist direction to 1 traceable primary publication(s).,2,2,24376199,CHEMBL5037232,CHEMBL5036326,https://doi.org/10.1021/acs.jmedchem.0c02169,Antagonist activity at human adenosine A2A receptor expressed in Flp-In-CHO cell membrane assessed as inhibition of NECA-induced cAMP accumulation in presence of forskolin measured after 40 mins by alpha screen LANCE assay,2026-09-10T12:57:45.683684+00:00,a2a-computational-curation-v1.3
CHEMBL3771208,CHEMBL3771208,2,agonist,accept_agonist,agonist,1,tier_1,True,True,False,machine_curated_computational_audit,deterministic_evidence_rules,False,False,2 qualifying activity row(s) link an explicit human A2A functional agonist direction to 1 traceable primary publication(s).,2,2,24669210,CHEMBL5099262,CHEMBL5096218,https://doi.org/10.1021/acs.jmedchem.2c01414,Agonist activity at human adenosine A2A receptor expressed in CHO-K1 cells assessed as inhibition of forskolin-induced cAMP accumulation incubated for 30 mins by LANCE ultra assay,2026-09-10T12:57:45.683726+00:00,a2a-computational-curation-v1.3
CHEMBL5176737,CHEMBL5176737,2,antagonist,accept_antagonist,antagonist,0,tier_1,True,True,False,machine_curated_computational_audit,deterministic_evidence_rules,False,False,2 qualifying activity row(s) link an explicit human A2A functional antagonist direction to 1 traceable primary publication(s).,2,2,24855197,CHEMBL5148543,CHEMBL5143715,https://doi.org/10.1021/acs.jmedchem.2c00101,Antagonist activity at A2AAR in human HEK293 cells assessed as inhibition of CGS21680-induced cAMP production preincubated for 15 mins followed by CGS21680 addition and measured after 15 mins by HTRF assay,2026-09-10T12:57:45.683767+00:00,a2a-computational-curation-v1.3
CHEMBL1076503,CHEMBL1076503,2,antagonist,accept_antagonist,antagonist,0,tier_1,True,True,False,machine_curated_computational_audit,deterministic_evidence_rules,False,False,1 qualifying activity row(s) link an explicit human A2A functional antagonist direction to 1 traceable primary publication(s).,1,1,3219259,CHEMBL1105840,CHEMBL1154258,https://doi.org/10.1016/j.bmcl.2009.08.040,Antagonist activity at human adenosine A2A receptor expressed in CHOK1 cells assessed as inhibition of calcium mobilization by FLIPR assay,2026-09-10T12:57:45.683787+00:00,a2a-computational-curation-v1.3
CHEMBL1076504,CHEMBL1076504,2,antagonist,accept_antagonist,antagonist,0,tier_1,True,True,False,machine_curated_computational_audit,deterministic_evidence_rules,False,False,1 qualifying activity row(s) link an explicit human A2A functional antagonist direction to 1 traceable primary publication(s).,1,1,3219258,CHEMBL1105840,CHEMBL1154258,https://doi.org/10.1016/j.bmcl.2009.08.040,Antagonist activity at human adenosine A2A receptor expressed in CHOK1 cells assessed as inhibition of calcium mobilization by FLIPR assay,2026-09-10T12:57:45.683806+00:00,a2a-computational-curation-v1.3
CHEMBL4059961,CHEMBL4059961,2,agonist,accept_agonist,agonist,1,tier_1,True,True,False,machine_curated_computational_audit,deterministic_evidence_rules,False,False,2 qualifying activity row(s) link an explicit human A2A functional agonist direction to 1 traceable primary publication(s).,2,2,18240294,CHEMBL4052151,CHEMBL4049451,https://doi.org/10.1021/acs.jmedchem.7b00291,Agonist activity at recombinant human adenosine A2A receptor expressed in CHO cell membranes assessed as stimulation of adenylyl cyclase activity by [alpha-32P]ATP assay,2026-09-10T12:57:45.683855+00:00,a2a-computational-curation-v1.3
CHEMBL1077749,CHEMBL1077749,3,antagonist,accept_antagonist,antagonist,0,tier_1,True,True,False,machine_curated_computational_audit,deterministic_evidence_rules,False,False,1 qualifying activity row(s) link an explicit human A2A functional antagonist direction to 1 traceable primary publication(s).,1,1,3219224,CHEMBL1105840,CHEMBL1154258,https://doi.org/10.1016/j.bmcl.2009.08.040,Antagonist activity at human adenosine A2A receptor expressed in CHOK1 cells assessed as inhibition of calcium mobilization by FLIPR assay,2026-09-10T12:57:45.683874+00:00,a2a-computational-curation-v1.3
CHEMBL1077902,CHEMBL1077902,3,antagonist,accept_antagonist,antagonist,0,tier_1,True,True,False,machine_curated_computational_audit,deterministic_evidence_rules,False,False,1 qualifying activity row(s) link an explicit human A2A functional antagonist direction to 1 traceable primary publication(s).,1,1,3219233,CHEMBL1105840,CHEMBL1154258,https://doi.org/10.1016/j.bmcl.2009.08.040,Antagonist activity at human adenosine A2A receptor expressed in CHOK1 cells assessed as inhibition of calcium mobilization by FLIPR assay,2026-09-10T12:57:45.683894+00:00,a2a-computational-curation-v1.3
CHEMBL4076003,CHEMBL4076003,3,agonist,accept_agonist,agonist,1,tier_1,True,True,False,machine_curated_computational_audit,deterministic_evidence_rules,False,False,2 qualifying activity row(s) link an explicit human A2A functional agonist direction to 1 traceable primary publication(s).,2,2,18240285,CHEMBL4052151,CHEMBL4049451,https://doi.org/10.1021/acs.jmedchem.7b00291,Agonist activity at recombinant human adenosine A2A receptor expressed in CHO cell membranes assessed as stimulation of adenylyl cyclase activity by [alpha-32P]ATP assay,2026-09-10T12:57:45.683943+00:00,a2a-computational-curation-v1.3
CHEMBL1078001,CHEMBL1078001,3,antagonist,accept_antagonist,antagonist,0,tier_1,True,True,False,machine_curated_computational_audit,deterministic_evidence_rules,False,False,1 qualifying activity row(s) link an explicit human A2A functional antagonist direction to 1 traceable primary publication(s).,1,1,3219234,CHEMBL1105840,CHEMBL1154258,https://doi.org/10.1016/j.bmcl.2009.08.040,Antagonist activity at human adenosine A2A receptor expressed in CHOK1 cells assessed as inhibition of calcium mobilization by FLIPR assay,2026-09-10T12:57:45.683962+00:00,a2a-computational-curation-v1.3
CHEMBL1078085,CHEMBL1078085,3,antagonist,accept_antagonist,antagonist,0,tier_1,True,True,False,machine_curated_computational_audit,deterministic_evidence_rules,False,False,1 qualifying activity row(s) link an explicit human A2A functional antagonist direction to 1 traceable primary publication(s).,1,1,3219235,CHEMBL1105840,CHEMBL1154258,https://doi.org/10.1016/j.bmcl.2009.08.040,Antagonist activity at human adenosine A2A receptor expressed in CHOK1 cells assessed as inhibition of calcium mobilization by FLIPR assay,2026-09-10T12:57:45.683985+00:00,a2a-computational-curation-v1.3
CHEMBL1079141,CHEMBL1079141,3,antagonist,accept_antagonist,antagonist,0,tier_1,True,True,False,machine_curated_computational_audit,deterministic_evidence_rules,False,False,1 qualifying activity row(s) link an explicit human A2A functional antagonist direction to 1 traceable primary publication(s).,1,1,3219246,CHEMBL1105840,CHEMBL1154258,https://doi.org/10.1016/j.bmcl.2009.08.040,Antagonist activity at human adenosine A2A receptor expressed in CHOK1 cells assessed as inhibition of calcium mobilization by FLIPR assay,2026-09-10T12:57:45.684005+00:00,a2a-computational-curation-v1.3
CHEMBL4087306,CHEMBL4087306,3,agonist,accept_agonist,agonist,1,tier_1,True,True,False,machine_curated_computational_audit,deterministic_evidence_rules,False,False,2 qualifying activity row(s) link an explicit human A2A functional agonist direction to 1 traceable primary publication(s).,2,2,18240283,CHEMBL4052151,CHEMBL4049451,https://doi.org/10.1021/acs.jmedchem.7b00291,Agonist activity at recombinant human adenosine A2A receptor expressed in CHO cell membranes assessed as stimulation of adenylyl cyclase activity by [alpha-32P]ATP assay,2026-09-10T12:57:45.684054+00:00,a2a-computational-curation-v1.3
CHEMBL1082063,CHEMBL1082063,3,antagonist,accept_antagonist,antagonist,0,tier_1,True,True,False,machine_curated_computational_audit,deterministic_evidence_rules,False,False,1 qualifying activity row(s) link an explicit human A2A functional antagonist direction to 1 traceable primary publication(s).,1,1,3219260,CHEMBL1105840,CHEMBL1154258,https://doi.org/10.1016/j.bmcl.2009.08.040,Antagonist activity at human adenosine A2A receptor expressed in CHOK1 cells assessed as inhibition of calcium mobilization by FLIPR assay,2026-09-10T12:57:45.684073+00:00,a2a-computational-curation-v1.3
CHEMBL1087185,CHEMBL1087185,3,antagonist,accept_antagonist,antagonist,0,tier_1,True,True,False,machine_curated_computational_audit,deterministic_evidence_rules,False,False,1 qualifying activity row(s) link an explicit human A2A functional antagonist direction to 1 traceable primary publication(s).,1,1,12084382,CHEMBL2167687,CHEMBL2163234,https://doi.org/10.1021/jm201640m,Antagonist activity at human Adenosine receptor A2a assessed as inhibition of cAMP production,2026-09-10T12:57:45.684091+00:00,a2a-computational-curation-v1.3
CHEMBL4451303,CHEMBL4451303,3,agonist,accept_agonist,agonist,1,tier_1,True,True,False,machine_curated_computational_audit,deterministic_evidence_rules,False,False,2 qualifying activity row(s) link an explicit human A2A functional agonist direction to 1 traceable primary publication(s).,2,2,19438464,CHEMBL4430990,CHEMBL4428125,https://doi.org/10.1016/j.bmc.2016.09.003,Agonist activity at recombinant human A2A receptor expressed in CHO cells assessed as increase in forskolin-induced cAMP level at at 10 uM preincubated for 20 mins prior to forskolin-stimulation measure after 5 mins by liquid scintillation counting method,2026-09-10T12:57:45.684138+00:00,a2a-computational-curation-v1.3
CHEMBL1092270,CHEMBL1092270,3,antagonist,accept_antagonist,antagonist,0,tier_1,True,True,False,machine_curated_computational_audit,deterministic_evidence_rules,False,False,1 qualifying activity row(s) link an explicit human A2A functional antagonist direction to 1 traceable primary publication(s).,1,1,3243756,CHEMBL1105453,CHEMBL1156165,https://doi.org/10.1016/j.bmc.2010.02.048,Antagonist activity at human adenosine A2A receptor expressed in HEK293 cells assessed as inhibition of NECA-induced intracellular cAMP accumulation at 100 nM after 24 hrs (Rvb= 0.40 pmol/ml),2026-09-10T12:57:45.684163+00:00,a2a-computational-curation-v1.3
CHEMBL1095999,CHEMBL1095999,3,antagonist,needs_full_text,unknown,,,False,False,False,machine_curated_computational_audit,deterministic_evidence_rules,False,False,"Functional evidence passed target/context checks, but no qualifying primary publication was established.",1,1,14645590,CHEMBL3267347,CHEMBL3259781,https://doi.org/10.1021/jm4011669,Antagonist activity at human recombinant adenosine receptor A2a by cAMP assay,2026-09-10T12:57:45.684177+00:00,a2a-computational-curation-v1.3
CHEMBL4540395,CHEMBL4540395,3,agonist,accept_agonist,agonist,1,tier_1,True,True,False,machine_curated_computational_audit,deterministic_evidence_rules,False,False,2 qualifying activity row(s) link an explicit human A2A functional agonist direction to 1 traceable primary publication(s).,2,2,19438465,CHEMBL4430990,CHEMBL4428125,https://doi.org/10.1016/j.bmc.2016.09.003,Agonist activity at recombinant human A2A receptor expressed in CHO cells assessed as increase in forskolin-induced cAMP level at at 10 uM preincubated for 20 mins prior to forskolin-stimulation measure after 5 mins by liquid scintillation counting method,2026-09-10T12:57:45.684223+00:00,a2a-computational-curation-v1.3
CHEMBL1097859,CHEMBL1097859,3,antagonist,accept_antagonist,antagonist,0,tier_1,True,True,False,machine_curated_computational_audit,deterministic_evidence_rules,False,False,1 qualifying activity row(s) link an explicit human A2A functional antagonist direction to 1 traceable primary publication(s).,1,1,3296347,CHEMBL1108378,CHEMBL1158568,https://doi.org/10.1016/j.bmc.2010.03.048,Antagonist activity at human adenosine A2A receptor expressed in CHO cells assessed as inhibition of NSCA-induced cAMP accumulation pre-incubated for 15 mins by enzyme immunoassay,2026-09-10T12:57:45.684243+00:00,a2a-computational-curation-v1.3
CHEMBL113,CAFFEINE,3,antagonist,quarantine_excluded_function,unknown,,,False,False,False,machine_curated_computational_audit,deterministic_evidence_rules,False,False,Raw ChEMBL evidence contains endpoint-excluded functional class(es) ['inverse_agonist']; the record cannot enter the binary agonist-versus-antagonist endpoint.,1,1,13300495,CHEMBL2384073,CHEMBL2380258,https://doi.org/10.1016/j.bmcl.2013.03.070,Antagonist activity at human adenosine A2A receptor assessed as cAMP level by cell based assay,2026-09-10T12:57:45.684265+00:00,a2a-computational-curation-v1.3
CHEMBL1258170,CHEMBL1258170,3,antagonist,reject_context,unknown,,,False,False,False,machine_curated_computational_audit,deterministic_evidence_rules,False,False,"No evidence row passed the target, organism, confidence, readout, and class-direction checks.",1,0,3498256,CHEMBL1259523,CHEMBL1255521,https://doi.org/10.1016/j.bmcl.2010.07.095,Antagonist activity at adenosine A2A receptor by cAMP assay,2026-09-10T12:57:45.684277+00:00,a2a-computational-curation-v1.3
CHEMBL4549506,CHEMBL4549506,3,agonist,accept_agonist,agonist,1,tier_1,True,True,False,machine_curated_computational_audit,deterministic_evidence_rules,False,False,2 qualifying activity row(s) link an explicit human A2A functional agonist direction to 1 traceable primary publication(s).,2,2,19438466,CHEMBL4430990,CHEMBL4428125,https://doi.org/10.1016/j.bmc.2016.09.003,Agonist activity at recombinant human A2A receptor expressed in CHO cells assessed as increase in forskolin-induced cAMP level at at 10 uM preincubated for 20 mins prior to forskolin-stimulation measure after 5 mins by liquid scintillation counting method,2026-09-10T12:57:45.684325+00:00,a2a-computational-curation-v1.3
CHEMBL1460863,CHEMBL1460863,3,antagonist,accept_antagonist,antagonist,0,tier_1,True,True,False,machine_curated_computational_audit,deterministic_evidence_rules,False,False,1 qualifying activity row(s) link an explicit human A2A functional antagonist direction to 1 traceable primary publication(s).,1,1,25517260,CHEMBL5336572,CHEMBL5335785,https://doi.org/10.1016/j.ejmech.2023.115419,Antagonist activity at human A2AR expressed in Flp-In-CHO cells assessed as NECA-mediated cAMP accumulation incubated for 30 to 60 mins followed by NECA addition measured after 30 mins by LANCE cAMP assay (Rvb = 8.38 +/- 0.03 No_unit),2026-09-10T12:57:45.684347+00:00,a2a-computational-curation-v1.3
CHEMBL1561896,CHEMBL1561896,3,antagonist,accept_antagonist,antagonist,0,tier_1,True,True,False,machine_curated_computational_audit,deterministic_evidence_rules,False,False,1 qualifying activity row(s) link an explicit human A2A functional antagonist direction to 1 traceable primary publication(s).,1,1,18296988,CHEMBL4123896,CHEMBL4118207,https://doi.org/10.1021/acs.jmedchem.8b00204,Antagonist activity at human A2A receptor expressed in CHO cells assessed as inhibition of NECA-stimulated cAMP accumulation at 100 nM preincubated for 15 mins followed by NECA addition measured after 15 mins by enzyme immunoassay,2026-09-10T12:57:45.684411+00:00,a2a-computational-curation-v1.3
CHEMBL4582207,CHEMBL4582207,3,agonist,accept_agonist,agonist,1,tier_1,True,True,False,machine_curated_computational_audit,deterministic_evidence_rules,False,False,2 qualifying activity row(s) link an explicit human A2A functional agonist direction to 1 traceable primary publication(s).,2,2,19438463,CHEMBL4430990,CHEMBL4428125,https://doi.org/10.1016/j.bmc.2016.09.003,Agonist activity at recombinant human A2A receptor expressed in CHO cells assessed as increase in forskolin-induced cAMP level at at 10 uM preincubated for 20 mins prior to forskolin-stimulation measure after 5 mins by liquid scintillation counting method,2026-09-10T12:57:45.684480+00:00,a2a-computational-curation-v1.3
CHEMBL1587915,CHEMBL1587915,3,antagonist,accept_antagonist,antagonist,0,tier_1,True,True,False,machine_curated_computational_audit,deterministic_evidence_rules,False,False,1 qualifying activity row(s) link an explicit human A2A functional antagonist direction to 1 traceable primary publication(s).,1,1,25517255,CHEMBL5336572,CHEMBL5335785,https://doi.org/10.1016/j.ejmech.2023.115419,Antagonist activity at human A2AR expressed in Flp-In-CHO cells assessed as NECA-mediated cAMP accumulation incubated for 30 to 60 mins followed by NECA addition measured after 30 mins by LANCE cAMP assay (Rvb = 8.38 +/- 0.03 No_unit),2026-09-10T12:57:45.684508+00:00,a2a-computational-curation-v1.3
CHEMBL1671936,CHEMBL1671936,3,antagonist,accept_antagonist,antagonist,0,tier_1,True,True,False,machine_curated_computational_audit,deterministic_evidence_rules,False,False,1 qualifying activity row(s) link an explicit human A2A functional antagonist direction to 1 traceable primary publication(s).,1,1,5207187,CHEMBL1679415,CHEMBL1671809,https://doi.org/10.1021/jm1008659,Antagonist activity at human adenosine A2A receptor expressed in CHO cells assessed as inhibition of NECA-induced cAMP accumulation,2026-09-10T12:57:45.684538+00:00,a2a-computational-curation-v1.3
CHEMBL183,"1,3-DIPROPYL-8-CYCLOPENTYLXANTHINE [DPCPX]",3,antagonist,accept_antagonist,antagonist,0,tier_1,True,True,False,machine_curated_computational_audit,deterministic_evidence_rules,False,False,1 qualifying activity row(s) link an explicit human A2A functional antagonist direction to 1 traceable primary publication(s).,1,1,19274389,CHEMBL4407539,CHEMBL4406810,https://doi.org/10.1021/acs.jmedchem.9b00106,Antagonist activity at human A2AR expressed in CHO cells assessed as inhibition of CGS21680-stimulated cAMP production by alphascreen assay,2026-09-10T12:57:45.684562+00:00,a2a-computational-curation-v1.3
CHEMBL5171042,CHEMBL5171042,3,agonist,accept_agonist,agonist,1,tier_1,True,True,False,machine_curated_computational_audit,deterministic_evidence_rules,False,False,2 qualifying activity row(s) link an explicit human A2A functional agonist direction to 1 traceable primary publication(s).,2,2,24669230,CHEMBL5099262,CHEMBL5096218,https://doi.org/10.1021/acs.jmedchem.2c01414,Agonist activity at human adenosine A2A receptor expressed in CHO-K1 cells assessed as inhibition of forskolin-induced cAMP accumulation incubated for 30 mins by LANCE ultra assay,2026-09-10T12:57:45.684652+00:00,a2a-computational-curation-v1.3
CHEMBL197606,CHEMBL197606,3,antagonist,accept_antagonist,antagonist,0,tier_1,True,True,False,machine_curated_computational_audit,deterministic_evidence_rules,False,False,1 qualifying activity row(s) link an explicit human A2A functional antagonist direction to 1 traceable primary publication(s).,1,1,1729866,CHEMBL853546,CHEMBL1148617,https://doi.org/10.1021/jm0506221,Antagonist potency at cloned recombinant human adenosine A2A receptor transfected in CHO cells by cAMP assay,2026-09-10T12:57:45.684675+00:00,a2a-computational-curation-v1.3
CHEMBL1990267,CHEMBL1990267,3,antagonist,accept_antagonist,antagonist,0,tier_1,True,True,False,machine_curated_computational_audit,deterministic_evidence_rules,False,False,1 qualifying activity row(s) link an explicit human A2A functional antagonist direction to 1 traceable primary publication(s).,1,1,10925734,CHEMBL2045255,CHEMBL2040792,https://doi.org/10.1016/j.ejmech.2012.05.009,Antagonist activity at human adenosine A2A receptor expressed in CHO cells assessed as inhibition of NECA-induced cAMP accumulation incubated for 15 mins prior to NECA-induction measured after 15 mins by enzyme immunoassay relative to control,2026-09-10T12:57:45.684699+00:00,a2a-computational-curation-v1.3
CHEMBL3414942,CHEMBL3414942,3,agonist,accept_agonist,agonist,1,tier_1,True,True,False,machine_curated_computational_audit,deterministic_evidence_rules,False,False,2 qualifying activity row(s) link an explicit human A2A functional agonist direction to 1 traceable primary publication(s).,2,2,15208849,CHEMBL3420494,CHEMBL3414438,https://doi.org/10.1021/acs.jmedchem.5b00074,Agonist activity at human recombinant adenosine A2A receptor transfected in CHO cells assessed as induction of adenylyl cyclase activity,2026-09-10T12:57:45.684745+00:00,a2a-computational-curation-v1.3
CHEMBL199446,CHEMBL199446,3,antagonist,accept_antagonist,antagonist,0,tier_1,True,True,False,machine_curated_computational_audit,deterministic_evidence_rules,False,False,1 qualifying activity row(s) link an explicit human A2A functional antagonist direction to 1 traceable primary publication(s).,1,1,1674881,CHEMBL853546,CHEMBL1148617,https://doi.org/10.1021/jm0506221,Antagonist potency at cloned recombinant human adenosine A2A receptor transfected in CHO cells by cAMP assay,2026-09-10T12:57:45.684766+00:00,a2a-computational-curation-v1.3
CHEMBL201217,CHEMBL201217,3,antagonist,accept_antagonist,antagonist,0,tier_1,True,True,False,machine_curated_computational_audit,deterministic_evidence_rules,False,False,1 qualifying activity row(s) link an explicit human A2A functional antagonist direction to 1 traceable primary publication(s).,1,1,1730072,CHEMBL853546,CHEMBL1148617,https://doi.org/10.1021/jm0506221,Antagonist potency at cloned recombinant human adenosine A2A receptor transfected in CHO cells by cAMP assay,2026-09-10T12:57:45.684787+00:00,a2a-computational-curation-v1.3
CHEMBL3414944,CHEMBL3414944,3,agonist,accept_agonist,agonist,1,tier_1,True,True,False,machine_curated_computational_audit,deterministic_evidence_rules,False,False,2 qualifying activity row(s) link an explicit human A2A functional agonist direction to 1 traceable primary publication(s).,2,2,15208851,CHEMBL3420494,CHEMBL3414438,https://doi.org/10.1021/acs.jmedchem.5b00074,Agonist activity at human recombinant adenosine A2A receptor transfected in CHO cells assessed as induction of adenylyl cyclase activity,2026-09-10T12:57:45.684829+00:00,a2a-computational-curation-v1.3
CHEMBL2042059,CHEMBL2042059,3,antagonist,accept_antagonist,antagonist,0,tier_1,True,True,False,machine_curated_computational_audit,deterministic_evidence_rules,False,False,1 qualifying activity row(s) link an explicit human A2A functional antagonist direction to 1 traceable primary publication(s).,1,1,10925736,CHEMBL2045255,CHEMBL2040792,https://doi.org/10.1016/j.ejmech.2012.05.009,Antagonist activity at human adenosine A2A receptor expressed in CHO cells assessed as inhibition of NECA-induced cAMP accumulation incubated for 15 mins prior to NECA-induction measured after 15 mins by enzyme immunoassay relative to control,2026-09-10T12:57:45.684852+00:00,a2a-computational-curation-v1.3
CHEMBL2042062,CHEMBL2042062,3,antagonist,accept_antagonist,antagonist,0,tier_1,True,True,False,machine_curated_computational_audit,deterministic_evidence_rules,False,False,1 qualifying activity row(s) link an explicit human A2A functional antagonist direction to 1 traceable primary publication(s).,1,1,10925737,CHEMBL2045255,CHEMBL2040792,https://doi.org/10.1016/j.ejmech.2012.05.009,Antagonist activity at human adenosine A2A receptor expressed in CHO cells assessed as inhibition of NECA-induced cAMP accumulation incubated for 15 mins prior to NECA-induction measured after 15 mins by enzyme immunoassay relative to control,2026-09-10T12:57:45.684875+00:00,a2a-computational-curation-v1.3
CHEMBL2042073,CHEMBL2042073,3,antagonist,accept_antagonist,antagonist,0,tier_1,True,True,False,machine_curated_computational_audit,deterministic_evidence_rules,False,False,1 qualifying activity row(s) link an explicit human A2A functional antagonist direction to 1 traceable primary publication(s).,1,1,10925735,CHEMBL2045255,CHEMBL2040792,https://doi.org/10.1016/j.ejmech.2012.05.009,Antagonist activity at human adenosine A2A receptor expressed in CHO cells assessed as inhibition of NECA-induced cAMP accumulation incubated for 15 mins prior to NECA-induction measured after 15 mins by enzyme immunoassay relative to control,2026-09-10T12:57:45.684905+00:00,a2a-computational-curation-v1.3
CHEMBL3414946,CHEMBL3414946,3,agonist,accept_agonist,agonist,1,tier_1,True,True,False,machine_curated_computational_audit,deterministic_evidence_rules,False,False,2 qualifying activity row(s) link an explicit human A2A functional agonist direction to 1 traceable primary publication(s).,2,2,15208853,CHEMBL3420494,CHEMBL3414438,https://doi.org/10.1021/acs.jmedchem.5b00074,Agonist activity at human recombinant adenosine A2A receptor transfected in CHO cells assessed as induction of adenylyl cyclase activity,2026-09-10T12:57:45.684948+00:00,a2a-computational-curation-v1.3
CHEMBL2042081,CHEMBL2042081,3,antagonist,accept_antagonist,antagonist,0,tier_1,True,True,False,machine_curated_computational_audit,deterministic_evidence_rules,False,False,1 qualifying activity row(s) link an explicit human A2A functional antagonist direction to 1 traceable primary publication(s).,1,1,10925733,CHEMBL2045255,CHEMBL2040792,https://doi.org/10.1016/j.ejmech.2012.05.009,Antagonist activity at human adenosine A2A receptor expressed in CHO cells assessed as inhibition of NECA-induced cAMP accumulation incubated for 15 mins prior to NECA-induction measured after 15 mins by enzyme immunoassay relative to control,2026-09-10T12:57:45.684971+00:00,a2a-computational-curation-v1.3
CHEMBL2153620,CHEMBL2153620,3,antagonist,accept_antagonist,antagonist,0,tier_1,True,True,False,machine_curated_computational_audit,deterministic_evidence_rules,False,False,1 qualifying activity row(s) link an explicit human A2A functional antagonist direction to 1 traceable primary publication(s).,1,1,12047029,CHEMBL2154401,CHEMBL2150901,https://doi.org/10.1016/j.ejmech.2011.05.023,Antagonist activity human recombinant adenosine A2A receptor expressed in CHO cells assessed as inhibition of NECA-mediated [3H]cAMP accumulation after 15 mins by liquid scintillation counting,2026-09-10T12:57:45.684992+00:00,a2a-computational-curation-v1.3
CHEMBL119709,IB-MECA,3,agonist,accept_agonist,agonist,1,tier_1,True,True,False,machine_curated_computational_audit,deterministic_evidence_rules,False,False,1 qualifying activity row(s) link an explicit human A2A functional agonist direction to 1 traceable primary publication(s).,1,1,13968209,CHEMBL3135340,CHEMBL3132785,https://doi.org/10.1039/C3MD00364G,Agonist activity at human adenosine A2A receptor expressed in FlpIn-CHO cells assessed as inhibition of forskolin-induced cAMP accumulation after 30 mins by fluorescence assay,2026-09-10T12:57:45.685015+00:00,a2a-computational-curation-v1.3
CHEMBL2153627,CHEMBL2153627,3,antagonist,accept_antagonist,antagonist,0,tier_1,True,True,False,machine_curated_computational_audit,deterministic_evidence_rules,False,False,1 qualifying activity row(s) link an explicit human A2A functional antagonist direction to 1 traceable primary publication(s).,1,1,12047030,CHEMBL2154401,CHEMBL2150901,https://doi.org/10.1016/j.ejmech.2011.05.023,Antagonist activity human recombinant adenosine A2A receptor expressed in CHO cells assessed as inhibition of NECA-mediated [3H]cAMP accumulation after 15 mins by liquid scintillation counting,2026-09-10T12:57:45.685036+00:00,a2a-computational-curation-v1.3
CHEMBL2153629,CHEMBL2153629,3,antagonist,accept_antagonist,antagonist,0,tier_1,True,True,False,machine_curated_computational_audit,deterministic_evidence_rules,False,False,1 qualifying activity row(s) link an explicit human A2A functional antagonist direction to 1 traceable primary publication(s).,1,1,12047031,CHEMBL2154401,CHEMBL2150901,https://doi.org/10.1016/j.ejmech.2011.05.023,Antagonist activity human recombinant adenosine A2A receptor expressed in CHO cells assessed as inhibition of NECA-mediated [3H]cAMP accumulation after 15 mins by liquid scintillation counting,2026-09-10T12:57:45.685057+00:00,a2a-computational-curation-v1.3
CHEMBL122396,CHEMBL122396,3,agonist,accept_agonist,agonist,1,tier_1,True,True,False,machine_curated_computational_audit,deterministic_evidence_rules,False,False,1 qualifying activity row(s) link an explicit human A2A functional agonist direction to 1 traceable primary publication(s).,1,1,1105144,CHEMBL649777,CHEMBL1148363,https://doi.org/10.1021/jm049947s,Stimulation of human adenosine A2A receptor in production of cAMP in CHO cells,2026-09-10T12:57:45.685075+00:00,a2a-computational-curation-v1.3
CHEMBL2165799,CHEMBL2165799,3,antagonist,accept_antagonist,antagonist,0,tier_1,True,True,False,machine_curated_computational_audit,deterministic_evidence_rules,False,False,1 qualifying activity row(s) link an explicit human A2A functional antagonist direction to 1 traceable primary publication(s).,1,1,12084387,CHEMBL2167687,CHEMBL2163234,https://doi.org/10.1021/jm201640m,Antagonist activity at human Adenosine receptor A2a assessed as inhibition of cAMP production,2026-09-10T12:57:45.685095+00:00,a2a-computational-curation-v1.3
CHEMBL2165804,CHEMBL2165804,3,antagonist,accept_antagonist,antagonist,0,tier_1,True,True,False,machine_curated_computational_audit,deterministic_evidence_rules,False,False,1 qualifying activity row(s) link an explicit human A2A functional antagonist direction to 1 traceable primary publication(s).,1,1,12084380,CHEMBL2167687,CHEMBL2163234,https://doi.org/10.1021/jm201640m,Antagonist activity at human Adenosine receptor A2a assessed as inhibition of cAMP production,2026-09-10T12:57:45.685113+00:00,a2a-computational-curation-v1.3
CHEMBL2165806,CHEMBL2165806,3,antagonist,accept_antagonist,antagonist,0,tier_1,True,True,False,machine_curated_computational_audit,deterministic_evidence_rules,False,False,1 qualifying activity row(s) link an explicit human A2A functional antagonist direction to 1 traceable primary publication(s).,1,1,12084392,CHEMBL2167687,CHEMBL2163234,https://doi.org/10.1021/jm201640m,Antagonist activity at human Adenosine receptor A2a assessed as inhibition of cAMP production,2026-09-10T12:57:45.685131+00:00,a2a-computational-curation-v1.3
CHEMBL1417210,CHEMBL1417210,3,agonist,accept_agonist,agonist,1,tier_1,True,True,False,machine_curated_computational_audit,deterministic_evidence_rules,False,False,1 qualifying activity row(s) link an explicit human A2A functional agonist direction to 1 traceable primary publication(s).,1,1,24781682,CHEMBL5129738,CHEMBL5126601,https://doi.org/10.1021/acsmedchemlett.2c00099,Agonist activity at human adenosine A2A receptor expressed in HEK293T cells assessed as stimulation of cAMP accumulation by GloSensor cAMP accumulation assay,2026-09-10T12:57:45.685151+00:00,a2a-computational-curation-v1.3
CHEMBL2377086,CHEMBL2377086,3,antagonist,accept_antagonist,antagonist,0,tier_1,True,True,False,machine_curated_computational_audit,deterministic_evidence_rules,False,False,1 qualifying activity row(s) link an explicit human A2A functional antagonist direction to 1 traceable primary publication(s).,1,1,13287501,CHEMBL2380019,CHEMBL2375358,https://doi.org/10.1016/j.bmcl.2013.02.078,Antagonist activity at human adenosine A2a receptor expressed in CHOK1 cells assessed as inhibition of NECA/forskolin-induced cAMP accumulation incubated for 15 mins prior to NECA/forskolin challenge measured after 5.5 to 6 hrs by beta-galactosidase reporter gene assay,2026-09-10T12:57:45.685175+00:00,a2a-computational-curation-v1.3
CHEMBL2377087,CHEMBL2377087,3,antagonist,accept_antagonist,antagonist,0,tier_1,True,True,False,machine_curated_computational_audit,deterministic_evidence_rules,False,False,1 qualifying activity row(s) link an explicit human A2A functional antagonist direction to 1 traceable primary publication(s).,1,1,13287517,CHEMBL2380019,CHEMBL2375358,https://doi.org/10.1016/j.bmcl.2013.02.078,Antagonist activity at human adenosine A2a receptor expressed in CHOK1 cells assessed as inhibition of NECA/forskolin-induced cAMP accumulation incubated for 15 mins prior to NECA/forskolin challenge measured after 5.5 to 6 hrs by beta-galactosidase reporter gene assay,2026-09-10T12:57:45.685198+00:00,a2a-computational-curation-v1.3
CHEMBL1573515,CHEMBL1573515,3,agonist,accept_agonist,agonist,1,tier_1,True,True,False,machine_curated_computational_audit,deterministic_evidence_rules,False,False,1 qualifying activity row(s) link an explicit human A2A functional agonist direction to 1 traceable primary publication(s).,1,1,24781688,CHEMBL5129738,CHEMBL5126601,https://doi.org/10.1021/acsmedchemlett.2c00099,Agonist activity at human adenosine A2A receptor expressed in HEK293T cells assessed as stimulation of cAMP accumulation by GloSensor cAMP accumulation assay,2026-09-10T12:57:45.685218+00:00,a2a-computational-curation-v1.3
CHEMBL2377088,CHEMBL2377088,3,antagonist,accept_antagonist,antagonist,0,tier_1,True,True,False,machine_curated_computational_audit,deterministic_evidence_rules,False,False,1 qualifying activity row(s) link an explicit human A2A functional antagonist direction to 1 traceable primary publication(s).,1,1,13287544,CHEMBL2380019,CHEMBL2375358,https://doi.org/10.1016/j.bmcl.2013.02.078,Antagonist activity at human adenosine A2a receptor expressed in CHOK1 cells assessed as inhibition of NECA/forskolin-induced cAMP accumulation incubated for 15 mins prior to NECA/forskolin challenge measured after 5.5 to 6 hrs by beta-galactosidase reporter gene assay,2026-09-10T12:57:45.685241+00:00,a2a-computational-curation-v1.3
CHEMBL2377089,CHEMBL2377089,3,antagonist,accept_antagonist,antagonist,0,tier_1,True,True,False,machine_curated_computational_audit,deterministic_evidence_rules,False,False,1 qualifying activity row(s) link an explicit human A2A functional antagonist direction to 1 traceable primary publication(s).,1,1,13287469,CHEMBL2380019,CHEMBL2375358,https://doi.org/10.1016/j.bmcl.2013.02.078,Antagonist activity at human adenosine A2a receptor expressed in CHOK1 cells assessed as inhibition of NECA/forskolin-induced cAMP accumulation incubated for 15 mins prior to NECA/forskolin challenge measured after 5.5 to 6 hrs by beta-galactosidase reporter gene assay,2026-09-10T12:57:45.685264+00:00,a2a-computational-curation-v1.3
CHEMBL2377095,CHEMBL2377095,3,antagonist,accept_antagonist,antagonist,0,tier_1,True,True,False,machine_curated_computational_audit,deterministic_evidence_rules,False,False,1 qualifying activity row(s) link an explicit human A2A functional antagonist direction to 1 traceable primary publication(s).,1,1,13287537,CHEMBL2380019,CHEMBL2375358,https://doi.org/10.1016/j.bmcl.2013.02.078,Antagonist activity at human adenosine A2a receptor expressed in CHOK1 cells assessed as inhibition of NECA/forskolin-induced cAMP accumulation incubated for 15 mins prior to NECA/forskolin challenge measured after 5.5 to 6 hrs by beta-galactosidase reporter gene assay,2026-09-10T12:57:45.685287+00:00,a2a-computational-curation-v1.3
CHEMBL1950653,CHEMBL1950653,4,agonist,accept_agonist,agonist,1,tier_1,True,True,False,machine_curated_computational_audit,deterministic_evidence_rules,False,False,1 qualifying activity row(s) link an explicit human A2A functional agonist direction to 1 traceable primary publication(s).,1,1,8031771,CHEMBL1955229,CHEMBL1949672,https://doi.org/10.1021/jm201461q,Agonist activity at human A2A adenosine receptor expressed in CHO cells assessed as stimulation of forskolin-induced cAMP production at 10 uM preincubated for 45 mins prior forskolin treatment measured after 15 mins by liquid scintillation spectrometry relative to 2-[p-(2-carboxyethyl)phenylethylamino]-5'-N-ethylcarboxamido-adenosine,2026-09-10T12:57:45.685316+00:00,a2a-computational-curation-v1.3
CHEMBL2377096,CHEMBL2377096,4,antagonist,accept_antagonist,antagonist,0,tier_1,True,True,False,machine_curated_computational_audit,deterministic_evidence_rules,False,False,1 qualifying activity row(s) link an explicit human A2A functional antagonist direction to 1 traceable primary publication(s).,1,1,13287515,CHEMBL2380019,CHEMBL2375358,https://doi.org/10.1016/j.bmcl.2013.02.078,Antagonist activity at human adenosine A2a receptor expressed in CHOK1 cells assessed as inhibition of NECA/forskolin-induced cAMP accumulation incubated for 15 mins prior to NECA/forskolin challenge measured after 5.5 to 6 hrs by beta-galactosidase reporter gene assay,2026-09-10T12:57:45.685339+00:00,a2a-computational-curation-v1.3
CHEMBL2377108,CHEMBL2377108,4,antagonist,accept_antagonist,antagonist,0,tier_1,True,True,False,machine_curated_computational_audit,deterministic_evidence_rules,False,False,1 qualifying activity row(s) link an explicit human A2A functional antagonist direction to 1 traceable primary publication(s).,1,1,13287518,CHEMBL2380019,CHEMBL2375358,https://doi.org/10.1016/j.bmcl.2013.02.078,Antagonist activity at human adenosine A2a receptor expressed in CHOK1 cells assessed as inhibition of NECA/forskolin-induced cAMP accumulation incubated for 15 mins prior to NECA/forskolin challenge measured after 5.5 to 6 hrs by beta-galactosidase reporter gene assay,2026-09-10T12:57:45.685362+00:00,a2a-computational-curation-v1.3
CHEMBL1950655,CHEMBL1950655,4,agonist,accept_agonist,agonist,1,tier_1,True,True,False,machine_curated_computational_audit,deterministic_evidence_rules,False,False,1 qualifying activity row(s) link an explicit human A2A functional agonist direction to 1 traceable primary publication(s).,1,1,8031773,CHEMBL1955229,CHEMBL1949672,https://doi.org/10.1021/jm201461q,Agonist activity at human A2A adenosine receptor expressed in CHO cells assessed as stimulation of forskolin-induced cAMP production at 10 uM preincubated for 45 mins prior forskolin treatment measured after 15 mins by liquid scintillation spectrometry relative to 2-[p-(2-carboxyethyl)phenylethylamino]-5'-N-ethylcarboxamido-adenosine,2026-09-10T12:57:45.685392+00:00,a2a-computational-curation-v1.3
CHEMBL2377223,CHEMBL2377223,4,antagonist,accept_antagonist,antagonist,0,tier_1,True,True,False,machine_curated_computational_audit,deterministic_evidence_rules,False,False,1 qualifying activity row(s) link an explicit human A2A functional antagonist direction to 1 traceable primary publication(s).,1,1,13287511,CHEMBL2380019,CHEMBL2375358,https://doi.org/10.1016/j.bmcl.2013.02.078,Antagonist activity at human adenosine A2a receptor expressed in CHOK1 cells assessed as inhibition of NECA/forskolin-induced cAMP accumulation incubated for 15 mins prior to NECA/forskolin challenge measured after 5.5 to 6 hrs by beta-galactosidase reporter gene assay,2026-09-10T12:57:45.685416+00:00,a2a-computational-curation-v1.3
CHEMBL2377235,CHEMBL2377235,4,antagonist,accept_antagonist,antagonist,0,tier_1,True,True,False,machine_curated_computational_audit,deterministic_evidence_rules,False,False,1 qualifying activity row(s) link an explicit human A2A functional antagonist direction to 1 traceable primary publication(s).,1,1,13287543,CHEMBL2380019,CHEMBL2375358,https://doi.org/10.1016/j.bmcl.2013.02.078,Antagonist activity at human adenosine A2a receptor expressed in CHOK1 cells assessed as inhibition of NECA/forskolin-induced cAMP accumulation incubated for 15 mins prior to NECA/forskolin challenge measured after 5.5 to 6 hrs by beta-galactosidase reporter gene assay,2026-09-10T12:57:45.685439+00:00,a2a-computational-curation-v1.3
CHEMBL1950665,CHEMBL1950665,4,agonist,accept_agonist,agonist,1,tier_1,True,True,False,machine_curated_computational_audit,deterministic_evidence_rules,False,False,1 qualifying activity row(s) link an explicit human A2A functional agonist direction to 1 traceable primary publication(s).,1,1,8031783,CHEMBL1955229,CHEMBL1949672,https://doi.org/10.1021/jm201461q,Agonist activity at human A2A adenosine receptor expressed in CHO cells assessed as stimulation of forskolin-induced cAMP production at 10 uM preincubated for 45 mins prior forskolin treatment measured after 15 mins by liquid scintillation spectrometry relative to 2-[p-(2-carboxyethyl)phenylethylamino]-5'-N-ethylcarboxamido-adenosine,2026-09-10T12:57:45.685468+00:00,a2a-computational-curation-v1.3
CHEMBL2377236,CHEMBL2377236,4,antagonist,accept_antagonist,antagonist,0,tier_1,True,True,False,machine_curated_computational_audit,deterministic_evidence_rules,False,False,1 qualifying activity row(s) link an explicit human A2A functional antagonist direction to 1 traceable primary publication(s).,1,1,13287528,CHEMBL2380019,CHEMBL2375358,https://doi.org/10.1016/j.bmcl.2013.02.078,Antagonist activity at human adenosine A2a receptor expressed in CHOK1 cells assessed as inhibition of NECA/forskolin-induced cAMP accumulation incubated for 15 mins prior to NECA/forskolin challenge measured after 5.5 to 6 hrs by beta-galactosidase reporter gene assay,2026-09-10T12:57:45.685491+00:00,a2a-computational-curation-v1.3
CHEMBL2377238,CHEMBL2377238,4,antagonist,accept_antagonist,antagonist,0,tier_1,True,True,False,machine_curated_computational_audit,deterministic_evidence_rules,False,False,1 qualifying activity row(s) link an explicit human A2A functional antagonist direction to 1 traceable primary publication(s).,1,1,13287535,CHEMBL2380019,CHEMBL2375358,https://doi.org/10.1016/j.bmcl.2013.02.078,Antagonist activity at human adenosine A2a receptor expressed in CHOK1 cells assessed as inhibition of NECA/forskolin-induced cAMP accumulation incubated for 15 mins prior to NECA/forskolin challenge measured after 5.5 to 6 hrs by beta-galactosidase reporter gene assay,2026-09-10T12:57:45.685514+00:00,a2a-computational-curation-v1.3
CHEMBL240624,PRELADENANT,4,antagonist,quarantine_excluded_function,unknown,,,False,False,False,machine_curated_computational_audit,deterministic_evidence_rules,False,False,Raw ChEMBL evidence contains endpoint-excluded functional class(es) ['inverse_agonist']; the record cannot enter the binary agonist-versus-antagonist endpoint.,1,1,2019641,CHEMBL903286,CHEMBL1139101,https://doi.org/10.1016/j.bmcl.2006.11.083,Antagonist activity at human adenosine A2A receptor assessed as CGS 21680-induced inhibition of adenylate cyclase activity by cell-based assay,2026-09-10T12:57:45.685537+00:00,a2a-computational-curation-v1.3
CHEMBL2042301,CHEMBL2042301,4,agonist,accept_agonist,agonist,1,tier_1,True,True,False,machine_curated_computational_audit,deterministic_evidence_rules,False,False,1 qualifying activity row(s) link an explicit human A2A functional agonist direction to 1 traceable primary publication(s).,1,1,10925253,CHEMBL2044689,CHEMBL2040819,https://doi.org/10.1021/jm300206u,Agonist activity at human adenosine A2A receptor expressed in CHO cells assessed as increase in intracellular cAMP level after 30 mins,2026-09-10T12:57:45.685557+00:00,a2a-computational-curation-v1.3
CHEMBL259105,CHEMBL259105,4,antagonist,accept_antagonist,antagonist,0,tier_1,True,True,False,machine_curated_computational_audit,deterministic_evidence_rules,False,False,1 qualifying activity row(s) link an explicit human A2A functional antagonist direction to 1 traceable primary publication(s).,1,1,2141207,CHEMBL940083,CHEMBL1143979,https://doi.org/10.1016/j.bmc.2008.01.002,Antagonist activity at human adenosine A2A receptor expressed in CHO cells by cAMP assay,2026-09-10T12:57:45.685573+00:00,a2a-computational-curation-v1.3
CHEMBL259580,CHEMBL259580,4,antagonist,accept_antagonist,antagonist,0,tier_1,True,True,False,machine_curated_computational_audit,deterministic_evidence_rules,False,False,1 qualifying activity row(s) link an explicit human A2A functional antagonist direction to 1 traceable primary publication(s).,1,1,2141209,CHEMBL940083,CHEMBL1143979,https://doi.org/10.1016/j.bmc.2008.01.002,Antagonist activity at human adenosine A2A receptor expressed in CHO cells by cAMP assay,2026-09-10T12:57:45.685590+00:00,a2a-computational-curation-v1.3
CHEMBL2042303,CHEMBL2042303,4,agonist,accept_agonist,agonist,1,tier_1,True,True,False,machine_curated_computational_audit,deterministic_evidence_rules,False,False,1 qualifying activity row(s) link an explicit human A2A functional agonist direction to 1 traceable primary publication(s).,1,1,10925255,CHEMBL2044689,CHEMBL2040819,https://doi.org/10.1021/jm300206u,Agonist activity at human adenosine A2A receptor expressed in CHO cells assessed as increase in intracellular cAMP level after 30 mins,2026-09-10T12:57:45.685609+00:00,a2a-computational-curation-v1.3
CHEMBL270654,CHEMBL270654,4,antagonist,accept_antagonist,antagonist,0,tier_1,True,True,False,machine_curated_computational_audit,deterministic_evidence_rules,False,False,1 qualifying activity row(s) link an explicit human A2A functional antagonist direction to 1 traceable primary publication(s).,1,1,2107103,CHEMBL930535,CHEMBL1142297,https://doi.org/10.1016/j.bmcl.2008.01.036,Antagonist activity at human adenosine A2A receptor expressed in HEK293 cells by cAMP assay,2026-09-10T12:57:45.685631+00:00,a2a-computational-curation-v1.3
CHEMBL273094,XANTHINE AMINE CONGENER,4,antagonist,quarantine_excluded_function,unknown,,,False,False,False,machine_curated_computational_audit,deterministic_evidence_rules,False,False,Raw ChEMBL evidence contains endpoint-excluded functional class(es) ['inverse_agonist']; the record cannot enter the binary agonist-versus-antagonist endpoint.,1,1,13300522,CHEMBL2384073,CHEMBL2380258,https://doi.org/10.1016/j.bmcl.2013.03.070,Antagonist activity at human adenosine A2A receptor assessed as cAMP level by cell based assay,2026-09-10T12:57:45.685650+00:00,a2a-computational-curation-v1.3
CHEMBL294223,CHEMBL294223,4,antagonist,accept_antagonist,antagonist,0,tier_1,True,True,False,machine_curated_computational_audit,deterministic_evidence_rules,False,False,1 qualifying activity row(s) link an explicit human A2A functional antagonist direction to 1 traceable primary publication(s).,1,1,2141208,CHEMBL940083,CHEMBL1143979,https://doi.org/10.1016/j.bmc.2008.01.002,Antagonist activity at human adenosine A2A receptor expressed in CHO cells by cAMP assay,2026-09-10T12:57:45.685666+00:00,a2a-computational-curation-v1.3
CHEMBL2042304,CHEMBL2042304,4,agonist,accept_agonist,agonist,1,tier_1,True,True,False,machine_curated_computational_audit,deterministic_evidence_rules,False,False,1 qualifying activity row(s) link an explicit human A2A functional agonist direction to 1 traceable primary publication(s).,1,1,10925256,CHEMBL2044689,CHEMBL2040819,https://doi.org/10.1021/jm300206u,Agonist activity at human adenosine A2A receptor expressed in CHO cells assessed as increase in intracellular cAMP level after 30 mins,2026-09-10T12:57:45.685686+00:00,a2a-computational-curation-v1.3
CHEMBL3217867,CHEMBL3217867,4,antagonist,accept_antagonist,antagonist,0,tier_1,True,True,False,machine_curated_computational_audit,deterministic_evidence_rules,False,False,1 qualifying activity row(s) link an explicit human A2A functional antagonist direction to 1 traceable primary publication(s).,1,1,14552658,CHEMBL3223903,CHEMBL3217453,https://doi.org/10.1039/C1MD00082A,Antagonist activity at human adenosine A2A receptor expressed in CHO-K1 cells preincubated for 15 mins before NECA addition measured after 5.5 to 6 hrs by beta-galactosidase reporter gene assay,2026-09-10T12:57:45.685711+00:00,a2a-computational-curation-v1.3
CHEMBL3222049,CHEMBL3222049,4,antagonist,accept_antagonist,antagonist,0,tier_1,True,True,False,machine_curated_computational_audit,deterministic_evidence_rules,False,False,1 qualifying activity row(s) link an explicit human A2A functional antagonist direction to 1 traceable primary publication(s).,1,1,14552523,CHEMBL3223903,CHEMBL3217453,https://doi.org/10.1039/C1MD00082A,Antagonist activity at human adenosine A2A receptor expressed in CHO-K1 cells preincubated for 15 mins before NECA addition measured after 5.5 to 6 hrs by beta-galactosidase reporter gene assay,2026-09-10T12:57:45.685737+00:00,a2a-computational-curation-v1.3
CHEMBL2042305,CHEMBL2042305,4,agonist,accept_agonist,agonist,1,tier_1,True,True,False,machine_curated_computational_audit,deterministic_evidence_rules,False,False,1 qualifying activity row(s) link an explicit human A2A functional agonist direction to 1 traceable primary publication(s).,1,1,10925257,CHEMBL2044689,CHEMBL2040819,https://doi.org/10.1021/jm300206u,Agonist activity at human adenosine A2A receptor expressed in CHO cells assessed as increase in intracellular cAMP level after 30 mins,2026-09-10T12:57:45.685756+00:00,a2a-computational-curation-v1.3
CHEMBL3222051,CHEMBL3222051,4,antagonist,accept_antagonist,antagonist,0,tier_1,True,True,False,machine_curated_computational_audit,deterministic_evidence_rules,False,False,1 qualifying activity row(s) link an explicit human A2A functional antagonist direction to 1 traceable primary publication(s).,1,1,14552515,CHEMBL3223903,CHEMBL3217453,https://doi.org/10.1039/C1MD00082A,Antagonist activity at human adenosine A2A receptor expressed in CHO-K1 cells preincubated for 15 mins before NECA addition measured after 5.5 to 6 hrs by beta-galactosidase reporter gene assay,2026-09-10T12:57:45.685781+00:00,a2a-computational-curation-v1.3
CHEMBL3222054,CHEMBL3222054,4,antagonist,accept_antagonist,antagonist,0,tier_1,True,True,False,machine_curated_computational_audit,deterministic_evidence_rules,False,False,1 qualifying activity row(s) link an explicit human A2A functional antagonist direction to 1 traceable primary publication(s).,1,1,14552514,CHEMBL3223903,CHEMBL3217453,https://doi.org/10.1039/C1MD00082A,Antagonist activity at human adenosine A2A receptor expressed in CHO-K1 cells preincubated for 15 mins before NECA addition measured after 5.5 to 6 hrs by beta-galactosidase reporter gene assay,2026-09-10T12:57:45.685806+00:00,a2a-computational-curation-v1.3
CHEMBL2042308,CHEMBL2042308,4,agonist,accept_agonist,agonist,1,tier_1,True,True,False,machine_curated_computational_audit,deterministic_evidence_rules,False,False,1 qualifying activity row(s) link an explicit human A2A functional agonist direction to 1 traceable primary publication(s).,1,1,10925260,CHEMBL2044689,CHEMBL2040819,https://doi.org/10.1021/jm300206u,Agonist activity at human adenosine A2A receptor expressed in CHO cells assessed as increase in intracellular cAMP level after 30 mins,2026-09-10T12:57:45.685826+00:00,a2a-computational-curation-v1.3
CHEMBL3222057,CHEMBL3222057,4,antagonist,accept_antagonist,antagonist,0,tier_1,True,True,False,machine_curated_computational_audit,deterministic_evidence_rules,False,False,1 qualifying activity row(s) link an explicit human A2A functional antagonist direction to 1 traceable primary publication(s).,1,1,14552567,CHEMBL3223903,CHEMBL3217453,https://doi.org/10.1039/C1MD00082A,Antagonist activity at human adenosine A2A receptor expressed in CHO-K1 cells preincubated for 15 mins before NECA addition measured after 5.5 to 6 hrs by beta-galactosidase reporter gene assay,2026-09-10T12:57:45.685852+00:00,a2a-computational-curation-v1.3
CHEMBL3222064,CHEMBL3222064,4,antagonist,accept_antagonist,antagonist,0,tier_1,True,True,False,machine_curated_computational_audit,deterministic_evidence_rules,False,False,1 qualifying activity row(s) link an explicit human A2A functional antagonist direction to 1 traceable primary publication(s).,1,1,14552570,CHEMBL3223903,CHEMBL3217453,https://doi.org/10.1039/C1MD00082A,Antagonist activity at human adenosine A2A receptor expressed in CHO-K1 cells preincubated for 15 mins before NECA addition measured after 5.5 to 6 hrs by beta-galactosidase reporter gene assay,2026-09-10T12:57:45.685877+00:00,a2a-computational-curation-v1.3
CHEMBL3222102,CHEMBL3222102,4,antagonist,accept_antagonist,antagonist,0,tier_1,True,True,False,machine_curated_computational_audit,deterministic_evidence_rules,False,False,1 qualifying activity row(s) link an explicit human A2A functional antagonist direction to 1 traceable primary publication(s).,1,1,14552583,CHEMBL3223903,CHEMBL3217453,https://doi.org/10.1039/C1MD00082A,Antagonist activity at human adenosine A2A receptor expressed in CHO-K1 cells preincubated for 15 mins before NECA addition measured after 5.5 to 6 hrs by beta-galactosidase reporter gene assay,2026-09-10T12:57:45.685903+00:00,a2a-computational-curation-v1.3
CHEMBL2042310,CHEMBL2042310,4,agonist,accept_agonist,agonist,1,tier_1,True,True,False,machine_curated_computational_audit,deterministic_evidence_rules,False,False,1 qualifying activity row(s) link an explicit human A2A functional agonist direction to 1 traceable primary publication(s).,1,1,10925262,CHEMBL2044689,CHEMBL2040819,https://doi.org/10.1021/jm300206u,Agonist activity at human adenosine A2A receptor expressed in CHO cells assessed as increase in intracellular cAMP level after 30 mins,2026-09-10T12:57:45.685922+00:00,a2a-computational-curation-v1.3
CHEMBL372148,CHEMBL372148,4,antagonist,accept_antagonist,antagonist,0,tier_1,True,True,False,machine_curated_computational_audit,deterministic_evidence_rules,False,False,1 qualifying activity row(s) link an explicit human A2A functional antagonist direction to 1 traceable primary publication(s).,1,1,1674877,CHEMBL853546,CHEMBL1148617,https://doi.org/10.1021/jm0506221,Antagonist potency at cloned recombinant human adenosine A2A receptor transfected in CHO cells by cAMP assay,2026-09-10T12:57:45.685942+00:00,a2a-computational-curation-v1.3
CHEMBL398272,CHEMBL398272,4,antagonist,accept_antagonist,antagonist,0,tier_1,True,True,False,machine_curated_computational_audit,deterministic_evidence_rules,False,False,1 qualifying activity row(s) link an explicit human A2A functional antagonist direction to 1 traceable primary publication(s).,1,1,2117708,CHEMBL949245,CHEMBL1142326,https://doi.org/10.1021/jm701185v,Antagonist activity at human adenosine A2A receptor by cAMP assay,2026-09-10T12:57:45.685960+00:00,a2a-computational-curation-v1.3
CHEMBL216392,CHEMBL216392,4,agonist,accept_agonist,agonist,1,tier_1,True,True,False,machine_curated_computational_audit,deterministic_evidence_rules,False,False,1 qualifying activity row(s) link an explicit human A2A functional agonist direction to 1 traceable primary publication(s).,1,1,1795816,CHEMBL909310,CHEMBL1137298,https://doi.org/10.1021/jm0608208,Activity at human adenosine A2A receptor in CHO cells assessed as stimulation of cAMP production relative to NECA at 10 uM,2026-09-10T12:57:45.685978+00:00,a2a-computational-curation-v1.3
CHEMBL4064207,CHEMBL4064207,4,antagonist,needs_full_text,unknown,,,False,False,False,machine_curated_computational_audit,deterministic_evidence_rules,False,False,"Functional evidence passed target/context checks, but no qualifying primary publication was established.",1,1,24772489,CHEMBL5126865,CHEMBL5126505,https://doi.org/10.1016/j.ejmech.2021.113907,Antagonist activity at recombinant human adenosine A2A receptor expressed in HEK293 cells measured by cAMP functional assay,2026-09-10T12:57:45.685995+00:00,a2a-computational-curation-v1.3
CHEMBL4065326,CHEMBL4065326,4,antagonist,needs_full_text,unknown,,,False,False,False,machine_curated_computational_audit,deterministic_evidence_rules,False,False,"Functional evidence passed target/context checks, but no qualifying primary publication was established.",1,1,24772486,CHEMBL5126865,CHEMBL5126505,https://doi.org/10.1016/j.ejmech.2021.113907,Antagonist activity at recombinant human adenosine A2A receptor expressed in HEK293 cells measured by cAMP functional assay,2026-09-10T12:57:45.686010+00:00,a2a-computational-curation-v1.3
CHEMBL218326,CHEMBL218326,4,agonist,accept_agonist,agonist,1,tier_1,True,True,False,machine_curated_computational_audit,deterministic_evidence_rules,False,False,1 qualifying activity row(s) link an explicit human A2A functional agonist direction to 1 traceable primary publication(s).,1,1,1795808,CHEMBL909310,CHEMBL1137298,https://doi.org/10.1021/jm0608208,Activity at human adenosine A2A receptor in CHO cells assessed as stimulation of cAMP production relative to NECA at 10 uM,2026-09-10T12:57:45.686028+00:00,a2a-computational-curation-v1.3
CHEMBL4128848,CHEMBL4128848,4,antagonist,accept_antagonist,antagonist,0,tier_1,True,True,False,machine_curated_computational_audit,deterministic_evidence_rules,False,False,1 qualifying activity row(s) link an explicit human A2A functional antagonist direction to 1 traceable primary publication(s).,1,1,18296987,CHEMBL4123895,CHEMBL4118207,https://doi.org/10.1021/acs.jmedchem.8b00204,Antagonist activity at human A2A receptor expressed in CHO cells assessed as inhibition of NECA-stimulated cAMP accumulation at 1 uM preincubated for 15 mins followed by NECA addition measured after 15 mins by enzyme immunoassay,2026-09-10T12:57:45.686049+00:00,a2a-computational-curation-v1.3
CHEMBL4203542,CHEMBL4203542,4,antagonist,accept_antagonist,antagonist,0,tier_1,True,True,False,machine_curated_computational_audit,deterministic_evidence_rules,False,False,1 qualifying activity row(s) link an explicit human A2A functional antagonist direction to 1 traceable primary publication(s).,1,1,18520704,CHEMBL4193732,CHEMBL4190330,https://doi.org/10.1021/acsmedchemlett.7b00175,Antagonist activity at human A2A receptor expressed in HEK293 cell membranes assessed as reduction in CGS-21680-induced cAMP level pretreated for 15 mins followed by CGS-21680 addition measured after 30 mins by HTRF assay,2026-09-10T12:57:45.686073+00:00,a2a-computational-curation-v1.3
CHEMBL4204531,CHEMBL4204531,4,antagonist,accept_antagonist,antagonist,0,tier_1,True,True,False,machine_curated_computational_audit,deterministic_evidence_rules,False,False,1 qualifying activity row(s) link an explicit human A2A functional antagonist direction to 1 traceable primary publication(s).,1,1,18520693,CHEMBL4193732,CHEMBL4190330,https://doi.org/10.1021/acsmedchemlett.7b00175,Antagonist activity at human A2A receptor expressed in HEK293 cell membranes assessed as reduction in CGS-21680-induced cAMP level pretreated for 15 mins followed by CGS-21680 addition measured after 30 mins by HTRF assay,2026-09-10T12:57:45.686096+00:00,a2a-computational-curation-v1.3
CHEMBL219055,CHEMBL219055,4,agonist,accept_agonist,agonist,1,tier_1,True,True,False,machine_curated_computational_audit,deterministic_evidence_rules,False,False,1 qualifying activity row(s) link an explicit human A2A functional agonist direction to 1 traceable primary publication(s).,1,1,1795812,CHEMBL909310,CHEMBL1137298,https://doi.org/10.1021/jm0608208,Activity at human adenosine A2A receptor in CHO cells assessed as stimulation of cAMP production relative to NECA at 10 uM,2026-09-10T12:57:45.686114+00:00,a2a-computational-curation-v1.3
CHEMBL4205884,CHEMBL4205884,4,antagonist,accept_antagonist,antagonist,0,tier_1,True,True,False,machine_curated_computational_audit,deterministic_evidence_rules,False,False,1 qualifying activity row(s) link an explicit human A2A functional antagonist direction to 1 traceable primary publication(s).,1,1,18520685,CHEMBL4193732,CHEMBL4190330,https://doi.org/10.1021/acsmedchemlett.7b00175,Antagonist activity at human A2A receptor expressed in HEK293 cell membranes assessed as reduction in CGS-21680-induced cAMP level pretreated for 15 mins followed by CGS-21680 addition measured after 30 mins by HTRF assay,2026-09-10T12:57:45.686137+00:00,a2a-computational-curation-v1.3
CHEMBL4207839,CHEMBL4207839,4,antagonist,accept_antagonist,antagonist,0,tier_1,True,True,False,machine_curated_computational_audit,deterministic_evidence_rules,False,False,1 qualifying activity row(s) link an explicit human A2A functional antagonist direction to 1 traceable primary publication(s).,1,1,18520688,CHEMBL4193732,CHEMBL4190330,https://doi.org/10.1021/acsmedchemlett.7b00175,Antagonist activity at human A2A receptor expressed in HEK293 cell membranes assessed as reduction in CGS-21680-induced cAMP level pretreated for 15 mins followed by CGS-21680 addition measured after 30 mins by HTRF assay,2026-09-10T12:57:45.686160+00:00,a2a-computational-curation-v1.3
CHEMBL219256,CHEMBL219256,4,agonist,accept_agonist,agonist,1,tier_1,True,True,False,machine_curated_computational_audit,deterministic_evidence_rules,False,False,1 qualifying activity row(s) link an explicit human A2A functional agonist direction to 1 traceable primary publication(s).,1,1,1795820,CHEMBL909310,CHEMBL1137298,https://doi.org/10.1021/jm0608208,Activity at human adenosine A2A receptor in CHO cells assessed as stimulation of cAMP production relative to NECA at 10 uM,2026-09-10T12:57:45.686178+00:00,a2a-computational-curation-v1.3
CHEMBL4207914,CHEMBL4207914,4,antagonist,accept_antagonist,antagonist,0,tier_1,True,True,False,machine_curated_computational_audit,deterministic_evidence_rules,False,False,1 qualifying activity row(s) link an explicit human A2A functional antagonist direction to 1 traceable primary publication(s).,1,1,18520695,CHEMBL4193732,CHEMBL4190330,https://doi.org/10.1021/acsmedchemlett.7b00175,Antagonist activity at human A2A receptor expressed in HEK293 cell membranes assessed as reduction in CGS-21680-induced cAMP level pretreated for 15 mins followed by CGS-21680 addition measured after 30 mins by HTRF assay,2026-09-10T12:57:45.686207+00:00,a2a-computational-curation-v1.3
CHEMBL4212810,CHEMBL4212810,4,antagonist,accept_antagonist,antagonist,0,tier_1,True,True,False,machine_curated_computational_audit,deterministic_evidence_rules,False,False,1 qualifying activity row(s) link an explicit human A2A functional antagonist direction to 1 traceable primary publication(s).,1,1,18520703,CHEMBL4193732,CHEMBL4190330,https://doi.org/10.1021/acsmedchemlett.7b00175,Antagonist activity at human A2A receptor expressed in HEK293 cell membranes assessed as reduction in CGS-21680-induced cAMP level pretreated for 15 mins followed by CGS-21680 addition measured after 30 mins by HTRF assay,2026-09-10T12:57:45.686233+00:00,a2a-computational-curation-v1.3
CHEMBL4212821,CHEMBL4212821,4,antagonist,accept_antagonist,antagonist,0,tier_1,True,True,False,machine_curated_computational_audit,deterministic_evidence_rules,False,False,1 qualifying activity row(s) link an explicit human A2A functional antagonist direction to 1 traceable primary publication(s).,1,1,18520694,CHEMBL4193732,CHEMBL4190330,https://doi.org/10.1021/acsmedchemlett.7b00175,Antagonist activity at human A2A receptor expressed in HEK293 cell membranes assessed as reduction in CGS-21680-induced cAMP level pretreated for 15 mins followed by CGS-21680 addition measured after 30 mins by HTRF assay,2026-09-10T12:57:45.686258+00:00,a2a-computational-curation-v1.3
CHEMBL225368,CHEMBL225368,4,agonist,accept_agonist,agonist,1,tier_1,True,True,False,machine_curated_computational_audit,deterministic_evidence_rules,False,False,1 qualifying activity row(s) link an explicit human A2A functional agonist direction to 1 traceable primary publication(s).,1,1,1901977,CHEMBL889385,CHEMBL1145382,https://doi.org/10.1021/jm060947x,Agonist activity at adenosine A2A receptor in SH-SY5Y cells assessed as CGS-induced intracellular cAMP production at 50 uM,2026-09-10T12:57:45.686276+00:00,a2a-computational-curation-v1.3
CHEMBL4284097,CHEMBL4284097,4,antagonist,accept_antagonist,antagonist,0,tier_1,True,True,False,machine_curated_computational_audit,deterministic_evidence_rules,False,False,1 qualifying activity row(s) link an explicit human A2A functional antagonist direction to 1 traceable primary publication(s).,1,1,18694874,CHEMBL4253810,CHEMBL4251607,https://doi.org/10.1016/j.ejmech.2017.12.007,Antagonist activity at human adenosine A2A receptor expressed in HEK293 cell membranes assessed as inhibition of CGS241680-induced [35S]GTPgammaS binding preincubated for 10 mins followed by CGS241680 addition by TopCount scintillation counting method,2026-09-10T12:57:45.686307+00:00,a2a-computational-curation-v1.3
CHEMBL4284595,CHEMBL4284595,4,antagonist,accept_antagonist,antagonist,0,tier_1,True,True,False,machine_curated_computational_audit,deterministic_evidence_rules,False,False,1 qualifying activity row(s) link an explicit human A2A functional antagonist direction to 1 traceable primary publication(s).,1,1,18694876,CHEMBL4253810,CHEMBL4251607,https://doi.org/10.1016/j.ejmech.2017.12.007,Antagonist activity at human adenosine A2A receptor expressed in HEK293 cell membranes assessed as inhibition of CGS241680-induced [35S]GTPgammaS binding preincubated for 10 mins followed by CGS241680 addition by TopCount scintillation counting method,2026-09-10T12:57:45.686334+00:00,a2a-computational-curation-v1.3
CHEMBL225459,CHEMBL225459,4,agonist,accept_agonist,agonist,1,tier_1,True,True,False,machine_curated_computational_audit,deterministic_evidence_rules,False,False,1 qualifying activity row(s) link an explicit human A2A functional agonist direction to 1 traceable primary publication(s).,1,1,1831237,CHEMBL918613,CHEMBL1144471,https://doi.org/10.1021/jm061278q,Agonist activity at human adenosine A2A receptor expressed in CHO cells assessed as stimulation of cAMP production,2026-09-10T12:57:45.686355+00:00,a2a-computational-curation-v1.3
CHEMBL4287056,CHEMBL4287056,4,antagonist,accept_antagonist,antagonist,0,tier_1,True,True,False,machine_curated_computational_audit,deterministic_evidence_rules,False,False,1 qualifying activity row(s) link an explicit human A2A functional antagonist direction to 1 traceable primary publication(s).,1,1,18694875,CHEMBL4253810,CHEMBL4251607,https://doi.org/10.1016/j.ejmech.2017.12.007,Antagonist activity at human adenosine A2A receptor expressed in HEK293 cell membranes assessed as inhibition of CGS241680-induced [35S]GTPgammaS binding preincubated for 10 mins followed by CGS241680 addition by TopCount scintillation counting method,2026-09-10T12:57:45.686382+00:00,a2a-computational-curation-v1.3
CHEMBL4294888,CHEMBL4294888,4,antagonist,accept_antagonist,antagonist,0,tier_1,True,True,False,machine_curated_computational_audit,deterministic_evidence_rules,False,False,1 qualifying activity row(s) link an explicit human A2A functional antagonist direction to 1 traceable primary publication(s).,1,1,18746058,CHEMBL4262955,CHEMBL4261547,https://doi.org/10.1039/C7MD00247E,Antagonist activity at recombinant human adenosine receptor A2A expressed in CHO cells assessed as inhibition of CGS21680-induced cAMP accumulation by measuring CGS21680 EC50 at 1000 nM preincubated for 5 mins followed by CGS21680 addition and measured after 20 mins by alpha screen assay (Rvb = 0.89 +/- 0.17 nM),2026-09-10T12:57:45.686410+00:00,a2a-computational-curation-v1.3
CHEMBL226694,CHEMBL226694,5,agonist,accept_agonist,agonist,1,tier_1,True,True,False,machine_curated_computational_audit,deterministic_evidence_rules,False,False,1 qualifying activity row(s) link an explicit human A2A functional agonist direction to 1 traceable primary publication(s).,1,1,1901978,CHEMBL889385,CHEMBL1145382,https://doi.org/10.1021/jm060947x,Agonist activity at adenosine A2A receptor in SH-SY5Y cells assessed as CGS-induced intracellular cAMP production at 50 uM,2026-09-10T12:57:45.686428+00:00,a2a-computational-curation-v1.3
CHEMBL4300239,CHEMBL4300239,5,antagonist,accept_antagonist,antagonist,0,tier_1,True,True,False,machine_curated_computational_audit,deterministic_evidence_rules,False,False,1 qualifying activity row(s) link an explicit human A2A functional antagonist direction to 1 traceable primary publication(s).,1,1,18746057,CHEMBL4262956,CHEMBL4261547,https://doi.org/10.1039/C7MD00247E,Antagonist activity at recombinant human adenosine receptor A2A expressed in CHO cells assessed as inhibition of CGS21680-induced cAMP accumulation by measuring CGS21680 EC50 at 100 nM preincubated for 5 mins followed by CGS21680 addition and measured after 20 mins by alpha screen assay (Rvb = 0.89 +/- 0.17 nM),2026-09-10T12:57:45.686457+00:00,a2a-computational-curation-v1.3
CHEMBL4440752,CHEMBL4440752,5,antagonist,accept_antagonist,antagonist,0,tier_1,True,True,False,machine_curated_computational_audit,deterministic_evidence_rules,False,False,1 qualifying activity row(s) link an explicit human A2A functional antagonist direction to 1 traceable primary publication(s).,1,1,19274390,CHEMBL4407539,CHEMBL4406810,https://doi.org/10.1021/acs.jmedchem.9b00106,Antagonist activity at human A2AR expressed in CHO cells assessed as inhibition of CGS21680-stimulated cAMP production by alphascreen assay,2026-09-10T12:57:45.686477+00:00,a2a-computational-curation-v1.3
CHEMBL4447993,CHEMBL4447993,5,antagonist,accept_antagonist,antagonist,0,tier_1,True,True,False,machine_curated_computational_audit,deterministic_evidence_rules,False,False,1 qualifying activity row(s) link an explicit human A2A functional antagonist direction to 1 traceable primary publication(s).,1,1,18917927,CHEMBL4322430,CHEMBL4321802,https://doi.org/10.1021/acs.jmedchem.9b00778,Antagonist activity at human adenosine A2A receptor expressed in CHO cells assessed as inhibition of NECA-stimulated adenylyl cyclase activity by Glo-sensor cAMP assay,2026-09-10T12:57:45.686503+00:00,a2a-computational-curation-v1.3
CHEMBL261482,CHEMBL261482,5,agonist,accept_agonist,agonist,1,tier_1,True,True,False,machine_curated_computational_audit,deterministic_evidence_rules,False,False,1 qualifying activity row(s) link an explicit human A2A functional agonist direction to 1 traceable primary publication(s).,1,1,10993396,CHEMBL2072287,CHEMBL2069206,https://doi.org/10.1021/jm300095s,Agonist activity at human A2A adenosine receptor expressed in CHO cells assessed as stimulation of forskolin-induced cAMP accumulation after 30 mins,2026-09-10T12:57:45.686524+00:00,a2a-computational-curation-v1.3
CHEMBL4452288,CHEMBL4452288,5,antagonist,accept_antagonist,antagonist,0,tier_1,True,True,False,machine_curated_computational_audit,deterministic_evidence_rules,False,False,1 qualifying activity row(s) link an explicit human A2A functional antagonist direction to 1 traceable primary publication(s).,1,1,18917928,CHEMBL4322430,CHEMBL4321802,https://doi.org/10.1021/acs.jmedchem.9b00778,Antagonist activity at human adenosine A2A receptor expressed in CHO cells assessed as inhibition of NECA-stimulated adenylyl cyclase activity by Glo-sensor cAMP assay,2026-09-10T12:57:45.686549+00:00,a2a-computational-curation-v1.3
CHEMBL447664,VIPADENANT,5,antagonist,accept_antagonist,antagonist,0,tier_1,True,True,False,machine_curated_computational_audit,deterministic_evidence_rules,False,False,1 qualifying activity row(s) link an explicit human A2A functional antagonist direction to 1 traceable primary publication(s).,1,1,2247648,CHEMBL1022271,CHEMBL1139344,https://doi.org/10.1021/jm800961g,Antagonist activity at human adenosine A2A receptor expressed in CHO-K1 cells treated for 15 mins by calcium mobilization-based FLIPR assay,2026-09-10T12:57:45.686570+00:00,a2a-computational-curation-v1.3
CHEMBL3133079,CHEMBL3133079,5,agonist,accept_agonist,agonist,1,tier_1,True,True,False,machine_curated_computational_audit,deterministic_evidence_rules,False,False,1 qualifying activity row(s) link an explicit human A2A functional agonist direction to 1 traceable primary publication(s).,1,1,13968208,CHEMBL3135340,CHEMBL3132785,https://doi.org/10.1039/C3MD00364G,Agonist activity at human adenosine A2A receptor expressed in FlpIn-CHO cells assessed as inhibition of forskolin-induced cAMP accumulation after 30 mins by fluorescence assay,2026-09-10T12:57:45.686591+00:00,a2a-computational-curation-v1.3
CHEMBL4529321,CHEMBL4529321,5,antagonist,accept_antagonist,antagonist,0,tier_1,True,True,False,machine_curated_computational_audit,deterministic_evidence_rules,False,False,1 qualifying activity row(s) link an explicit human A2A functional antagonist direction to 1 traceable primary publication(s).,1,1,18959647,CHEMBL4333789,CHEMBL4330140,https://doi.org/10.1016/j.bmcl.2018.12.062,Antagonist activity at human adenosine A2A receptor expressed in CHO cells assessed as inhibition of NECA-induced increase in cAMP accumulation preincubated for 10 mins followed by NECA addition by GloSensor cAMP assay,2026-09-10T12:57:45.686618+00:00,a2a-computational-curation-v1.3
CHEMBL4559969,CHEMBL4559969,5,antagonist,accept_antagonist,antagonist,0,tier_1,True,True,False,machine_curated_computational_audit,deterministic_evidence_rules,False,False,1 qualifying activity row(s) link an explicit human A2A functional antagonist direction to 1 traceable primary publication(s).,1,1,18959648,CHEMBL4333789,CHEMBL4330140,https://doi.org/10.1016/j.bmcl.2018.12.062,Antagonist activity at human adenosine A2A receptor expressed in CHO cells assessed as inhibition of NECA-induced increase in cAMP accumulation preincubated for 10 mins followed by NECA addition by GloSensor cAMP assay,2026-09-10T12:57:45.686644+00:00,a2a-computational-curation-v1.3
CHEMBL457102,CHEMBL457102,5,antagonist,accept_antagonist,antagonist,0,tier_1,True,True,False,machine_curated_computational_audit,deterministic_evidence_rules,False,False,1 qualifying activity row(s) link an explicit human A2A functional antagonist direction to 1 traceable primary publication(s).,1,1,2616119,CHEMBL1029812,CHEMBL1154525,https://doi.org/10.1016/j.bmcl.2008.11.066,Antagonist activity against human recombinant adenosine A2A receptor expressed in HEK293 cells assessed as effect on calcium mobilization,2026-09-10T12:57:45.686664+00:00,a2a-computational-curation-v1.3
CHEMBL3133081,CHEMBL3133081,5,agonist,accept_agonist,agonist,1,tier_1,True,True,False,machine_curated_computational_audit,deterministic_evidence_rules,False,False,1 qualifying activity row(s) link an explicit human A2A functional agonist direction to 1 traceable primary publication(s).,1,1,13968244,CHEMBL3135340,CHEMBL3132785,https://doi.org/10.1039/C3MD00364G,Agonist activity at human adenosine A2A receptor expressed in FlpIn-CHO cells assessed as inhibition of forskolin-induced cAMP accumulation after 30 mins by fluorescence assay,2026-09-10T12:57:45.686686+00:00,a2a-computational-curation-v1.3
CHEMBL4586743,CHEMBL4586743,5,antagonist,accept_antagonist,antagonist,0,tier_1,True,True,False,machine_curated_computational_audit,deterministic_evidence_rules,False,False,1 qualifying activity row(s) link an explicit human A2A functional antagonist direction to 1 traceable primary publication(s).,1,1,18917929,CHEMBL4322430,CHEMBL4321802,https://doi.org/10.1021/acs.jmedchem.9b00778,Antagonist activity at human adenosine A2A receptor expressed in CHO cells assessed as inhibition of NECA-stimulated adenylyl cyclase activity by Glo-sensor cAMP assay,2026-09-10T12:57:45.686710+00:00,a2a-computational-curation-v1.3
CHEMBL461665,CHEMBL461665,5,antagonist,accept_antagonist,antagonist,0,tier_1,True,True,False,machine_curated_computational_audit,deterministic_evidence_rules,False,False,1 qualifying activity row(s) link an explicit human A2A functional antagonist direction to 1 traceable primary publication(s).,1,1,2616118,CHEMBL1029812,CHEMBL1154525,https://doi.org/10.1016/j.bmcl.2008.11.066,Antagonist activity against human recombinant adenosine A2A receptor expressed in HEK293 cells assessed as effect on calcium mobilization,2026-09-10T12:57:45.686730+00:00,a2a-computational-curation-v1.3
CHEMBL3133157,CHEMBL3133157,5,agonist,accept_agonist,agonist,1,tier_1,True,True,False,machine_curated_computational_audit,deterministic_evidence_rules,False,False,1 qualifying activity row(s) link an explicit human A2A functional agonist direction to 1 traceable primary publication(s).,1,1,13968241,CHEMBL3135340,CHEMBL3132785,https://doi.org/10.1039/C3MD00364G,Agonist activity at human adenosine A2A receptor expressed in FlpIn-CHO cells assessed as inhibition of forskolin-induced cAMP accumulation after 30 mins by fluorescence assay,2026-09-10T12:57:45.686752+00:00,a2a-computational-curation-v1.3
CHEMBL4740383,ETRUMADENANT,5,antagonist,accept_antagonist,antagonist,0,tier_1,True,True,False,machine_curated_computational_audit,deterministic_evidence_rules,False,False,1 qualifying activity row(s) link an explicit human A2A functional antagonist direction to 1 traceable primary publication(s).,1,1,25935565,CHEMBL5531816,CHEMBL5528085,https://doi.org/10.1021/acs.jmedchem.4c00250,Antagonist activity at human adenosine 2A receptor overexpressed in HEK293 cells preincubated for 0.5 hrs followed by NECA stimulation by GloSensor cAMP assay,2026-09-10T12:57:45.686778+00:00,a2a-computational-curation-v1.3
CHEMBL4745482,CHEMBL4745482,5,antagonist,accept_antagonist,antagonist,0,tier_1,True,True,False,machine_curated_computational_audit,deterministic_evidence_rules,False,False,1 qualifying activity row(s) link an explicit human A2A functional antagonist direction to 1 traceable primary publication(s).,1,1,22756986,CHEMBL4701012,CHEMBL4699449,https://doi.org/10.1021/acs.jmedchem.0c00237,Antagonist activity at human adenosine 2A receptor expressed in T-REx-CHO cells preincubated for 1 hr followed by NECA stimulation and measured after 30 mins by Eu-cAMP tracer based TR-FRET assay,2026-09-10T12:57:45.686803+00:00,a2a-computational-curation-v1.3
CHEMBL3133159,CHEMBL3133159,5,agonist,accept_agonist,agonist,1,tier_1,True,True,False,machine_curated_computational_audit,deterministic_evidence_rules,False,False,1 qualifying activity row(s) link an explicit human A2A functional agonist direction to 1 traceable primary publication(s).,1,1,13968232,CHEMBL3135340,CHEMBL3132785,https://doi.org/10.1039/C3MD00364G,Agonist activity at human adenosine A2A receptor expressed in FlpIn-CHO cells assessed as inhibition of forskolin-induced cAMP accumulation after 30 mins by fluorescence assay,2026-09-10T12:57:45.686825+00:00,a2a-computational-curation-v1.3
CHEMBL4749058,CHEMBL4749058,5,antagonist,accept_antagonist,antagonist,0,tier_1,True,True,False,machine_curated_computational_audit,deterministic_evidence_rules,False,False,1 qualifying activity row(s) link an explicit human A2A functional antagonist direction to 1 traceable primary publication(s).,1,1,22756988,CHEMBL4701012,CHEMBL4699449,https://doi.org/10.1021/acs.jmedchem.0c00237,Antagonist activity at human adenosine 2A receptor expressed in T-REx-CHO cells preincubated for 1 hr followed by NECA stimulation and measured after 30 mins by Eu-cAMP tracer based TR-FRET assay,2026-09-10T12:57:45.686848+00:00,a2a-computational-curation-v1.3
CHEMBL4750504,CHEMBL4750504,5,antagonist,accept_antagonist,antagonist,0,tier_1,True,True,False,machine_curated_computational_audit,deterministic_evidence_rules,False,False,1 qualifying activity row(s) link an explicit human A2A functional antagonist direction to 1 traceable primary publication(s).,1,1,22757007,CHEMBL4701025,CHEMBL4699449,https://doi.org/10.1021/acs.jmedchem.0c00237,Antagonist activity at human adenosine 2A receptor expressed in HEK293 cells assessed as reduction in NECA-induced cAMP level incubated for 15 mins by HTRF assay,2026-09-10T12:57:45.686867+00:00,a2a-computational-curation-v1.3
CHEMBL4765154,CHEMBL4765154,5,antagonist,accept_antagonist,antagonist,0,tier_1,True,True,False,machine_curated_computational_audit,deterministic_evidence_rules,False,False,1 qualifying activity row(s) link an explicit human A2A functional antagonist direction to 1 traceable primary publication(s).,1,1,22757006,CHEMBL4701025,CHEMBL4699449,https://doi.org/10.1021/acs.jmedchem.0c00237,Antagonist activity at human adenosine 2A receptor expressed in HEK293 cells assessed as reduction in NECA-induced cAMP level incubated for 15 mins by HTRF assay,2026-09-10T12:57:45.686885+00:00,a2a-computational-curation-v1.3
CHEMBL3235280,CHEMBL3235280,5,agonist,accept_agonist,agonist,1,tier_1,True,True,False,machine_curated_computational_audit,deterministic_evidence_rules,False,False,1 qualifying activity row(s) link an explicit human A2A functional agonist direction to 1 traceable primary publication(s).,1,1,14570059,CHEMBL3240794,CHEMBL3232854,https://doi.org/10.1021/jm401643m,Agonist activity at human adenosine A2A receptor expressed in HEK293 cells assessed as increase in intracellular cAMP level after 30 mins by EIA,2026-09-10T12:57:45.686907+00:00,a2a-computational-curation-v1.3
CHEMBL4786207,CHEMBL4786207,5,antagonist,accept_antagonist,antagonist,0,tier_1,True,True,False,machine_curated_computational_audit,deterministic_evidence_rules,False,False,1 qualifying activity row(s) link an explicit human A2A functional antagonist direction to 1 traceable primary publication(s).,1,1,22757005,CHEMBL4701025,CHEMBL4699449,https://doi.org/10.1021/acs.jmedchem.0c00237,Antagonist activity at human adenosine 2A receptor expressed in HEK293 cells assessed as reduction in NECA-induced cAMP level incubated for 15 mins by HTRF assay,2026-09-10T12:57:45.686925+00:00,a2a-computational-curation-v1.3
CHEMBL4855390,CHEMBL4855390,5,antagonist,accept_antagonist,antagonist,0,tier_1,True,True,False,machine_curated_computational_audit,deterministic_evidence_rules,False,False,1 qualifying activity row(s) link an explicit human A2A functional antagonist direction to 1 traceable primary publication(s).,1,1,23172720,CHEMBL4814789,CHEMBL4813923,https://doi.org/10.1016/j.ejmech.2020.113040,Antagonist activity at human A2A expressed in human HEK293 cells assessed as reduction in cAMP production preincubated for 10 mins followed by NECA stimulation and measured after 30 mins by micro plate reader method,2026-09-10T12:57:45.686948+00:00,a2a-computational-curation-v1.3
CHEMBL3335523,CHEMBL3335523,5,agonist,accept_agonist,agonist,1,tier_1,True,True,False,machine_curated_computational_audit,deterministic_evidence_rules,False,False,1 qualifying activity row(s) link an explicit human A2A functional agonist direction to 1 traceable primary publication(s).,1,1,15114638,CHEMBL3390256,CHEMBL3352600,https://doi.org/10.1021/ml5002486,Agonist activity at human adenosine A2a receptor expressed in CHO cells assessed as stimulation of cAMP formation after 24 hrs,2026-09-10T12:57:45.686984+00:00,a2a-computational-curation-v1.3
CHEMBL4855908,CHEMBL4855908,5,antagonist,accept_antagonist,antagonist,0,tier_1,True,True,False,machine_curated_computational_audit,deterministic_evidence_rules,False,False,1 qualifying activity row(s) link an explicit human A2A functional antagonist direction to 1 traceable primary publication(s).,1,1,23302808,CHEMBL4842298,CHEMBL4840384,https://doi.org/10.1021/acsmedchemlett.1c00620,Antagonist activity at human A2aR expressed in CHO-K1 cells assessed as inhibition of cAMP accumulation preincubated for 30 mins followed by adenosine addition and measured for 30 mins by HTRF assay,2026-09-10T12:57:45.687001+00:00,a2a-computational-curation-v1.3
CHEMBL4858144,CHEMBL4858144,5,antagonist,accept_antagonist,antagonist,0,tier_1,True,True,False,machine_curated_computational_audit,deterministic_evidence_rules,False,False,1 qualifying activity row(s) link an explicit human A2A functional antagonist direction to 1 traceable primary publication(s).,1,1,23302803,CHEMBL4842298,CHEMBL4840384,https://doi.org/10.1021/acsmedchemlett.1c00620,Antagonist activity at human A2aR expressed in CHO-K1 cells assessed as inhibition of cAMP accumulation preincubated for 30 mins followed by adenosine addition and measured for 30 mins by HTRF assay,2026-09-10T12:57:45.687019+00:00,a2a-computational-curation-v1.3
CHEMBL336555,CHEMBL336555,5,agonist,accept_agonist,agonist,1,tier_1,True,True,False,machine_curated_computational_audit,deterministic_evidence_rules,False,False,1 qualifying activity row(s) link an explicit human A2A functional agonist direction to 1 traceable primary publication(s).,1,1,24781690,CHEMBL5129738,CHEMBL5126601,https://doi.org/10.1021/acsmedchemlett.2c00099,Agonist activity at human adenosine A2A receptor expressed in HEK293T cells assessed as stimulation of cAMP accumulation by GloSensor cAMP accumulation assay,2026-09-10T12:57:45.687038+00:00,a2a-computational-curation-v1.3
CHEMBL486162,CHEMBL486162,5,antagonist,accept_antagonist,antagonist,0,tier_1,True,True,False,machine_curated_computational_audit,deterministic_evidence_rules,False,False,1 qualifying activity row(s) link an explicit human A2A functional antagonist direction to 1 traceable primary publication(s).,1,1,2399573,CHEMBL950440,CHEMBL1152277,https://doi.org/10.1021/jm800851u,Antagonist activity at human adenosine A2A receptor expressed in CHO cells assessed as inhibition of CGS-21680-induced cAMP production,2026-09-10T12:57:45.687061+00:00,a2a-computational-curation-v1.3
CHEMBL4862010,CHEMBL4862010,5,antagonist,accept_antagonist,antagonist,0,tier_1,True,True,False,machine_curated_computational_audit,deterministic_evidence_rules,False,False,1 qualifying activity row(s) link an explicit human A2A functional antagonist direction to 1 traceable primary publication(s).,1,1,23302804,CHEMBL4842298,CHEMBL4840384,https://doi.org/10.1021/acsmedchemlett.1c00620,Antagonist activity at human A2aR expressed in CHO-K1 cells assessed as inhibition of cAMP accumulation preincubated for 30 mins followed by adenosine addition and measured for 30 mins by HTRF assay,2026-09-10T12:57:45.687078+00:00,a2a-computational-curation-v1.3
CHEMBL4865474,CHEMBL4865474,5,antagonist,accept_antagonist,antagonist,0,tier_1,True,True,False,machine_curated_computational_audit,deterministic_evidence_rules,False,False,1 qualifying activity row(s) link an explicit human A2A functional antagonist direction to 1 traceable primary publication(s).,1,1,23302807,CHEMBL4842298,CHEMBL4840384,https://doi.org/10.1021/acsmedchemlett.1c00620,Antagonist activity at human A2aR expressed in CHO-K1 cells assessed as inhibition of cAMP accumulation preincubated for 30 mins followed by adenosine addition and measured for 30 mins by HTRF assay,2026-09-10T12:57:45.687096+00:00,a2a-computational-curation-v1.3
CHEMBL3414573,CHEMBL3414573,5,agonist,accept_agonist,agonist,1,tier_1,True,True,False,machine_curated_computational_audit,deterministic_evidence_rules,False,False,1 qualifying activity row(s) link an explicit human A2A functional agonist direction to 1 traceable primary publication(s).,1,1,15210160,CHEMBL3419486,CHEMBL3414558,https://doi.org/10.1021/acs.jmedchem.5b00215,Agonist activity at human adenosine A2A receptor expressed in CHO cells assessed as stimulation of [3H]cAMP levels by scintillation counting method,2026-09-10T12:57:45.687118+00:00,a2a-computational-curation-v1.3
CHEMBL487554,CHEMBL487554,5,antagonist,accept_antagonist,antagonist,0,tier_1,True,True,False,machine_curated_computational_audit,deterministic_evidence_rules,False,False,1 qualifying activity row(s) link an explicit human A2A functional antagonist direction to 1 traceable primary publication(s).,1,1,2399553,CHEMBL950440,CHEMBL1152277,https://doi.org/10.1021/jm800851u,Antagonist activity at human adenosine A2A receptor expressed in CHO cells assessed as inhibition of CGS-21680-induced cAMP production,2026-09-10T12:57:45.687141+00:00,a2a-computational-curation-v1.3
CHEMBL4954712,CHEMBL4954712,5,antagonist,accept_antagonist,antagonist,0,tier_1,True,True,False,machine_curated_computational_audit,deterministic_evidence_rules,False,False,1 qualifying activity row(s) link an explicit human A2A functional antagonist direction to 1 traceable primary publication(s).,1,1,25517310,CHEMBL5336575,CHEMBL5335785,https://doi.org/10.1016/j.ejmech.2023.115419,Antagonist activity at human A2AR expressed in Flp-In-CHO cells assessed as NECA-mediated cAMP accumulation by measuring equilibrium dissociation constant incubated for 30 to 60 mins followed by NECA addition measured after 30 mins by LANCE cAMP assay,2026-09-10T12:57:45.687162+00:00,a2a-computational-curation-v1.3
CHEMBL3416776,CHEMBL3416776,5,agonist,accept_agonist,agonist,1,tier_1,True,True,False,machine_curated_computational_audit,deterministic_evidence_rules,False,False,1 qualifying activity row(s) link an explicit human A2A functional agonist direction to 1 traceable primary publication(s).,1,1,15210102,CHEMBL3419486,CHEMBL3414558,https://doi.org/10.1021/acs.jmedchem.5b00215,Agonist activity at human adenosine A2A receptor expressed in CHO cells assessed as stimulation of [3H]cAMP levels by scintillation counting method,2026-09-10T12:57:45.687184+00:00,a2a-computational-curation-v1.3
CHEMBL5069652,CHEMBL5069652,5,antagonist,accept_antagonist,antagonist,0,tier_1,True,True,False,machine_curated_computational_audit,deterministic_evidence_rules,False,False,1 qualifying activity row(s) link an explicit human A2A functional antagonist direction to 1 traceable primary publication(s).,1,1,24422794,CHEMBL5049262,CHEMBL5046288,https://doi.org/10.1021/acs.jmedchem.1c02199,Antagonist activity at human A2aR expressed in HEK293 cells assessed as reduction in cAMP production incubated for 60 mins by ultra LANCE cAMP detection assay,2026-09-10T12:57:45.687204+00:00,a2a-computational-curation-v1.3
CHEMBL5072377,CHEMBL5072377,5,antagonist,accept_antagonist,antagonist,0,tier_1,True,True,False,machine_curated_computational_audit,deterministic_evidence_rules,False,False,1 qualifying activity row(s) link an explicit human A2A functional antagonist direction to 1 traceable primary publication(s).,1,1,24422792,CHEMBL5049262,CHEMBL5046288,https://doi.org/10.1021/acs.jmedchem.1c02199,Antagonist activity at human A2aR expressed in HEK293 cells assessed as reduction in cAMP production incubated for 60 mins by ultra LANCE cAMP detection assay,2026-09-10T12:57:45.687225+00:00,a2a-computational-curation-v1.3
CHEMBL5074910,CHEMBL5074910,5,antagonist,accept_antagonist,antagonist,0,tier_1,True,True,False,machine_curated_computational_audit,deterministic_evidence_rules,False,False,1 qualifying activity row(s) link an explicit human A2A functional antagonist direction to 1 traceable primary publication(s).,1,1,24422741,CHEMBL5049262,CHEMBL5046288,https://doi.org/10.1021/acs.jmedchem.1c02199,Antagonist activity at human A2aR expressed in HEK293 cells assessed as reduction in cAMP production incubated for 60 mins by ultra LANCE cAMP detection assay,2026-09-10T12:57:45.687247+00:00,a2a-computational-curation-v1.3
CHEMBL3416777,CHEMBL3416777,5,agonist,accept_agonist,agonist,1,tier_1,True,True,False,machine_curated_computational_audit,deterministic_evidence_rules,False,False,1 qualifying activity row(s) link an explicit human A2A functional agonist direction to 1 traceable primary publication(s).,1,1,15210101,CHEMBL3419486,CHEMBL3414558,https://doi.org/10.1021/acs.jmedchem.5b00215,Agonist activity at human adenosine A2A receptor expressed in CHO cells assessed as stimulation of [3H]cAMP levels by scintillation counting method,2026-09-10T12:57:45.687269+00:00,a2a-computational-curation-v1.3
CHEMBL5075422,CHEMBL5075422,5,antagonist,accept_antagonist,antagonist,0,tier_1,True,True,False,machine_curated_computational_audit,deterministic_evidence_rules,False,False,1 qualifying activity row(s) link an explicit human A2A functional antagonist direction to 1 traceable primary publication(s).,1,1,24410665,CHEMBL5046040,CHEMBL5042554,https://doi.org/10.1021/acsmedchemlett.1c00599,Antagonist activity at human recombinant adenosine A2A receptor transfected in HEK293 cells co-transfected with Galpha15/16 assessed as intracellular calcium change incubated for 10 mins by microplate reader method,2026-09-10T12:57:45.687294+00:00,a2a-computational-curation-v1.3
CHEMBL5076939,CHEMBL5076939,5,antagonist,accept_antagonist,antagonist,0,tier_1,True,True,False,machine_curated_computational_audit,deterministic_evidence_rules,False,False,1 qualifying activity row(s) link an explicit human A2A functional antagonist direction to 1 traceable primary publication(s).,1,1,24422744,CHEMBL5049262,CHEMBL5046288,https://doi.org/10.1021/acs.jmedchem.1c02199,Antagonist activity at human A2aR expressed in HEK293 cells assessed as reduction in cAMP production incubated for 60 mins by ultra LANCE cAMP detection assay,2026-09-10T12:57:45.687315+00:00,a2a-computational-curation-v1.3
CHEMBL3416778,CHEMBL3416778,5,agonist,accept_agonist,agonist,1,tier_1,True,True,False,machine_curated_computational_audit,deterministic_evidence_rules,False,False,1 qualifying activity row(s) link an explicit human A2A functional agonist direction to 1 traceable primary publication(s).,1,1,15210100,CHEMBL3419486,CHEMBL3414558,https://doi.org/10.1021/acs.jmedchem.5b00215,Agonist activity at human adenosine A2A receptor expressed in CHO cells assessed as stimulation of [3H]cAMP levels by scintillation counting method,2026-09-10T12:57:45.687336+00:00,a2a-computational-curation-v1.3
CHEMBL5077642,CHEMBL5077642,5,antagonist,accept_antagonist,antagonist,0,tier_1,True,True,False,machine_curated_computational_audit,deterministic_evidence_rules,False,False,1 qualifying activity row(s) link an explicit human A2A functional antagonist direction to 1 traceable primary publication(s).,1,1,24422793,CHEMBL5049262,CHEMBL5046288,https://doi.org/10.1021/acs.jmedchem.1c02199,Antagonist activity at human A2aR expressed in HEK293 cells assessed as reduction in cAMP production incubated for 60 mins by ultra LANCE cAMP detection assay,2026-09-10T12:57:45.687357+00:00,a2a-computational-curation-v1.3
CHEMBL5078181,CHEMBL5078181,5,antagonist,accept_antagonist,antagonist,0,tier_1,True,True,False,machine_curated_computational_audit,deterministic_evidence_rules,False,False,1 qualifying activity row(s) link an explicit human A2A functional antagonist direction to 1 traceable primary publication(s).,1,1,24422748,CHEMBL5049262,CHEMBL5046288,https://doi.org/10.1021/acs.jmedchem.1c02199,Antagonist activity at human A2aR expressed in HEK293 cells assessed as reduction in cAMP production incubated for 60 mins by ultra LANCE cAMP detection assay,2026-09-10T12:57:45.687377+00:00,a2a-computational-curation-v1.3
CHEMBL3416810,CHEMBL3416810,5,agonist,accept_agonist,agonist,1,tier_1,True,True,False,machine_curated_computational_audit,deterministic_evidence_rules,False,False,1 qualifying activity row(s) link an explicit human A2A functional agonist direction to 1 traceable primary publication(s).,1,1,15210275,CHEMBL3419486,CHEMBL3414558,https://doi.org/10.1021/acs.jmedchem.5b00215,Agonist activity at human adenosine A2A receptor expressed in CHO cells assessed as stimulation of [3H]cAMP levels by scintillation counting method,2026-09-10T12:57:45.687399+00:00,a2a-computational-curation-v1.3
CHEMBL5079295,CHEMBL5079295,5,antagonist,accept_antagonist,antagonist,0,tier_1,True,True,False,machine_curated_computational_audit,deterministic_evidence_rules,False,False,1 qualifying activity row(s) link an explicit human A2A functional antagonist direction to 1 traceable primary publication(s).,1,1,24422796,CHEMBL5049262,CHEMBL5046288,https://doi.org/10.1021/acs.jmedchem.1c02199,Antagonist activity at human A2aR expressed in HEK293 cells assessed as reduction in cAMP production incubated for 60 mins by ultra LANCE cAMP detection assay,2026-09-10T12:57:45.687419+00:00,a2a-computational-curation-v1.3
CHEMBL5080005,CHEMBL5080005,5,antagonist,accept_antagonist,antagonist,0,tier_1,True,True,False,machine_curated_computational_audit,deterministic_evidence_rules,False,False,1 qualifying activity row(s) link an explicit human A2A functional antagonist direction to 1 traceable primary publication(s).,1,1,24422787,CHEMBL5049262,CHEMBL5046288,https://doi.org/10.1021/acs.jmedchem.1c02199,Antagonist activity at human A2aR expressed in HEK293 cells assessed as reduction in cAMP production incubated for 60 mins by ultra LANCE cAMP detection assay,2026-09-10T12:57:45.687440+00:00,a2a-computational-curation-v1.3
CHEMBL5081971,CHEMBL5081971,5,antagonist,accept_antagonist,antagonist,0,tier_1,True,True,False,machine_curated_computational_audit,deterministic_evidence_rules,False,False,1 qualifying activity row(s) link an explicit human A2A functional antagonist direction to 1 traceable primary publication(s).,1,1,24422765,CHEMBL5049262,CHEMBL5046288,https://doi.org/10.1021/acs.jmedchem.1c02199,Antagonist activity at human A2aR expressed in HEK293 cells assessed as reduction in cAMP production incubated for 60 mins by ultra LANCE cAMP detection assay,2026-09-10T12:57:45.687461+00:00,a2a-computational-curation-v1.3
CHEMBL388509,CHEMBL388509,5,agonist,accept_agonist,agonist,1,tier_1,True,True,False,machine_curated_computational_audit,deterministic_evidence_rules,False,False,1 qualifying activity row(s) link an explicit human A2A functional agonist direction to 1 traceable primary publication(s).,1,1,1901985,CHEMBL889385,CHEMBL1145382,https://doi.org/10.1021/jm060947x,Agonist activity at adenosine A2A receptor in SH-SY5Y cells assessed as CGS-induced intracellular cAMP production at 50 uM,2026-09-10T12:57:45.687478+00:00,a2a-computational-curation-v1.3
CHEMBL5083868,CHEMBL5083868,5,antagonist,accept_antagonist,antagonist,0,tier_1,True,True,False,machine_curated_computational_audit,deterministic_evidence_rules,False,False,1 qualifying activity row(s) link an explicit human A2A functional antagonist direction to 1 traceable primary publication(s).,1,1,24422749,CHEMBL5049262,CHEMBL5046288,https://doi.org/10.1021/acs.jmedchem.1c02199,Antagonist activity at human A2aR expressed in HEK293 cells assessed as reduction in cAMP production incubated for 60 mins by ultra LANCE cAMP detection assay,2026-09-10T12:57:45.687499+00:00,a2a-computational-curation-v1.3
