molecule_id,molecule_name,label,binary_label,evidence_tier,label_status,human_validation_claimed,training_eligible,partition,standardized_smiles,standardized_inchikey,murcko_scaffold_smiles,generic_murcko_scaffold_smiles,molecular_weight,clogp,h_bond_donors,h_bond_acceptors,rotatable_bonds,tpsa,heavy_atom_count,qed,x_inactive_5NM4_affinity_kcal_mol,x_active_like_2YDO_affinity_kcal_mol,m_affinity_kcal_mol,d_affinity_kcal_mol,d_affinity_per_heavy_atom,inactive_5NM4_affinity_sd,active_like_2YDO_affinity_sd,inactive_5NM4_valid_seeds,active_like_2YDO_valid_seeds,inactive_5NM4_median_cnnscore,active_like_2YDO_median_cnnscore,m_cnnscore,d_cnnscore,inactive_5NM4_median_cnnaffinity_pk,active_like_2YDO_median_cnnaffinity_pk,m_cnnaffinity_pk,d_cnnaffinity_pk,inactive_5NM4_cnnscore_flagged_seeds,active_like_2YDO_cnnscore_flagged_seeds,cnnscore_flagged_seeds_total,cnnscore_soft_flag_any,pose_quality_status,holdout_evaluation_eligible,human_approval_required,evidence_source_url,evidence_decision
CHEMBL1076503,CHEMBL1076503,antagonist,0,tier_1,computationally_adjudicated_functional,False,True,development,O=C(NC1CC1)c1nc(NCc2cccnc2)nc2ccsc12,DJXXCPVDTMEZQZ-UHFFFAOYSA-N,O=C(NC1CC1)c1nc(NCc2cccnc2)nc2ccsc12,CC(CC1CC1)C1CC(CCC2CCCCC2)CC2CCCC21,325.397,2.5906,2,6,5,79.8,23,0.753544,-7.3474,-7.7702,-7.5588,-0.4228,-0.018383,0.1356,0.1293,3,3,0.6463,0.7813,0.7138,0.135,7.123,7.512,7.3175,0.389,0,0,0,False,pass,False,False,https://doi.org/10.1016/j.bmcl.2009.08.040,accept_antagonist
CHEMBL1076504,CHEMBL1076504,antagonist,0,tier_1,computationally_adjudicated_functional,False,True,development,CC(C)NC(=O)c1nc(NCc2cccnc2)nc2ccsc12,CDUCLUZYLNLKKW-UHFFFAOYSA-N,c1cncc(CNc2ncc3sccc3n2)c1,C1CCC(CCC2CCC3CCCC3C2)CC1,327.413,2.8366,2,6,5,79.8,23,0.753074,-7.6773,-7.8113,-7.7443,-0.134,-0.005826,0.6413,0.3798,3,3,0.6684,0.8188,0.7436,0.1504,7.1606,7.6751,7.4178,0.5145,0,0,0,False,pass,False,False,https://doi.org/10.1016/j.bmcl.2009.08.040,accept_antagonist
CHEMBL1077749,CHEMBL1077749,antagonist,0,tier_1,computationally_adjudicated_functional,False,True,development,Cc1nc(C(=O)c2ccc(C)s2)c2sccc2n1,OUKKULWZHJJUCO-UHFFFAOYSA-N,O=C(c1cccs1)c1ncnc2ccsc12,CC(C1CCCC1)C1CCCC2CCCC21,274.37,3.6006,0,5,2,42.85,18,0.670509,-6.8151,-7.6263,-7.2207,-0.8112,-0.045067,0.6642,0.0183,3,3,0.8319,0.9031,0.8675,0.0712,6.7743,7.261,7.0176,0.4867,0,0,0,False,pass,False,False,https://doi.org/10.1016/j.bmcl.2009.08.040,accept_antagonist
CHEMBL1077902,CHEMBL1077902,antagonist,0,tier_1,computationally_adjudicated_functional,False,True,development,Cc1ccc(C(=O)c2nc(NCc3ccncn3)nc3ccsc23)s1,SFYCKRAOKBZQQD-UHFFFAOYSA-N,O=C(c1cccs1)c1nc(NCc2ccncn2)nc2ccsc12,CC(C1CCCC1)C1CC(CCC2CCCCC2)CC2CCCC21,367.459,3.6943,1,8,5,80.66,25,0.541893,-7.794,-7.1261,-7.46,0.6679,0.026716,0.0838,0.2722,3,3,0.6965,0.8239,0.7602,0.1274,7.5067,8.0478,7.7773,0.5411,0,0,0,False,pass,False,False,https://doi.org/10.1016/j.bmcl.2009.08.040,accept_antagonist
CHEMBL1078001,CHEMBL1078001,antagonist,0,tier_1,computationally_adjudicated_functional,False,True,development,Cc1ccc(C(=O)c2nc(NC(=O)c3cccnc3)nc3ccsc23)s1,RMNYIORRJFTYKB-UHFFFAOYSA-N,O=C(Nc1nc(C(=O)c2cccs2)c2sccc2n1)c1cccnc1,CC(CC1CC2CCCC2C(C(C)C2CCCC2)C1)C1CCCCC1,380.454,3.9395,1,7,4,84.84,26,0.54217,-7.1387,-8.7392,-7.939,-1.6005,-0.061558,1.4126,0.007,3,3,0.7564,0.7921,0.7742,0.0357,7.6405,7.626,7.6333,-0.0145,0,0,0,False,pass,False,False,https://doi.org/10.1016/j.bmcl.2009.08.040,accept_antagonist
CHEMBL1078085,CHEMBL1078085,antagonist,0,tier_1,computationally_adjudicated_functional,False,True,development,Cc1ccc(C(=O)c2nc(NCCc3ccccn3)nc3ccsc23)s1,WBCAKXYDAUCZDG-UHFFFAOYSA-N,O=C(c1cccs1)c1nc(NCCc2ccccn2)nc2ccsc12,CC(C1CCCC1)C1CC(CCCC2CCCCC2)CC2CCCC21,380.498,4.3418,1,7,6,67.77,26,0.50402,-8.3897,-8.2976,-8.3437,0.0921,0.003542,0.1523,0.4477,3,3,0.9004,0.8779,0.8891,-0.0225,7.7671,8.1348,7.951,0.3677,0,0,0,False,pass,False,False,https://doi.org/10.1016/j.bmcl.2009.08.040,accept_antagonist
CHEMBL1079141,CHEMBL1079141,antagonist,0,tier_1,computationally_adjudicated_functional,False,True,development,O=C(c1ccccc1)c1nc(NCc2cccnc2)nc2ccsc12,NJLNJHCKQVRQDL-UHFFFAOYSA-N,O=C(c1ccccc1)c1nc(NCc2cccnc2)nc2ccsc12,CC(C1CCCCC1)C1CC(CCC2CCCCC2)CC2CCCC21,346.415,3.9294,1,6,5,67.77,25,0.554645,-8.9342,-8.9475,-8.9409,-0.0133,-0.000532,0.0398,0.0191,3,3,0.7368,0.8788,0.8078,0.142,7.1717,7.6968,7.4343,0.5251,0,0,0,False,pass,False,False,https://doi.org/10.1016/j.bmcl.2009.08.040,accept_antagonist
CHEMBL1082063,CHEMBL1082063,antagonist,0,tier_1,computationally_adjudicated_functional,False,True,development,O=C(NC1CCCCC1)c1nc(NCc2cccnc2)nc2ccsc12,JTMNJBCPWGVLEV-UHFFFAOYSA-N,O=C(NC1CCCCC1)c1nc(NCc2cccnc2)nc2ccsc12,CC(CC1CCCCC1)C1CC(CCC2CCCCC2)CC2CCCC21,367.478,3.7609,2,6,5,79.8,26,0.717636,-8.1723,-8.8566,-8.5145,-0.6843,-0.026319,0.8127,0.0564,3,3,0.6424,0.7817,0.712,0.1393,7.3978,7.7505,7.5741,0.3527,0,0,0,False,pass,False,False,https://doi.org/10.1016/j.bmcl.2009.08.040,accept_antagonist
CHEMBL1087185,CHEMBL1087185,antagonist,0,tier_1,computationally_adjudicated_functional,False,True,development,CN1CCN(C(=O)c2ccc3c(c2)-c2nc(N)nc(-c4ccccc4)c2C3=O)CC1,WEDKBAZTBXZYBK-UHFFFAOYSA-N,O=C1c2ccc(C(=O)N3CCNCC3)cc2-c2ncnc(-c3ccccc3)c21,CC(C1CCCCC1)C1CCC2C(C)C3C(C4CCCCC4)CCCC3C2C1,399.454,2.3248,1,6,2,92.42,30,0.556167,-10.2018,-12.0027,-11.1023,-1.8009,-0.06003,2.915,0.1819,3,3,0.6838,0.767,0.7254,0.0832,7.5119,7.9584,7.7351,0.4465,0,0,0,False,pass,False,False,https://doi.org/10.1021/jm201640m,accept_antagonist
CHEMBL1087189,CHEMBL1087189,antagonist,0,tier_1,computationally_adjudicated_functional,False,True,development,Nc1nc(-c2ccccc2)c2c(n1)-c1cc(CN3CCCC3)ccc1C2=O,NZMLWAPHUUXPMQ-UHFFFAOYSA-N,O=C1c2ccc(CN3CCCC3)cc2-c2ncnc(-c3ccccc3)c21,CC1C2CCC(CC3CCCC3)CC2C2CCCC(C3CCCCC3)C12,356.429,3.533,1,5,3,72.11,27,0.607863,-11.6795,-11.6716,-11.6756,0.0079,0.000293,0.0147,0.1941,3,3,0.834,0.8647,0.8494,0.0307,7.6925,7.6299,7.6612,-0.0626,0,0,0,False,pass,False,False,https://doi.org/10.1021/jm201640m,accept_antagonist
CHEMBL1092270,CHEMBL1092270,antagonist,0,tier_1,computationally_adjudicated_functional,False,True,development,CCCCn1c(=S)sc2c1ncn1nc(-c3ccco3)nc21,QHFYRCHXHNWYCV-UHFFFAOYSA-N,S=c1[nH]c2ncn3nc(-c4ccco4)nc3c2s1,CC1CC2CCC3CC(C4CCCC4)CC3C2C1,331.426,3.9301,0,6,4,61.15,22,0.530258,-7.6668,-8.1855,-7.9261,-0.5187,-0.023577,0.2459,0.0261,3,3,0.9189,0.8105,0.8647,-0.1084,7.0953,6.9759,7.0356,-0.1194,0,0,0,False,pass,False,False,https://doi.org/10.1016/j.bmc.2010.02.048,accept_antagonist
CHEMBL1095488,CHEMBL1095488,antagonist,0,tier_1,computationally_adjudicated_functional,False,True,development,Nc1nc(-c2ccccc2)c2c(n1)-c1cc(OCCN3CCOCC3)ccc1C2=O,BCDASHXLAMCATI-UHFFFAOYSA-N,O=C1c2ccc(OCCN3CCOCC3)cc2-c2ncnc(-c3ccccc3)c21,CC1C2CCC(CCCC3CCCCC3)CC2C2CCCC(C3CCCCC3)C12,402.454,2.6482,1,7,5,90.57,30,0.548725,-11.3578,-11.5365,-11.4472,-0.1787,-0.005957,0.0124,0.218,3,3,0.7409,0.8939,0.8174,0.153,7.663,7.7677,7.7153,0.1047,0,0,0,False,pass,False,False,https://doi.org/10.1021/jm201640m,accept_antagonist
CHEMBL1097859,CHEMBL1097859,antagonist,0,tier_1,computationally_adjudicated_functional,False,True,development,Cc1ccc(-c2nc(C(=O)Nc3ccccn3)c3n2CCCCC3)cc1,KYSFTXJTWSDCSC-UHFFFAOYSA-N,O=C(Nc1ccccn1)c1nc(-c2ccccc2)n2c1CCCCC2,CC(CC1CCCCC1)C1CC(C2CCCCC2)C2CCCCCC12,346.434,4.2322,1,3,3,59.81,26,0.7718,-9.9384,-10.1311,-10.0347,-0.1927,-0.007412,4.5421,0.3394,3,3,0.7778,0.718,0.7479,-0.0598,7.5324,7.659,7.5957,0.1266,0,0,0,False,pass,False,False,https://doi.org/10.1016/j.bmc.2010.03.048,accept_antagonist
CHEMBL119709,IB-MECA,agonist,1,tier_1,computationally_adjudicated_functional,False,True,development,CNC(=O)[C@H]1O[C@@H](n2cnc3c(NCc4cccc(I)c4)ncnc32)[C@H](O)[C@@H]1O,HUJXGQILHAUCCV-MOROJQBDSA-N,c1ccc(CNc2ncnc3c2ncn3[C@H]2CCCO2)cc1,C1CCC(CCC2CCCC3C(C4CCCC4)CCC23)CC1,510.292,0.4082,4,8,5,134.42,29,0.363028,-8.614,-9.7031,-9.1585,-1.0891,-0.037555,0.4977,1.2853,3,3,0.2514,0.5661,0.4088,0.3147,6.4085,6.3105,6.3595,-0.098,2,0,2,True,retain_with_soft_flag,False,False,https://doi.org/10.1039/C3MD00364G,accept_agonist
CHEMBL122396,CHEMBL122396,agonist,1,tier_1,computationally_adjudicated_functional,False,False,locked_holdout,COc1ccc(-c2c(C#N)c(N)nc(SCc3ncc[nH]3)c2C#N)cc1,BCWROVBBUOSFGD-UHFFFAOYSA-N,c1ccc(-c2ccnc(SCc3ncc[nH]3)c2)cc1,C1CCC(C2CCCC(CCC3CCCC3)C2)CC1,362.418,3.0982,2,7,5,124.4,26,0.668085,-7.98,-8.6804,-8.3302,-0.7004,-0.026938,0.461,0.2021,3,3,0.7609,0.8783,0.8196,0.1174,7.3942,7.7724,7.5833,0.3782,0,0,0,False,pass,True,False,https://doi.org/10.1021/jm049947s,accept_agonist
CHEMBL136689,CHEMBL136689,antagonist,0,tier_1,computationally_adjudicated_functional,False,True,development,COc1ccc(CCCn2ncc3c2nc(N)n2nc(-c4ccco4)nc32)cc1,AEULVFLPCJOBCE-UHFFFAOYSA-N,c1ccc(CCCn2ncc3c2ncn2nc(-c4ccco4)nc32)cc1,C1CCC(CCCC2CCC3C2CCC2CC(C4CCCC4)CC23)CC1,389.419,2.9576,1,7,6,109.29,29,0.47533,-8.9441,-9.8366,-9.3904,-0.8925,-0.030776,0.5577,0.4275,3,3,0.722,0.7862,0.7541,0.0642,7.1444,7.6083,7.3764,0.4639,0,0,0,False,pass,False,False,https://doi.org/10.1021/acs.jmedchem.0c02169,accept_antagonist
CHEMBL1417210,CHEMBL1417210,agonist,1,tier_1,computationally_adjudicated_functional,False,True,development,Cc1nn(-c2ccccc2)nc1C(N)=O,IHPOVUXVIZRYAC-UHFFFAOYSA-N,c1ccc(-n2nccn2)cc1,C1CCC(C2CCCC2)CC1,202.217,0.6746,1,3,2,73.8,15,0.777501,-6.8867,-7.1335,-7.0101,-0.2468,-0.016453,0.3834,0.3004,3,3,0.9098,0.8435,0.8767,-0.0663,5.2018,5.7023,5.452,0.5005,0,0,0,False,pass,False,False,https://doi.org/10.1021/acsmedchemlett.2c00099,accept_agonist
CHEMBL1460863,CHEMBL1460863,antagonist,0,tier_1,computationally_adjudicated_functional,False,True,development,COc1ccc(C(=O)Nc2nc(C)c3cc4c(cc3n2)OCO4)cc1,XAESXNPBEDJXJH-UHFFFAOYSA-N,O=C(Nc1ncc2cc3c(cc2n1)OCO3)c1ccccc1,CC(CC1CCC2CC3CCCC3CC2C1)C1CCCCC1,337.335,2.9278,1,6,3,82.57,25,0.79113,-9.7364,-10.0384,-9.8874,-0.302,-0.01208,0.2655,0.0353,3,3,0.8136,0.8086,0.8111,-0.005,6.7563,6.5262,6.6413,-0.2301,0,0,0,False,pass,False,False,https://doi.org/10.1016/j.ejmech.2023.115419,accept_antagonist
CHEMBL1561896,CHEMBL1561896,antagonist,0,tier_1,computationally_adjudicated_functional,False,True,development,COc1cccc(COC(=O)c2nn(-c3ccccc3)nc2N)c1,PVXSYGKEPLNOTR-UHFFFAOYSA-N,O=C(OCc1ccccc1)c1cnn(-c2ccccc2)n1,CC(CCC1CCCCC1)C1CCC(C2CCCCC2)C1,324.34,2.2151,1,6,5,92.26,24,0.723464,-8.5201,-8.1051,-8.3126,0.415,0.017292,0.2709,0.3828,3,3,0.6434,0.8366,0.74,0.1932,6.5091,6.7387,6.6239,0.2296,0,0,0,False,pass,False,False,https://doi.org/10.1021/acs.jmedchem.8b00204,accept_antagonist
CHEMBL1573515,CHEMBL1573515,agonist,1,tier_1,computationally_adjudicated_functional,False,False,locked_holdout,O=c1cc(NCc2ccccc2)nc2ccccn12,ZRWBHKXIXMTWJN-UHFFFAOYSA-N,O=c1cc(NCc2ccccc2)nc2ccccn12,CC1CC(CCC2CCCCC2)CC2CCCCC12,251.289,2.3066,1,3,3,46.4,19,0.77663,-8.4712,-8.3416,-8.4064,0.1296,0.006821,0.4192,0.864,3,3,0.7374,0.8422,0.7898,0.1048,5.9878,6.5233,6.2555,0.5355,0,0,0,False,pass,True,False,https://doi.org/10.1021/acsmedchemlett.2c00099,accept_agonist
CHEMBL1587915,CHEMBL1587915,antagonist,0,tier_1,computationally_adjudicated_functional,False,False,locked_holdout,CC(C)C(=O)Nc1ncc2c(n1)CC(c1cccs1)CC2=O,YPMWIVBLLPUGOQ-UHFFFAOYSA-N,O=C1CC(c2cccs2)Cc2ncncc21,CC1CC(C2CCCC2)CC2CCCCC12,315.398,3.0453,1,5,3,71.95,22,0.944652,-4.2844,-3.7802,-4.0323,0.5042,0.022918,4.5037,0.7286,3,3,0.5076,0.4456,0.4766,-0.062,6.2577,6.683,6.4703,0.4253,0,0,0,False,pass,True,False,https://doi.org/10.1016/j.ejmech.2023.115419,accept_antagonist
CHEMBL1671936,CHEMBL1671936,antagonist,0,tier_1,computationally_adjudicated_functional,False,True,development,CC(C)(C)CC(=O)Nc1c(F)cc(C(=O)Nc2nccs2)cc1F,KEUJAGGJGBWRFC-UHFFFAOYSA-N,O=C(Nc1nccs1)c1ccccc1,CC(CC1CCCC1)C1CCCCC1,353.394,4.0483,2,4,4,71.09,24,0.871049,-7.6058,-8.5306,-8.0682,-0.9248,-0.038533,0.4551,0.823,3,3,0.5667,0.6597,0.6132,0.093,6.7286,7.2873,7.008,0.5587,0,0,0,False,pass,False,False,https://doi.org/10.1021/jm1008659,accept_antagonist
CHEMBL17127,SCH-58261,antagonist,0,tier_1,computationally_adjudicated_functional,False,True,development,Nc1nc2c(cnn2CCc2ccccc2)c2nc(-c3ccco3)nn12,UTLPKQYUXOEJIL-UHFFFAOYSA-N,c1ccc(CCn2ncc3c2ncn2nc(-c4ccco4)nc32)cc1,C1CCC(CCC2CCC3C2CCC2CC(C4CCCC4)CC23)CC1,345.366,2.5589,1,6,4,100.06,26,0.537176,-9.6487,-8.6478,-9.1483,1.0009,0.038496,0.0071,0.7494,3,3,0.9725,0.7978,0.8851,-0.1747,7.5457,7.4887,7.5172,-0.057,0,0,0,False,pass,False,False,https://doi.org/10.1016/j.bmc.2010.02.048,accept_antagonist
CHEMBL183,"1,3-DIPROPYL-8-CYCLOPENTYLXANTHINE [DPCPX]",antagonist,0,tier_1,computationally_adjudicated_functional,False,True,development,CCCn1c(=O)c2[nH]c(C3CCCC3)nc2n(CCC)c1=O,FFBDFADSZUINTG-UHFFFAOYSA-N,O=c1[nH]c(=O)c2[nH]c(C3CCCC3)nc2[nH]1,CC1CC(C)C2CC(C3CCCC3)CC2C1,304.394,2.3639,1,3,5,72.68,22,0.921332,-7.4176,-7.5872,-7.5024,-0.1696,-0.007709,0.2126,0.2006,3,3,0.8689,0.7649,0.8169,-0.104,6.8734,7.0178,6.9456,0.1444,0,0,0,False,pass,False,False,https://doi.org/10.1021/acs.jmedchem.9b00106,accept_antagonist
CHEMBL1950653,CHEMBL1950653,agonist,1,tier_1,computationally_adjudicated_functional,False,True,development,CCNC(=O)[C@H]1O[C@@H](n2cnc3c(N)nc(NCCc4ccc(CCC(=O)N[C@@H](Cc5ccccc5)C(=O)OC)cc4)nc32)[C@H](O)[C@@H]1O,BWHLYEQTTHPURZ-QLYQVZKDSA-N,O=C(CCc1ccc(CCNc2ncc3ncn([C@H]4CCCO4)c3n2)cc1)NCCc1ccccc1,CC(CCCC1CCCCC1)CCC1CCC(CCCC2CCC3CCC(C4CCCC4)C3C2)CC1,660.732,0.6515,6,12,14,215.84,48,0.102867,-8.5493,-10.4817,-9.5155,-1.9324,-0.040258,0.08,0.1669,3,3,0.5275,0.9233,0.7254,0.3958,7.6298,8.7211,8.1754,1.0913,0,0,0,False,pass,False,False,https://doi.org/10.1021/jm201461q,accept_agonist
CHEMBL1950655,CHEMBL1950655,agonist,1,tier_1,computationally_adjudicated_functional,False,True,development,CCNC(=O)[C@H]1O[C@@H](n2cnc3c(N)nc(NCCc4ccc(CCC(=O)N[C@@H](Cc5c[nH]c6ccccc56)C(=O)OC)cc4)nc32)[C@H](O)[C@@H]1O,WPQKCNOVLXDKLF-SNPPRPGFSA-N,O=C(CCc1ccc(CCNc2ncc3ncn([C@H]4CCCO4)c3n2)cc1)NCCc1c[nH]c2ccccc12,CC(CCCC1CCC2CCCCC21)CCC1CCC(CCCC2CCC3CCC(C4CCCC4)C3C2)CC1,699.769,1.1328,7,12,14,231.63,51,0.080927,-10.04,-10.7853,-10.4126,-0.7453,-0.014614,0.8015,0.0195,3,3,0.497,0.8897,0.6934,0.3927,7.6896,8.7988,8.2442,1.1092,0,0,0,False,pass,False,False,https://doi.org/10.1021/jm201461q,accept_agonist
CHEMBL1950665,CHEMBL1950665,agonist,1,tier_1,computationally_adjudicated_functional,False,True,development,CCNC(=O)[C@H]1O[C@@H](n2cnc3c(N)nc(NCCc4ccc(CCC(=O)N[C@@H](Cc5c[nH]cn5)C(=O)O)cc4)nc32)[C@H](O)[C@@H]1O,XDBPGTOUWLQGCG-RKMGSRDVSA-N,O=C(CCc1ccc(CCNc2ncc3ncn([C@H]4CCCO4)c3n2)cc1)NCCc1c[nH]cn1,CC(CCCC1CCCC1)CCC1CCC(CCCC2CCC3CCC(C4CCCC4)C3C2)CC1,636.67,-0.7138,8,12,14,255.52,46,0.085178,-8.732,-10.2166,-9.4743,-1.4846,-0.032274,0.5762,0.3203,3,3,0.5495,0.9066,0.728,0.3571,7.6484,8.5698,8.1091,0.9214,0,0,0,False,pass,False,False,https://doi.org/10.1021/jm201461q,accept_agonist
CHEMBL197606,CHEMBL197606,antagonist,0,tier_1,computationally_adjudicated_functional,False,True,development,CCCn1c(=O)c2nc(-c3ccc(OCC(=O)c4ccc(F)cc4)cn3)[nH]c2n(CCC)c1=O,DVLLEQDRWZECAH-UHFFFAOYSA-N,O=C(COc1ccc(-c2nc3c(=O)[nH]c(=O)[nH]c3[nH]2)nc1)c1ccccc1,CC1CC(C)C2CC(C3CCC(CCC(C)C4CCCCC4)CC3)CC2C1,465.485,3.1691,1,6,9,111.87,34,0.380185,-9.0746,-9.2432,-9.1589,-0.1686,-0.004959,0.2925,0.1511,3,3,0.8364,0.7243,0.7804,-0.1121,7.3836,7.4322,7.4079,0.0486,0,0,0,False,pass,False,False,https://doi.org/10.1021/jm0506221,accept_antagonist
CHEMBL197669,ST1535,antagonist,0,tier_1,computationally_adjudicated_functional,False,True,development,CCCCc1nc(N)c2nc(-n3nccn3)n(C)c2n1,CYYQMAWUIRPCNW-UHFFFAOYSA-N,c1ncc2nc(-n3nccn3)[nH]c2n1,C1CCC(C2CC3CCCCC3C2)C1,272.316,0.8688,1,6,4,100.33,20,0.755933,-7.5474,-7.4452,-7.4963,0.1022,0.00511,0.0875,0.0948,3,3,0.9086,0.9554,0.932,0.0468,6.9428,7.1093,7.026,0.1665,0,0,0,False,pass,False,False,https://doi.org/10.1016/j.bmcl.2013.03.070,accept_antagonist
CHEMBL1990267,CHEMBL1990267,antagonist,0,tier_1,computationally_adjudicated_functional,False,True,development,COc1cccc2cc(C(N)=O)c(=N)oc12,HHMZURGWXAWJGC-UHFFFAOYSA-N,N=c1ccc2ccccc2o1,CC1CCC2CCCCC2C1,218.212,1.0198,2,4,2,89.31,16,0.788044,-8.0152,-7.9653,-7.9902,0.0499,0.003119,0.0045,0.209,3,3,0.9038,0.8735,0.8887,-0.0303,5.8005,5.8781,5.8393,0.0776,0,0,0,False,pass,False,False,https://doi.org/10.1016/j.ejmech.2012.05.009,accept_antagonist
CHEMBL199446,CHEMBL199446,antagonist,0,tier_1,computationally_adjudicated_functional,False,False,locked_holdout,Cn1c(=O)c2[nH]c(-c3ccc(OCC(=O)Nc4ccc(F)cc4)cc3)cc2n(C)c1=O,OTTHALQEWXGENA-UHFFFAOYSA-N,O=C(COc1ccc(-c2cc3[nH]c(=O)[nH]c(=O)c3[nH]2)cc1)Nc1ccccc1,CC(CCC1CCC(C2CC3CC(C)CC(C)C3C2)CC1)CC1CCCCC1,422.416,2.3889,2,4,5,98.12,31,0.516044,-9.1086,-9.275,-9.1918,-0.1664,-0.005368,0.3068,0.302,3,3,0.6281,0.6321,0.6301,0.004,7.0636,7.3297,7.1966,0.2661,0,0,0,False,pass,True,False,https://doi.org/10.1021/jm0506221,accept_antagonist
CHEMBL201217,CHEMBL201217,antagonist,0,tier_1,computationally_adjudicated_functional,False,True,development,CCCn1c(=O)c2nc(-c3cc(OCC(=O)c4ccc(I)cc4)n(C)n3)[nH]c2n(CCC)c1=O,ZDQNNVOXYCDLRR-UHFFFAOYSA-N,O=C(COc1cc(-c2nc3c(=O)[nH]c(=O)[nH]c3[nH]2)n[nH]1)c1ccccc1,CC1CC(C)C2CC(C3CCC(CCC(C)C4CCCCC4)C3)CC2C1,576.395,2.9731,1,6,9,116.8,34,0.242082,-9.2587,-9.4144,-9.3365,-0.1557,-0.004579,0.0542,0.1486,3,3,0.7749,0.7928,0.7838,0.0179,7.4449,7.5215,7.4832,0.0766,0,0,0,False,pass,False,False,https://doi.org/10.1021/jm0506221,accept_antagonist
CHEMBL2024116,CHEMBL2024116,antagonist,0,tier_1,computationally_adjudicated_functional,False,True,development,Cc1cc(-c2nnc(N)nc2-c2ccc(F)cc2)cc(C)n1,NEYZTILMBRSITP-UHFFFAOYSA-N,c1ccc(-c2ncnnc2-c2ccncc2)cc1,C1CCC(C2CCCCC2C2CCCCC2)CC1,295.321,2.9387,1,5,2,77.58,22,0.786141,-9.6552,-8.8401,-9.2477,0.8151,0.03705,0.0378,0.0062,3,3,0.9603,0.9095,0.9349,-0.0508,8.0484,7.9512,7.9998,-0.0972,0,0,0,False,pass,False,False,https://doi.org/10.1021/acs.jmedchem.0c00237,accept_antagonist
CHEMBL2042059,CHEMBL2042059,antagonist,0,tier_1,computationally_adjudicated_functional,False,False,locked_holdout,COc1cccc2cc(C(=O)NC3CCCCC3)c(=N)oc12,LUFDYZFYLCODSE-UHFFFAOYSA-N,N=c1oc2ccccc2cc1C(=O)NC1CCCCC1,CC(CC1CCCCC1)C1CC2CCCCC2CC1C,300.358,2.9834,2,4,3,75.32,22,0.914664,-9.6192,-9.5798,-9.5995,0.0394,0.001791,1.3046,0.0249,3,3,0.8484,0.7922,0.8203,-0.0562,6.5692,6.854,6.7116,0.2848,0,0,0,False,pass,True,False,https://doi.org/10.1016/j.ejmech.2012.05.009,accept_antagonist
CHEMBL2042062,CHEMBL2042062,antagonist,0,tier_1,computationally_adjudicated_functional,False,False,locked_holdout,COc1cccc2cc(C(=O)NCCCOCCCCOCCCNC(=O)c3cc4cccc(OC)c4oc3=N)c(=N)oc12,JNCOYVVDNPCLKB-UHFFFAOYSA-N,N=c1oc2ccccc2cc1C(=O)NCCCOCCCCOCCCNC(=O)c1cc2ccccc2oc1=N,CC(CCCCCCCCCCCCCCC(C)C1CC2CCCCC2CC1C)C1CC2CCCCC2CC1C,606.676,3.9085,4,10,17,169.1,44,0.131197,-8.0296,-7.7492,-7.8894,0.2804,0.006373,0.6316,0.109,3,3,0.2671,0.2357,0.2514,-0.0314,6.7025,6.4979,6.6002,-0.2046,2,3,5,True,retain_with_soft_flag,True,False,https://doi.org/10.1016/j.ejmech.2012.05.009,accept_antagonist
CHEMBL2042073,CHEMBL2042073,antagonist,0,tier_1,computationally_adjudicated_functional,False,True,development,COc1cccc2cc(C(=O)NCCc3ccc(O)cc3)c(=N)oc12,FZDOJZCUDKGLGL-UHFFFAOYSA-N,N=c1oc2ccccc2cc1C(=O)NCCc1ccccc1,CC(CCCC1CCCCC1)C1CC2CCCCC2CC1C,338.363,2.599,3,5,5,95.55,25,0.666175,-9.5918,-8.6136,-9.1027,0.9782,0.039128,0.6261,1.0218,3,3,0.915,0.6377,0.7764,-0.2773,7.3015,6.7208,7.0111,-0.5807,0,0,0,False,pass,False,False,https://doi.org/10.1016/j.ejmech.2012.05.009,accept_antagonist
CHEMBL2042081,CHEMBL2042081,antagonist,0,tier_1,computationally_adjudicated_functional,False,True,development,COc1cccc2cc(C(=O)Nc3c(C#N)ncn3-c3ccc(F)cc3)c(=N)oc12,VLBFZMVIQCLDRL-UHFFFAOYSA-N,N=c1oc2ccccc2cc1C(=O)Nc1cncn1-c1ccccc1,CC1CC2CCCCC2CC1C(C)CC1CCCC1C1CCCCC1,403.373,3.3697,2,6,4,116.93,30,0.541797,-9.1659,-6.6551,-7.9105,2.5108,0.083693,0.0165,2.1551,3,3,0.8616,0.2274,0.5445,-0.6342,7.7947,5.8539,6.8243,-1.9408,0,2,2,True,retain_with_soft_flag,False,False,https://doi.org/10.1016/j.ejmech.2012.05.009,accept_antagonist
CHEMBL2042301,CHEMBL2042301,agonist,1,tier_1,computationally_adjudicated_functional,False,False,locked_holdout,CCNC(=O)[C@H]1O[C@@H](n2cnc3c(N)nc(NCCc4ccc(NC(=O)c5cc(C(C)(C)C)cc(C(C)(C)C)c5)cc4)nc32)[C@H](O)[C@@H]1O,TXMBOCGCZJDFNZ-ACIRYHQQSA-N,O=C(Nc1ccc(CCNc2ncc3ncn([C@H]4CCCO4)c3n2)cc1)c1ccccc1,CC(CC1CCC(CCCC2CCC3CCC(C4CCCC4)C3C2)CC1)C1CCCCC1,658.804,3.6657,6,10,9,189.54,48,0.154807,-10.0289,-10.3186,-10.1738,-0.2897,-0.006035,0.5782,0.8386,3,3,0.4116,0.8456,0.6286,0.434,7.7006,8.4651,8.0829,0.7645,1,0,1,True,retain_with_soft_flag,True,False,https://doi.org/10.1021/jm300206u,accept_agonist
CHEMBL2042303,CHEMBL2042303,agonist,1,tier_1,computationally_adjudicated_functional,False,True,development,CCNC(=O)[C@H]1O[C@@H](n2cnc3c(N)nc(NCCc4ccc(NC(=O)CCCC[C@H]5CCSS5)cc4)nc32)[C@H](O)[C@@H]1O,SQCZJYTXAWXOND-RKMGSRDVSA-N,O=C(CCCC[C@H]1CCSS1)Nc1ccc(CCNc2ncc3ncn([C@H]4CCCO4)c3n2)cc1,CC(CCCCC1CCCC1)CC1CCC(CCCC2CCC3CCC(C4CCCC4)C3C2)CC1,630.797,2.471,6,12,13,189.54,43,0.11972,-9.0048,-10.4177,-9.7112,-1.4129,-0.032858,0.1018,0.5114,3,3,0.5179,0.9319,0.7249,0.414,7.4882,8.6012,8.0447,1.113,0,0,0,False,pass,False,False,https://doi.org/10.1021/jm300206u,accept_agonist
CHEMBL2042304,CHEMBL2042304,agonist,1,tier_1,computationally_adjudicated_functional,False,True,development,CCNC(=O)[C@H]1O[C@@H](n2cnc3c(NCC(c4ccccc4)c4ccccc4)nc(F)nc32)[C@H](O)[C@@H]1O,QIMAEJZEQKSMHZ-UGCAPWQASA-N,c1ccc(C(CNc2ncnc3c2ncn3[C@H]2CCCO2)c2ccccc2)cc1,C1CCC(C(CCC2CCCC3C(C4CCCC4)CCC23)C2CCCCC2)CC1,506.538,1.9647,4,8,8,134.42,37,0.266626,-10.7972,-9.7178,-10.2575,1.0794,0.029173,1.5486,0.0569,3,3,0.1612,0.3391,0.2501,0.1779,6.0534,6.8132,6.4333,0.7598,3,0,3,True,retain_with_soft_flag,False,False,https://doi.org/10.1021/jm300206u,accept_agonist
CHEMBL2042305,CHEMBL2042305,agonist,1,tier_1,computationally_adjudicated_functional,False,True,development,CCNC(=O)[C@H]1O[C@@H](n2cnc3c(NCC(c4ccccc4)c4ccccc4)nc(NCCc4ccccc4)nc32)[C@H](O)[C@@H]1O,LPUCXUCWIQBLNE-KCIBBDPESA-N,c1ccc(CCNc2nc(NCC(c3ccccc3)c3ccccc3)c3ncn([C@H]4CCCO4)c3n2)cc1,C1CCC(CCCC2CC(CCC(C3CCCCC3)C3CCCCC3)C3CCC(C4CCCC4)C3C2)CC1,607.715,3.4802,5,9,12,146.45,45,0.143877,-9.2491,-11.0025,-10.1258,-1.7534,-0.038964,0.736,0.0604,3,3,0.2507,0.3276,0.2892,0.0769,6.8602,6.9682,6.9142,0.108,2,0,2,True,retain_with_soft_flag,False,False,https://doi.org/10.1021/jm300206u,accept_agonist
CHEMBL2042308,CHEMBL2042308,agonist,1,tier_1,computationally_adjudicated_functional,False,True,development,CCNC(=O)[C@H]1O[C@@H](n2cnc3c(NCC(c4ccccc4)c4ccccc4)nc(NCCc4ccc(NC(=O)c5cc(C(C)(C)C)cc(C(C)(C)C)c5)cc4)nc32)[C@H](O)[C@@H]1O,AGLLTBWZMRXXOV-FWBSXESASA-N,O=C(Nc1ccc(CCNc2nc(NCC(c3ccccc3)c3ccccc3)c3ncn([C@H]4CCCO4)c3n2)cc1)c1ccccc1,CC(CC1CCC(CCCC2CC(CCC(C3CCCCC3)C3CCCCC3)C3CCC(C4CCCC4)C3C2)CC1)C1CCCCC1,839.054,7.3275,6,10,14,175.55,62,0.065202,-9.2023,-10.047,-9.6246,-0.8447,-0.013624,0.2221,0.4358,3,3,0.1881,0.1268,0.1574,-0.0613,7.2469,7.2815,7.2642,0.0346,2,3,5,True,retain_with_soft_flag,False,False,https://doi.org/10.1021/jm300206u,accept_agonist
CHEMBL2042310,CHEMBL2042310,agonist,1,tier_1,computationally_adjudicated_functional,False,True,development,CCNC(=O)[C@H]1O[C@@H](n2cnc3c(NCC(c4ccccc4)c4ccccc4)nc(NCCc4ccc(NC(=O)CCCC[C@H]5CCSS5)cc4)nc32)[C@H](O)[C@@H]1O,KGGRLFLXKXSBIC-MPBXGEDSSA-N,O=C(CCCC[C@H]1CCSS1)Nc1ccc(CCNc2nc(NCC(c3ccccc3)c3ccccc3)c3ncn([C@H]4CCCO4)c3n2)cc1,CC(CCCCC1CCCC1)CC1CCC(CCCC2CC(CCC(C3CCCCC3)C3CCCCC3)C3CCC(C4CCCC4)C3C2)CC1,811.047,6.1328,6,12,18,175.55,57,0.044197,-10.648,-8.8457,-9.7469,1.8023,0.031619,0.2939,0.8354,3,3,0.242,0.1244,0.1832,-0.1176,7.9324,6.8404,7.3864,-1.092,3,3,6,True,retain_with_soft_flag,False,False,https://doi.org/10.1021/jm300206u,accept_agonist
CHEMBL2070507,CHEMBL2070507,agonist,1,tier_1,computationally_adjudicated_functional,False,True,development,Nc1ncnc2c1ncn2[C@@H]1O[C@H](C(=O)NC2CCC2)[C@@H](O)[C@H]1O,CGYRWWMWNACLSU-AEISUSGSSA-N,O=C(NC1CCC1)[C@@H]1CC[C@H](n2cnc3cncnc32)O1,CC(CC1CCC1)C1CCC(C2CCC3CCCCC32)C1,334.336,-1.3036,4,8,3,148.41,24,0.540853,-6.814,-9.1612,-7.9876,-2.3472,-0.0978,0.3155,0.011,3,3,0.3497,0.9827,0.6662,0.633,6.112,7.3561,6.734,1.2441,0,0,0,False,pass,False,False,https://doi.org/10.1021/jm300095s,accept_agonist
CHEMBL2070508,CHEMBL2070508,agonist,1,tier_1,computationally_adjudicated_functional,False,True,development,Nc1ncnc2c1ncn2[C@@H]1O[C@H](C(=O)NC2CCCC2)[C@@H](O)[C@H]1O,ISNMLOJARGEFLK-BQVMBELUSA-N,O=C(NC1CCCC1)[C@@H]1CC[C@H](n2cnc3cncnc32)O1,CC(CC1CCCC1)C1CCC(C2CCC3CCCCC32)C1,348.363,-0.9135,4,8,3,148.41,25,0.55674,-6.9604,-8.6179,-7.7892,-1.6575,-0.0663,0.5381,0.309,3,3,0.3141,0.9716,0.6429,0.6575,4.3403,7.1985,5.7694,2.8582,1,0,1,True,retain_with_soft_flag,False,False,https://doi.org/10.1021/jm300095s,accept_agonist
CHEMBL2153620,CHEMBL2153620,antagonist,0,tier_1,computationally_adjudicated_functional,False,True,development,CC1CCC(N2CCCn3c2nc2c3c(=O)n(C)c(=O)n2C)CC1,HXKSIAZEWSOTLE-UHFFFAOYSA-N,O=c1[nH]c(=O)c2c(nc3n2CCCN3C2CCCCC2)[nH]1,CC1CC(C)C2C(C1)CC1C(C3CCCCC3)CCCC12,331.42,1.2225,0,4,1,65.06,24,0.78811,-8.7469,-9.5566,-9.1517,-0.8097,-0.033737,0.5039,0.0198,3,3,0.5844,0.681,0.6327,0.0966,6.7906,6.9931,6.8918,0.2025,0,0,0,False,pass,False,False,https://doi.org/10.1016/j.ejmech.2011.05.023,accept_antagonist
CHEMBL2153627,CHEMBL2153627,antagonist,0,tier_1,computationally_adjudicated_functional,False,False,locked_holdout,Cn1c(=O)c2c(nc3n2CCCN3CC2CC2)n(C)c1=O,YRBJBKSUFQWHDB-UHFFFAOYSA-N,O=c1[nH]c(=O)c2c(nc3n2CCCN3CC2CC2)[nH]1,CC1CC(C)C2C(C1)CC1C(CC3CC3)CCCC12,289.339,0.0538,0,4,2,65.06,21,0.783643,-8.1068,-8.3836,-8.2452,-0.2768,-0.013181,0.5251,0.0136,3,3,0.88,0.9106,0.8953,0.0306,6.8809,6.9529,6.9169,0.072,0,0,0,False,pass,True,False,https://doi.org/10.1016/j.ejmech.2011.05.023,accept_antagonist
CHEMBL2153629,CHEMBL2153629,antagonist,0,tier_1,computationally_adjudicated_functional,False,True,development,Cn1c(=O)c2c(nc3n2CCN3C2CCCCCCC2)n(C)c1=O,BMVNEXDBQUNWCE-UHFFFAOYSA-N,O=c1[nH]c(=O)c2c(nc3n2CCN3C2CCCCCCC2)[nH]1,CC1CC(C)C2C(C1)CC1C(C3CCCCCCC3)CCC12,331.42,1.3666,0,4,1,65.06,24,0.791502,-8.4774,-8.9906,-8.734,-0.5132,-0.021383,0.0172,0.1351,3,3,0.6325,0.6436,0.6381,0.0111,7.0303,7.3374,7.1838,0.3071,0,0,0,False,pass,False,False,https://doi.org/10.1016/j.ejmech.2011.05.023,accept_antagonist
CHEMBL216392,CHEMBL216392,agonist,1,tier_1,computationally_adjudicated_functional,False,True,development,CNc1nc(-c2cn(Cc3cccc(Cl)c3)nn2)nc2c1ncn2[C@@H]1O[C@H](CO)[C@@H](O)[C@H]1O,DJQKAKFNNBFTLQ-KHTYJDQRSA-N,c1ccc(Cn2cc(-c3ncc4ncn([C@H]5CCCO5)c4n3)nn2)cc1,C1CCC(CC2CCC(C3CCC4CCC(C5CCCC5)C4C3)C2)CC1,472.893,0.4397,4,10,6,156.26,33,0.310176,-8.8539,-10.4744,-9.6641,-1.6205,-0.049106,1.0045,0.0172,3,3,0.4064,0.8197,0.613,0.4133,5.6815,7.7176,6.6996,2.0361,0,0,0,False,pass,False,False,https://doi.org/10.1021/jm0608208,accept_agonist
CHEMBL2165799,CHEMBL2165799,antagonist,0,tier_1,computationally_adjudicated_functional,False,False,locked_holdout,Nc1nc(-c2ccccc2)c2c(n1)-c1cc(Cc3cncc(F)c3)ccc1C2=O,SGXSQJCDFWYGRN-UHFFFAOYSA-N,O=C1c2ccc(Cc3cccnc3)cc2-c2ncnc(-c3ccccc3)c21,CC1C2CCC(CC3CCCCC3)CC2C2CCCC(C3CCCCC3)C12,382.398,4.0621,1,5,3,81.76,29,0.508804,-11.7432,-12.3761,-12.0596,-0.6329,-0.021824,0.0094,0.5987,3,3,0.8885,0.9183,0.9034,0.0298,8.13,8.2094,8.1697,0.0794,0,0,0,False,pass,True,False,https://doi.org/10.1021/jm201640m,accept_antagonist
CHEMBL2165804,CHEMBL2165804,antagonist,0,tier_1,computationally_adjudicated_functional,False,True,development,CC(C)n1cc(-c2ncc(N)nc2-c2ccc(F)cc2)ccc1=O,MNUJNGGYFNZUNB-UHFFFAOYSA-N,O=c1ccc(-c2nccnc2-c2ccccc2)c[nH]1,CC1CCC(C2CCCCC2C2CCCCC2)CC1,324.359,3.2745,1,4,3,73.8,24,0.802191,-10.2088,-7.1954,-8.7021,3.0134,0.125558,0.1748,0.3368,3,3,0.9714,0.8054,0.8884,-0.166,8.145,7.6672,7.9061,-0.4778,0,0,0,False,pass,False,False,https://doi.org/10.1021/jm201640m,accept_antagonist
CHEMBL2165806,CHEMBL2165806,antagonist,0,tier_1,computationally_adjudicated_functional,False,True,development,Nc1nc(-c2ccccc2)c2c(n1)-c1cc(CN3C4CCC3CC4)ccc1C2=O,CTSJRKVVECGHGZ-UHFFFAOYSA-N,O=C1c2ccc(CN3C4CCC3CC4)cc2-c2ncnc(-c3ccccc3)c21,CC1C2CCC(CC3C4CCC3CC4)CC2C2CCCC(C3CCCCC3)C12,382.467,4.064,1,5,3,72.11,29,0.578367,-10.9425,-12.5655,-11.754,-1.623,-0.055966,0.0114,0.0103,3,3,0.5103,0.8698,0.6901,0.3595,7.0265,8.059,7.5427,1.0325,0,0,0,False,pass,False,False,https://doi.org/10.1021/jm201640m,accept_antagonist
CHEMBL218326,CHEMBL218326,agonist,1,tier_1,computationally_adjudicated_functional,False,True,development,CNc1nc(-n2cc(-c3ccccn3)nn2)nc2c1ncn2[C@@H]1O[C@H](CO)[C@@H](O)[C@H]1O,BFNBQDWOBYWSKD-LSCFUAHRSA-N,c1ccc(-c2cn(-c3ncc4ncn([C@H]5CCCO5)c4n3)nn2)nc1,C1CCC(C2CCC(C3CCC4CCC(C5CCCC5)C4C3)C2)CC1,425.409,-0.8778,4,11,5,169.15,31,0.313149,-9.7512,-9.4841,-9.6177,0.2671,0.008616,0.0529,0.0053,3,3,0.8071,0.8134,0.8103,0.0063,7.1401,7.6373,7.3887,0.4972,0,0,0,False,pass,False,False,https://doi.org/10.1021/jm0608208,accept_agonist
CHEMBL219055,CHEMBL219055,agonist,1,tier_1,computationally_adjudicated_functional,False,True,development,CCc1cn(-c2nc(NC)c3ncn([C@@H]4O[C@H](CO)[C@@H](O)[C@H]4O)c3n2)nn1,JBQPJIFYNWOTMD-IDTAVKCVSA-N,c1cn(-c2ncc3ncn([C@H]4CCCO4)c3n2)nn1,C1CCC(C2CCC3CCC(C4CCCC4)C3C2)C1,376.377,-1.3774,4,10,5,156.26,27,0.41842,-8.0576,-8.5781,-8.3178,-0.5205,-0.019278,0.0514,0.8804,3,3,0.757,0.7955,0.7762,0.0385,6.6968,7.3889,7.0428,0.6921,0,0,0,False,pass,False,False,https://doi.org/10.1021/jm0608208,accept_agonist
CHEMBL219256,CHEMBL219256,agonist,1,tier_1,computationally_adjudicated_functional,False,True,development,CNc1nc(-n2cc(CC3CCCC3)nn2)nc2c1ncn2[C@@H]1O[C@H](CO)[C@@H](O)[C@H]1O,UVCPEXPHSCKQFM-SCFUHWHPSA-N,c1nc(-n2cc(CC3CCCC3)nn2)nc2c1ncn2[C@H]1CCCO1,C1CCC(CC2CCC(C3CCC4CCC(C5CCCC5)C4C3)C2)C1,430.469,-0.2071,4,10,6,156.26,31,0.412583,-7.8326,-10.058,-8.9453,-2.2254,-0.071787,12.8082,0.3735,3,3,0.3644,0.7859,0.5752,0.4215,6.5143,7.8285,7.1714,1.3142,1,0,1,True,retain_with_soft_flag,False,False,https://doi.org/10.1021/jm0608208,accept_agonist
CHEMBL225368,CHEMBL225368,agonist,1,tier_1,computationally_adjudicated_functional,False,True,development,CC(C)[C@H](NC(=O)[C@H](Cc1ccc([N+](=O)[O-])cc1)NC(=O)[C@@H]1C=C2c3cccc4[nH]cc(c34)C[C@H]2N(C)C1)C(=O)N1c2ccccc2C[C@H]1C(N)=O,OSBIAWPZBNFCQQ-ODNYIURZSA-N,O=C(N[C@@H](Cc1ccccc1)C(=O)NCC(=O)N1CCc2ccccc21)[C@@H]1C=C2c3cccc4[nH]cc(c34)C[C@H]2NC1,CC(CCC(C)C1CCC2CCCCC21)C(CC1CCCCC1)CC(C)C1CCC2CC3CCC4CCCC(C2C1)C43,703.8,3.2573,4,7,10,183.77,52,0.144366,-11.4498,-9.5032,-10.4765,1.9466,0.037435,0.0225,0.5181,3,3,0.2264,0.1259,0.1762,-0.1005,6.6993,7.0622,6.8807,0.3629,3,3,6,True,retain_with_soft_flag,False,False,https://doi.org/10.1021/jm060947x,accept_agonist
CHEMBL225459,CHEMBL225459,agonist,1,tier_1,computationally_adjudicated_functional,False,True,development,Nc1nc(OCCc2c[nH]c3cc(Br)ccc23)nc2c1ncn2[C@@H]1O[C@H](CO)[C@@H](O)[C@H]1O,OXLUZSPXALFOBX-NVQRDWNXSA-N,c1ccc2c(CCOc3ncc4ncn([C@H]5CCCO5)c4n3)c[nH]c2c1,C1CCC2C(C1)CCC2CCCC1CCC2CCC(C3CCCC3)C2C1,505.329,0.8853,5,9,6,164.56,32,0.255933,-9.75,-10.6568,-10.2034,-0.9068,-0.028338,0.143,0.1134,3,3,0.6457,0.9206,0.7832,0.2749,7.0917,7.7956,7.4436,0.7039,0,0,0,False,pass,False,False,https://doi.org/10.1021/jm061278q,accept_agonist
CHEMBL226694,CHEMBL226694,agonist,1,tier_1,computationally_adjudicated_functional,False,False,locked_holdout,CC(C)[C@H](NC(=O)[C@@H]1C=C2c3cccc4[nH]cc(c34)C[C@H]2N(C)C1)C(=O)N[C@@H](CCC1CCCCC1)C(=O)N1c2ccccc2C[C@H]1C(N)=O,CWFYFSVSDFREOX-HNLGHXBASA-N,O=C(CNC(=O)[C@@H]1C=C2c3cccc4[nH]cc(c34)C[C@H]2NC1)N[C@@H](CCC1CCCCC1)C(=O)N1CCc2ccccc21,CC(CCC(C)C1CCC2CC3CCC4CCCC(C2C1)C43)CC(CCC1CCCCC1)C(C)C1CCC2CCCCC21,678.878,4.4669,4,5,10,140.63,50,0.250719,-10.3712,-8.7193,-9.5452,1.6519,0.033038,0.4552,0.9731,3,3,0.154,0.0985,0.1263,-0.0555,7.003,6.1508,6.5769,-0.8522,3,3,6,True,retain_with_soft_flag,True,False,https://doi.org/10.1021/jm060947x,accept_agonist
CHEMBL2377086,CHEMBL2377086,antagonist,0,tier_1,computationally_adjudicated_functional,False,False,locked_holdout,Nc1nc(-c2ccccc2)nc2sccc12,VQUWVROZMNLFDC-UHFFFAOYSA-N,c1ccc(-c2ncc3ccsc3n2)cc1,C1CCC(C2CCC3CCCC3C2)CC1,227.292,2.9405,1,4,1,51.8,16,0.695011,-7.5172,-7.6406,-7.5789,-0.1234,-0.007713,0.6071,0.2201,3,3,0.8688,0.8081,0.8385,-0.0607,5.9451,6.3463,6.1457,0.4012,0,0,0,False,pass,True,False,https://doi.org/10.1016/j.bmcl.2013.02.078,accept_antagonist
CHEMBL2377087,CHEMBL2377087,antagonist,0,tier_1,computationally_adjudicated_functional,False,True,development,Nc1nc(-c2ccccc2)nc2sc(-c3ccccc3)cc12,DOOVOCKWYMYRGX-UHFFFAOYSA-N,c1ccc(-c2ncc3cc(-c4ccccc4)sc3n2)cc1,C1CCC(C2CCC3CC(C4CCCCC4)CC3C2)CC1,303.39,4.6075,1,4,2,51.8,22,0.588184,-10.0545,-10.3674,-10.211,-0.3129,-0.014223,0.0155,0.1209,3,3,0.7926,0.8825,0.8376,0.0899,6.7419,7.2933,7.0176,0.5514,0,0,0,False,pass,False,False,https://doi.org/10.1016/j.bmcl.2013.02.078,accept_antagonist
CHEMBL2377088,CHEMBL2377088,antagonist,0,tier_1,computationally_adjudicated_functional,False,False,locked_holdout,Nc1nc(-c2ccccc2)nc2sc(Cc3ccccc3)cc12,YCJUYKBUDGJHNY-UHFFFAOYSA-N,c1ccc(Cc2cc3cnc(-c4ccccc4)nc3s2)cc1,C1CCC(CC2CC3CCC(C4CCCCC4)CC3C2)CC1,317.417,4.5313,1,4,3,51.8,23,0.603693,-9.8339,-10.2139,-10.0239,-0.38,-0.016522,0.1851,0.0155,3,3,0.7223,0.7859,0.7541,0.0636,6.764,7.3107,7.0373,0.5467,0,0,0,False,pass,True,False,https://doi.org/10.1016/j.bmcl.2013.02.078,accept_antagonist
CHEMBL2377089,CHEMBL2377089,antagonist,0,tier_1,computationally_adjudicated_functional,False,True,development,Nc1nc(-c2ccccc2)nc2sc(CCc3ccccc3)cc12,CDJGHJCXXQGCRZ-UHFFFAOYSA-N,c1ccc(CCc2cc3cnc(-c4ccccc4)nc3s2)cc1,C1CCC(CCC2CC3CCC(C4CCCCC4)CC3C2)CC1,331.444,4.7257,1,4,4,51.8,24,0.588193,-9.5927,-10.2506,-9.9216,-0.6579,-0.027412,0.0221,0.0073,3,3,0.8745,0.819,0.8468,-0.0555,7.013,7.4568,7.2349,0.4438,0,0,0,False,pass,False,False,https://doi.org/10.1016/j.bmcl.2013.02.078,accept_antagonist
CHEMBL2377095,CHEMBL2377095,antagonist,0,tier_1,computationally_adjudicated_functional,False,True,development,C=C(c1ccccc1)c1cc2c(N)nc(-c3cccc(C#N)c3)nc2s1,BHVPOSFNSGUGIO-UHFFFAOYSA-N,C=C(c1ccccc1)c1cc2cnc(-c3ccccc3)nc2s1,CC(C1CCCCC1)C1CC2CCC(C3CCCCC3)CC2C1,354.438,4.8737,1,5,3,75.59,26,0.569111,-10.0212,-10.2747,-10.1479,-0.2535,-0.00975,0.2976,0.2106,3,3,0.7333,0.8566,0.795,0.1233,7.3684,7.958,7.6632,0.5896,0,0,0,False,pass,False,False,https://doi.org/10.1016/j.bmcl.2013.02.078,accept_antagonist
CHEMBL2377096,CHEMBL2377096,antagonist,0,tier_1,computationally_adjudicated_functional,False,True,development,N#Cc1cccc(-c2nc(N)c3cc(C4(c5ccccc5)CC4)sc3n2)c1,JWFFZYKQEFJTQY-UHFFFAOYSA-N,c1ccc(-c2ncc3cc(C4(c5ccccc5)CC4)sc3n2)cc1,C1CCC(C2CCC3CC(C4(C5CCCCC5)CC4)CC3C2)CC1,368.465,4.8921,1,5,3,75.59,27,0.558363,-10.7871,-10.5952,-10.6912,0.1919,0.007107,0.2464,0.1762,3,3,0.7329,0.8492,0.7911,0.1163,7.5437,8.0391,7.7914,0.4954,0,0,0,False,pass,False,False,https://doi.org/10.1016/j.bmcl.2013.02.078,accept_antagonist
CHEMBL2377108,CHEMBL2377108,antagonist,0,tier_1,computationally_adjudicated_functional,False,False,locked_holdout,Cc1ccc(-c2nc(N)c3cc(CCc4ccccc4)sc3n2)o1,CZCQGKAJTJOUKQ-UHFFFAOYSA-N,c1ccc(CCc2cc3cnc(-c4ccco4)nc3s2)cc1,C1CCC(CCC2CC3CCC(C4CCCC4)CC3C2)CC1,335.432,4.6271,1,5,4,64.94,24,0.590478,-9.1107,-9.3647,-9.2377,-0.254,-0.010583,0.1428,0.3604,3,3,0.9102,0.7686,0.8394,-0.1416,7.1748,7.5265,7.3506,0.3517,0,0,0,False,pass,True,False,https://doi.org/10.1016/j.bmcl.2013.02.078,accept_antagonist
CHEMBL2377223,CHEMBL2377223,antagonist,0,tier_1,computationally_adjudicated_functional,False,False,locked_holdout,Nc1nc(-c2ccc(C3CC3)o2)nc2sc(Cc3ccccc3)cc12,NVNOBGYXPMPAEC-UHFFFAOYSA-N,c1ccc(Cc2cc3cnc(-c4ccc(C5CC5)o4)nc3s2)cc1,C1CCC(CC2CC3CCC(C4CCC(C5CC5)C4)CC3C2)CC1,347.443,5.0017,1,5,4,64.94,25,0.563926,-9.3078,-9.6423,-9.475,-0.3345,-0.01338,0.5766,0.4152,3,3,0.6344,0.7479,0.6911,0.1135,7.1267,7.6865,7.4066,0.5598,0,0,0,False,pass,True,False,https://doi.org/10.1016/j.bmcl.2013.02.078,accept_antagonist
CHEMBL2377235,CHEMBL2377235,antagonist,0,tier_1,computationally_adjudicated_functional,False,True,development,C=C(c1ccccc1)c1cc2c(N)nc(-c3nc(C)cs3)nc2s1,DFBNAUSKOWYPSJ-UHFFFAOYSA-N,C=C(c1ccccc1)c1cc2cnc(-c3nccs3)nc2s1,CC(C1CCCCC1)C1CC2CCC(C3CCCC3)CC2C1,350.472,4.7669,1,6,3,64.69,24,0.578035,-8.8778,-9.5733,-9.2256,-0.6955,-0.028979,0.3079,0.2503,3,3,0.8817,0.8881,0.8849,0.0064,7.4425,7.889,7.6658,0.4465,0,0,0,False,pass,False,False,https://doi.org/10.1016/j.bmcl.2013.02.078,accept_antagonist
CHEMBL2377236,CHEMBL2377236,antagonist,0,tier_1,computationally_adjudicated_functional,False,True,development,Cc1csc(-c2nc(N)c3cc(C4(c5ccccc5)CC4)sc3n2)n1,NEGXZKPQYUOIFO-UHFFFAOYSA-N,c1ccc(C2(c3cc4cnc(-c5nccs5)nc4s3)CC2)cc1,C1CCC(C2(C3CC4CCC(C5CCCC5)CC4C3)CC2)CC1,364.499,4.7853,1,6,3,64.69,25,0.567765,-9.2894,-9.6134,-9.4514,-0.324,-0.01296,0.2675,0.0846,3,3,0.8158,0.8657,0.8407,0.0499,7.4516,7.868,7.6598,0.4164,0,0,0,False,pass,False,False,https://doi.org/10.1016/j.bmcl.2013.02.078,accept_antagonist
CHEMBL2377238,CHEMBL2377238,antagonist,0,tier_1,computationally_adjudicated_functional,False,True,development,Cc1ccc(-c2nc(N)c3cc(-c4ccccc4)sc3n2)o1,JNBHZYOEHBWUGX-UHFFFAOYSA-N,c1ccc(-c2cc3cnc(-c4ccco4)nc3s2)cc1,C1CCC(C2CC3CCC(C4CCCC4)CC3C2)CC1,307.378,4.5089,1,5,2,64.94,22,0.591531,-9.5683,-9.9101,-9.7392,-0.3418,-0.015536,0.0013,0.1326,3,3,0.8649,0.8472,0.856,-0.0177,7.0361,7.324,7.18,0.2879,0,0,0,False,pass,False,False,https://doi.org/10.1016/j.bmcl.2013.02.078,accept_antagonist
CHEMBL2381765,CHEMBL2381765,antagonist,0,tier_1,computationally_adjudicated_functional,False,False,locked_holdout,Cn1cnc2c(N)nc(NCCc3ccc(O)cc3)nc21,WGAKQGDHUAFLTM-UHFFFAOYSA-N,c1ccc(CCNc2ncc3nc[nH]c3n2)cc1,C1CCC(CCCC2CCC3CCCC3C2)CC1,284.323,1.3057,3,6,4,101.88,21,0.66728,-7.9579,-8.3225,-8.1402,-0.3646,-0.017362,0.4874,0.1219,3,3,0.9449,0.5164,0.7307,-0.4285,6.4492,6.401,6.4251,-0.0482,0,0,0,False,pass,True,False,https://doi.org/10.1016/j.bmcl.2013.03.070,accept_antagonist
CHEMBL2382434,CHEMBL2382434,antagonist,0,tier_1,computationally_adjudicated_functional,False,True,development,O=C(CCCc1ccccc1)Nc1nc2ccccc2c(=O)s1,QMBOZLGNPMVERZ-UHFFFAOYSA-N,O=C(CCCc1ccccc1)Nc1nc2ccccc2c(=O)s1,CC(CCCC1CCCCC1)CC1CC(C)C2CCCCC2C1,324.405,3.6179,1,4,5,59.06,23,0.779621,-8.5912,-8.5895,-8.5904,0.0017,7.4e-05,0.3134,0.3324,3,3,0.5721,0.5406,0.5564,-0.0315,6.5282,6.8982,6.7132,0.37,0,0,0,False,pass,False,False,https://doi.org/10.1021/jm400336x,accept_antagonist
CHEMBL259105,CHEMBL259105,antagonist,0,tier_1,computationally_adjudicated_functional,False,False,locked_holdout,Cn1c(=O)c2[nH]c(-c3ccc(OCC(=O)N4CCc5ccccc5C4)cc3)cc2n(C)c1=O,XICBEZUAIRPALD-UHFFFAOYSA-N,O=C(COc1ccc(-c2cc3[nH]c(=O)[nH]c(=O)c3[nH]2)cc1)N1CCc2ccccc2C1,CC1CC(C)C2CC(C3CCC(CCC(C)C4CCC5CCCCC5C4)CC3)CC2C1,444.491,2.196,1,4,4,89.33,33,0.522676,-9.7187,-9.8257,-9.7722,-0.107,-0.003242,0.5055,0.1623,3,3,0.6626,0.6585,0.6605,-0.0041,7.2718,7.2635,7.2676,-0.0083,0,0,0,False,pass,True,False,https://doi.org/10.1016/j.bmc.2008.01.002,accept_antagonist
CHEMBL259580,CHEMBL259580,antagonist,0,tier_1,computationally_adjudicated_functional,False,True,development,CCCn1c(=O)n(C)c(=O)c2[nH]c(-c3ccc(OCC(=O)N4CCN(c5ccc(F)cc5)CC4)cc3)cc21,SLHFRTFEGMLRBP-UHFFFAOYSA-N,O=C(COc1ccc(-c2cc3[nH]c(=O)[nH]c(=O)c3[nH]2)cc1)N1CCN(c2ccccc2)CC1,CC1CC(C)C2CC(C3CCC(CCC(C)C4CCC(C5CCCCC5)CC4)CC3)CC2C1,519.577,2.972,1,5,7,92.57,38,0.405434,-10.0126,-10.0903,-10.0514,-0.0777,-0.002045,0.2816,0.1156,3,3,0.8087,0.8227,0.8157,0.014,7.8341,7.8381,7.8361,0.004,0,0,0,False,pass,False,False,https://doi.org/10.1016/j.bmc.2008.01.002,accept_antagonist
CHEMBL261482,CHEMBL261482,agonist,1,tier_1,computationally_adjudicated_functional,False,True,development,Nc1ncnc2c1ncn2[C@@H]1O[C@H](C(=O)NC2CC2)[C@@H](O)[C@H]1O,MYNRELUCFAQMFC-QRIDJOKKSA-N,O=C(NC1CC1)[C@@H]1CC[C@H](n2cnc3cncnc32)O1,CC(CC1CC1)C1CCC(C2CCC3CCCCC32)C1,320.309,-1.6937,4,8,3,148.41,23,0.523079,-6.3471,-9.4857,-7.9164,-3.1386,-0.136461,0.3178,0.0082,3,3,0.4526,0.9867,0.7197,0.5341,4.1395,7.3782,5.7588,3.2387,0,0,0,False,pass,False,False,https://doi.org/10.1021/jm300095s,accept_agonist
CHEMBL270654,CHEMBL270654,antagonist,0,tier_1,computationally_adjudicated_functional,False,True,development,Cc1cc(C)n(-c2cc(NC(=O)Cc3ccc(S(C)(=O)=O)cc3)nc(-c3ccccn3)n2)n1,ZKEREZNJKGRMFY-UHFFFAOYSA-N,O=C(Cc1ccccc1)Nc1cc(-n2cccn2)nc(-c2ccccn2)n1,CC(CC1CCCCC1)CC1CC(C2CCCCC2)CC(C2CCCC2)C1,462.535,2.9258,1,7,6,119.73,33,0.467716,-7.635,-7.511,-7.573,0.124,0.003758,3.8662,0.3762,3,3,0.6566,0.1957,0.4261,-0.4609,7.7508,5.9591,6.855,-1.7917,0,2,2,True,retain_with_soft_flag,False,False,https://doi.org/10.1016/j.bmcl.2008.01.036,accept_antagonist
CHEMBL294223,CHEMBL294223,antagonist,0,tier_1,computationally_adjudicated_functional,False,True,development,CCCn1c(=O)n(C)c(=O)c2[nH]c(-c3ccc(OCC(=O)N4CCC(c5ccccc5)(c5ccccc5)CC4)cc3)cc21,NHADJLJUOVTRKS-UHFFFAOYSA-N,O=C(COc1ccc(-c2cc3[nH]c(=O)[nH]c(=O)c3[nH]2)cc1)N1CCC(c2ccccc2)(c2ccccc2)CC1,CC1CC(C)C2CC(C3CCC(CCC(C)C4CCC(C5CCCCC5)(C5CCCCC5)CC4)CC3)CC2C1,576.697,5.0928,1,4,8,89.33,43,0.278686,-10.5867,-9.8252,-10.206,0.7615,0.017709,0.0354,0.3589,3,3,0.6737,0.5981,0.6359,-0.0756,7.9852,7.9261,7.9557,-0.0591,0,0,0,False,pass,False,False,https://doi.org/10.1016/j.bmc.2008.01.002,accept_antagonist
CHEMBL3133079,CHEMBL3133079,agonist,1,tier_1,computationally_adjudicated_functional,False,True,development,CNC(=O)[C@H]1O[C@@H](n2cnc3c(NCCc4ccccc4)nc(N)nc32)[C@H](O)[C@@H]1O,RNSBXSZLWYVTLA-MOROJQBDSA-N,c1ccc(CCNc2ncnc3c2ncn3[C@H]2CCCO2)cc1,C1CCC(CCCC2CCCC3C(C4CCCC4)CCC23)CC1,413.438,-0.5717,5,9,6,160.44,30,0.356288,-9.7109,-9.7034,-9.7072,0.0075,0.00025,0.0637,0.2485,3,3,0.5493,0.6714,0.6103,0.1221,6.7508,7.1473,6.949,0.3965,0,0,0,False,pass,False,False,https://doi.org/10.1039/C3MD00364G,accept_agonist
CHEMBL3133081,CHEMBL3133081,agonist,1,tier_1,computationally_adjudicated_functional,False,True,development,CNC(=O)[C@H]1O[C@@H](n2cnc3c(NC4CCCC4)nc(NC)nc32)[C@H](O)[C@@H]1O,ZKLXTXSQNULGEI-MEQWQQMJSA-N,c1nc(NC2CCCC2)c2ncn([C@H]3CCCO3)c2n1,C1CCC(CC2CCCC3C(C4CCCC4)CCC23)C1,391.432,-0.4123,5,9,5,146.45,28,0.458711,-8.0476,-7.3493,-7.6984,0.6983,0.024939,1.1896,1.2944,3,3,0.345,0.6555,0.5002,0.3105,6.1813,7.1333,6.6573,0.952,0,0,0,False,pass,False,False,https://doi.org/10.1039/C3MD00364G,accept_agonist
CHEMBL3133157,CHEMBL3133157,agonist,1,tier_1,computationally_adjudicated_functional,False,True,development,CNC(=O)[C@H]1O[C@@H](n2cnc3c(NC4CCC4)nc(N)nc32)[C@H](O)[C@@H]1O,NPUPFMDILXTXOB-AEISUSGSSA-N,c1nc(NC2CCC2)c2ncn([C@H]3CCCO3)c2n1,C1CC(CC2CCCC3C(C4CCCC4)CCC23)C1,363.378,-1.2619,5,9,4,160.44,26,0.446286,-8.1119,-8.4333,-8.2726,-0.3214,-0.012362,1.5576,0.1764,3,3,0.4726,0.7179,0.5953,0.2453,6.0997,6.5087,6.3042,0.409,0,0,0,False,pass,False,False,https://doi.org/10.1039/C3MD00364G,accept_agonist
CHEMBL3133159,CHEMBL3133159,agonist,1,tier_1,computationally_adjudicated_functional,False,True,development,CNC(=O)[C@H]1O[C@@H](n2cnc3c(NC4CCCCC4)nc(N)nc32)[C@H](O)[C@@H]1O,INGLINQFJUMLPQ-MEQWQQMJSA-N,c1nc(NC2CCCCC2)c2ncn([C@H]3CCCO3)c2n1,C1CCC(CC2CCCC3C(C4CCCC4)CCC23)CC1,391.432,-0.4817,5,9,4,160.44,28,0.463393,-9.4319,-8.6184,-9.0252,0.8135,0.029054,0.0828,1.5006,3,3,0.4379,0.7517,0.5948,0.3138,6.4017,7.3704,6.8861,0.9687,0,0,0,False,pass,False,False,https://doi.org/10.1039/C3MD00364G,accept_agonist
CHEMBL3217867,CHEMBL3217867,antagonist,0,tier_1,computationally_adjudicated_functional,False,True,development,N#Cc1cccc(-c2nc(N)c3cc(CN4CCCC4)sc3n2)c1,XAJHCZJNDNZUFV-UHFFFAOYSA-N,c1ccc(-c2ncc3cc(CN4CCCC4)sc3n2)cc1,C1CCC(C2CCC3CC(CC4CCCC4)CC3C2)CC1,335.436,3.408,1,6,3,78.83,24,0.793309,-9.2736,-8.7934,-9.0335,0.4802,0.020008,0.1787,0.5386,3,3,0.7349,0.6061,0.6705,-0.1288,7.2372,7.6671,7.4521,0.4299,0,0,0,False,pass,False,False,https://doi.org/10.1039/C1MD00082A,accept_antagonist
CHEMBL3222049,CHEMBL3222049,antagonist,0,tier_1,computationally_adjudicated_functional,False,True,development,Nc1nc(-c2ccco2)nc2sc(CNC3CC3)cc12,WUIJOMASCIDKAR-UHFFFAOYSA-N,c1coc(-c2ncc3cc(CNC4CC4)sc3n2)c1,C1CCC(C2CCC3CC(CCC4CC4)CC3C2)C1,286.36,2.7855,2,6,4,76.97,20,0.77088,-8.1092,-8.2598,-8.1845,-0.1506,-0.00753,0.0827,0.2055,3,3,0.9056,0.6635,0.7845,-0.2421,7.025,7.1513,7.0882,0.1263,0,0,0,False,pass,False,False,https://doi.org/10.1039/C1MD00082A,accept_antagonist
CHEMBL3222051,CHEMBL3222051,antagonist,0,tier_1,computationally_adjudicated_functional,False,True,development,Nc1nc(-c2ccco2)nc2sc(CN3CCCC3)cc12,MPLWCHQDAAXUTI-UHFFFAOYSA-N,c1coc(-c2ncc3cc(CN4CCCC4)sc3n2)c1,C1CCC(CC2CC3CCC(C4CCCC4)CC3C2)C1,300.387,3.1293,1,6,3,68.18,21,0.804553,-9.0134,-8.0633,-8.5384,0.9501,0.045243,0.0128,0.2831,3,3,0.8967,0.6616,0.7792,-0.2351,7.1767,6.8444,7.0106,-0.3323,0,0,0,False,pass,False,False,https://doi.org/10.1039/C1MD00082A,accept_antagonist
CHEMBL3222054,CHEMBL3222054,antagonist,0,tier_1,computationally_adjudicated_functional,False,True,development,Nc1nc(-c2ccco2)nc2sc(CN3CCCCCC3)cc12,SSJXHQWCBBLDCI-UHFFFAOYSA-N,c1coc(-c2ncc3cc(CN4CCCCCC4)sc3n2)c1,C1CCCC(CC2CC3CCC(C4CCCC4)CC3C2)CC1,328.441,3.9095,1,6,3,68.18,23,0.789257,-8.8666,-9.2462,-9.0564,-0.3796,-0.016504,0.0501,0.0046,3,3,0.7855,0.4692,0.6273,-0.3163,6.8027,7.1815,6.9921,0.3788,0,0,0,False,pass,False,False,https://doi.org/10.1039/C1MD00082A,accept_antagonist
CHEMBL3222055,CHEMBL3222055,antagonist,0,tier_1,computationally_adjudicated_functional,False,True,development,Nc1nc(-c2ccco2)nc2sc(CN3CCOCC3)cc12,WKCYYQAUFYIEID-UHFFFAOYSA-N,c1coc(-c2ncc3cc(CN4CCOCC4)sc3n2)c1,C1CCC(CC2CC3CCC(C4CCCC4)CC3C2)CC1,316.386,2.3657,1,7,3,77.41,22,0.799098,-9.3157,-8.7579,-9.0368,0.5578,0.025355,0.0011,0.1737,3,3,0.8499,0.6314,0.7407,-0.2185,7.0336,7.3235,7.1785,0.2899,0,0,0,False,pass,False,False,https://doi.org/10.1039/C1MD00082A,accept_antagonist
CHEMBL3222057,CHEMBL3222057,antagonist,0,tier_1,computationally_adjudicated_functional,False,True,development,Cc1ccc(-c2nc(N)c3cc(CN4CCc5ccccc5C4)sc3n2)o1,JQPWKEHWBDMVSV-UHFFFAOYSA-N,c1coc(-c2ncc3cc(CN4CCc5ccccc5C4)sc3n2)c1,C1CCC2CC(CC3CC4CCC(C5CCCC5)CC4C3)CCC2C1,376.485,4.4002,1,6,3,68.18,27,0.573878,-9.9229,-8.8763,-9.3996,1.0466,0.038763,0.0017,0.8808,3,3,0.8948,0.5519,0.7233,-0.3429,7.4444,7.115,7.2797,-0.3294,0,0,0,False,pass,False,False,https://doi.org/10.1039/C1MD00082A,accept_antagonist
CHEMBL3222061,CHEMBL3222061,antagonist,0,tier_1,computationally_adjudicated_functional,False,True,development,Nc1nc(-c2ccco2)nc2sc(CN3CCCC(F)(F)C3)cc12,KYXCXHCFXDUHNI-UHFFFAOYSA-N,c1coc(-c2ncc3cc(CN4CCCCC4)sc3n2)c1,C1CCC(CC2CC3CCC(C4CCCC4)CC3C2)CC1,350.394,3.7646,1,6,3,68.18,24,0.778776,-8.7568,-9.8254,-9.2911,-1.0686,-0.044525,0.6086,0.004,3,3,0.8791,0.7101,0.7946,-0.169,7.3622,7.7312,7.5467,0.369,0,0,0,False,pass,False,False,https://doi.org/10.1039/C1MD00082A,accept_antagonist
CHEMBL3222062,CHEMBL3222062,antagonist,0,tier_1,computationally_adjudicated_functional,False,True,development,C[C@@H]1CCC[C@H](C)N1Cc1cc2c(N)nc(-c3ccco3)nc2s1,PVOIMUIDWFQGQH-TXEJJXNPSA-N,c1coc(-c2ncc3cc(CN4CCCCC4)sc3n2)c1,C1CCC(CC2CC3CCC(C4CCCC4)CC3C2)CC1,342.468,4.2964,1,6,3,68.18,24,0.768523,-8.7383,-8.0754,-8.4069,0.6629,0.027621,0.2383,0.8859,3,3,0.7916,0.5928,0.6922,-0.1988,6.9918,7.3528,7.1723,0.361,0,0,0,False,pass,False,False,https://doi.org/10.1039/C1MD00082A,accept_antagonist
CHEMBL3222064,CHEMBL3222064,antagonist,0,tier_1,computationally_adjudicated_functional,False,True,development,Nc1nc(-c2ccco2)nc2sc(CN3CCC(=O)CC3)cc12,LHLASRBBJLLXBC-UHFFFAOYSA-N,O=C1CCN(Cc2cc3cnc(-c4ccco4)nc3s2)CC1,CC1CCC(CC2CC3CCC(C4CCCC4)CC3C2)CC1,328.397,2.6984,1,7,3,85.25,23,0.795448,-9.7496,-9.0947,-9.4221,0.6549,0.028474,0.0219,0.1152,3,3,0.8855,0.6005,0.743,-0.285,7.2356,7.3083,7.272,0.0727,0,0,0,False,pass,False,False,https://doi.org/10.1039/C1MD00082A,accept_antagonist
CHEMBL3222102,CHEMBL3222102,antagonist,0,tier_1,computationally_adjudicated_functional,False,True,development,Nc1nc(-c2cc3ccccc3o2)nc2sc(CN3CCC(F)CC3)cc12,FCGAKHXBRHDRBH-UHFFFAOYSA-N,c1ccc2oc(-c3ncc4cc(CN5CCCCC5)sc4n3)cc2c1,C1CCC(CC2CC3CCC(C4CC5CCCCC5C4)CC3C2)CC1,382.464,4.6206,1,6,3,68.18,27,0.559868,-8.2902,-10.4389,-9.3646,-2.1487,-0.079581,1.3344,0.1696,3,3,0.7552,0.5959,0.6755,-0.1593,7.3114,7.6212,7.4663,0.3098,1,0,1,True,retain_with_soft_flag,False,False,https://doi.org/10.1039/C1MD00082A,accept_antagonist
CHEMBL3235280,CHEMBL3235280,agonist,1,tier_1,computationally_adjudicated_functional,False,True,development,CCN(CC)CCN1CCN(C(=O)CCc2cccc(CSc3nc(N)c(C#N)c(-c4ccc(NC(C)=O)cc4)n3)n2)CC1,DMDJTLNTJHFQMG-UHFFFAOYSA-N,O=C(CCc1cccc(CSc2nccc(-c3ccccc3)n2)n1)N1CCNCC1,CC(CCC1CCCC(CCC2CCCC(C3CCCCC3)C2)C1)C1CCCCC1,615.808,3.6618,2,10,13,144.37,44,0.215892,-8.6242,-9.4548,-9.0395,-0.8306,-0.018877,0.5979,0.1846,3,3,0.4915,0.6376,0.5645,0.1461,8.1101,8.7234,8.4168,0.6133,1,0,1,True,retain_with_soft_flag,False,False,https://doi.org/10.1021/jm401643m,accept_agonist
CHEMBL3317574,CHEMBL3317574,antagonist,0,tier_1,computationally_adjudicated_functional,False,True,development,Nc1nc(CCCc2ccccc2)nc2cn(-c3ccccc3)nc12,QXNZRRSDCMNJDB-UHFFFAOYSA-N,c1ccc(CCCc2ncc3nn(-c4ccccc4)cc3n2)cc1,C1CCC(CCCC2CCC3CC(C4CCCCC4)CC3C2)CC1,329.407,3.573,1,4,5,69.62,25,0.60749,-10.0892,-9.2158,-9.6525,0.8734,0.034936,0.0238,0.2342,3,3,0.8694,0.8938,0.8816,0.0244,7.3239,7.5864,7.4551,0.2625,0,0,0,False,pass,False,False,https://doi.org/10.1016/j.ejmech.2014.07.060,accept_antagonist
CHEMBL3335523,CHEMBL3335523,agonist,1,tier_1,computationally_adjudicated_functional,False,True,development,CCNC(=O)[C@H]1O[C@@H](n2cnc3c(N)nc(NCCc4ccc(CCC(=O)Nc5ccc(OC(C)=O)c([N+](=O)[O-])c5)cc4)nc32)[C@H](O)[C@@H]1O,FDVZSKDDSYLYNX-YRIIQKNPSA-N,O=C(CCc1ccc(CCNc2ncc3ncn([C@H]4CCCO4)c3n2)cc1)Nc1ccccc1,CC(CCC1CCC(CCCC2CCC3CCC(C4CCCC4)C3C2)CC1)CC1CCCCC1,677.675,1.2232,6,14,13,258.98,49,0.050339,-9.5625,-10.3025,-9.9325,-0.74,-0.015102,1.3735,0.3488,3,3,0.3471,0.8102,0.5786,0.4631,6.874,8.4636,7.6688,1.5896,1,0,1,True,retain_with_soft_flag,False,False,https://doi.org/10.1021/ml5002486,accept_agonist
CHEMBL336555,CHEMBL336555,agonist,1,tier_1,computationally_adjudicated_functional,False,True,development,Nc1nc(N)c2nccnc2n1,CITCTUNIFJOTHI-UHFFFAOYSA-N,c1cnc2ncncc2n1,C1CCC2CCCCC2C1,162.156,-0.4158,2,6,0,103.6,12,0.545035,-5.6949,-5.6567,-5.6758,0.0382,0.003183,0.0663,0.0027,3,3,0.9298,0.8616,0.8957,-0.0682,5.1677,5.4244,5.2961,0.2567,0,0,0,False,pass,False,False,https://doi.org/10.1021/acsmedchemlett.2c00099,accept_agonist
CHEMBL3414573,CHEMBL3414573,agonist,1,tier_1,computationally_adjudicated_functional,False,True,development,CCNC(=O)[C@H]1O[C@@H](n2cnc3c(N)nc(NCCN4CCN(c5ccc(Cl)c(Cl)c5)CC4)nc32)[C@H](O)[C@@H]1O,CBDPEPRMHBCTEB-QPXQOZNCSA-N,c1ccc(N2CCN(CCNc3ncc4ncn([C@H]5CCCO5)c4n3)CC2)cc1,C1CCC(C2CCC(CCCC3CCC4CCC(C5CCCC5)C4C3)CC2)CC1,580.477,0.7047,5,11,8,166.92,39,0.254625,-8.6182,-10.9205,-9.7693,-2.3023,-0.059033,0.7283,0.4813,3,3,0.2099,0.8408,0.5253,0.6309,6.7213,8.4748,7.5981,1.7535,3,0,3,True,retain_with_soft_flag,False,False,https://doi.org/10.1021/acs.jmedchem.5b00215,accept_agonist
CHEMBL3414940,CHEMBL3414940,agonist,1,tier_1,computationally_adjudicated_functional,False,True,development,CCn1nnc([C@H]2O[C@@H](n3cnc4c(NC5CC5)ncnc43)[C@H](O)[C@@H]2O)n1,DEVAFUMPTPLYOY-BQVMBELUSA-N,c1nc(NC2CC2)c2ncn([C@H]3CC[C@@H](c4nn[nH]n4)O3)c2n1,C1CCC(C2CCC(C3CCC4C(CC5CC5)CCCC43)C2)C1,373.377,-0.6011,3,10,5,148.92,27,0.528916,-7.1384,-8.5506,-7.8445,-1.4122,-0.052304,0.9034,1.6927,3,3,0.5631,0.9353,0.7492,0.3722,6.8438,7.6641,7.2539,0.8203,0,0,0,False,pass,False,False,https://doi.org/10.1021/acs.jmedchem.5b00074,accept_agonist
CHEMBL3414941,CHEMBL3414941,agonist,1,tier_1,computationally_adjudicated_functional,False,True,development,CCn1nnc([C@H]2O[C@@H](n3cnc4c(NC5CC5)nc(Cl)nc43)[C@H](O)[C@@H]2O)n1,IRRXNCFETDOCCQ-AEISUSGSSA-N,c1nc(NC2CC2)c2ncn([C@H]3CC[C@@H](c4nn[nH]n4)O3)c2n1,C1CCC(C2CCC(C3CCC4C(CC5CC5)CCCC43)C2)C1,407.822,0.0523,3,10,5,148.92,28,0.494958,-6.1027,-9.0063,-7.5545,-2.9036,-0.1037,9.0323,0.0582,3,3,0.5341,0.9501,0.7421,0.416,5.5285,7.7853,6.6569,2.2568,0,0,0,False,pass,False,False,https://doi.org/10.1021/acs.jmedchem.5b00074,accept_agonist
CHEMBL3414944,CHEMBL3414944,agonist,1,tier_1,computationally_adjudicated_functional,False,True,development,CCn1nnc([C@H]2O[C@@H](n3cnc4c(NC5CCCO5)ncnc43)[C@H](O)[C@@H]2O)n1,OZWIQLJRUYENLH-BHETVNITSA-N,c1nc(NC2CCCO2)c2ncn([C@H]3CC[C@@H](c4nn[nH]n4)O3)c2n1,C1CCC(CC2CCCC3C2CCC3C2CCC(C3CCCC3)C2)C1,403.403,-0.627,3,11,5,158.15,29,0.497913,-6.4831,-7.3167,-6.8999,-0.8336,-0.028745,0.7458,0.6035,3,3,0.567,0.7692,0.6681,0.2022,5.3844,7.3729,6.3787,1.9885,0,0,0,False,pass,False,False,https://doi.org/10.1021/acs.jmedchem.5b00074,accept_agonist
CHEMBL3414946,CHEMBL3414946,agonist,1,tier_1,computationally_adjudicated_functional,False,True,development,CCn1nnc([C@H]2O[C@@H](n3cnc4c(Nc5ccc(Cl)cc5F)ncnc43)[C@H](O)[C@@H]2O)n1,SLEKQRJDUVSCPY-MOROJQBDSA-N,c1ccc(Nc2ncnc3c2ncn3[C@H]2CC[C@@H](c3nn[nH]n3)O2)cc1,C1CCC(CC2CCCC3C2CCC3C2CCC(C3CCCC3)C2)CC1,461.845,1.3607,3,10,5,148.92,32,0.397281,-9.5109,-9.0478,-9.2794,0.4631,0.014472,0.512,0.7545,3,3,0.2478,0.4156,0.3317,0.1678,6.2236,7.6615,6.9426,1.4379,2,0,2,True,retain_with_soft_flag,False,False,https://doi.org/10.1021/acs.jmedchem.5b00074,accept_agonist
CHEMBL3416776,CHEMBL3416776,agonist,1,tier_1,computationally_adjudicated_functional,False,True,development,CCNC(=O)[C@H]1O[C@@H](n2cnc3c(N)nc(NCCCN4CCN(c5ccccc5)CC4)nc32)[C@H](O)[C@@H]1O,APKBJUYYYJBSCQ-CMCWBKRRSA-N,c1ccc(N2CCN(CCCNc3ncc4ncn([C@H]5CCCO5)c4n3)CC2)cc1,C1CCC(C2CCC(CCCCC3CCC4CCC(C5CCCC5)C4C3)CC2)CC1,525.614,-0.212,5,11,9,166.92,38,0.23453,-8.4901,-10.5451,-9.5176,-2.055,-0.054079,0.1709,0.0081,3,3,0.3695,0.9301,0.6498,0.5606,7.1597,8.2928,7.7263,1.1331,0,0,0,False,pass,False,False,https://doi.org/10.1021/acs.jmedchem.5b00215,accept_agonist
CHEMBL3416777,CHEMBL3416777,agonist,1,tier_1,computationally_adjudicated_functional,False,False,locked_holdout,CCNC(=O)[C@H]1O[C@@H](n2cnc3c(N)nc(NCCN4CCN(Cc5ccccc5)CC4)nc32)[C@H](O)[C@@H]1O,KOEBHQWXJSXWRR-CMCWBKRRSA-N,c1ccc(CN2CCN(CCNc3ncc4ncn([C@H]5CCCO5)c4n3)CC2)cc1,C1CCC(CC2CCC(CCCC3CCC4CCC(C5CCCC5)C4C3)CC2)CC1,525.614,-0.6065,5,11,9,166.92,38,0.241843,-8.5609,-10.2973,-9.4291,-1.7364,-0.045695,0.0321,0.3154,3,3,0.394,0.8605,0.6273,0.4665,6.9327,7.9977,7.4652,1.065,1,0,1,True,retain_with_soft_flag,True,False,https://doi.org/10.1021/acs.jmedchem.5b00215,accept_agonist
CHEMBL3416778,CHEMBL3416778,agonist,1,tier_1,computationally_adjudicated_functional,False,False,locked_holdout,CCNC(=O)[C@H]1O[C@@H](n2cnc3c(N)nc(NCCN4CCN(CCc5ccccc5)CC4)nc32)[C@H](O)[C@@H]1O,GLQXBKNCFOACJO-UGCAPWQASA-N,c1ccc(CCN2CCN(CCNc3ncc4ncn([C@H]5CCCO5)c4n3)CC2)cc1,C1CCC(CCC2CCC(CCCC3CCC4CCC(C5CCCC5)C4C3)CC2)CC1,539.641,-0.564,5,11,10,166.92,39,0.223961,-8.2609,-10.3535,-9.3072,-2.0926,-0.053656,0.4116,0.4053,3,3,0.3298,0.832,0.5809,0.5022,6.9017,8.236,7.5689,1.3343,1,0,1,True,retain_with_soft_flag,True,False,https://doi.org/10.1021/acs.jmedchem.5b00215,accept_agonist
CHEMBL3416801,CHEMBL3416801,agonist,1,tier_1,computationally_adjudicated_functional,False,True,development,CCNC(=O)[C@H]1O[C@@H](n2cnc3c(N)nc(N4CCN(c5ccccc5)CC4)nc32)[C@H](O)[C@@H]1O,VOMVVKGMVNIXGH-GRXQJBFDSA-N,c1ccc(N2CCN(c3ncc4ncn([C@H]5CCCO5)c4n3)CC2)cc1,C1CCC(C2CCC(C3CCC4CCC(C5CCCC5)C4C3)CC2)CC1,468.518,-0.5096,4,10,5,154.89,34,0.38474,-8.8998,-10.1285,-9.5142,-1.2287,-0.036138,0.4045,0.0386,3,3,0.3353,0.7396,0.5374,0.4043,6.7076,7.5561,7.1319,0.8485,0,0,0,False,pass,False,False,https://doi.org/10.1021/acs.jmedchem.5b00215,accept_agonist
CHEMBL3416805,CHEMBL3416805,agonist,1,tier_1,computationally_adjudicated_functional,False,False,locked_holdout,CCNC(=O)[C@H]1O[C@@H](n2cnc3c(N)nc(N4CCN(c5ccc(OCc6ccccc6)cc5)CC4)nc32)[C@H](O)[C@@H]1O,BMVQYTBZDSZAEL-NLJXWPIHSA-N,c1ccc(COc2ccc(N3CCN(c4ncc5ncn([C@H]6CCCO6)c5n4)CC3)cc2)cc1,C1CCC(CCC2CCC(C3CCC(C4CCC5CCC(C6CCCC6)C5C4)CC3)CC2)CC1,574.642,1.0694,4,11,8,164.12,42,0.237945,-8.8166,-11.2037,-10.0101,-2.3871,-0.056836,0.3602,0.0514,3,3,0.3003,0.743,0.5216,0.4427,6.8385,8.0382,7.4383,1.1997,1,0,1,True,retain_with_soft_flag,True,False,https://doi.org/10.1021/acs.jmedchem.5b00215,accept_agonist
CHEMBL3416810,CHEMBL3416810,agonist,1,tier_1,computationally_adjudicated_functional,False,True,development,CCNC(=O)[C@H]1O[C@@H](n2cnc3c(N)nc(N4CCN(c5ccc(OCCCc6ccccc6)cc5)CC4)nc32)[C@H](O)[C@@H]1O,GDLSEFIWYFWPFI-YRIIQKNPSA-N,c1ccc(CCCOc2ccc(N3CCN(c4ncc5ncn([C@H]6CCCO6)c5n4)CC3)cc2)cc1,C1CCC(CCCCC2CCC(C3CCC(C4CCC5CCC(C6CCCC6)C5C4)CC3)CC2)CC1,602.696,1.502,4,11,10,164.12,44,0.194546,-8.4361,-10.7726,-9.6044,-2.3365,-0.053102,0.5592,0.078,3,3,0.2377,0.7757,0.5067,0.538,6.9784,8.1588,7.5686,1.1804,2,0,2,True,retain_with_soft_flag,False,False,https://doi.org/10.1021/acs.jmedchem.5b00215,accept_agonist
CHEMBL372148,CHEMBL372148,antagonist,0,tier_1,computationally_adjudicated_functional,False,True,development,CCCn1c(=O)c2[nH]c(-c3ccc(OCC(=O)Nc4ccc(-c5ccccc5)cc4)cc3)cc2n(C)c1=O,FTVRDQDWDBZPQP-UHFFFAOYSA-N,O=C(COc1ccc(-c2cc3[nH]c(=O)[nH]c(=O)c3[nH]2)cc1)Nc1ccc(-c2ccccc2)cc1,CC(CCC1CCC(C2CC3CC(C)CC(C)C3C2)CC1)CC1CCC(C2CCCCC2)CC1,508.578,4.7898,2,4,8,98.12,38,0.314918,-9.4629,-8.8257,-9.1443,0.6372,0.016768,0.5114,0.8203,3,3,0.5487,0.517,0.5329,-0.0317,7.4393,7.5271,7.4832,0.0878,0,0,0,False,pass,False,False,https://doi.org/10.1021/jm0506221,accept_antagonist
CHEMBL3740939,CHEMBL3740939,agonist,1,tier_1,computationally_adjudicated_functional,False,True,development,CCn1nnc([C@H]2O[C@@H](n3cnc4c(N)nc(N(C)C)nc43)[C@H](O)[C@@H]2O)n1,XACFFOLLZVHOCM-QRIDJOKKSA-N,c1ncc2ncn([C@H]3CC[C@@H](c4nn[nH]n4)O3)c2n1,C1CCC(C2CCC(C3CCC4CCCCC43)C2)C1,376.381,-1.5272,3,11,4,166.15,27,0.48327,-6.0957,-9.412,-7.7538,-3.3163,-0.122826,0.3508,0.0103,3,3,0.5421,0.9847,0.7634,0.4426,4.7984,7.8349,6.3167,3.0365,0,0,0,False,pass,False,False,https://doi.org/10.1039/C5MD00086F,accept_agonist
CHEMBL3741393,CHEMBL3741393,agonist,1,tier_1,computationally_adjudicated_functional,False,True,development,CC(Cc1ccccc1)Nc1nc(N)c2ncn([C@@H]3O[C@H](CO)[C@@H](O)[C@H]3O)c2n1,YISHBQSEDYNEAM-BTBIENRZSA-N,c1ccc(CCNc2ncc3ncn([C@H]4CCCO4)c3n2)cc1,C1CCC(CCCC2CCC3CCC(C4CCCC4)C3C2)CC1,400.439,0.0631,5,9,6,151.57,29,0.38672,-8.3816,-10.3569,-9.3693,-1.9753,-0.068114,0.7763,0.0168,3,3,0.5681,0.958,0.7631,0.3899,6.5994,7.831,7.2152,1.2316,0,0,0,False,pass,False,False,https://doi.org/10.1039/C5MD00086F,accept_agonist
CHEMBL3771208,CHEMBL3771208,agonist,1,tier_1,computationally_adjudicated_functional,False,False,locked_holdout,OC[C@H]1O[C@@H](n2cnc3c(N[C@@H]4CCC[C@H]4OCc4ccccc4)ncnc32)[C@H](O)[C@@H]1O,XSVRBMOJKPAIJX-NKYRPOHVSA-N,c1ccc(CO[C@@H]2CCC[C@H]2Nc2ncnc3c2ncn3[C@H]2CCCO2)cc1,C1CCC(CCC2CCCC2CC2CCCC3C(C4CCCC4)CCC23)CC1,441.488,0.9876,4,9,7,134.78,32,0.423208,-9.5627,-7.4196,-8.4911,2.1431,0.066972,0.0551,1.1368,3,3,0.3309,0.7506,0.5408,0.4197,6.7763,7.6861,7.2312,0.9098,1,0,1,True,retain_with_soft_flag,True,False,https://doi.org/10.1021/acs.jmedchem.2c01414,accept_agonist
CHEMBL3827859,CHEMBL3827859,antagonist,0,tier_1,computationally_adjudicated_functional,False,True,development,CCN(CC)CCOc1ccc(CCN2CCCn3c2nc2c3c(=O)n(C)c(=O)n2C)cc1,LKZCACKRMPMZHI-UHFFFAOYSA-N,O=c1[nH]c(=O)c2c(nc3n2CCCN3CCc2ccccc2)[nH]1,CC1CC(C)C2C(C1)CC1C(CCC3CCCCC3)CCCC12,454.575,1.6071,0,6,9,77.53,33,0.488946,-7.1593,-8.7981,-7.9787,-1.6388,-0.049661,0.6197,0.3489,3,3,0.7333,0.8134,0.7733,0.0801,7.2204,7.4117,7.316,0.1913,0,0,0,False,pass,False,False,https://doi.org/10.1016/j.bmc.2016.07.028,accept_antagonist
CHEMBL388509,CHEMBL388509,agonist,1,tier_1,computationally_adjudicated_functional,False,True,development,CC(C)[C@H](NC(=O)[C@@H]1C=C2c3cccc4[nH]cc(c34)C[C@H]2N(C)C1)C(=O)N[C@@H](Cc1ccc(F)cc1)C(=O)N1CCC[C@H]1C(N)=O,VJRBXIHTQMRKQY-JXSIFGCMSA-N,O=C(CNC(=O)[C@@H]1C=C2c3cccc4[nH]cc(c34)C[C@H]2NC1)N[C@@H](Cc1ccccc1)C(=O)N1CCCC1,CC(CCC(C)C1CCC2CC3CCC4CCCC(C2C1)C43)CC(CC1CCCCC1)C(C)C1CCCC1,628.749,2.5213,4,5,9,140.63,46,0.288449,-8.9272,-8.4444,-8.6858,0.4828,0.010496,0.6728,0.2433,3,3,0.1837,0.2518,0.2177,0.0681,6.0861,7.4802,6.7832,1.3941,3,3,6,True,retain_with_soft_flag,False,False,https://doi.org/10.1021/jm060947x,accept_agonist
CHEMBL398272,CHEMBL398272,antagonist,0,tier_1,computationally_adjudicated_functional,False,True,development,CN1CCN(CC(=O)Nc2cc(-c3nccs3)nc(-c3ccco3)n2)CC1,NPNLXWRCDBORLG-UHFFFAOYSA-N,O=C(CN1CCNCC1)Nc1cc(-c2nccs2)nc(-c2ccco2)n1,CC(CC1CCCCC1)CC1CC(C2CCCC2)CC(C2CCCC2)C1,384.465,2.046,1,8,5,87.39,27,0.720186,-7.9807,-7.3855,-7.6831,0.5952,0.022044,1.5312,0.0068,3,3,0.6885,0.6169,0.6527,-0.0716,7.1891,7.1734,7.1813,-0.0157,0,0,0,False,pass,False,False,https://doi.org/10.1021/jm701185v,accept_antagonist
CHEMBL4059961,CHEMBL4059961,agonist,1,tier_1,computationally_adjudicated_functional,False,False,locked_holdout,CCn1nnc([C@H]2O[C@@H](n3cnc4c(NCc5cccc(Br)c5)nc(Cl)nc43)[C@H](O)[C@@H]2O)n1,WTSRCKFFAWSKBH-MOROJQBDSA-N,c1ccc(CNc2ncnc3c2ncn3[C@H]2CC[C@@H](c3nn[nH]n3)O2)cc1,C1CCC(CCC2CCCC3C2CCC3C2CCC(C3CCCC3)C2)CC1,536.778,1.8526,3,10,6,148.92,33,0.311661,-9.323,-9.7577,-9.5404,-0.4347,-0.013173,1.5651,0.0127,3,3,0.3839,0.8015,0.5927,0.4176,6.8477,7.8666,7.3571,1.0189,0,0,0,False,pass,True,False,https://doi.org/10.1021/acs.jmedchem.7b00291,accept_agonist
CHEMBL4063841,CHEMBL4063841,agonist,1,tier_1,computationally_adjudicated_functional,False,True,development,Nc1sc(-c2ccc(C(=O)NCCCCCNc3ncnc4c3ncn4[C@@H]3O[C@H](CO)[C@@H](O)[C@H]3O)cc2)c(-c2cccc(C(F)(F)F)c2)c1C(=O)c1ccccc1,HYJFZTMSAYHUCD-VNXSDAFKSA-N,O=C(NCCCCCNc1ncnc2c1ncn2[C@H]1CCCO1)c1ccc(-c2scc(C(=O)c3ccccc3)c2-c2ccccc2)cc1,CC(CCCCCCCC1CCCC2C(C3CCCC3)CCC12)C1CCC(C2CCC(C(C)C3CCCCC3)C2C2CCCCC2)CC1,801.848,5.6775,6,12,14,197.74,57,0.058592,-10.8465,-8.8573,-9.8519,1.9892,0.034898,0.5036,0.0775,3,3,0.2407,0.2456,0.2432,0.0049,7.8174,7.586,7.7017,-0.2314,3,3,6,True,retain_with_soft_flag,False,False,https://doi.org/10.1021/acs.jmedchem.8b00047,accept_agonist
CHEMBL4064795,CHEMBL4064795,antagonist,0,tier_1,computationally_adjudicated_functional,False,True,development,CCOc1ccc(-c2cn3c(=O)n(-c4ccccc4)nc3c(N)n2)cc1,SHMHGBZUFQHAIL-UHFFFAOYSA-N,O=c1n(-c2ccccc2)nc2cnc(-c3ccccc3)cn12,CC1C2CC(C3CCCCC3)CCC2CC1C1CCCCC1,347.378,2.5281,1,5,4,87.44,26,0.612824,-9.0058,-10.3551,-9.6805,-1.3493,-0.051896,0.2812,0.4064,3,3,0.8092,0.9183,0.8638,0.1091,7.3027,7.6695,7.4861,0.3668,0,0,0,False,pass,False,False,https://doi.org/10.1021/acs.jmedchem.7b00457,accept_antagonist
CHEMBL4072009,CHEMBL4072009,agonist,1,tier_1,computationally_adjudicated_functional,False,True,development,Nc1sc(-c2ccccc2C(=O)NCCCCCCNc2ncnc3c2ncn3[C@@H]2O[C@H](CO)[C@@H](O)[C@H]2O)c(-c2cccc(C(F)(F)F)c2)c1C(=O)c1ccccc1,INHVHVABDDQLDR-IYRWRCLLSA-N,O=C(NCCCCCCNc1ncnc2c1ncn2[C@H]1CCCO1)c1ccccc1-c1scc(C(=O)c2ccccc2)c1-c1ccccc1,CC(CCCCCCCCC1CCCC2C(C3CCCC3)CCC12)C1CCCCC1C1CCC(C(C)C2CCCCC2)C1C1CCCCC1,815.875,6.0676,6,12,15,197.74,58,0.052015,-9.4508,-8.944,-9.1974,0.5068,0.008738,0.9621,0.1539,3,3,0.5712,0.3777,0.4745,-0.1935,8.6316,8.4675,8.5495,-0.1641,0,1,1,True,retain_with_soft_flag,False,False,https://doi.org/10.1021/acs.jmedchem.8b00047,accept_agonist
CHEMBL4075186,CHEMBL4075186,agonist,1,tier_1,computationally_adjudicated_functional,False,True,development,Nc1sc(-c2ccc(C(=O)NCCCCCCCNc3ncnc4c3ncn4[C@@H]3O[C@H](CO)[C@@H](O)[C@H]3O)cc2)c(-c2cccc(C(F)(F)F)c2)c1C(=O)c1ccccc1,RDGGIYYOAIQPFG-VVTIBKNXSA-N,O=C(NCCCCCCCNc1ncnc2c1ncn2[C@H]1CCCO1)c1ccc(-c2scc(C(=O)c3ccccc3)c2-c2ccccc2)cc1,CC(CCCCCCCCCC1CCCC2C(C3CCCC3)CCC12)C1CCC(C2CCC(C(C)C3CCCCC3)C2C2CCCCC2)CC1,829.902,6.4577,6,12,16,197.74,59,0.046284,-9.2695,-9.4587,-9.3641,-0.1892,-0.003207,1.2922,0.4785,3,3,0.212,0.1654,0.1887,-0.0466,7.3549,7.3985,7.3767,0.0436,3,3,6,True,retain_with_soft_flag,False,False,https://doi.org/10.1021/acs.jmedchem.8b00047,accept_agonist
CHEMBL4076003,CHEMBL4076003,agonist,1,tier_1,computationally_adjudicated_functional,False,True,development,CCn1nnc([C@H]2O[C@@H](n3cnc4c(NCc5ccco5)ncnc43)[C@H](O)[C@@H]2O)n1,VLAOLJRMDZJSLN-PFHKOEEOSA-N,c1coc(CNc2ncnc3c2ncn3[C@H]2CC[C@@H](c3nn[nH]n3)O2)c1,C1CCC(CCC2CCCC3C2CCC3C2CCC(C3CCCC3)C2)C1,413.398,0.0297,3,11,6,162.06,30,0.39072,-8.4438,-8.4587,-8.4512,-0.0149,-0.000497,0.7124,0.9751,3,3,0.4367,0.706,0.5714,0.2693,6.7312,7.3657,7.0485,0.6345,0,0,0,False,pass,False,False,https://doi.org/10.1021/acs.jmedchem.7b00291,accept_agonist
CHEMBL4076495,CHEMBL4076495,agonist,1,tier_1,computationally_adjudicated_functional,False,True,development,Nc1sc(-c2ccc(C(=O)NCCCCCCNc3ncnc4c3ncn4[C@@H]3O[C@H](CO)[C@@H](O)[C@H]3O)cc2)cc1C(=O)c1ccccc1,RSKKOALBKRBUAX-QMEWKUSNSA-N,O=C(NCCCCCCNc1ncnc2c1ncn2[C@H]1CCCO1)c1ccc(-c2cc(C(=O)c3ccccc3)cs2)cc1,CC(CCCCCCCCC1CCCC2C(C3CCCC3)CCC12)C1CCC(C2CCC(C(C)C3CCCCC3)C2)CC1,671.78,3.3818,6,12,14,197.74,48,0.074762,-9.1048,-9.0364,-9.0706,0.0684,0.001425,0.1114,0.2864,3,3,0.1748,0.2606,0.2177,0.0858,6.8094,7.2881,7.0488,0.4787,2,3,5,True,retain_with_soft_flag,False,False,https://doi.org/10.1021/acs.jmedchem.8b00047,accept_agonist
CHEMBL4078771,CHEMBL4078771,agonist,1,tier_1,computationally_adjudicated_functional,False,False,locked_holdout,O=C(NCCCCCCNc1ncnc2c1ncn2[C@@H]1O[C@H](CO)[C@@H](O)[C@H]1O)c1cccc(-c2cc(C(=O)c3ccccc3)cs2)c1,VNLXNZKBNFBWLX-DBBYQSBISA-N,O=C(NCCCCCCNc1ncnc2c1ncn2[C@H]1CCCO1)c1cccc(-c2cc(C(=O)c3ccccc3)cs2)c1,CC(CCCCCCCCC1CCCC2C(C3CCCC3)CCC12)C1CCCC(C2CCC(C(C)C3CCCCC3)C2)C1,656.765,3.7996,5,11,14,171.72,47,0.087478,-9.5345,-9.408,-9.4712,0.1265,0.002691,0.5353,0.6963,3,3,0.1732,0.4473,0.3102,0.2741,6.6684,7.4459,7.0572,0.7775,3,0,3,True,retain_with_soft_flag,True,False,https://doi.org/10.1021/acs.jmedchem.8b00047,accept_agonist
CHEMBL4081224,CHEMBL4081224,agonist,1,tier_1,computationally_adjudicated_functional,False,True,development,Nc1cc(-c2cccc(C(F)(F)F)c2)c(-c2ccc(C(=O)NCCCCCCNc3ncnc4c3ncn4[C@@H]3O[C@H](CO)[C@@H](O)[C@H]3O)cc2)s1,LYERBOIYNGNNDJ-PAGZJXIJSA-N,O=C(NCCCCCCNc1ncnc2c1ncn2[C@H]1CCCO1)c1ccc(-c2sccc2-c2ccccc2)cc1,CC(CCCCCCCCC1CCCC2C(C3CCCC3)CCC12)C1CCC(C2CCCC2C2CCCCC2)CC1,711.767,4.8366,6,11,13,180.67,50,0.092614,-10.0754,-9.1519,-9.6136,0.9235,0.01847,0.3249,0.7444,3,3,0.2992,0.3435,0.3214,0.0443,7.1062,7.7417,7.4239,0.6355,2,1,3,True,retain_with_soft_flag,False,False,https://doi.org/10.1021/acs.jmedchem.8b00047,accept_agonist
CHEMBL4086624,CHEMBL4086624,agonist,1,tier_1,computationally_adjudicated_functional,False,True,development,O=C(NCCCCCCNc1ncnc2c1ncn2[C@@H]1O[C@H](CO)[C@@H](O)[C@H]1O)c1cccc(-c2cccs2)c1,YABCZTCFQUWVEM-CPLTYXLBSA-N,O=C(NCCCCCCNc1ncnc2c1ncn2[C@H]1CCCO1)c1cccc(-c2cccs2)c1,CC(CCCCCCCCC1CCCC2C(C3CCCC3)CCC12)C1CCCC(C2CCCC2)C1,552.657,2.5686,5,10,12,154.65,39,0.166826,-8.6005,-8.8955,-8.748,-0.295,-0.007564,0.2764,0.2149,3,3,0.1483,0.6504,0.3993,0.5021,5.9046,7.999,6.9518,2.0944,3,0,3,True,retain_with_soft_flag,False,False,https://doi.org/10.1021/acs.jmedchem.8b00047,accept_agonist
CHEMBL4087306,CHEMBL4087306,agonist,1,tier_1,computationally_adjudicated_functional,False,False,locked_holdout,CCn1nnc([C@H]2O[C@@H](n3cnc4c(NCC5CC5)ncnc43)[C@H](O)[C@@H]2O)n1,JHUFDJIJVKFFOF-MEQWQQMJSA-N,c1nc(NCC2CC2)c2ncn([C@H]3CC[C@@H](c4nn[nH]n4)O3)c2n1,C1CCC(C2CCC(C3CCC4C(CCC5CC5)CCCC43)C2)C1,387.404,-0.3535,3,10,6,148.92,28,0.511931,-6.2936,-5.89,-6.0918,0.4036,0.014414,0.1626,1.5426,3,3,0.4015,0.7367,0.5691,0.3352,5.3041,7.2913,6.2977,1.9872,0,0,0,False,pass,True,False,https://doi.org/10.1021/acs.jmedchem.7b00291,accept_agonist
CHEMBL4101850,CHEMBL4101850,agonist,1,tier_1,computationally_adjudicated_functional,False,True,development,Nc1sc(-c2cccc(C(=O)NCCCCCCNc3ncnc4c3ncn4[C@@H]3O[C@H](CO)[C@@H](O)[C@H]3O)c2)c(-c2cccc(C(F)(F)F)c2)c1C(=O)c1ccccc1,KMONYHYNVWVKIZ-IYRWRCLLSA-N,O=C(NCCCCCCNc1ncnc2c1ncn2[C@H]1CCCO1)c1cccc(-c2scc(C(=O)c3ccccc3)c2-c2ccccc2)c1,CC(CCCCCCCCC1CCCC2C(C3CCCC3)CCC12)C1CCCC(C2CCC(C(C)C3CCCCC3)C2C2CCCCC2)C1,815.875,6.0676,6,12,15,197.74,58,0.052015,-10.4555,-10.0597,-10.2576,0.3958,0.006824,1.0627,0.6673,3,3,0.2508,0.4059,0.3284,0.1551,8.0412,8.5974,8.3193,0.5562,2,0,2,True,retain_with_soft_flag,False,False,https://doi.org/10.1021/acs.jmedchem.8b00047,accept_agonist
CHEMBL4104819,CHEMBL4104819,agonist,1,tier_1,computationally_adjudicated_functional,False,True,development,Nc1sc(-c2ccc(C(=O)NCCCCCCNc3ncnc4c3ncn4[C@@H]3O[C@H](CO)[C@@H](O)[C@H]3O)cc2)c(-c2cccc(C(F)(F)F)c2)c1C(=O)c1ccccc1,XLCQNEBOQXQNGA-IYRWRCLLSA-N,O=C(NCCCCCCNc1ncnc2c1ncn2[C@H]1CCCO1)c1ccc(-c2scc(C(=O)c3ccccc3)c2-c2ccccc2)cc1,CC(CCCCCCCCC1CCCC2C(C3CCCC3)CCC12)C1CCC(C2CCC(C(C)C3CCCCC3)C2C2CCCCC2)CC1,815.875,6.0676,6,12,15,197.74,58,0.052015,-9.3138,-9.484,-9.3989,-0.1702,-0.002934,0.7003,1.6358,3,3,0.2407,0.3073,0.274,0.0666,7.3226,7.7219,7.5222,0.3993,2,1,3,True,retain_with_soft_flag,False,False,https://doi.org/10.1021/acs.jmedchem.8b00047,accept_agonist
CHEMBL4128848,CHEMBL4128848,antagonist,0,tier_1,computationally_adjudicated_functional,False,True,development,O=C(Nc1nc2cccc(Cl)c2[nH]1)c1ccccc1,UYANATZTFXSNEV-UHFFFAOYSA-N,O=C(Nc1nc2ccccc2[nH]1)c1ccccc1,CC(CC1CC2CCCCC2C1)C1CCCCC1,271.707,3.4686,2,2,2,57.78,19,0.749721,-5.7797,-8.1601,-6.9699,-2.3804,-0.125284,1.3682,0.4688,3,3,0.5115,0.7079,0.6097,0.1964,6.0272,6.5114,6.2693,0.4842,0,0,0,False,pass,False,False,https://doi.org/10.1021/acs.jmedchem.8b00204,accept_antagonist
CHEMBL4203542,CHEMBL4203542,antagonist,0,tier_1,computationally_adjudicated_functional,False,True,development,Cc1nc2cc(N3CCN(CCn4c(=O)n(C)c5c4nc(N)n4nc(-c6ccco6)nc54)CC3)c(F)cc2o1,HZAQUZWWTITTFO-UHFFFAOYSA-N,O=c1[nH]c2c(ncn3nc(-c4ccco4)nc23)n1CCN1CCN(c2ccc3ocnc3c2)CC1,CC1CC2C3CC(C4CCCC4)CC3CCC2C1CCC1CCC(C2CCC3CCCC3C2)CC1,532.54,2.0308,1,10,5,141.68,39,0.350459,-10.9531,-10.8644,-10.9087,0.0887,0.002274,0.1866,0.1189,3,3,0.8299,0.6901,0.76,-0.1398,7.8295,7.7865,7.808,-0.043,0,0,0,False,pass,False,False,https://doi.org/10.1021/acsmedchemlett.7b00175,accept_antagonist
CHEMBL4204531,CHEMBL4204531,antagonist,0,tier_1,computationally_adjudicated_functional,False,True,development,COCC(C)(C)Oc1ccc(N2CCN(CCn3c(=O)n(C)c4c3nc(N)n3nc(-c5ccco5)nc43)CC2)cc1,WTSGLQVSVKYTNF-UHFFFAOYSA-N,O=c1[nH]c2c(ncn3nc(-c4ccco4)nc23)n1CCN1CCN(c2ccccc2)CC1,CC1CC2C3CC(C4CCCC4)CC3CCC2C1CCC1CCC(C2CCCCC2)CC1,561.647,2.2459,1,10,9,134.11,41,0.285541,-9.785,-9.9825,-9.8837,-0.1975,-0.004817,0.1558,0.031,3,3,0.8842,0.8425,0.8634,-0.0417,7.7899,7.9245,7.8572,0.1346,0,0,0,False,pass,False,False,https://doi.org/10.1021/acsmedchemlett.7b00175,accept_antagonist
CHEMBL4205884,CHEMBL4205884,antagonist,0,tier_1,computationally_adjudicated_functional,False,True,development,Cn1c(=O)n(CCN2CCN(c3ccc(OC4CC4)cc3)CC2)c2nc(N)n3nc(-c4ccco4)nc3c21,DSELQYYUAIUYPA-UHFFFAOYSA-N,O=c1[nH]c2c(ncn3nc(-c4ccco4)nc23)n1CCN1CCN(c2ccc(OC3CC3)cc2)CC1,CC1CC2C3CC(C4CCCC4)CC3CCC2C1CCC1CCC(C2CCC(CC3CC3)CC2)CC1,515.578,1.9833,1,9,7,124.88,38,0.346344,-10.1596,-11.0673,-10.6135,-0.9077,-0.023887,0.066,0.5159,3,3,0.8453,0.8312,0.8383,-0.0141,7.6372,7.9656,7.8014,0.3284,0,0,0,False,pass,False,False,https://doi.org/10.1021/acsmedchemlett.7b00175,accept_antagonist
CHEMBL4207839,CHEMBL4207839,antagonist,0,tier_1,computationally_adjudicated_functional,False,True,development,Cn1c(=O)n(CCN2CCN(c3ccc(OCCOC4CC4)cc3)CC2)c2nc(N)n3nc(-c4ccco4)nc3c21,ZDTKVDOJSNWXML-UHFFFAOYSA-N,O=c1[nH]c2c(ncn3nc(-c4ccco4)nc23)n1CCN1CCN(c2ccc(OCCOC3CC3)cc2)CC1,CC1CC2C3CC(C4CCCC4)CC3CCC2C1CCC1CCC(C2CCC(CCCCC3CC3)CC2)CC1,559.631,1.9999,1,10,10,134.11,41,0.253283,-9.4573,-9.4343,-9.4458,0.023,0.000561,0.2279,0.199,3,3,0.8785,0.7819,0.8302,-0.0966,7.74,7.8121,7.776,0.0721,0,0,0,False,pass,False,False,https://doi.org/10.1021/acsmedchemlett.7b00175,accept_antagonist
CHEMBL4207914,CHEMBL4207914,antagonist,0,tier_1,computationally_adjudicated_functional,False,True,development,Cn1c(=O)n(CCN2CCN(c3ccc(OC4CCOCC4)cc3)CC2)c2nc(N)n3nc(-c4ccco4)nc3c21,VJHSRYVQSIZZOS-UHFFFAOYSA-N,O=c1[nH]c2c(ncn3nc(-c4ccco4)nc23)n1CCN1CCN(c2ccc(OC3CCOCC3)cc2)CC1,CC1CC2C3CC(C4CCCC4)CC3CCC2C1CCC1CCC(C2CCC(CC3CCCCC3)CC2)CC1,559.631,1.9999,1,10,7,134.11,41,0.315535,-10.3966,-10.7079,-10.5523,-0.3113,-0.007593,0.0879,0.0513,3,3,0.8496,0.7949,0.8223,-0.0547,7.7109,7.7828,7.7469,0.0719,0,0,0,False,pass,False,False,https://doi.org/10.1021/acsmedchemlett.7b00175,accept_antagonist
CHEMBL4212810,CHEMBL4212810,antagonist,0,tier_1,computationally_adjudicated_functional,False,True,development,Cn1c(=O)n(CCN2CCN(c3nc(C(F)(F)F)cs3)CC2)c2nc(N)n3nc(-c4ccco4)nc3c21,YOXUINAHBUOBMU-UHFFFAOYSA-N,O=c1[nH]c2c(ncn3nc(-c4ccco4)nc23)n1CCN1CCN(c2nccs2)CC1,CC1CC2C3CC(C4CCCC4)CC3CCC2C1CCC1CCC(C2CCCC2)CC1,534.528,1.9174,1,10,5,128.54,37,0.359596,-10.2044,-10.2158,-10.2101,-0.0114,-0.000308,0.069,0.1287,3,3,0.8389,0.8143,0.8266,-0.0246,7.6495,7.7427,7.6961,0.0932,0,0,0,False,pass,False,False,https://doi.org/10.1021/acsmedchemlett.7b00175,accept_antagonist
CHEMBL4212821,CHEMBL4212821,antagonist,0,tier_1,computationally_adjudicated_functional,False,False,locked_holdout,Cn1c(=O)n(CCN2CCN(c3ccc(OC4CCOC4)cc3)CC2)c2nc(N)n3nc(-c4ccco4)nc3c21,KMMFUGMKQUTMNT-UHFFFAOYSA-N,O=c1[nH]c2c(ncn3nc(-c4ccco4)nc23)n1CCN1CCN(c2ccc(OC3CCOC3)cc2)CC1,CC1CC2C3CC(C4CCCC4)CC3CCC2C1CCC1CCC(C2CCC(CC3CCCC3)CC2)CC1,545.604,1.6098,1,10,7,134.11,40,0.32144,-10.2811,-9.1425,-9.7118,1.1386,0.028465,0.0233,0.8314,3,3,0.8623,0.8123,0.8373,-0.05,7.726,7.9372,7.8316,0.2112,0,0,0,False,pass,True,False,https://doi.org/10.1021/acsmedchemlett.7b00175,accept_antagonist
CHEMBL4284097,CHEMBL4284097,antagonist,0,tier_1,computationally_adjudicated_functional,False,True,development,Nc1cc(NC(=O)CN2CCCCC2)cc2nc(-c3ccco3)oc12,DFHJRVMQONSFPQ-UHFFFAOYSA-N,O=C(CN1CCCCC1)Nc1ccc2oc(-c3ccco3)nc2c1,CC(CC1CCCCC1)CC1CCC2CC(C3CCCC3)CC2C1,340.383,3.0944,2,6,4,97.53,25,0.708372,-8.7443,-9.2256,-8.985,-0.4813,-0.019252,0.2447,0.0558,3,3,0.7237,0.8981,0.8109,0.1744,6.9852,7.7592,7.3722,0.774,0,0,0,False,pass,False,False,https://doi.org/10.1016/j.ejmech.2017.12.007,accept_antagonist
CHEMBL4284595,CHEMBL4284595,antagonist,0,tier_1,computationally_adjudicated_functional,False,True,development,Nc1cc(-c2ccco2)c2oc(-c3ccco3)nc2c1,CFHKTWHFWORIBL-UHFFFAOYSA-N,c1coc(-c2nc3cccc(-c4ccco4)c3o2)c1,C1CCC(C2CC3CCCC(C4CCCC4)C3C2)C1,266.256,3.93,1,5,2,78.33,20,0.555954,-9.2204,-8.9538,-9.0871,0.2666,0.01333,0.2124,1.7975,3,3,0.9393,0.9119,0.9256,-0.0274,6.7984,6.9206,6.8595,0.1222,0,0,0,False,pass,False,False,https://doi.org/10.1016/j.ejmech.2017.12.007,accept_antagonist
CHEMBL4287056,CHEMBL4287056,antagonist,0,tier_1,computationally_adjudicated_functional,False,False,locked_holdout,O=C(CN1CCCCC1)Nc1cc(-c2ccco2)c2oc(-c3ccco3)nc2c1,HGXZSQKJGZKRPF-UHFFFAOYSA-N,O=C(CN1CCCCC1)Nc1cc(-c2ccco2)c2oc(-c3ccco3)nc2c1,CC(CC1CCCCC1)CC1CC2CC(C3CCCC3)CC2C(C2CCCC2)C1,391.427,4.7722,1,6,5,84.65,29,0.527352,-10.5734,-8.4027,-9.488,2.1707,0.074852,0.1788,0.5787,3,3,0.7708,0.6681,0.7195,-0.1027,7.4026,7.2011,7.3018,-0.2015,0,0,0,False,pass,True,False,https://doi.org/10.1016/j.ejmech.2017.12.007,accept_antagonist
CHEMBL4294888,CHEMBL4294888,antagonist,0,tier_1,computationally_adjudicated_functional,False,True,development,Nc1nc2c(cnn2CCCc2ccc(OCC(=O)NCCCCNC(=O)CCCCCNC(=O)COc3ccc(/C=C/C4=[N+]5C(=Cc6ccc(-c7cccs7)n6[B-]5(F)F)C=C4)cc3)cc2)c2nc(-c3ccco3)nn12,HBQGBAGFDWWJPZ-QGOAFFKASA-N,O=C(CCCCCNC(=O)COc1ccc(/C=C/C2=[N+]3[BH2-]n4c(ccc4-c4cccs4)C=C3C=C2)cc1)NCCCCNC(=O)COc1ccc(CCCn2ncc3c2ncn2nc(-c4ccco4)nc32)cc1,CC(CCCCCCC(C)CCC1CCC(CCCC2CCC3C2CCC2CC(C4CCCC4)CC23)CC1)CCCCCCC(C)CCC1CCC(CCC2CCC3CC4CCC(C5CCCC5)C4CC32)CC1,1048.987,7.9399,4,12,25,213.76,76,0.031861,-10.4034,-8.372,-9.3877,2.0314,0.026729,0.5524,0.6632,3,3,0.8633,0.4269,0.6451,-0.4364,9.0814,8.6086,8.845,-0.4728,0,0,0,False,pass,False,False,https://doi.org/10.1039/C7MD00247E,accept_antagonist
CHEMBL4297184,CIFORADENANT,antagonist,0,tier_1,computationally_adjudicated_functional,False,True,development,Cc1ccc(-c2nc(N)nc3c2nnn3Cc2cccc(CO[C@H]3CCOC3)n2)o1,KURQKNMKCGYWRJ-HNNXBMFYSA-N,c1cc(CO[C@H]2CCOC2)nc(Cn2nnc3c(-c4ccco4)ncnc32)c1,C1CCC(CCC2CCCC(CC3CCC4C(C5CCCC5)CCCC34)C2)C1,407.434,2.1207,1,9,6,127.0,30,0.511004,-8.6011,-8.4745,-8.5378,0.1266,0.00422,0.2532,0.2094,3,3,0.7551,0.8694,0.8122,0.1143,7.1434,7.5319,7.3377,0.3885,0,0,0,False,pass,False,False,https://doi.org/10.1021/acs.jmedchem.0c00237,accept_antagonist
CHEMBL4300239,CHEMBL4300239,antagonist,0,tier_1,computationally_adjudicated_functional,False,True,development,Nc1nc2c(cnn2CCCc2ccc(OCc3ccc(S(=O)(=O)O)cc3)cc2)c2nc(-c3ccco3)nn12,ZCGYHWOGFGROOT-UHFFFAOYSA-N,c1ccc(COc2ccc(CCCn3ncc4c3ncn3nc(-c5ccco5)nc43)cc2)cc1,C1CCC(CCC2CCC(CCCC3CCC4C3CCC3CC(C5CCCC5)CC34)CC2)CC1,545.581,3.7747,2,9,9,163.66,39,0.255551,-9.6678,-9.6796,-9.6737,-0.0118,-0.000303,0.4223,0.2451,3,3,0.7676,0.6872,0.7274,-0.0804,7.462,7.8311,7.6465,0.3691,0,0,0,False,pass,False,False,https://doi.org/10.1039/C7MD00247E,accept_antagonist
CHEMBL4440752,CHEMBL4440752,antagonist,0,tier_1,computationally_adjudicated_functional,False,True,development,N#Cc1c(N)nc(SCc2cccnc2)c(C#N)c1-c1ccco1,RCHMOBFVVHVEGJ-UHFFFAOYSA-N,c1cncc(CSc2cc(-c3ccco3)ccn2)c1,C1CCC(CCC2CCCC(C3CCCC3)C2)CC1,333.376,3.3545,1,7,4,112.52,24,0.728248,-8.3732,-7.9556,-8.1644,0.4176,0.0174,0.0747,0.1513,3,3,0.9279,0.9362,0.9321,0.0083,7.5307,8.0538,7.7923,0.5231,0,0,0,False,pass,False,False,https://doi.org/10.1021/acs.jmedchem.9b00106,accept_antagonist
CHEMBL4447993,CHEMBL4447993,antagonist,0,tier_1,computationally_adjudicated_functional,False,True,development,Nc1nc(-c2ccc(OCCNC(=O)CCCCC3CCSS3)cc2)cn2c(=O)n(-c3ccccc3)nc12,QUUSOCIUFGWWEB-UHFFFAOYSA-N,O=C(CCCCC1CCSS1)NCCOc1ccc(-c2cn3c(=O)n(-c4ccccc4)nc3cn2)cc1,CC(CCCCC1CCCC1)CCCCC1CCC(C2CCC3CC(C4CCCCC4)C(C)C3C2)CC1,550.71,4.3385,2,8,11,116.54,38,0.209307,-8.1882,-8.9032,-8.5457,-0.715,-0.018816,0.1694,0.3733,3,3,0.312,0.5699,0.4409,0.2579,6.9953,7.9542,7.4748,0.9589,1,0,1,True,retain_with_soft_flag,False,False,https://doi.org/10.1021/acs.jmedchem.9b00778,accept_antagonist
CHEMBL4451303,CHEMBL4451303,agonist,1,tier_1,computationally_adjudicated_functional,False,False,locked_holdout,Cn1c(=O)c2c(nc3n2CCN([C@@H]2CCCc4ccccc42)C3)n(C)c1=O,GEMWFQCNZGPNFF-OAHLLOKOSA-N,O=c1[nH]c(=O)c2c(nc3n2CCN([C@@H]2CCCc4ccccc42)C3)[nH]1,CC1CC(C)C2C(C1)CC1CC(C3CCCC4CCCCC43)CCC12,365.437,1.3269,0,4,1,65.06,27,0.652576,-9.5122,-9.1613,-9.3368,0.3509,0.012996,2.1035,0.484,3,3,0.3716,0.5268,0.4492,0.1552,6.9462,7.0495,6.9978,0.1033,0,0,0,False,pass,True,False,https://doi.org/10.1016/j.bmc.2016.09.003,accept_agonist
CHEMBL4452288,CHEMBL4452288,antagonist,0,tier_1,computationally_adjudicated_functional,False,True,development,Nc1nc(-c2ccc(NC(=O)CCNC(=O)CCCCC3CCSS3)cc2)cn2c(=O)n(-c3ccccc3)nc12,PSDRVKSUMXGOJT-UHFFFAOYSA-N,O=C(CCCCC1CCSS1)NCCC(=O)Nc1ccc(-c2cn3c(=O)n(-c4ccccc4)nc3cn2)cc1,CC(CCCCC1CCCC1)CCCC(C)CC1CCC(C2CCC3CC(C4CCCCC4)C(C)C3C2)CC1,577.736,4.2883,3,8,11,136.41,40,0.17745,-9.1605,-9.0607,-9.1106,0.0998,0.002495,0.7977,0.2702,3,3,0.3943,0.5372,0.4657,0.1429,7.4196,7.9439,7.6818,0.5243,0,0,0,False,pass,False,False,https://doi.org/10.1021/acs.jmedchem.9b00778,accept_antagonist
CHEMBL447664,VIPADENANT,antagonist,0,tier_1,computationally_adjudicated_functional,False,True,development,Cc1cc(Cn2nnc3c(-c4ccco4)nc(N)nc32)ccc1N,HQSBCDPYXDGTCL-UHFFFAOYSA-N,c1ccc(Cn2nnc3c(-c4ccco4)ncnc32)cc1,C1CCC(CC2CCC3C(C4CCCC4)CCCC23)CC1,321.344,2.0024,2,7,3,121.67,24,0.553271,-9.1071,-8.1893,-8.6482,0.9178,0.038242,1.0405,0.5569,3,3,0.6303,0.9006,0.7654,0.2703,6.4999,7.7115,7.1057,1.2116,0,0,0,False,pass,False,False,https://doi.org/10.1021/jm800961g,accept_antagonist
CHEMBL4529321,CHEMBL4529321,antagonist,0,tier_1,computationally_adjudicated_functional,False,True,development,Nc1nc(-c2cccc(O)c2)nc2sc(-c3ccco3)nc12,IFAWCWLECSSPBT-UHFFFAOYSA-N,c1ccc(-c2ncc3nc(-c4ccco4)sc3n2)cc1,C1CCC(C2CCC3CC(C4CCCC4)CC3C2)CC1,310.338,3.3011,2,7,2,98.06,22,0.589212,-9.2952,-9.2705,-9.2828,0.0247,0.001123,0.2097,0.0055,3,3,0.8352,0.8697,0.8525,0.0345,6.5252,7.3024,6.9138,0.7772,0,0,0,False,pass,False,False,https://doi.org/10.1016/j.bmcl.2018.12.062,accept_antagonist
CHEMBL4540395,CHEMBL4540395,agonist,1,tier_1,computationally_adjudicated_functional,False,True,development,Cn1c(=O)c2c(nc3n2CCN(Cc2csc(-c4cccs4)n2)C3)n(C)c1=O,YQRZRTIMIDGUQW-UHFFFAOYSA-N,O=c1[nH]c(=O)c2c(nc3n2CCN(Cc2csc(-c4cccs4)n2)C3)[nH]1,CC1CC(C)C2C(C1)CC1CC(CC3CCC(C4CCCC4)C3)CCC12,414.516,1.6345,0,7,3,77.95,28,0.50928,-8.452,-9.4816,-8.9668,-1.0296,-0.036771,0.2743,0.5853,3,3,0.3509,0.6088,0.4798,0.2579,7.0796,7.8268,7.4532,0.7472,0,0,0,False,pass,False,False,https://doi.org/10.1016/j.bmc.2016.09.003,accept_agonist
CHEMBL4549506,CHEMBL4549506,agonist,1,tier_1,computationally_adjudicated_functional,False,True,development,Cn1c(=O)c2c(nc3n2CCN(Cc2csc(-c4ccc(C(F)(F)F)cc4)n2)C3)n(C)c1=O,ZQRIIWBOYPCWHS-UHFFFAOYSA-N,O=c1[nH]c(=O)c2c(nc3n2CCN(Cc2csc(-c4ccccc4)n2)C3)[nH]1,CC1CC(C)C2C(C1)CC1CC(CC3CCC(C4CCCCC4)C3)CCC12,476.484,2.5918,0,6,3,77.95,33,0.454403,-8.3486,-9.7642,-9.0564,-1.4156,-0.042897,0.7727,0.5788,3,3,0.4386,0.453,0.4458,0.0144,7.4047,7.7152,7.56,0.3105,0,0,0,False,pass,False,False,https://doi.org/10.1016/j.bmc.2016.09.003,accept_agonist
CHEMBL4559969,CHEMBL4559969,antagonist,0,tier_1,computationally_adjudicated_functional,False,True,development,Nc1nc(-c2ccco2)nc2sc(-c3ccco3)nc12,YXLDLDOAWIUYIS-UHFFFAOYSA-N,c1coc(-c2ncc3nc(-c4ccco4)sc3n2)c1,C1CCC(C2CCC3CC(C4CCCC4)CC3C2)C1,284.3,3.1885,1,7,2,90.97,20,0.607506,-7.7569,-8.1849,-7.9709,-0.428,-0.0214,0.0071,0.3661,3,3,0.9393,0.878,0.9086,-0.0613,6.7073,7.0771,6.8922,0.3698,0,0,0,False,pass,False,False,https://doi.org/10.1016/j.bmcl.2018.12.062,accept_antagonist
CHEMBL457102,CHEMBL457102,antagonist,0,tier_1,computationally_adjudicated_functional,False,False,locked_holdout,O=C(c1ccccc1)c1sc(NCCc2cccs2)nc1-c1ccco1,GHMVNUPBBMBPQG-UHFFFAOYSA-N,O=C(c1ccccc1)c1sc(NCCc2cccs2)nc1-c1ccco1,CC(C1CCCCC1)C1CC(CCCC2CCCC2)CC1C1CCCC1,380.494,5.3502,1,6,7,55.13,26,0.439163,-7.3618,-8.161,-7.7614,-0.7992,-0.030738,0.5336,0.1154,3,3,0.5874,0.8764,0.7319,0.289,7.2123,7.7071,7.4597,0.4948,0,0,0,False,pass,True,False,https://doi.org/10.1016/j.bmcl.2008.11.066,accept_antagonist
CHEMBL4582207,CHEMBL4582207,agonist,1,tier_1,computationally_adjudicated_functional,False,True,development,Cn1c(=O)c2c(nc3n2CCN(CCCc2ccc(Cl)cc2)C3)n(C)c1=O,OOVWJQCYDXLQQI-UHFFFAOYSA-N,O=c1[nH]c(=O)c2c(nc3n2CCN(CCCc2ccccc2)C3)[nH]1,CC1CC(C)C2C(C1)CC1CC(CCCC3CCCCC3)CCC12,387.871,1.5355,0,4,4,65.06,27,0.680744,-8.6529,-8.4002,-8.5266,0.2527,0.009359,0.1925,0.1525,3,3,0.2983,0.4494,0.3739,0.1511,6.3951,6.2922,6.3437,-0.1029,3,0,3,True,retain_with_soft_flag,False,False,https://doi.org/10.1016/j.bmc.2016.09.003,accept_agonist
CHEMBL458242,CHEMBL458242,antagonist,0,tier_1,computationally_adjudicated_functional,False,True,development,COc1cncc(-c2cc(NC(C)=O)nc(-n3nc(C)cc3C)n2)c1,ZPOFECDYIXUBJD-UHFFFAOYSA-N,c1cncc(-c2ccnc(-n3cccn3)n2)c1,C1CCC(C2CCCC(C3CCCC3)C2)CC1,338.371,2.3081,1,6,4,94.82,25,0.784214,-8.6897,-6.3312,-7.5105,2.3585,0.09434,0.02,0.9057,3,3,0.8936,0.7534,0.8235,-0.1402,7.6889,7.6601,7.6745,-0.0288,0,0,0,False,pass,False,False,https://doi.org/10.1021/jm800851u,accept_antagonist
CHEMBL4586743,CHEMBL4586743,antagonist,0,tier_1,computationally_adjudicated_functional,False,False,locked_holdout,CC(C)(C)c1cc(C(=O)NCCC(=O)Nc2ccc(-c3cn4c(=O)n(-c5ccccc5)nc4c(N)n3)cc2)cc(C(C)(C)C)c1O,GNROHNFPJCPGCQ-UHFFFAOYSA-N,O=C(CCNC(=O)c1ccccc1)Nc1ccc(-c2cn3c(=O)n(-c4ccccc4)nc3cn2)cc1,CC(CCCC(C)C1CCCCC1)CC1CCC(C2CCC3CC(C4CCCCC4)C(C)C3C2)CC1,621.742,5.1886,4,7,7,156.64,46,0.194858,-9.7962,-9.8262,-9.8112,-0.03,-0.000652,0.2609,0.2861,3,3,0.308,0.3915,0.3498,0.0835,6.8849,7.8383,7.3616,0.9534,1,0,1,True,retain_with_soft_flag,True,False,https://doi.org/10.1021/acs.jmedchem.9b00778,accept_antagonist
CHEMBL461665,CHEMBL461665,antagonist,0,tier_1,computationally_adjudicated_functional,False,True,development,CNc1nc(-c2ccco2)c(C(=O)c2ccccc2)s1,VVCBHFZICJIYTO-UHFFFAOYSA-N,O=C(c1ccccc1)c1scnc1-c1ccco1,CC(C1CCCCC1)C1CCCC1C1CCCC1,284.34,3.6758,1,5,4,55.13,20,0.742541,-7.1858,-8.4327,-7.8093,-1.2469,-0.062345,0.6003,0.1057,3,3,0.8465,0.9349,0.8907,0.0884,6.7068,7.1541,6.9305,0.4473,0,0,0,False,pass,False,False,https://doi.org/10.1016/j.bmcl.2008.11.066,accept_antagonist
CHEMBL4740383,ETRUMADENANT,antagonist,0,tier_1,computationally_adjudicated_functional,False,True,development,Cc1c(C#N)cccc1-c1cc(-c2cn(Cc3cccc(C(C)(C)O)n3)nn2)nc(N)n1,BUXIAWLTBSXYSW-UHFFFAOYSA-N,c1ccc(-c2cc(-c3cn(Cc4ccccn4)nn3)ncn2)cc1,C1CCC(CC2CCC(C3CCCC(C4CCCCC4)C3)C2)CC1,426.484,2.8351,2,8,5,139.42,32,0.496426,-10.7136,-10.3721,-10.5428,0.3415,0.010672,0.0135,0.3384,3,3,0.8087,0.8842,0.8464,0.0755,7.832,8.4193,8.1257,0.5873,0,0,0,False,pass,False,False,https://doi.org/10.1021/acs.jmedchem.4c00250,accept_antagonist
CHEMBL4745482,CHEMBL4745482,antagonist,0,tier_1,computationally_adjudicated_functional,False,True,development,COCc1cccc(Cn2cc(-c3cc(-c4ccco4)nc(N)n3)nn2)n1,NGLGHDWHOPNEET-UHFFFAOYSA-N,c1ccc(Cn2cc(-c3cc(-c4ccco4)ncn3)nn2)nc1,C1CCC(CC2CCC(C3CCCC(C4CCCC4)C3)C2)CC1,363.381,2.167,1,8,6,117.77,27,0.553596,-8.1725,-8.1623,-8.1674,0.0102,0.000378,0.1649,0.4521,3,3,0.8397,0.9056,0.8726,0.0659,7.0676,7.9017,7.4847,0.8341,0,0,0,False,pass,False,False,https://doi.org/10.1021/acs.jmedchem.0c00237,accept_antagonist
CHEMBL4749058,CHEMBL4749058,antagonist,0,tier_1,computationally_adjudicated_functional,False,True,development,COc1cccc2c(-c3cn(Cc4cccc(C(C)(O)C(F)(F)F)[n+]4[O-])nn3)nc(N)nc12,JFXDMEOJXUXNLH-UHFFFAOYSA-N,c1ccc(Cn2cc(-c3ncnc4ccccc34)nn2)[nH+]c1,C1CCC(CC2CCC(C3CCCC4CCCCC43)C2)CC1,461.404,1.9306,2,8,5,138.91,33,0.339579,-9.5308,-9.6257,-9.5783,-0.0949,-0.002876,0.0232,0.4993,3,3,0.7039,0.7871,0.7455,0.0832,7.3108,7.7716,7.5412,0.4608,0,0,0,False,pass,False,False,https://doi.org/10.1021/acs.jmedchem.0c00237,accept_antagonist
CHEMBL4750504,CHEMBL4750504,antagonist,0,tier_1,computationally_adjudicated_functional,False,True,development,COc1ncc(-c2ccccc2)c2ncc(NC(=O)N3CCC(C)(O)CC3)nc12,MUDMILZFFXFMHF-UHFFFAOYSA-N,O=C(Nc1cnc2c(-c3ccccc3)cncc2n1)N1CCCCC1,CC(CC1CCC2C(CCCC2C2CCCCC2)C1)C1CCCCC1,393.447,3.0791,2,6,3,100.47,29,0.70926,-10.5649,-9.5845,-10.0747,0.9804,0.033807,0.2082,0.017,3,3,0.7577,0.5746,0.6662,-0.1831,7.3169,7.3035,7.3102,-0.0134,0,0,0,False,pass,False,False,https://doi.org/10.1021/acs.jmedchem.0c00237,accept_antagonist
CHEMBL4765154,CHEMBL4765154,antagonist,0,tier_1,computationally_adjudicated_functional,False,True,development,COc1ccc(N2CCOCC2)c2nc(NC(=O)c3cccc(N4CCOCC4)c3)[nH]c12,CACIDNFBOFVBLU-UHFFFAOYSA-N,O=C(Nc1nc2c(N3CCOCC3)cccc2[nH]1)c1cccc(N2CCOCC2)c1,CC(CC1CC2CCCC(C3CCCCC3)C2C1)C1CCCC(C2CCCCC2)C1,437.5,2.497,2,7,5,91.95,32,0.633655,-10.0153,-8.7489,-9.3821,1.2664,0.039575,0.0226,0.3094,3,3,0.5275,0.4597,0.4936,-0.0678,7.0553,7.2338,7.1445,0.1785,0,0,0,False,pass,False,False,https://doi.org/10.1021/acs.jmedchem.0c00237,accept_antagonist
CHEMBL477,ADENOSINE,agonist,1,tier_1,computationally_adjudicated_functional,False,False,locked_holdout,Nc1ncnc2c1ncn2[C@@H]1O[C@H](CO)[C@@H](O)[C@H]1O,OIRDTQYFTABQOQ-KQYNXXCUSA-N,c1ncc2ncn([C@H]3CCCO3)c2n1,C1CCC2C(C1)CCC2C1CCCC1,267.245,-1.98,4,8,2,139.54,19,0.49052,-7.7973,-8.1234,-7.9604,-0.3261,-0.017163,0.0178,0.0059,3,3,0.8434,0.9694,0.9064,0.126,5.9195,6.6489,6.2842,0.7294,0,0,0,False,pass,True,False,https://doi.org/10.1016/j.bmcl.2010.05.056,accept_agonist
CHEMBL4786207,CHEMBL4786207,antagonist,0,tier_1,computationally_adjudicated_functional,False,True,development,COCCn1cc(C(=O)Nc2nc3c(OC)ncc(N4CCOCC4)c3s2)cn1,FYWAHNQAQWOTDC-UHFFFAOYSA-N,O=C(Nc1nc2cncc(N3CCOCC3)c2s1)c1cn[nH]c1,CC(CC1CC2CCCC(C3CCCCC3)C2C1)C1CCCC1,418.479,1.6317,1,9,7,103.63,29,0.61754,-7.263,-5.9413,-6.6021,1.3217,0.045576,2.9986,0.3584,3,3,0.5263,0.5355,0.5309,0.0092,7.0478,7.3064,7.1771,0.2586,0,0,0,False,pass,False,False,https://doi.org/10.1021/acs.jmedchem.0c00237,accept_antagonist
CHEMBL4849795,CHEMBL4849795,antagonist,0,tier_1,computationally_adjudicated_functional,False,True,development,Nc1nc(Cc2ccccc2)cn2c1nc1ccccc12,NULDMQXOPYHTEN-UHFFFAOYSA-N,c1ccc(Cc2cn3c(cn2)nc2ccccc23)cc1,C1CCC(CC2CCC3CC4CCCCC4C3C2)CC1,274.327,3.0555,1,3,2,56.21,21,0.610925,-9.4805,-10.1215,-9.801,-0.641,-0.030524,0.0186,0.029,3,3,0.9156,0.9555,0.9355,0.0399,6.9334,7.1951,7.0642,0.2617,0,0,0,False,pass,False,False,https://doi.org/10.1016/j.ejmech.2020.113040,accept_antagonist
CHEMBL4855390,CHEMBL4855390,antagonist,0,tier_1,computationally_adjudicated_functional,False,True,development,Nc1nc(-c2cccc(Br)c2)cn2c1nc1ccccc12,PNJNWZKAPLPXAV-UHFFFAOYSA-N,c1ccc(-c2cn3c(cn2)nc2ccccc23)cc1,C1CCC(C2CCC3CC4CCCCC4C3C2)CC1,339.196,3.8942,1,3,1,56.21,21,0.572301,-9.1571,-9.8482,-9.5026,-0.6911,-0.03291,0.255,0.218,3,3,0.8812,0.9296,0.9054,0.0484,6.9478,7.4382,7.193,0.4904,0,0,0,False,pass,False,False,https://doi.org/10.1016/j.ejmech.2020.113040,accept_antagonist
CHEMBL4855908,CHEMBL4855908,antagonist,0,tier_1,computationally_adjudicated_functional,False,True,development,Nc1nc(-c2ccc(F)cc2)c(-c2ccc(=O)[nH]c2)c2nc(CCC(F)(F)F)nn12,PBQNARNDMLPGRK-UHFFFAOYSA-N,O=c1ccc(-c2c(-c3ccccc3)ncn3ncnc23)c[nH]1,CC1CCC(C2C3CCCC3CCC2C2CCCCC2)CC1,418.354,3.3628,2,5,4,101.96,30,0.495068,-9.9286,-9.1839,-9.5562,0.7447,0.024823,1.2509,0.3977,3,3,0.9194,0.82,0.8697,-0.0994,8.2818,8.0369,8.1593,-0.2449,0,0,0,False,pass,False,False,https://doi.org/10.1021/acsmedchemlett.1c00620,accept_antagonist
CHEMBL4858144,CHEMBL4858144,antagonist,0,tier_1,computationally_adjudicated_functional,False,True,development,Nc1nc(-c2ccc(F)cc2)c(-c2ccc(=O)[nH]c2)c2nc(Cc3ccc(F)cn3)nn12,ZMVMIKHRMKEKHO-UHFFFAOYSA-N,O=c1ccc(-c2c(-c3ccccc3)ncn3nc(Cc4ccccn4)nc23)c[nH]1,CC1CCC(C2C(C3CCCCC3)CCC3CC(CC4CCCCC4)CC32)CC1,431.406,2.9928,2,6,4,114.85,32,0.452134,-11.9965,-8.3112,-10.1538,3.6853,0.115166,0.0207,0.2222,3,3,0.781,0.715,0.748,-0.066,8.096,8.3508,8.2234,0.2548,0,0,0,False,pass,False,False,https://doi.org/10.1021/acsmedchemlett.1c00620,accept_antagonist
CHEMBL486162,CHEMBL486162,antagonist,0,tier_1,computationally_adjudicated_functional,False,False,locked_holdout,CC(=O)Nc1cc(-c2cccc(N3CCN(C)CC3)n2)nc(-n2nc(C)cc2C)n1,CQMWNSQCEMHNIW-UHFFFAOYSA-N,c1cc(-c2ccnc(-n3cccn3)n2)nc(N2CCNCC2)c1,C1CCC(C2CCCC(C3CCCC(C4CCCC4)C3)C2)CC1,406.494,2.0513,1,7,4,92.07,30,0.708856,-9.3461,-6.7286,-8.0373,2.6175,0.08725,3.6814,0.0066,3,3,0.6284,0.742,0.6852,0.1136,7.918,7.9763,7.9472,0.0583,0,0,0,False,pass,True,False,https://doi.org/10.1021/jm800851u,accept_antagonist
CHEMBL4862010,CHEMBL4862010,antagonist,0,tier_1,computationally_adjudicated_functional,False,True,development,Nc1nc(-c2ccccc2)c(-c2ccnnc2)c2nc(Cc3ncccc3F)nn12,GJIKYVGVZVLJJP-UHFFFAOYSA-N,c1ccc(-c2ncn3nc(Cc4ccccn4)nc3c2-c2ccnnc2)cc1,C1CCC(CC2CC3CCC(C4CCCCC4)C(C4CCCCC4)C3C2)CC1,398.405,2.9554,1,7,4,107.77,30,0.495754,-10.4761,-10.375,-10.4256,0.1011,0.00337,0.3102,0.0969,3,3,0.8632,0.904,0.8836,0.0408,8.0748,8.4855,8.2801,0.4107,0,0,0,False,pass,False,False,https://doi.org/10.1021/acsmedchemlett.1c00620,accept_antagonist
CHEMBL4865474,CHEMBL4865474,antagonist,0,tier_1,computationally_adjudicated_functional,False,True,development,Nc1nc(-c2ccccc2)c(-c2ccnnc2)c2nc(CC3CCCO3)nn12,WXYARKYAYUTGKX-UHFFFAOYSA-N,c1ccc(-c2ncn3nc(CC4CCCO4)nc3c2-c2ccnnc2)cc1,C1CCC(C2CCC3CC(CC4CCCC4)CC3C2C2CCCCC2)CC1,373.42,2.552,1,7,4,104.11,28,0.586021,-8.3368,-9.7507,-9.0437,-1.4139,-0.050496,0.7101,0.9528,3,3,0.8599,0.871,0.8655,0.0111,7.9777,8.1223,8.05,0.1446,0,0,0,False,pass,False,False,https://doi.org/10.1021/acsmedchemlett.1c00620,accept_antagonist
CHEMBL487554,CHEMBL487554,antagonist,0,tier_1,computationally_adjudicated_functional,False,True,development,COC1CN(c2cccc(-c3cc(NC(C)=O)nc(-n4nc(C)cc4C)n3)n2)C1,UHHRYINUVNKFTA-UHFFFAOYSA-N,c1cc(-c2ccnc(-n3cccn3)n2)nc(N2CCC2)c1,C1CCC(C2CCCC(C3CCCC(C4CCC4)C3)C2)C1,393.451,2.1345,1,7,5,98.06,29,0.708983,-8.5471,-6.9948,-7.771,1.5523,0.053528,2.9875,0.0296,3,3,0.6157,0.7762,0.696,0.1605,7.6105,7.8114,7.711,0.2009,0,0,0,False,pass,False,False,https://doi.org/10.1021/jm800851u,accept_antagonist
CHEMBL4954712,CHEMBL4954712,antagonist,0,tier_1,computationally_adjudicated_functional,False,True,development,Cc1c(C(=O)Nc2nc3c(s2)Cc2ccccc2-3)ccc2cncn12,DOEODBMLJOZWPF-UHFFFAOYSA-N,O=C(Nc1nc2c(s1)Cc1ccccc1-2)c1ccc2cncn2c1,CC(CC1CC2CC3CCCCC3C2C1)C1CCC2CCCC2C1,346.415,3.9227,1,4,2,59.29,25,0.52689,-9.8575,-10.7663,-10.3119,-0.9088,-0.036352,1.9561,0.3594,3,3,0.3642,0.3898,0.377,0.0256,5.8774,6.285,6.0812,0.4076,1,0,1,True,retain_with_soft_flag,False,False,https://doi.org/10.1016/j.ejmech.2023.115419,accept_antagonist
CHEMBL506250,CHEMBL506250,antagonist,0,tier_1,computationally_adjudicated_functional,False,True,development,N#Cc1c(-c2ccco2)cc(-c2ccco2)nc1N,BDULELAUBSFJFH-UHFFFAOYSA-N,c1coc(-c2ccnc(-c3ccco3)c2)c1,C1CCC(C2CCCC(C3CCCC3)C2)C1,251.245,3.0555,1,5,2,88.98,19,0.755542,-8.9312,-8.4471,-8.6892,0.4841,0.025479,0.0097,0.1485,3,3,0.9706,0.9268,0.9487,-0.0438,6.7384,7.0558,6.8971,0.3174,0,0,0,False,pass,False,False,https://doi.org/10.1021/jm701594y,accept_antagonist
CHEMBL5069652,CHEMBL5069652,antagonist,0,tier_1,computationally_adjudicated_functional,False,False,locked_holdout,COc1ccc(N2CCC(N(C)CCn3c(=O)cnc4c(-c5ccc(C)o5)nc(N)nc43)C2)cc1,QCGDCFVVNKBMQC-UHFFFAOYSA-N,O=c1cnc2c(-c3ccco3)ncnc2n1CCNC1CCN(c2ccccc2)C1,CC1CCC2C(C3CCCC3)CCCC2C1CCCC1CCC(C2CCCCC2)C1,475.553,2.5564,1,9,7,115.54,35,0.43041,-9.7882,-9.617,-9.7026,0.1712,0.004891,0.7825,0.2911,3,3,0.7604,0.7471,0.7537,-0.0133,7.6243,7.8641,7.7442,0.2398,0,0,0,False,pass,True,False,https://doi.org/10.1021/acs.jmedchem.1c02199,accept_antagonist
CHEMBL5072377,CHEMBL5072377,antagonist,0,tier_1,computationally_adjudicated_functional,False,True,development,COc1ccc(N2C[C@@H]3C[C@H]2CN3CCn2c(=O)cnc3c(-c4ccc(C)o4)nc(N)nc32)cc1,CUZJYJCDTLGEOB-ROUUACIJSA-N,O=c1cnc2c(-c3ccco3)ncnc2n1CCN1C[C@@H]2C[C@H]1CN2c1ccccc1,CC1CCC2C(C3CCCC3)CCCC2C1CCC1CC2CC1CC2C1CCCCC1,473.537,2.3088,1,9,6,115.54,35,0.450269,-10.3822,-10.7862,-10.5842,-0.404,-0.011543,0.4702,0.3476,3,3,0.4695,0.6633,0.5664,0.1938,7.3457,7.7901,7.5679,0.4444,0,0,0,False,pass,False,False,https://doi.org/10.1021/acs.jmedchem.1c02199,accept_antagonist
CHEMBL5073669,CHEMBL5073669,antagonist,0,tier_1,computationally_adjudicated_functional,False,True,development,CCCCn1c(=O)c2nc(C34CCC(C(=O)NCCCN=[N+]=[N-])(CC3)CC4)[nH]c2n(CCCNC(=O)c2ccc(S(=O)(=O)F)cc2)c1=O,OILFXMJWXJFNKA-UHFFFAOYSA-N,O=C(NCCCn1c(=O)[nH]c(=O)c2nc(C34CCC(CC3)CC4)[nH]c21)c1ccccc1,CC(CCCCC1C(C)CC(C)C2CC(C34CCC(CC3)CC4)CC12)C1CCCCC1,685.783,3.5733,3,8,15,213.78,48,0.071019,-7.5755,-9.1049,-8.3402,-1.5294,-0.031863,0.4994,19.9971,3,3,0.1686,0.3348,0.2517,0.1662,7.3472,7.4591,7.4032,0.1119,3,1,4,True,retain_with_soft_flag,False,False,https://doi.org/10.1021/acs.jmedchem.0c02169,accept_antagonist
CHEMBL5074910,CHEMBL5074910,antagonist,0,tier_1,computationally_adjudicated_functional,False,False,locked_holdout,Cc1ccc(-c2nc(N)nc3c2[nH]c(=O)n3Cc2ccccc2)o1,QJCIJBBTTGKSQT-UHFFFAOYSA-N,O=c1[nH]c2c(-c3ccco3)ncnc2n1Cc1ccccc1,CC1CC2C(C3CCCC3)CCCC2C1CC1CCCCC1,321.34,2.3185,2,5,3,102.73,24,0.602571,-8.8724,-9.1303,-9.0014,-0.2579,-0.010746,0.0082,0.2337,3,3,0.8712,0.8662,0.8687,-0.005,7.2641,7.169,7.2165,-0.0951,0,0,0,False,pass,True,False,https://doi.org/10.1021/acs.jmedchem.1c02199,accept_antagonist
CHEMBL5075422,CHEMBL5075422,antagonist,0,tier_1,computationally_adjudicated_functional,False,False,locked_holdout,Cn1cc(-c2cnc(N)n3nc(-c4ccco4)nc23)ccc1=O,REBSCEKUSAWQBZ-UHFFFAOYSA-N,O=c1ccc(-c2cncn3nc(-c4ccco4)nc23)c[nH]1,CC1CCC(C2CCCC3CC(C4CCCC4)CC32)CC1,308.301,1.3322,1,6,2,104.24,23,0.598832,-9.7136,-8.6914,-9.2025,1.0222,0.044443,0.0044,0.0081,3,3,0.8948,0.8344,0.8646,-0.0604,7.5008,7.5335,7.5171,0.0327,0,0,0,False,pass,True,False,https://doi.org/10.1021/acsmedchemlett.1c00599,accept_antagonist
CHEMBL5076572,CHEMBL5076572,antagonist,0,tier_1,computationally_adjudicated_functional,False,False,locked_holdout,C#CCNC(=O)C12CCC(c3nc4c(=O)n(CCCC)c(=O)n(CCC)c4[nH]3)(CC1)CC2,HPGLNKYCDIIEST-UHFFFAOYSA-N,O=c1[nH]c(=O)c2nc(C34CCC(CC3)CC4)[nH]c2[nH]1,CC1CC(C)C2CC(C34CCC(CC3)CC4)CC2C1,439.56,2.4378,2,4,8,101.78,32,0.616942,-8.8757,-9.6796,-9.2777,-0.8039,-0.025122,0.3254,0.1131,3,3,0.6434,0.7338,0.6886,0.0904,7.3806,7.7843,7.5824,0.4037,0,0,0,False,pass,True,False,https://doi.org/10.1021/acs.jmedchem.0c02169,accept_antagonist
CHEMBL5076939,CHEMBL5076939,antagonist,0,tier_1,computationally_adjudicated_functional,False,True,development,Cc1ccc(-c2nc(N)nc3c2ncc(=O)n3Cc2ccco2)o1,KONIIWKRLZETBJ-UHFFFAOYSA-N,O=c1cnc2c(-c3ccco3)ncnc2n1Cc1ccco1,CC1CCC2C(C3CCCC3)CCCC2C1CC1CCCC1,323.312,1.9784,1,7,3,112.97,24,0.612923,-7.9084,-8.215,-8.0617,-0.3066,-0.012775,1.3465,0.1546,3,3,0.7503,0.8793,0.8148,0.129,6.8478,7.3436,7.0957,0.4958,0,0,0,False,pass,False,False,https://doi.org/10.1021/acs.jmedchem.1c02199,accept_antagonist
CHEMBL5077642,CHEMBL5077642,antagonist,0,tier_1,computationally_adjudicated_functional,False,False,locked_holdout,COc1ccc(N(C)C2CCN(CCn3c(=O)cnc4c(-c5ccc(C)o5)nc(N)nc43)C2)cc1,LNZWNAQCCDTWHH-UHFFFAOYSA-N,O=c1cnc2c(-c3ccco3)ncnc2n1CCN1CCC(Nc2ccccc2)C1,CC1CCC2C(C3CCCC3)CCCC2C1CCC1CCC(CC2CCCCC2)C1,475.553,2.5564,1,9,7,115.54,35,0.43041,-9.0272,-10.4231,-9.7251,-1.3959,-0.039883,0.0818,0.7519,3,3,0.7039,0.6709,0.6874,-0.033,7.6557,7.8918,7.7737,0.2361,0,0,0,False,pass,True,False,https://doi.org/10.1021/acs.jmedchem.1c02199,accept_antagonist
CHEMBL5078181,CHEMBL5078181,antagonist,0,tier_1,computationally_adjudicated_functional,False,True,development,Cc1ccc(-c2nc(N)nc3c2ncc(=O)n3CCCc2ccccc2)o1,CMWXSRYHPVUFTA-UHFFFAOYSA-N,O=c1cnc2c(-c3ccco3)ncnc2n1CCCc1ccccc1,CC1CCC2C(C3CCCC3)CCCC2C1CCCC1CCCCC1,361.405,2.9699,1,6,5,99.83,27,0.586487,-9.5529,-9.2007,-9.3768,0.3522,0.013044,0.0201,0.3758,3,3,0.9419,0.8863,0.9141,-0.0556,7.5042,7.7739,7.6391,0.2697,0,0,0,False,pass,False,False,https://doi.org/10.1021/acs.jmedchem.1c02199,accept_antagonist
CHEMBL5079295,CHEMBL5079295,antagonist,0,tier_1,computationally_adjudicated_functional,False,False,locked_holdout,Cc1ccc(-c2nc(N)nc3c2ncc(=O)n3CCN2CCN(C)CC2)o1,DYBIIASEQSAQKZ-UHFFFAOYSA-N,O=c1cnc2c(-c3ccco3)ncnc2n1CCN1CCNCC1,CC1CCC2C(C3CCCC3)CCCC2C1CCC1CCCCC1,369.429,0.5845,1,8,4,106.31,27,0.711936,-9.2468,-9.1694,-9.2081,0.0774,0.002867,0.1742,0.1191,3,3,0.8674,0.7437,0.8055,-0.1237,7.2743,7.3647,7.3195,0.0904,0,0,0,False,pass,True,False,https://doi.org/10.1021/acs.jmedchem.1c02199,accept_antagonist
CHEMBL5080005,CHEMBL5080005,antagonist,0,tier_1,computationally_adjudicated_functional,False,True,development,Cc1ccc(-c2nc(N)nc3c2ncc(=O)n3Cc2cccc(C(F)(F)F)c2)o1,BWRDLKUFCGFHSO-UHFFFAOYSA-N,O=c1cnc2c(-c3ccco3)ncnc2n1Cc1ccccc1,CC1CCC2C(C3CCCC3)CCCC2C1CC1CCCCC1,401.348,3.4042,1,6,3,99.83,29,0.564814,-9.2418,-9.3749,-9.3084,-0.1331,-0.00459,1.1788,0.0842,3,3,0.5095,0.8331,0.6713,0.3236,7.0711,7.637,7.354,0.5659,0,0,0,False,pass,False,False,https://doi.org/10.1021/acs.jmedchem.1c02199,accept_antagonist
CHEMBL5081971,CHEMBL5081971,antagonist,0,tier_1,computationally_adjudicated_functional,False,False,locked_holdout,Cc1ccc(-c2nc(N)nc3c2ncc(=O)n3CCN2CCN(c3ccc(Oc4ccccc4)cc3)CC2)o1,WALHSXGJSVIXLF-UHFFFAOYSA-N,O=c1cnc2c(-c3ccco3)ncnc2n1CCN1CCN(c2ccc(Oc3ccccc3)cc2)CC1,CC1CCC2C(C3CCCC3)CCCC2C1CCC1CCC(C2CCC(CC3CCCCC3)CC2)CC1,523.597,3.9516,1,9,7,115.54,39,0.338461,-10.2915,-10.2503,-10.2709,0.0412,0.001056,0.3279,0.6098,3,3,0.6253,0.6409,0.6331,0.0156,7.7784,7.8747,7.8266,0.0963,0,0,0,False,pass,True,False,https://doi.org/10.1021/acs.jmedchem.1c02199,accept_antagonist
CHEMBL5083868,CHEMBL5083868,antagonist,0,tier_1,computationally_adjudicated_functional,False,False,locked_holdout,Cc1ccc(-c2nc(N)nc3c2ncc(=O)n3CCCCc2ccccc2)o1,MIBKLSWBYDFURE-UHFFFAOYSA-N,O=c1cnc2c(-c3ccco3)ncnc2n1CCCCc1ccccc1,CC1CCC2C(C3CCCC3)CCCC2C1CCCCC1CCCCC1,375.432,3.36,1,6,6,99.83,28,0.518791,-9.4592,-9.2684,-9.3638,0.1908,0.006814,0.3487,0.3941,3,3,0.8873,0.8855,0.8864,-0.0018,7.448,7.6506,7.5493,0.2026,0,0,0,False,pass,True,False,https://doi.org/10.1021/acs.jmedchem.1c02199,accept_antagonist
CHEMBL5090017,CHEMBL5090017,antagonist,0,tier_1,computationally_adjudicated_functional,False,True,development,COc1ccc(N2CCN(CCn3c(=O)cnc4c(-c5ccc(C)o5)nc(N)nc43)[C@@H](C)C2)c(F)c1,QLDKSNSJQOSBLD-HNNXBMFYSA-N,O=c1cnc2c(-c3ccco3)ncnc2n1CCN1CCN(c2ccccc2)CC1,CC1CCC2C(C3CCCC3)CCCC2C1CCC1CCC(C2CCCCC2)CC1,493.543,2.6955,1,9,6,115.54,36,0.432761,-10.0424,-10.5018,-10.2721,-0.4594,-0.012761,0.0811,0.2286,3,3,0.6467,0.7255,0.6861,0.0788,7.561,7.9386,7.7498,0.3776,0,0,0,False,pass,False,False,https://doi.org/10.1021/acs.jmedchem.1c02199,accept_antagonist
CHEMBL5171042,CHEMBL5171042,agonist,1,tier_1,computationally_adjudicated_functional,False,True,development,CCNC(=O)[C@H]1O[C@@H](n2cnc3c(N[C@@H]4CCC[C@H]4Oc4ccccc4)ncnc32)[C@H](O)[C@@H]1O,MNMRRFAISKIFMJ-SLHDEKGNSA-N,c1ccc(O[C@@H]2CCC[C@H]2Nc2ncnc3c2ncn3[C@H]2CCCO2)cc1,C1CCC(CC2CCCC2CC2CCCC3C(C4CCCC4)CCC23)CC1,468.514,0.9936,4,9,7,143.65,34,0.399029,-8.7459,-9.6447,-9.1953,-0.8988,-0.026435,0.4453,0.1325,3,3,0.213,0.5556,0.3843,0.3426,5.4637,7.4995,6.4816,2.0358,3,0,3,True,retain_with_soft_flag,False,False,https://doi.org/10.1021/acs.jmedchem.2c01414,accept_agonist
CHEMBL5176737,CHEMBL5176737,antagonist,0,tier_1,computationally_adjudicated_functional,False,False,locked_holdout,Nc1nc(C(=O)NCc2ccccn2)cn2c1nc1ccccc12,QHIATACMHNLOEM-UHFFFAOYSA-N,O=C(NCc1ccccn1)c1cn2c(cn1)nc1ccccc12,CC(CCC1CCCCC1)C1CCC2CC3CCCCC3C2C1,318.34,1.7897,2,5,3,98.2,24,0.599893,-9.1792,-8.7114,-8.9453,0.4678,0.019492,0.1488,1.0144,3,3,0.9211,0.8424,0.8818,-0.0787,7.0195,7.5445,7.282,0.525,0,0,0,False,pass,True,False,https://doi.org/10.1021/acs.jmedchem.2c00101,accept_antagonist
CHEMBL5203469,CHEMBL5203469,antagonist,0,tier_1,computationally_adjudicated_functional,False,True,development,CCCCC#Cc1nc(N)c2nc(-c3cccs3)n([C@@H]3OC[C@@H](O)[C@H]3O)c2n1,MUHXGASCCALSAJ-PRIMNGNOSA-N,c1csc(-c2nc3cncnc3n2[C@H]2CCCO2)c1,C1CCC2C(C1)CC(C1CCCC1)C2C1CCCC1,399.476,1.9293,3,8,4,119.31,28,0.452879,-7.8109,-8.0868,-7.9489,-0.2759,-0.009854,0.2391,0.1979,3,3,0.8558,0.8331,0.8444,-0.0227,7.2376,7.6948,7.4662,0.4572,0,0,0,False,pass,False,False,https://doi.org/10.1021/acs.jmedchem.2c00462,accept_antagonist
CHEMBL5397080,CHEMBL5397080,antagonist,0,tier_1,computationally_adjudicated_functional,False,True,development,Cc1c(C#N)cccc1-c1cc(-c2ccn(Cc3ccccc3)c(=O)c2)nc(N)n1,GROXRDPKODZSRI-UHFFFAOYSA-N,O=c1cc(-c2cc(-c3ccccc3)ncn2)ccn1Cc1ccccc1,CC1CC(C2CCCC(C3CCCCC3)C2)CCC1CC1CCCCC1,393.45,3.7829,1,5,4,97.59,30,0.568905,-10.368,-10.2419,-10.3049,0.1261,0.004203,0.2482,0.654,3,3,0.744,0.869,0.8065,0.125,7.5837,8.113,7.8483,0.5293,0,0,0,False,pass,False,False,https://doi.org/10.1021/acs.jmedchem.2c01860,accept_antagonist
CHEMBL5407903,CHEMBL5407903,antagonist,0,tier_1,computationally_adjudicated_functional,False,True,development,Cc1c(C#N)cccc1-c1cc(-c2ccc(=O)n(CCc3ccccn3)c2)nc(N)n1,NCDMZEFGSLFZTJ-UHFFFAOYSA-N,O=c1ccc(-c2cc(-c3ccccc3)ncn2)cn1CCc1ccccn1,CC1CCC(C2CCCC(C3CCCCC3)C2)CC1CCC1CCCCC1,408.465,3.3723,1,6,5,110.48,31,0.541979,-10.371,-10.316,-10.3435,0.055,0.001774,0.0292,0.4135,3,3,0.8741,0.8967,0.8854,0.0226,8.4218,8.3433,8.3825,-0.0785,0,0,0,False,pass,False,False,https://doi.org/10.1021/acs.jmedchem.2c01860,accept_antagonist
CHEMBL5410497,CHEMBL5410497,antagonist,0,tier_1,computationally_adjudicated_functional,False,True,development,Cc1ccc(-c2cc(-c3ccn(Cc4ccccc4)c(=O)c3)nc(N)n2)o1,IBEKCGKCOQKOJV-UHFFFAOYSA-N,O=c1cc(-c2cc(-c3ccco3)ncn2)ccn1Cc1ccccc1,CC1CC(C2CCCC(C3CCCC3)C2)CCC1CC1CCCCC1,358.401,3.5042,1,5,4,86.94,27,0.603171,-9.5529,-9.2496,-9.4012,0.3033,0.011233,0.6913,0.362,3,3,0.8299,0.7375,0.7837,-0.0924,7.159,7.382,7.2705,0.223,0,0,0,False,pass,False,False,https://doi.org/10.1021/acs.jmedchem.2c01860,accept_antagonist
CHEMBL5425820,CHEMBL5425820,antagonist,0,tier_1,computationally_adjudicated_functional,False,True,development,Cc1c(C#N)cccc1-c1cc(-c2ccc(=O)n(Cc3ccccc3)c2)nc(N)n1,MDYUIWQHXQGOOU-UHFFFAOYSA-N,O=c1ccc(-c2cc(-c3ccccc3)ncn2)cn1Cc1ccccc1,CC1CCC(C2CCCC(C3CCCCC3)C2)CC1CC1CCCCC1,393.45,3.7829,1,5,4,97.59,30,0.568905,-10.6273,-10.4113,-10.5193,0.216,0.0072,0.015,0.2965,3,3,0.7848,0.8784,0.8316,0.0936,7.8305,8.1252,7.9779,0.2947,0,0,0,False,pass,False,False,https://doi.org/10.1021/acs.jmedchem.2c01860,accept_antagonist
CHEMBL5439885,CHEMBL5439885,antagonist,0,tier_1,computationally_adjudicated_functional,False,True,development,Cc1c(C#N)cccc1-c1cc(-c2ccn(CCc3ccccc3)c(=O)c2)nc(N)n1,GRPFMWNVPJZROD-UHFFFAOYSA-N,O=c1cc(-c2cc(-c3ccccc3)ncn2)ccn1CCc1ccccc1,CC1CC(C2CCCC(C3CCCCC3)C2)CCC1CCC1CCCCC1,407.477,3.9773,1,5,5,97.59,31,0.539634,-9.6205,-9.7139,-9.6672,-0.0934,-0.003013,0.2882,0.7328,3,3,0.7141,0.7843,0.7492,0.0702,7.864,7.9872,7.9256,0.1232,0,0,0,False,pass,False,False,https://doi.org/10.1021/acs.jmedchem.2c01860,accept_antagonist
CHEMBL5556919,CHEMBL5556919,antagonist,0,tier_1,computationally_adjudicated_functional,False,True,development,CCCCC#Cc1nc2c(N)nc(-c3ccco3)nc2n1[C@@H]1OC[C@@H](O)[C@H]1O,MYHYECFOCSQRBC-PRIMNGNOSA-N,c1coc(-c2ncc3ncn([C@H]4CCCO4)c3n2)c1,C1CCC(C2CCC3CCC(C4CCCC4)C3C2)C1,383.408,1.4608,3,8,4,132.45,28,0.455558,-8.8076,-9.6143,-9.211,-0.8067,-0.028811,0.0424,0.0214,3,3,0.939,0.9469,0.9429,0.0079,7.38,7.5334,7.4567,0.1534,0,0,0,False,pass,False,False,https://doi.org/10.1021/acs.jmedchem.4c01003,accept_antagonist
CHEMBL555958,CHEMBL555958,antagonist,0,tier_1,computationally_adjudicated_functional,False,True,development,CCCN(CCc1ccc(NC(=O)CCC(N)C(=O)NCCCCC(NC(=O)CCC(=O)NCCOCCOCCNC(=O)C(CCCCNC(=O)C(N)CCCCNC(=O)COc2ccc(-c3nc4c([nH]3)c(=O)n(CCC)c(=O)n4CCC)cc2)NC(C)=O)C(N)=O)cc1)C1CCc2c(O)cccc2C1,QWZWDTPIAMJTPE-UHFFFAOYSA-N,O=C(CCCCCNC(=O)COc1ccc(-c2nc3[nH]c(=O)[nH]c(=O)c3[nH]2)cc1)NCCCCCC(=O)NCCOCCOCCNC(=O)CCC(=O)NCCCCCNC(=O)CCCC(=O)Nc1ccc(CCNC2CCc3ccccc3C2)cc1,CC(CCCCCCCCCCC(C)CCC(C)CCCCCCCC(C)CCCC(C)CC1CCC(CCCC2CCC3CCCCC3C2)CC1)CCCCCCC(C)CCCCCCC(C)CCC1CCC(C2CC3CC(C)CC(C)C3C2)CC1,1477.818,2.7233,13,19,51,451.77,106,0.024892,-7.854,-8.3306,-8.0923,-0.4766,-0.004496,0.347,0.7262,3,3,0.6763,0.439,0.5576,-0.2373,7.0238,7.133,7.0784,0.1092,0,0,0,False,pass,False,False,https://doi.org/10.1021/jm900298c,accept_antagonist
CHEMBL5561038,CHEMBL5561038,antagonist,0,tier_1,computationally_adjudicated_functional,False,True,development,CCCCC#Cc1nc2c(N)nc(-c3ccco3)nc2[nH]1,CUXKGZJSDUHGOJ-UHFFFAOYSA-N,c1coc(-c2ncc3nc[nH]c3n2)c1,C1CCC(C2CCC3CCCC3C2)C1,281.319,2.7368,2,5,3,93.62,21,0.568389,-7.3231,-7.9303,-7.6267,-0.6072,-0.028914,0.1678,0.059,3,3,0.8127,0.903,0.8579,0.0903,6.4486,6.9695,6.709,0.5209,0,0,0,False,pass,False,False,https://doi.org/10.1021/acs.jmedchem.4c01003,accept_antagonist
CHEMBL5562893,CHEMBL5562893,antagonist,0,tier_1,computationally_adjudicated_functional,False,True,development,Cc1c(C#N)cccc1-c1cc(-c2cn(Cc3c[nH]c4ccc(C#N)cc34)nn2)nc(N)n1,VZXSLMMZUNIHCA-UHFFFAOYSA-N,c1ccc(-c2cc(-c3cn(Cc4c[nH]c5ccccc45)nn3)ncn2)cc1,C1CCC(C2CCCC(C3CCC(CC4CCC5CCCCC54)C3)C2)CC1,431.463,3.5657,2,7,4,145.88,33,0.442107,-10.3292,-10.3444,-10.3368,-0.0152,-0.000461,0.0719,0.3529,3,3,0.6417,0.8422,0.7419,0.2005,7.91,8.3976,8.1538,0.4876,0,0,0,False,pass,False,False,https://doi.org/10.1021/acs.jmedchem.4c00250,accept_antagonist
CHEMBL5619272,CHEMBL5619272,antagonist,0,tier_1,computationally_adjudicated_functional,False,False,locked_holdout,CNc1nc(C#Cc2ccccc2)nc2c1ncn2COCc1ccccc1,OCWXHAVOVZQLIR-UHFFFAOYSA-N,C(#Cc1ncc2ncn(COCc3ccccc3)c2n1)c1ccccc1,C1CCC(CCCC2CCC3CCC(CCC4CCCCC4)CC23)CC1,369.428,3.4421,1,5,5,64.86,28,0.546083,-8.4112,-8.4678,-8.4395,-0.0566,-0.002021,0.7501,0.0694,3,3,0.5703,0.8297,0.7,0.2594,6.9265,7.659,7.2927,0.7325,0,0,0,False,pass,True,False,https://doi.org/10.1016/j.bmc.2024.117881,accept_antagonist
CHEMBL5619355,CHEMBL5619355,antagonist,0,tier_1,computationally_adjudicated_functional,False,True,development,CNc1nc(C#Cc2ccccc2)nc2c1ncn2-c1ccc(O)cc1,KGEDJBOYKCCMEF-UHFFFAOYSA-N,C(#Cc1ncc2ncn(-c3ccccc3)c2n1)c1ccccc1,C1CCC(CCC2CCC3CCC(C4CCCCC4)C3C2)CC1,341.374,2.9626,2,5,2,75.86,26,0.548342,-8.2258,-2.6867,-5.4562,5.5391,0.213042,0.5801,3.7031,3,3,0.6963,0.5529,0.6246,-0.1434,7.1652,7.0693,7.1173,-0.0959,0,0,0,False,pass,False,False,https://doi.org/10.1016/j.bmc.2024.117881,accept_antagonist
CHEMBL5619520,CHEMBL5619520,antagonist,0,tier_1,computationally_adjudicated_functional,False,True,development,CNc1nc(C#Cc2ccccc2)nc2c1ncn2Cc1ccccc1,SUDOWMACBRPLEH-UHFFFAOYSA-N,C(#Cc1ncc2ncn(Cc3ccccc3)c2n1)c1ccccc1,C1CCC(CCC2CCC3CCC(CC4CCCCC4)C3C2)CC1,339.402,3.3161,1,4,3,55.63,26,0.581908,-9.049,-9.3157,-9.1823,-0.2667,-0.010258,0.0082,0.0074,3,3,0.7289,0.7943,0.7616,0.0654,7.1036,7.2865,7.1951,0.1829,0,0,0,False,pass,False,False,https://doi.org/10.1016/j.bmc.2024.117881,accept_antagonist
CHEMBL564084,CHEMBL564084,antagonist,0,tier_1,computationally_adjudicated_functional,False,True,development,CCCN(CCc1ccc(NC(=O)CCC(N)C(=O)NCCCCC(NC(=O)CCC(=O)NCCOCCOCCNC(=O)CCC(=O)NCCOCCOCCNC(=O)CCC(=O)NCCOCCOCCNC(=O)C(CCCCNC(=O)C(N)CCCCNC(=O)COc2ccc(-c3nc4c([nH]3)c(=O)n(CCC)c(=O)n4CCC)cc2)NC(C)=O)C(N)=O)cc1)C1CCc2c(O)cccc2C1,OTQOMCALXNRSDL-UHFFFAOYSA-N,O=C(CCCCCNC(=O)COc1ccc(-c2nc3[nH]c(=O)[nH]c(=O)c3[nH]2)cc1)NCCCCCC(=O)NCCOCCOCCNC(=O)CCC(=O)NCCOCCOCCNC(=O)CCC(=O)NCCOCCOCCNC(=O)CCC(=O)NCCCCCNC(=O)CCCC(=O)Nc1ccc(CCNC2CCc3ccccc3C2)cc1,CC(CCCCCCCCCCC(C)CCC(C)CCCCCCCCCCC(C)CCC(C)CCCCCCCCCCC(C)CCC(C)CCCCCCCC(C)CCCC(C)CC1CCC(CCCC2CCC3CCCCC3C2)CC1)CCCCCCC(C)CCCCCCC(C)CCC1CCC(C2CC3CC(C)CC(C)C3C2)CC1,1938.346,0.8149,17,27,75,605.09,138,0.023957,-3.1227,-2.3485,-2.7356,0.7742,0.00561,2.038,1.0291,3,3,0.2735,0.2374,0.2555,-0.0361,7.6467,7.3301,7.4884,-0.3166,2,3,5,True,retain_with_soft_flag,False,False,https://doi.org/10.1021/jm900298c,accept_antagonist
CHEMBL600794,CHEMBL600794,antagonist,0,tier_1,computationally_adjudicated_functional,False,True,development,CN1CCc2nc3sc(C(=O)Nc4ccc(Cl)cc4)c(N)c3cc2C1,YCIKPGUSEZZDGL-UHFFFAOYSA-N,O=C(Nc1ccccc1)c1cc2cc3c(nc2s1)CCNC3,CC(CC1CCCCC1)C1CC2CC3CCCCC3CC2C1,372.881,3.7721,2,5,2,71.25,25,0.717844,-4.6194,-10.2631,-7.4413,-5.6437,-0.225748,10.155,1.3841,3,3,0.5209,0.9077,0.7143,0.3868,7.1329,7.8566,7.4947,0.7237,0,0,0,False,pass,False,False,https://doi.org/10.1021/jm901647p,accept_antagonist
CHEMBL600819,CHEMBL600819,antagonist,0,tier_1,computationally_adjudicated_functional,False,True,development,N#Cc1c(N)nc2c(C(N)=O)c(Nc3ccccc3)sc2c1-c1ccccc1,VJCANGHIFSKRFF-UHFFFAOYSA-N,c1ccc(Nc2cc3nccc(-c4ccccc4)c3s2)cc1,C1CCC(CC2CC3CCCC(C4CCCCC4)C3C2)CC1,385.452,4.2597,3,6,4,117.82,28,0.484988,-9.1929,-7.1153,-8.1541,2.0776,0.0742,0.0334,0.1201,3,3,0.6925,0.7564,0.7245,0.0639,7.6715,7.9144,7.7929,0.2429,0,0,0,False,pass,False,False,https://doi.org/10.1021/jm901647p,accept_antagonist
CHEMBL601413,CHEMBL601413,antagonist,0,tier_1,computationally_adjudicated_functional,False,True,development,Nc1c(C(=O)Nc2ccccc2F)sc2nc3c(cc12)C(=O)CCC3,YHFDPEYHDOTAOT-UHFFFAOYSA-N,O=C(Nc1ccccc1)c1cc2cc3c(nc2s1)CCCC3=O,CC(CC1CCCCC1)C1CC2CC3CCCC(C)C3CC2C1,355.394,3.7889,2,5,2,85.08,25,0.73232,-9.9252,-10.5456,-10.2354,-0.6204,-0.024816,0.0581,0.018,3,3,0.8312,0.953,0.8921,0.1218,7.4373,8.0226,7.73,0.5853,0,0,0,False,pass,False,False,https://doi.org/10.1021/jm901647p,accept_antagonist
