candidate_id,bindingdb_monomer_id,standardized_smiles,standardized_inchikey,generic_murcko_scaffold_smiles,doi,pmid,sealed_exact_ki_measurement_count,prior_exact_structure_overlap,model_selection_generic_scaffold_overlap,primary_evidence_review_status,intake_status,quarantine_reasons
BDB-106370,106370,Nc1nc(-c2ccccc2)nc2c1nnn2Cc1ccccc1F,NXRBUSNWTZFORH-UHFFFAOYSA-N,C1CCC(CC2CCC3CCC(C4CCCCC4)CC32)CC1,10.1111/cbdd.12131,23480235,1,False,False,pending_dual_review,eligible_for_primary_evidence_review,
BDB-106371,106371,O=C(Nc1nc(-c2ccccc2)nc2c1nnn2Cc1ccccc1F)C1CC1,DPURLSYXRHWHCQ-UHFFFAOYSA-N,CC(CC1CC(C2CCCCC2)CC2C(CC3CCCCC3)CCC12)C1CC1,10.1111/cbdd.12131,23480235,1,False,False,pending_dual_review,eligible_for_primary_evidence_review,
BDB-106372,106372,O=C(Nc1nc(-c2ccccc2)nc2c1nnn2Cc1ccccc1F)C1CCC1,LWLKNQAHAAQNLO-UHFFFAOYSA-N,CC(CC1CC(C2CCCCC2)CC2C(CC3CCCCC3)CCC12)C1CCC1,10.1111/cbdd.12131,23480235,1,False,False,pending_dual_review,eligible_for_primary_evidence_review,
BDB-106373,106373,O=C(Nc1nc(-c2ccccc2)nc2c1nnn2Cc1ccccc1F)C1CCCC1,ZPZBOPWHTRROBI-UHFFFAOYSA-N,CC(CC1CC(C2CCCCC2)CC2C(CC3CCCCC3)CCC12)C1CCCC1,10.1111/cbdd.12131,23480235,1,False,False,pending_dual_review,eligible_for_primary_evidence_review,
BDB-106374,106374,O=C(Nc1nc(-c2ccccc2)nc2c1nnn2Cc1ccccc1F)C1CCCCC1,YAHWVOBXPRTPPC-UHFFFAOYSA-N,CC(CC1CC(C2CCCCC2)CC2C(CC3CCCCC3)CCC12)C1CCCCC1,10.1111/cbdd.12131,23480235,1,False,False,pending_dual_review,eligible_for_primary_evidence_review,
BDB-106375,106375,O=C(Nc1nc(-c2ccccc2)nc2c1nnn2Cc1ccccc1F)c1ccco1,QIBAMLNBYLUZGF-UHFFFAOYSA-N,CC(CC1CC(C2CCCCC2)CC2C(CC3CCCCC3)CCC12)C1CCCC1,10.1111/cbdd.12131,23480235,1,False,False,pending_dual_review,eligible_for_primary_evidence_review,
BDB-106376,106376,O=C(Nc1nc(-c2ccccc2)nc2c1nnn2Cc1ccccc1F)c1ccoc1,UVKGHWQWPDGTAX-UHFFFAOYSA-N,CC(CC1CC(C2CCCCC2)CC2C(CC3CCCCC3)CCC12)C1CCCC1,10.1111/cbdd.12131,23480235,1,False,False,pending_dual_review,eligible_for_primary_evidence_review,
BDB-106377,106377,O=C(Nc1nc(-c2ccccc2)nc2c1nnn2Cc1ccccc1F)c1cccc(Cl)c1,BJYUJGUEQJNAPL-UHFFFAOYSA-N,CC(CC1CC(C2CCCCC2)CC2C(CC3CCCCC3)CCC12)C1CCCCC1,10.1111/cbdd.12131,23480235,1,False,False,pending_dual_review,eligible_for_primary_evidence_review,
BDB-106378,106378,O=C(Nc1nc(-c2ccccc2)nc2c1nnn2Cc1ccccc1F)c1cccc(F)c1,QIFCCJOIOQJXMS-UHFFFAOYSA-N,CC(CC1CC(C2CCCCC2)CC2C(CC3CCCCC3)CCC12)C1CCCCC1,10.1111/cbdd.12131,23480235,1,False,False,pending_dual_review,eligible_for_primary_evidence_review,
BDB-106380,106380,O=C(Nc1nc(-c2ccccc2)nc2c1nnn2Cc1ccccc1F)c1cccc([N+](=O)[O-])c1,QCAXQYNYBXEQHI-UHFFFAOYSA-N,CC(CC1CC(C2CCCCC2)CC2C(CC3CCCCC3)CCC12)C1CCCCC1,10.1111/cbdd.12131,23480235,1,False,False,pending_dual_review,eligible_for_primary_evidence_review,
BDB-106381,106381,O=C(Nc1nc(-c2ccccc2)nc2c1nnn2Cc1ccccc1F)c1ccc([N+](=O)[O-])cc1,WEAIIEYARJCNTR-UHFFFAOYSA-N,CC(CC1CC(C2CCCCC2)CC2C(CC3CCCCC3)CCC12)C1CCCCC1,10.1111/cbdd.12131,23480235,1,False,False,pending_dual_review,eligible_for_primary_evidence_review,
BDB-106382,106382,O=C(Nc1nc(-c2ccccc2)nc2c1nnn2Cc1ccccc1F)c1ccc(I)cc1,VJMCQWDYPRJURY-UHFFFAOYSA-N,CC(CC1CC(C2CCCCC2)CC2C(CC3CCCCC3)CCC12)C1CCCCC1,10.1111/cbdd.12131,23480235,1,False,False,pending_dual_review,eligible_for_primary_evidence_review,
BDB-106384,106384,Nc1ccc(C(=O)Nc2nc(-c3ccccc3)nc3c2nnn3Cc2ccccc2F)cc1,AOOBGFNNMUSTOH-UHFFFAOYSA-N,CC(CC1CC(C2CCCCC2)CC2C(CC3CCCCC3)CCC12)C1CCCCC1,10.1111/cbdd.12131,23480235,1,False,False,pending_dual_review,eligible_for_primary_evidence_review,
BDB-110137,110137,Cn1c(=O)c2c(nc(/C=C/c3cccc(Br)c3)n2C)n(C)c1=O,NIUGYYNSDFVJFJ-BQYQJAHWSA-N,CC1CC(C)C2CC(CCC3CCCCC3)CC2C1,,34695776,1,False,False,pending_dual_review,eligible_for_primary_evidence_review,
BDB-110150,110150,CCn1c(=O)c2c(nc(/C=C/c3cccc(C(F)(F)F)c3)n2C)n(CC)c1=O,NUIFAKZQWNPAII-MDZDMXLPSA-N,CC1CC(C)C2CC(CCC3CCCCC3)CC2C1,,34695776,1,False,False,pending_dual_review,eligible_for_primary_evidence_review,
BDB-14390,14390,CCCc1nn(C)c2c(=O)[nH]c(-c3cc(S(=O)(=O)N4CCN(C)CC4)ccc3OCC)nc12,BNRNXUUZRGQAQC-UHFFFAOYSA-N,CC1CC(C2CCCC(C(C)(C)C3CCCCC3)C2)CC2CCCC12,10.1021/jm300280e,22563707,1,False,False,pending_dual_review,eligible_for_primary_evidence_review,
BDB-16173,16173,N=C(N)NC(=O)c1nc(Cl)c(N)nc1N,XSDQTOBWRPYKKA-UHFFFAOYSA-N,C1CCCCC1,10.1021/jm970084v,9258366,3,False,False,pending_dual_review,eligible_for_primary_evidence_review,
BDB-175364,175364,COC(=O)COc1ccc(-c2nc3c([nH]2)c(=O)n(C)c(=O)n3C)cc1,NEDDQPYELRWGIF-UHFFFAOYSA-N,CC1CC(C)C2CC(C3CCCCC3)CC2C1,10.1016/j.bioorg.2016.01.003,26851736,1,False,False,pending_dual_review,eligible_for_primary_evidence_review,
BDB-175365,175365,COC(=O)COc1cccc(-c2nc3c([nH]2)c(=O)n(C)c(=O)n3C)c1,GNBBWIKMBBOXTN-UHFFFAOYSA-N,CC1CC(C)C2CC(C3CCCCC3)CC2C1,10.1016/j.bioorg.2016.01.003,26851736,1,False,False,pending_dual_review,eligible_for_primary_evidence_review,
BDB-175366,175366,COC(=O)COc1ccc(-c2nc3c([nH]2)c(=O)n(C)c(=O)n3C)cc1OC,MTOFXPUIJBFYDT-UHFFFAOYSA-N,CC1CC(C)C2CC(C3CCCCC3)CC2C1,10.1016/j.bioorg.2016.01.003,26851736,1,False,False,pending_dual_review,eligible_for_primary_evidence_review,
BDB-175367,175367,COC(=O)COc1cc(-c2nc3c([nH]2)c(=O)n(C)c(=O)n3C)ccc1OC,GFRZDWZANLHYRS-UHFFFAOYSA-N,CC1CC(C)C2CC(C3CCCCC3)CC2C1,10.1016/j.bioorg.2016.01.003,26851736,1,False,False,pending_dual_review,eligible_for_primary_evidence_review,
BDB-175368,175368,CN(C)CCNC(=O)COc1ccc(-c2nc3c([nH]2)c(=O)n(C)c(=O)n3C)cc1,KMOXRBQNLUFHEG-UHFFFAOYSA-N,CC1CC(C)C2CC(C3CCCCC3)CC2C1,10.1016/j.bioorg.2016.01.003,26851736,1,False,False,pending_dual_review,eligible_for_primary_evidence_review,
BDB-175369,175369,CCN(CC)CCNC(=O)COc1ccc(-c2nc3c([nH]2)c(=O)n(C)c(=O)n3C)cc1,HTRTYJCHNCFLGF-UHFFFAOYSA-N,CC1CC(C)C2CC(C3CCCCC3)CC2C1,10.1016/j.bioorg.2016.01.003,26851736,1,False,False,pending_dual_review,eligible_for_primary_evidence_review,
BDB-175370,175370,Cn1c(=O)c2[nH]c(-c3ccc(OCC(=O)N4CCCC4)cc3)nc2n(C)c1=O,NFIYOVPEXZSLQY-UHFFFAOYSA-N,CC1CC(C)C2CC(C3CCC(CCC(C)C4CCCC4)CC3)CC2C1,10.1016/j.bioorg.2016.01.003,26851736,1,False,False,pending_dual_review,eligible_for_primary_evidence_review,
BDB-175372,175372,Cn1c(=O)c2[nH]c(-c3ccc(OCC(=O)N4CCCCCC4)cc3)nc2n(C)c1=O,HMKKMCPALDTYII-UHFFFAOYSA-N,CC1CC(C)C2CC(C3CCC(CCC(C)C4CCCCCC4)CC3)CC2C1,10.1016/j.bioorg.2016.01.003,26851736,1,False,False,pending_dual_review,eligible_for_primary_evidence_review,
BDB-175375,175375,CN1C(=O)C2NC(c3ccc(OCC(=O)n4ccnc4)cc3)=NC2N(C)C1=O,AZXUQDNXAPWHRV-UHFFFAOYSA-N,CC1CC(C)C2CC(C3CCC(CCC(C)C4CCCC4)CC3)CC2C1,10.1016/j.bioorg.2016.01.003,26851736,1,False,False,pending_dual_review,eligible_for_primary_evidence_review,
BDB-175376,175376,COc1ccc(CCNC(=O)COc2ccc(C3=NC4C(N3)C(=O)N(C)C(=O)N4C)cc2)cc1OC,NUPAVXPUUAMNMT-UHFFFAOYSA-N,CC(CCCC1CCCCC1)CCC1CCC(C2CC3CC(C)CC(C)C3C2)CC1,10.1016/j.bioorg.2016.01.003,26851736,1,False,False,pending_dual_review,eligible_for_primary_evidence_review,
BDB-175377,175377,CN(C)CCNC(=O)COc1cccc(-c2nc3c([nH]2)c(=O)n(C)c(=O)n3C)c1,YKXVIXWCJKBOMG-UHFFFAOYSA-N,CC1CC(C)C2CC(C3CCCCC3)CC2C1,10.1016/j.bioorg.2016.01.003,26851736,1,False,False,pending_dual_review,eligible_for_primary_evidence_review,
BDB-175378,175378,CCN(CC)CCNC(=O)COc1cccc(-c2nc3c([nH]2)c(=O)n(C)c(=O)n3C)c1,SBNHYDQELDLRRV-UHFFFAOYSA-N,CC1CC(C)C2CC(C3CCCCC3)CC2C1,10.1016/j.bioorg.2016.01.003,26851736,1,False,False,pending_dual_review,eligible_for_primary_evidence_review,
BDB-175379,175379,Cn1c(=O)c2[nH]c(-c3cccc(OCC(=O)N4CCCC4)c3)nc2n(C)c1=O,YVKFALMAWNALPA-UHFFFAOYSA-N,CC1CC(C)C2CC(C3CCCC(CCC(C)C4CCCC4)C3)CC2C1,10.1016/j.bioorg.2016.01.003,26851736,1,False,False,pending_dual_review,eligible_for_primary_evidence_review,
BDB-175380,175380,Cn1c(=O)c2[nH]c(-c3cccc(OCC(=O)N4CCCCC4)c3)nc2n(C)c1=O,DGKIMYPQSMUZKA-UHFFFAOYSA-N,CC1CC(C)C2CC(C3CCCC(CCC(C)C4CCCCC4)C3)CC2C1,10.1016/j.bioorg.2016.01.003,26851736,1,False,False,pending_dual_review,eligible_for_primary_evidence_review,
BDB-175381,175381,Cn1c(=O)c2[nH]c(-c3cccc(OCC(=O)N4CCCCCC4)c3)nc2n(C)c1=O,JTMOPZQFIWCLMN-UHFFFAOYSA-N,CC1CC(C)C2CC(C3CCCC(CCC(C)C4CCCCCC4)C3)CC2C1,10.1016/j.bioorg.2016.01.003,26851736,1,False,False,pending_dual_review,eligible_for_primary_evidence_review,
BDB-175382,175382,Cn1c(=O)c2[nH]c(-c3cccc(OCC(=O)N4CCOCC4)c3)nc2n(C)c1=O,GGUBALWRKUTXNZ-UHFFFAOYSA-N,CC1CC(C)C2CC(C3CCCC(CCC(C)C4CCCCC4)C3)CC2C1,10.1016/j.bioorg.2016.01.003,26851736,1,False,False,pending_dual_review,eligible_for_primary_evidence_review,
BDB-175383,175383,CN1CCN(C(=O)COc2cccc(-c3nc4c([nH]3)c(=O)n(C)c(=O)n4C)c2)CC1,HMJZPPMWAXVKOW-UHFFFAOYSA-N,CC1CC(C)C2CC(C3CCCC(CCC(C)C4CCCCC4)C3)CC2C1,10.1016/j.bioorg.2016.01.003,26851736,1,False,False,pending_dual_review,eligible_for_primary_evidence_review,
BDB-175384,175384,Cn1c(=O)c2[nH]c(-c3cccc(OCC(=O)n4ccnc4)c3)nc2n(C)c1=O,ZNAQFRZHTVLHSP-UHFFFAOYSA-N,CC1CC(C)C2CC(C3CCCC(CCC(C)C4CCCC4)C3)CC2C1,10.1016/j.bioorg.2016.01.003,26851736,1,False,False,pending_dual_review,eligible_for_primary_evidence_review,
BDB-175385,175385,COc1ccc(CCNC(=O)COc2cccc(-c3nc4c([nH]3)c(=O)n(C)c(=O)n4C)c2)cc1OC,CQMZWYQNQJMCCO-UHFFFAOYSA-N,CC(CCCC1CCCCC1)CCC1CCCC(C2CC3CC(C)CC(C)C3C2)C1,10.1016/j.bioorg.2016.01.003,26851736,1,False,False,pending_dual_review,eligible_for_primary_evidence_review,
BDB-175386,175386,COc1cc(-c2nc3c([nH]2)c(=O)n(C)c(=O)n3C)ccc1OCC(=O)NCCN(C)C,IFAPAINJNCAIEX-UHFFFAOYSA-N,CC1CC(C)C2CC(C3CCCCC3)CC2C1,10.1016/j.bioorg.2016.01.003,26851736,1,False,False,pending_dual_review,eligible_for_primary_evidence_review,
BDB-175387,175387,CCN(CC)CCNC(=O)COc1ccc(-c2nc3c([nH]2)c(=O)n(C)c(=O)n3C)cc1OC,POHMJKWKQLDWJH-UHFFFAOYSA-N,CC1CC(C)C2CC(C3CCCCC3)CC2C1,10.1016/j.bioorg.2016.01.003,26851736,1,False,False,pending_dual_review,eligible_for_primary_evidence_review,
BDB-175388,175388,COc1cc(-c2nc3c([nH]2)c(=O)n(C)c(=O)n3C)ccc1OCC(=O)N1CCCC1,LVHVGUNCVPTISU-UHFFFAOYSA-N,CC1CC(C)C2CC(C3CCC(CCC(C)C4CCCC4)CC3)CC2C1,10.1016/j.bioorg.2016.01.003,26851736,1,False,False,pending_dual_review,eligible_for_primary_evidence_review,
BDB-175390,175390,COc1cc(-c2nc3c([nH]2)c(=O)n(C)c(=O)n3C)ccc1OCC(=O)N1CCCCCC1,LLOHYALDWMUHGF-UHFFFAOYSA-N,CC1CC(C)C2CC(C3CCC(CCC(C)C4CCCCCC4)CC3)CC2C1,10.1016/j.bioorg.2016.01.003,26851736,1,False,False,pending_dual_review,eligible_for_primary_evidence_review,
BDB-175393,175393,COc1cc(-c2nc3c([nH]2)c(=O)n(C)c(=O)n3C)ccc1OCC(=O)n1ccnc1,IMWFUDXESXPFJA-UHFFFAOYSA-N,CC1CC(C)C2CC(C3CCC(CCC(C)C4CCCC4)CC3)CC2C1,10.1016/j.bioorg.2016.01.003,26851736,1,False,False,pending_dual_review,eligible_for_primary_evidence_review,
BDB-175394,175394,COc1ccc(CCNC(=O)COc2ccc(-c3nc4c([nH]3)c(=O)n(C)c(=O)n4C)cc2OC)cc1OC,BFYUKZCEESTNPD-UHFFFAOYSA-N,CC(CCCC1CCCCC1)CCC1CCC(C2CC3CC(C)CC(C)C3C2)CC1,10.1016/j.bioorg.2016.01.003,26851736,1,False,False,pending_dual_review,eligible_for_primary_evidence_review,
BDB-175395,175395,COc1ccc(-c2nc3c([nH]2)c(=O)n(C)c(=O)n3C)cc1OCC(=O)NCCN(C)C,HRFAEZWDSALPPI-UHFFFAOYSA-N,CC1CC(C)C2CC(C3CCCCC3)CC2C1,10.1016/j.bioorg.2016.01.003,26851736,1,False,False,pending_dual_review,eligible_for_primary_evidence_review,
BDB-175396,175396,CCN(CC)CCNC(=O)COc1cc(-c2nc3c([nH]2)c(=O)n(C)c(=O)n3C)ccc1OC,WBKKRRRQOWLLBK-UHFFFAOYSA-N,CC1CC(C)C2CC(C3CCCCC3)CC2C1,10.1016/j.bioorg.2016.01.003,26851736,1,False,False,pending_dual_review,eligible_for_primary_evidence_review,
BDB-175397,175397,COc1ccc(-c2nc3c([nH]2)c(=O)n(C)c(=O)n3C)cc1OCC(=O)N1CCCC1,NTOPCEYEXCCFNE-UHFFFAOYSA-N,CC1CC(C)C2CC(C3CCCC(CCC(C)C4CCCC4)C3)CC2C1,10.1016/j.bioorg.2016.01.003,26851736,1,False,False,pending_dual_review,eligible_for_primary_evidence_review,
BDB-175398,175398,COc1ccc(-c2nc3c([nH]2)c(=O)n(C)c(=O)n3C)cc1OCC(=O)N1CCCCC1,BMBWRZPUMJHDJI-UHFFFAOYSA-N,CC1CC(C)C2CC(C3CCCC(CCC(C)C4CCCCC4)C3)CC2C1,10.1016/j.bioorg.2016.01.003,26851736,1,False,False,pending_dual_review,eligible_for_primary_evidence_review,
BDB-175399,175399,COc1ccc(-c2nc3c([nH]2)c(=O)n(C)c(=O)n3C)cc1OCC(=O)N1CCCCCC1,IDGFGLTVKLOCMJ-UHFFFAOYSA-N,CC1CC(C)C2CC(C3CCCC(CCC(C)C4CCCCCC4)C3)CC2C1,10.1016/j.bioorg.2016.01.003,26851736,1,False,False,pending_dual_review,eligible_for_primary_evidence_review,
BDB-175400,175400,COc1ccc(-c2nc3c([nH]2)c(=O)n(C)c(=O)n3C)cc1OCC(=O)N1CCOCC1,RAWZXLWRGULNGN-UHFFFAOYSA-N,CC1CC(C)C2CC(C3CCCC(CCC(C)C4CCCCC4)C3)CC2C1,10.1016/j.bioorg.2016.01.003,26851736,1,False,False,pending_dual_review,eligible_for_primary_evidence_review,
BDB-175401,175401,COc1ccc(-c2nc3c([nH]2)c(=O)n(C)c(=O)n3C)cc1OCC(=O)N1CCN(C)CC1,XPDRAVHADRZCQU-UHFFFAOYSA-N,CC1CC(C)C2CC(C3CCCC(CCC(C)C4CCCCC4)C3)CC2C1,10.1016/j.bioorg.2016.01.003,26851736,1,False,False,pending_dual_review,eligible_for_primary_evidence_review,
BDB-175402,175402,COc1ccc(-c2nc3c([nH]2)c(=O)n(C)c(=O)n3C)cc1OCC(=O)N1C=NCC1,UFDSXJSHQYVRHF-UHFFFAOYSA-N,CC1CC(C)C2CC(C3CCCC(CCC(C)C4CCCC4)C3)CC2C1,10.1016/j.bioorg.2016.01.003,26851736,1,False,False,pending_dual_review,eligible_for_primary_evidence_review,
BDB-175403,175403,COc1ccc(CCNC(=O)COc2cc(-c3nc4c([nH]3)c(=O)n(C)c(=O)n4C)ccc2OC)cc1OC,LTDQAWJREJGEPO-UHFFFAOYSA-N,CC(CCCC1CCCCC1)CCC1CCCC(C2CC3CC(C)CC(C)C3C2)C1,10.1016/j.bioorg.2016.01.003,26851736,1,False,False,pending_dual_review,eligible_for_primary_evidence_review,
BDB-200213,200213,Nc1nc(=O)[nH]c2c1ncn2[C@@H]1O[C@H](CO)[C@@H](O)[C@H]1O,MIKUYHXYGGJMLM-UUOKFMHZSA-N,CC1CCC2CCC(C3CCCC3)C2C1,10.1021/acschembio.6b00357,27439119,1,False,False,pending_dual_review,eligible_for_primary_evidence_review,
BDB-204862,204862,Cn1cc2c(nc(NC(=O)Nc3ccc(CC(=O)O)cc3)n3nc(-c4ccco4)nc23)n1,QOVZGPDUOLJANP-UHFFFAOYSA-N,CC(CC1CCCCC1)CC1CC2CCCC2C2CC(C3CCCC3)CC12,10.1016/j.ejmech.2019.111886,31787357,2,False,False,pending_dual_review,eligible_for_primary_evidence_review,
BDB-21193,21193,Cc1cc(C)n(-c2cc(NC(=O)CN3CCCN(C)CC3)nc(-c3ccc(C)o3)n2)n1,NDSMOKBIZMIYDJ-UHFFFAOYSA-N,CC(CC1CCCCCC1)CC1CC(C2CCCC2)CC(C2CCCC2)C1,10.1021/jm701187w,18307293,1,False,False,pending_dual_review,eligible_for_primary_evidence_review,
BDB-21199,21199,Cc1cc(C)n(-c2cc(NC(=O)CN3CCCOCC3)nc(-c3ccc(C)o3)n2)n1,MJCNLEGNWBNHCX-UHFFFAOYSA-N,CC(CC1CCCCCC1)CC1CC(C2CCCC2)CC(C2CCCC2)C1,10.1021/jm701187w,18307293,1,False,False,pending_dual_review,eligible_for_primary_evidence_review,
BDB-21202,21202,Cc1cc(C)n(-c2cc(NC(=O)CN3CCCC3)nc(-c3ccc(C)o3)n2)n1,ICWUXDJBFYYDHU-UHFFFAOYSA-N,CC(CC1CCCC1)CC1CC(C2CCCC2)CC(C2CCCC2)C1,10.1021/jm701187w,18307293,1,False,False,pending_dual_review,eligible_for_primary_evidence_review,
BDB-21203,21203,Cc1cc(C)n(-c2cc(NC(=O)CN3CC[C@H](N(C)C)C3)nc(-c3ccc(C)o3)n2)n1,FJQPCZJPOCTEEK-KRWDZBQOSA-N,CC(CC1CCCC1)CC1CC(C2CCCC2)CC(C2CCCC2)C1,10.1021/jm701187w,18307293,1,False,False,pending_dual_review,eligible_for_primary_evidence_review,
BDB-21204,21204,Cc1cc(C)n(-c2cc(NC(=O)CN3CC[C@@H](N(C)C)C3)nc(-c3ccc(C)o3)n2)n1,FJQPCZJPOCTEEK-QGZVFWFLSA-N,CC(CC1CCCC1)CC1CC(C2CCCC2)CC(C2CCCC2)C1,10.1021/jm701187w,18307293,1,False,False,pending_dual_review,eligible_for_primary_evidence_review,
BDB-21205,21205,Cc1cc(C)n(-c2cc(NC(=O)CN3CC[C@H](OC(C)C)C3)nc(-c3ccc(C)o3)n2)n1,KGHBKXALSJLZKK-SFHVURJKSA-N,CC(CC1CCCC1)CC1CC(C2CCCC2)CC(C2CCCC2)C1,10.1021/jm701187w,18307293,1,False,False,pending_dual_review,eligible_for_primary_evidence_review,
BDB-21206,21206,CCN[C@@H]1CCN(CC(=O)Nc2cc(-n3nc(C)cc3C)nc(-c3ccc(C)o3)n2)C1,KMMAIJQUGOQJIO-QGZVFWFLSA-N,CC(CC1CCCC1)CC1CC(C2CCCC2)CC(C2CCCC2)C1,10.1021/jm701187w,18307293,1,False,False,pending_dual_review,eligible_for_primary_evidence_review,
BDB-21207,21207,CCN[C@H]1CCN(CC(=O)Nc2cc(-n3nc(C)cc3C)nc(-c3ccc(C)o3)n2)C1,KMMAIJQUGOQJIO-KRWDZBQOSA-N,CC(CC1CCCC1)CC1CC(C2CCCC2)CC(C2CCCC2)C1,10.1021/jm701187w,18307293,1,False,False,pending_dual_review,eligible_for_primary_evidence_review,
BDB-21208,21208,CCN(CC)[C@H]1CCN(CC(=O)Nc2cc(-n3nc(C)cc3C)nc(-c3ccc(C)o3)n2)C1,RZWNFRXLFHITKC-IBGZPJMESA-N,CC(CC1CCCC1)CC1CC(C2CCCC2)CC(C2CCCC2)C1,10.1021/jm701187w,18307293,1,False,False,pending_dual_review,eligible_for_primary_evidence_review,
BDB-21209,21209,Cc1cc(C)n(-c2cc(NC(=O)CN3CC[C@H](CN(C)C)C3)nc(-c3ccc(C)o3)n2)n1,UAAYMUFGVDVSAW-GOSISDBHSA-N,CC(CC1CCCC1)CC1CC(C2CCCC2)CC(C2CCCC2)C1,10.1021/jm701187w,18307293,1,False,False,pending_dual_review,eligible_for_primary_evidence_review,
BDB-21210,21210,Cc1cc(C)n(-c2cc(NC(=O)CN3CC[C@@H](CN(C)C)C3)nc(-c3ccc(C)o3)n2)n1,UAAYMUFGVDVSAW-SFHVURJKSA-N,CC(CC1CCCC1)CC1CC(C2CCCC2)CC(C2CCCC2)C1,10.1021/jm701187w,18307293,1,False,False,pending_dual_review,eligible_for_primary_evidence_review,
BDB-21212,21212,Cc1cc(C)n(-c2cc(NC(=O)CCN3CC[C@H](N(C)C)C3)nc(-c3ccc(C)o3)n2)n1,FVYCZVOQAJZLBF-SFHVURJKSA-N,CC(CCC1CCCC1)CC1CC(C2CCCC2)CC(C2CCCC2)C1,10.1021/jm701187w,18307293,1,False,False,pending_dual_review,eligible_for_primary_evidence_review,
BDB-21215,21215,c1ccc2nc(-c3nc4ccccc4[nH]3)cnc2c1,AYFBMQMYJRNGIM-UHFFFAOYSA-N,C1CCC2CC(C3CC4CCCCC4C3)CCC2C1,10.1021/jm050792d|10.1021/jm701159t,16366607|18269230,2,False,False,pending_dual_review,eligible_for_primary_evidence_review,
BDB-21216,21216,CCSc1cccc2nc(-c3cnc4ccccc4n3)[nH]c12,IHVQPVYBIZVMSJ-UHFFFAOYSA-N,C1CCC2CC(C3CC4CCCCC4C3)CCC2C1,10.1021/jm050792d|10.1021/jm701159t,16366607|18269230,2,False,False,pending_dual_review,eligible_for_primary_evidence_review,
BDB-21217,21217,Cc1cccc2[nH]c(-c3cnc4ccccc4n3)nc12,HQNVISKJTIKRQJ-UHFFFAOYSA-N,C1CCC2CC(C3CC4CCCCC4C3)CCC2C1,10.1021/jm050792d|10.1021/jm300087j|10.1021/jm701159t,16366607|18269230|22468757,3,False,False,pending_dual_review,eligible_for_primary_evidence_review,
BDB-21224,21224,CCCOc1cc(NC(C)=O)nc(SC)n1,SXTYNRQUEVYKGM-UHFFFAOYSA-N,C1CCCCC1,10.1021/jm701159t,18269230,1,False,False,pending_dual_review,eligible_for_primary_evidence_review,
BDB-21225,21225,CCCOc1cc(NC(=O)CC)nc(SC)n1,QYJDYRFPFRKOAF-UHFFFAOYSA-N,C1CCCCC1,10.1021/jm701159t,18269230,1,False,False,pending_dual_review,eligible_for_primary_evidence_review,
BDB-21229,21229,CCCOc1cc(NC(=O)CC)nc(SCCC)n1,LDWFVJJZFOZGAM-UHFFFAOYSA-N,C1CCCCC1,10.1021/jm701159t,18269230,1,False,False,pending_dual_review,eligible_for_primary_evidence_review,
BDB-21232,21232,CCCSc1nc(NC(C)=O)cc(OCc2ccccc2Cl)n1,GCOZWYSMVAXUDI-UHFFFAOYSA-N,C1CCC(CCC2CCCCC2)CC1,10.1021/jm701159t,18269230,1,False,False,pending_dual_review,eligible_for_primary_evidence_review,
BDB-26250,26250,CC(=O)Nc1cc(-c2cccc(N3CCCC3)n2)nc(-n2nc(C)cc2C)n1,FKWNFEDFTOOVQH-UHFFFAOYSA-N,C1CCC(C2CCCC(C3CCCC(C4CCCC4)C3)C2)C1,10.1021/jm800851u,18947224,1,False,False,pending_dual_review,eligible_for_primary_evidence_review,
BDB-26252,26252,CC(=O)Nc1cc(-c2cccc(N3CCCOCC3)n2)nc(-n2nc(C)cc2C)n1,KWQQYOALARJKSN-UHFFFAOYSA-N,C1CCCC(C2CCCC(C3CCCC(C4CCCC4)C3)C2)CC1,10.1021/jm800851u,18947224,1,False,False,pending_dual_review,eligible_for_primary_evidence_review,
BDB-35774,35774,Nc1nc(C(=O)NCc2ccccc2Cl)nc(-c2ccco2)n1,AGTOBZALEHSBGN-UHFFFAOYSA-N,CC(CCC1CCCCC1)C1CCCC(C2CCCC2)C1,10.1016/j.bmc.2009.07.078,19695884,1,False,False,pending_dual_review,eligible_for_primary_evidence_review,
BDB-35775,35775,Cc1ccccc1CNC(=O)c1nc(N)nc(-c2ccco2)n1,YXYNAESRRXRVGH-UHFFFAOYSA-N,CC(CCC1CCCCC1)C1CCCC(C2CCCC2)C1,10.1016/j.bmc.2009.07.078,19695884,1,False,False,pending_dual_review,eligible_for_primary_evidence_review,
BDB-35776,35776,Cc1cccc(CNC(=O)c2nc(N)nc(-c3ccco3)n2)c1,MBBZWYJSVSKEGK-UHFFFAOYSA-N,CC(CCC1CCCCC1)C1CCCC(C2CCCC2)C1,10.1016/j.bmc.2009.07.078,19695884,1,False,False,pending_dual_review,eligible_for_primary_evidence_review,
BDB-35777,35777,COc1ccccc1CNC(=O)c1nc(N)nc(-c2ccco2)n1,SVNKUTHNUMDRJT-UHFFFAOYSA-N,CC(CCC1CCCCC1)C1CCCC(C2CCCC2)C1,10.1016/j.bmc.2009.07.078,19695884,1,False,False,pending_dual_review,eligible_for_primary_evidence_review,
BDB-35778,35778,Nc1nc(C(=O)NCc2ccccn2)nc(-c2ccco2)n1,HGJLLUQYSGTCKV-UHFFFAOYSA-N,CC(CCC1CCCCC1)C1CCCC(C2CCCC2)C1,10.1016/j.bmc.2009.07.078,19695884,1,False,False,pending_dual_review,eligible_for_primary_evidence_review,
BDB-35779,35779,Nc1nc(C(=O)NCc2cccnc2)nc(-c2ccco2)n1,HHWVHFMQYVXKIH-UHFFFAOYSA-N,CC(CCC1CCCCC1)C1CCCC(C2CCCC2)C1,10.1016/j.bmc.2009.07.078,19695884,1,False,False,pending_dual_review,eligible_for_primary_evidence_review,
BDB-35780,35780,Nc1nc(C(=O)NCc2ccncc2)nc(-c2ccco2)n1,HOVBRZHJQAGWFD-UHFFFAOYSA-N,CC(CCC1CCCCC1)C1CCCC(C2CCCC2)C1,10.1016/j.bmc.2009.07.078,19695884,1,False,False,pending_dual_review,eligible_for_primary_evidence_review,
BDB-35781,35781,Cc1cccnc1CNC(=O)c1nc(N)nc(-c2ccco2)n1,AIOIYFXDTRSDOY-UHFFFAOYSA-N,CC(CCC1CCCCC1)C1CCCC(C2CCCC2)C1,10.1016/j.bmc.2009.07.078,19695884,1,False,False,pending_dual_review,eligible_for_primary_evidence_review,
BDB-35782,35782,COCc1cccc(CNC(=O)c2nc(N)nc(-c3ccco3)n2)n1,AUBIOACYLHNVOM-UHFFFAOYSA-N,CC(CCC1CCCCC1)C1CCCC(C2CCCC2)C1,10.1016/j.bmc.2009.07.078,19695884,1,False,False,pending_dual_review,eligible_for_primary_evidence_review,
BDB-35783,35783,Cc1cccnc1CNC(=O)c1cc(N)nc(-c2ccco2)c1,RMUWNKIJDZFMFI-UHFFFAOYSA-N,CC(CCC1CCCCC1)C1CCCC(C2CCCC2)C1,10.1016/j.bmc.2009.07.078,19695884,1,False,False,pending_dual_review,eligible_for_primary_evidence_review,
BDB-35784,35784,Cc1cccnc1CNC(=O)c1cc(-c2ccco2)nc(N)n1,ALJHDNNRZIJMJX-UHFFFAOYSA-N,CC(CCC1CCCCC1)C1CCCC(C2CCCC2)C1,10.1016/j.bmc.2009.07.078,19695884,2,False,False,pending_dual_review,eligible_for_primary_evidence_review,
BDB-35786,35786,Cc1ccc(-c2cc(C(=O)NCc3ccccn3)nc(N)n2)o1,LJKPWPQGCKKQKY-UHFFFAOYSA-N,CC(CCC1CCCCC1)C1CCCC(C2CCCC2)C1,10.1016/j.bmc.2009.07.078,19695884,1,False,False,pending_dual_review,eligible_for_primary_evidence_review,
BDB-35787,35787,Cc1csc(-c2cc(C(=O)NCc3ccccn3)nc(N)n2)n1,ZLJVKUREXANFJJ-UHFFFAOYSA-N,CC(CCC1CCCCC1)C1CCCC(C2CCCC2)C1,10.1016/j.bmc.2009.07.078,19695884,1,False,False,pending_dual_review,eligible_for_primary_evidence_review,
BDB-35788,35788,Nc1nc(C(=O)NCc2ccccn2)cc(-c2ccccc2)n1,JEPXTONICDQEJX-UHFFFAOYSA-N,CC(CCC1CCCCC1)C1CCCC(C2CCCCC2)C1,10.1016/j.bmc.2009.07.078,19695884,1,False,False,pending_dual_review,eligible_for_primary_evidence_review,
BDB-35789,35789,Nc1nc(C(=O)NCc2ccccn2)cc(-c2ccccc2F)n1,VYYOZWHQGQCBOI-UHFFFAOYSA-N,CC(CCC1CCCCC1)C1CCCC(C2CCCCC2)C1,10.1016/j.bmc.2009.07.078,19695884,1,False,False,pending_dual_review,eligible_for_primary_evidence_review,
BDB-35790,35790,Nc1nc(C(=O)NCc2ccccn2)cc(-c2cccc(F)c2)n1,KFWWKUUBQRSFND-UHFFFAOYSA-N,CC(CCC1CCCCC1)C1CCCC(C2CCCCC2)C1,10.1016/j.bmc.2009.07.078,19695884,1,False,False,pending_dual_review,eligible_for_primary_evidence_review,
BDB-35791,35791,Nc1nc(C(=O)NCc2ccccn2)cc(-c2ccccc2Cl)n1,ZOBXTLODGZOFPM-UHFFFAOYSA-N,CC(CCC1CCCCC1)C1CCCC(C2CCCCC2)C1,10.1016/j.bmc.2009.07.078,19695884,1,False,False,pending_dual_review,eligible_for_primary_evidence_review,
BDB-35792,35792,Nc1nc(C(=O)NCc2ccccn2)cc(-c2cccc(Cl)c2)n1,MZLFUELYEBOKJZ-UHFFFAOYSA-N,CC(CCC1CCCCC1)C1CCCC(C2CCCCC2)C1,10.1016/j.bmc.2009.07.078,19695884,1,False,False,pending_dual_review,eligible_for_primary_evidence_review,
BDB-35793,35793,Cc1ccccc1-c1cc(C(=O)NCc2ccccn2)nc(N)n1,BRHAJSILNCYGDB-UHFFFAOYSA-N,CC(CCC1CCCCC1)C1CCCC(C2CCCCC2)C1,10.1016/j.bmc.2009.07.078,19695884,1,False,False,pending_dual_review,eligible_for_primary_evidence_review,
BDB-35794,35794,Cc1cccc(-c2cc(C(=O)NCc3ccccn3)nc(N)n2)c1,DYMSEOCOAQDMJQ-UHFFFAOYSA-N,CC(CCC1CCCCC1)C1CCCC(C2CCCCC2)C1,10.1016/j.bmc.2009.07.078,19695884,1,False,False,pending_dual_review,eligible_for_primary_evidence_review,
BDB-35795,35795,Cc1ccc(-c2cc(C(=O)NCc3ccccn3)nc(N)n2)cc1,FINPWYXFHAASPZ-UHFFFAOYSA-N,CC(CCC1CCCCC1)C1CCCC(C2CCCCC2)C1,10.1016/j.bmc.2009.07.078,19695884,1,False,False,pending_dual_review,eligible_for_primary_evidence_review,
BDB-35796,35796,COc1ccccc1-c1cc(C(=O)NCc2ccccn2)nc(N)n1,ZVYYCMRDDCYZAU-UHFFFAOYSA-N,CC(CCC1CCCCC1)C1CCCC(C2CCCCC2)C1,10.1016/j.bmc.2009.07.078,19695884,1,False,False,pending_dual_review,eligible_for_primary_evidence_review,
BDB-35797,35797,COc1cccc(-c2cc(C(=O)NCc3ccccn3)nc(N)n2)c1,AWIQRLYARUXAKO-UHFFFAOYSA-N,CC(CCC1CCCCC1)C1CCCC(C2CCCCC2)C1,10.1016/j.bmc.2009.07.078,19695884,1,False,False,pending_dual_review,eligible_for_primary_evidence_review,
BDB-35798,35798,COc1ccc(-c2cc(C(=O)NCc3ccccn3)nc(N)n2)cc1,POKSLRNNWIKCRY-UHFFFAOYSA-N,CC(CCC1CCCCC1)C1CCCC(C2CCCCC2)C1,10.1016/j.bmc.2009.07.078,19695884,1,False,False,pending_dual_review,eligible_for_primary_evidence_review,
BDB-35799,35799,CCc1ccccc1-c1cc(C(=O)NCc2ccccn2)nc(N)n1,JMEKQHQAVWJJPL-UHFFFAOYSA-N,CC(CCC1CCCCC1)C1CCCC(C2CCCCC2)C1,10.1016/j.bmc.2009.07.078,19695884,1,False,False,pending_dual_review,eligible_for_primary_evidence_review,
BDB-35800,35800,CCOc1ccccc1-c1cc(C(=O)NCc2ccccn2)nc(N)n1,OKSUQKCATVFMCK-UHFFFAOYSA-N,CC(CCC1CCCCC1)C1CCCC(C2CCCCC2)C1,10.1016/j.bmc.2009.07.078,19695884,1,False,False,pending_dual_review,eligible_for_primary_evidence_review,
BDB-35801,35801,N#Cc1ccccc1-c1cc(C(=O)NCc2ccccn2)nc(N)n1,OIVQQVIEMBGOIS-UHFFFAOYSA-N,CC(CCC1CCCCC1)C1CCCC(C2CCCCC2)C1,10.1016/j.bmc.2009.07.078,19695884,1,False,False,pending_dual_review,eligible_for_primary_evidence_review,
BDB-35802,35802,N#Cc1cccc(-c2cc(C(=O)NCc3ccccn3)nc(N)n2)c1,VUEUUBBKHHONJA-UHFFFAOYSA-N,CC(CCC1CCCCC1)C1CCCC(C2CCCCC2)C1,10.1016/j.bmc.2009.07.078,19695884,1,False,False,pending_dual_review,eligible_for_primary_evidence_review,
BDB-35803,35803,COc1cc(C(=O)NCc2ccccn2)nc(N)n1,HKDRLLSZDIGQIK-UHFFFAOYSA-N,CC(CCC1CCCCC1)C1CCCCC1,10.1016/j.bmc.2009.07.078,19695884,1,False,False,pending_dual_review,eligible_for_primary_evidence_review,
BDB-35805,35805,Cc1cccnc1CNC(=O)c1cc(-c2ccccc2F)nc(N)n1,OMKGDUNXJZBSSX-UHFFFAOYSA-N,CC(CCC1CCCCC1)C1CCCC(C2CCCCC2)C1,10.1016/j.bmc.2009.07.078,19695884,1,False,False,pending_dual_review,eligible_for_primary_evidence_review,
BDB-35806,35806,Cc1cccnc1CNC(=O)c1cc(-c2cccc(F)c2)nc(N)n1,ZHVWEQPYUMWWRM-UHFFFAOYSA-N,CC(CCC1CCCCC1)C1CCCC(C2CCCCC2)C1,10.1016/j.bmc.2009.07.078,19695884,1,False,False,pending_dual_review,eligible_for_primary_evidence_review,
BDB-35807,35807,Cc1cccnc1CNC(=O)c1cc(-c2ccccc2Cl)nc(N)n1,AZTIAPCDZAYYTP-UHFFFAOYSA-N,CC(CCC1CCCCC1)C1CCCC(C2CCCCC2)C1,10.1016/j.bmc.2009.07.078,19695884,1,False,False,pending_dual_review,eligible_for_primary_evidence_review,
BDB-35808,35808,Cc1cccnc1CNC(=O)c1cc(-c2cccc(Cl)c2)nc(N)n1,UEEYBUDDHSTDBQ-UHFFFAOYSA-N,CC(CCC1CCCCC1)C1CCCC(C2CCCCC2)C1,10.1016/j.bmc.2009.07.078,19695884,1,False,False,pending_dual_review,eligible_for_primary_evidence_review,
BDB-35809,35809,Cc1ccccc1-c1cc(C(=O)NCc2ncccc2C)nc(N)n1,VQJMRQUZONINAW-UHFFFAOYSA-N,CC(CCC1CCCCC1)C1CCCC(C2CCCCC2)C1,10.1016/j.bmc.2009.07.078,19695884,1,False,False,pending_dual_review,eligible_for_primary_evidence_review,
BDB-35810,35810,Cc1cccc(-c2cc(C(=O)NCc3ncccc3C)nc(N)n2)c1,KBDRHCFCSHAAEU-UHFFFAOYSA-N,CC(CCC1CCCCC1)C1CCCC(C2CCCCC2)C1,10.1016/j.bmc.2009.07.078,19695884,1,False,False,pending_dual_review,eligible_for_primary_evidence_review,
BDB-35811,35811,Cc1ccc(-c2cc(C(=O)NCc3ncccc3C)nc(N)n2)cc1,CCIDSDCHIWRPAJ-UHFFFAOYSA-N,CC(CCC1CCCCC1)C1CCCC(C2CCCCC2)C1,10.1016/j.bmc.2009.07.078,19695884,1,False,False,pending_dual_review,eligible_for_primary_evidence_review,
BDB-35812,35812,COc1ccccc1-c1cc(C(=O)NCc2ncccc2C)nc(N)n1,SKIXXTANEXOQMD-UHFFFAOYSA-N,CC(CCC1CCCCC1)C1CCCC(C2CCCCC2)C1,10.1016/j.bmc.2009.07.078,19695884,1,False,False,pending_dual_review,eligible_for_primary_evidence_review,
BDB-35813,35813,COc1cccc(-c2cc(C(=O)NCc3ncccc3C)nc(N)n2)c1,BOJBVPSBZMUXPG-UHFFFAOYSA-N,CC(CCC1CCCCC1)C1CCCC(C2CCCCC2)C1,10.1016/j.bmc.2009.07.078,19695884,1,False,False,pending_dual_review,eligible_for_primary_evidence_review,
BDB-35814,35814,COc1ccc(-c2cc(C(=O)NCc3ncccc3C)nc(N)n2)cc1,WZCBNYKLBHHBIU-UHFFFAOYSA-N,CC(CCC1CCCCC1)C1CCCC(C2CCCCC2)C1,10.1016/j.bmc.2009.07.078,19695884,1,False,False,pending_dual_review,eligible_for_primary_evidence_review,
BDB-35815,35815,CCc1ccccc1-c1cc(C(=O)NCc2ncccc2C)nc(N)n1,ANWQSYZVEBWUCN-UHFFFAOYSA-N,CC(CCC1CCCCC1)C1CCCC(C2CCCCC2)C1,10.1016/j.bmc.2009.07.078,19695884,1,False,False,pending_dual_review,eligible_for_primary_evidence_review,
BDB-35816,35816,CCOc1ccccc1-c1cc(C(=O)NCc2ncccc2C)nc(N)n1,PZIMWNVGBTWRON-UHFFFAOYSA-N,CC(CCC1CCCCC1)C1CCCC(C2CCCCC2)C1,10.1016/j.bmc.2009.07.078,19695884,1,False,False,pending_dual_review,eligible_for_primary_evidence_review,
BDB-35817,35817,Cc1cccnc1CNC(=O)c1cc(-c2ccccc2C#N)nc(N)n1,HRZQUYPTNWLNOJ-UHFFFAOYSA-N,CC(CCC1CCCCC1)C1CCCC(C2CCCCC2)C1,10.1016/j.bmc.2009.07.078,19695884,1,False,False,pending_dual_review,eligible_for_primary_evidence_review,
BDB-35818,35818,Cc1cccnc1CNC(=O)c1cc(-c2cccc(C#N)c2)nc(N)n1,JUZVEXMCTHOVQC-UHFFFAOYSA-N,CC(CCC1CCCCC1)C1CCCC(C2CCCCC2)C1,10.1016/j.bmc.2009.07.078,19695884,1,False,False,pending_dual_review,eligible_for_primary_evidence_review,
BDB-35819,35819,COc1cc(C(=O)NCc2ncccc2C)nc(N)n1,FUTWRVQKLRHQKJ-UHFFFAOYSA-N,CC(CCC1CCCCC1)C1CCCCC1,10.1016/j.bmc.2009.07.078,19695884,1,False,False,pending_dual_review,eligible_for_primary_evidence_review,
BDB-35820,35820,Cc1ccc(-c2nc(N)nc(C(=O)NCc3ccccn3)c2C)o1,YRCMAVSQCRYFRB-UHFFFAOYSA-N,CC(CCC1CCCCC1)C1CCCC(C2CCCC2)C1,10.1016/j.bmc.2009.07.078,19695884,1,False,False,pending_dual_review,eligible_for_primary_evidence_review,
BDB-35821,35821,CCc1c(C(=O)NCc2ccccn2)nc(N)nc1-c1ccc(C)o1,HZJBTXVDTJIKKZ-UHFFFAOYSA-N,CC(CCC1CCCCC1)C1CCCC(C2CCCC2)C1,10.1016/j.bmc.2009.07.078,19695884,1,False,False,pending_dual_review,eligible_for_primary_evidence_review,
BDB-35822,35822,Cc1ccc(-c2nc(N)nc(C(=O)NCc3ncccc3C)c2C)o1,CIVPEXGIYUUOTF-UHFFFAOYSA-N,CC(CCC1CCCCC1)C1CCCC(C2CCCC2)C1,10.1016/j.bmc.2009.07.078,19695884,1,False,False,pending_dual_review,eligible_for_primary_evidence_review,
BDB-35823,35823,CCc1c(C(=O)NCc2ncccc2C)nc(N)nc1-c1ccc(C)o1,YOVOVQDSVQMVGL-UHFFFAOYSA-N,CC(CCC1CCCCC1)C1CCCC(C2CCCC2)C1,10.1016/j.bmc.2009.07.078,19695884,1,False,False,pending_dual_review,eligible_for_primary_evidence_review,
BDB-35824,35824,Cc1ccc(-c2cc(C(=O)NCc3ccccn3)ncn2)o1,WIWUJNVPPHZIBJ-UHFFFAOYSA-N,CC(CCC1CCCCC1)C1CCCC(C2CCCC2)C1,10.1016/j.bmc.2009.07.078,19695884,1,False,False,pending_dual_review,eligible_for_primary_evidence_review,
BDB-35825,35825,Cc1nc(C(=O)NCc2ccccn2)cc(-c2ccc(C)o2)n1,IUZJLAZMQMGQLI-UHFFFAOYSA-N,CC(CCC1CCCCC1)C1CCCC(C2CCCC2)C1,10.1016/j.bmc.2009.07.078,19695884,1,False,False,pending_dual_review,eligible_for_primary_evidence_review,
BDB-35826,35826,Cc1ccc(-c2cc(C(=O)NCc3ccccn3)nc(C(C)C)n2)o1,DLQORZCPFGRCDA-UHFFFAOYSA-N,CC(CCC1CCCCC1)C1CCCC(C2CCCC2)C1,10.1016/j.bmc.2009.07.078,19695884,1,False,False,pending_dual_review,eligible_for_primary_evidence_review,
BDB-35827,35827,CNc1nc(C(=O)NCc2ccccn2)cc(-c2ccc(C)o2)n1,HBWXRCCGCWQONM-UHFFFAOYSA-N,CC(CCC1CCCCC1)C1CCCC(C2CCCC2)C1,10.1016/j.bmc.2009.07.078,19695884,1,False,False,pending_dual_review,eligible_for_primary_evidence_review,
BDB-35828,35828,Cc1ccc(-c2cc(C(=O)NCc3ccccn3)nc(N(C)C)n2)o1,INYFOQAJCACBLY-UHFFFAOYSA-N,CC(CCC1CCCCC1)C1CCCC(C2CCCC2)C1,10.1016/j.bmc.2009.07.078,19695884,1,False,False,pending_dual_review,eligible_for_primary_evidence_review,
BDB-35830,35830,Cc1ccc(C)c(CNC(=O)c2cc(-c3ccc(C)o3)nc(N)n2)n1,IHJMUJRGBAZKRS-UHFFFAOYSA-N,CC(CCC1CCCCC1)C1CCCC(C2CCCC2)C1,10.1016/j.bmc.2009.07.078,19695884,1,False,False,pending_dual_review,eligible_for_primary_evidence_review,
BDB-35831,35831,Cc1cc(C)nc(CNC(=O)c2cc(-c3ccc(C)o3)nc(N)n2)c1,HPDQBZCPEASACQ-UHFFFAOYSA-N,CC(CCC1CCCCC1)C1CCCC(C2CCCC2)C1,10.1016/j.bmc.2009.07.078,19695884,1,False,False,pending_dual_review,eligible_for_primary_evidence_review,
BDB-35832,35832,Cc1ccc(-c2cc(C(=O)NCc3ccc(C)c(C)n3)nc(N)n2)o1,YRRBXUFUNLNHRS-UHFFFAOYSA-N,CC(CCC1CCCCC1)C1CCCC(C2CCCC2)C1,10.1016/j.bmc.2009.07.078,19695884,1,False,False,pending_dual_review,eligible_for_primary_evidence_review,
BDB-35833,35833,Cc1ccc(-c2cc(C(=O)NCc3cccn3C)nc(N)n2)o1,ZGQWFONFARBCNF-UHFFFAOYSA-N,CC(CCC1CCCC1)C1CCCC(C2CCCC2)C1,10.1016/j.bmc.2009.07.078,19695884,1,False,False,pending_dual_review,eligible_for_primary_evidence_review,
BDB-35834,35834,Cc1ccc(-c2cc(C(=O)NCc3ccc[nH]3)nc(N)n2)o1,OHYATDXPRIBEDD-UHFFFAOYSA-N,CC(CCC1CCCC1)C1CCCC(C2CCCC2)C1,10.1016/j.bmc.2009.07.078,19695884,1,False,False,pending_dual_review,eligible_for_primary_evidence_review,
BDB-35835,35835,Cc1ccc(-c2cc(C(=O)NCc3ccc(C)n3C)nc(N)n2)o1,LEABFFRGVMYHEL-UHFFFAOYSA-N,CC(CCC1CCCC1)C1CCCC(C2CCCC2)C1,10.1016/j.bmc.2009.07.078,19695884,1,False,False,pending_dual_review,eligible_for_primary_evidence_review,
BDB-35836,35836,Cc1ccc(-c2cc(C(=O)NCc3ncc[nH]3)nc(N)n2)o1,HHRCJSSFNCDUDD-UHFFFAOYSA-N,CC(CCC1CCCC1)C1CCCC(C2CCCC2)C1,10.1016/j.bmc.2009.07.078,19695884,1,False,False,pending_dual_review,eligible_for_primary_evidence_review,
BDB-35837,35837,CCn1ccnc1CNC(=O)c1cc(-c2ccc(C)o2)nc(N)n1,QSZUYZGRKRZVOG-UHFFFAOYSA-N,CC(CCC1CCCC1)C1CCCC(C2CCCC2)C1,10.1016/j.bmc.2009.07.078,19695884,1,False,False,pending_dual_review,eligible_for_primary_evidence_review,
BDB-35838,35838,CCCn1ccnc1CNC(=O)c1cc(-c2ccc(C)o2)nc(N)n1,PAFRDJZWUBUWJO-UHFFFAOYSA-N,CC(CCC1CCCC1)C1CCCC(C2CCCC2)C1,10.1016/j.bmc.2009.07.078,19695884,1,False,False,pending_dual_review,eligible_for_primary_evidence_review,
BDB-35839,35839,Cc1ccc(-c2cc(C(=O)NCc3nccn3C(C)C)nc(N)n2)o1,FOBLNBXDRQYXQV-UHFFFAOYSA-N,CC(CCC1CCCC1)C1CCCC(C2CCCC2)C1,10.1016/j.bmc.2009.07.078,19695884,1,False,False,pending_dual_review,eligible_for_primary_evidence_review,
BDB-35840,35840,Cc1cc(CNC(=O)c2cc(-c3ccc(C)o3)nc(N)n2)no1,XLBMHRLYCRFBSP-UHFFFAOYSA-N,CC(CCC1CCCC1)C1CCCC(C2CCCC2)C1,10.1016/j.bmc.2009.07.078,19695884,1,False,False,pending_dual_review,eligible_for_primary_evidence_review,
BDB-35841,35841,Cc1ccc(-c2cc(C(=O)NCc3csc(C)n3)nc(N)n2)o1,IASIGJTVTSPGAJ-UHFFFAOYSA-N,CC(CCC1CCCC1)C1CCCC(C2CCCC2)C1,10.1016/j.bmc.2009.07.078,19695884,1,False,False,pending_dual_review,eligible_for_primary_evidence_review,
BDB-35843,35843,Cc1ccc(-c2cc(C(=O)NCc3ncccc3C)nc(N)n2)o1,DXUBNDHKMQSSDJ-UHFFFAOYSA-N,CC(CCC1CCCCC1)C1CCCC(C2CCCC2)C1,10.1016/j.bmc.2009.07.078,19695884,1,False,False,pending_dual_review,eligible_for_primary_evidence_review,
BDB-35844,35844,Cc1cccnc1CNC(=O)c1cc(-c2nccs2)nc(N)n1,ZIBFIKFAZLBDKX-UHFFFAOYSA-N,CC(CCC1CCCCC1)C1CCCC(C2CCCC2)C1,10.1016/j.bmc.2009.07.078,19695884,1,False,False,pending_dual_review,eligible_for_primary_evidence_review,
BDB-35845,35845,Cc1cccnc1CNC(=O)c1cc(-c2ccccc2)nc(N)n1,UKTAKBCSHJYUMF-UHFFFAOYSA-N,CC(CCC1CCCCC1)C1CCCC(C2CCCCC2)C1,10.1016/j.bmc.2009.07.078,19695884,1,False,False,pending_dual_review,eligible_for_primary_evidence_review,
BDB-44650,44650,N#CCSc1nc2cc(C(=O)N3CCC(C(N)=O)CC3)ccc2c2nc3ccccc3n12,MYUCPCJDLCLXDA-UHFFFAOYSA-N,CC(C1CCCCC1)C1CCC2C(CCC3C4CCCCC4CC23)C1,10.1021/jm300280e,22563707,1,False,False,pending_dual_review,eligible_for_primary_evidence_review,
BDB-49037,49037,N#Cc1c(N)nc(-c2ccccc2)nc1-c1ccccc1,RVAUJCJDJMOIOL-UHFFFAOYSA-N,C1CCC(C2CCCC(C3CCCCC3)C2)CC1,10.1016/j.bmc.2008.01.013,18258439,1,False,False,pending_dual_review,eligible_for_primary_evidence_review,
BDB-50003018,50003018,CCCn1c(=O)c2[nH]c(C3CCC(=O)C3)nc2n(CCC)c1=O,RUHGOZFOVBMWOO-UHFFFAOYSA-N,CC1CCC(C2CC3CC(C)CC(C)C3C2)C1,10.1021/jm00069a009|10.1021/jm00097a016,1404238|8355252,2,False,False,pending_dual_review,eligible_for_primary_evidence_review,
BDB-50003019,50003019,CCCn1c(=O)c2[nH]c(C34CC5CC(CC3C5)C4)nc2n(CCC)c1=O,PJBFVWGQFLYWCB-UHFFFAOYSA-N,CC1CC(C)C2CC(C34CC5CC(CC3C5)C4)CC2C1,10.1016/j.ejmech.2019.111879|10.1021/jm00097a016,1404238|31780082,2,False,False,pending_dual_review,eligible_for_primary_evidence_review,
BDB-50003021,50003021,CCCn1c2nc(C34CC5CC(CC3C5)C4)nc-2c2n(c1=O)C[C@@H](CC)N2,KSNFSPWAGPTPTM-MJOKBVDLSA-N,CC1CC2CC(C34CC5CC(CC3C5)C4)CC2C2CCCC12,10.1021/jm00097a016,1404238,1,False,False,pending_dual_review,eligible_for_primary_evidence_review,
BDB-50003022,50003022,CCCn1c2nc(C34CC5CC(CC3C5)C4)nc-2c2n(c1=O)C[C@H](CC)N2,KSNFSPWAGPTPTM-BPQCLDNESA-N,CC1CC2CC(C34CC5CC(CC3C5)C4)CC2C2CCCC12,10.1021/jm00097a016,1404238,1,False,False,pending_dual_review,eligible_for_primary_evidence_review,
BDB-50003023,50003023,CCCn1c2nc(C34CC5CC(CC3C5)C4)nc-2c2n(c1=O)CC(CC)N2,KSNFSPWAGPTPTM-UHFFFAOYSA-N,CC1CC2CC(C34CC5CC(CC3C5)C4)CC2C2CCCC12,10.1021/jm00097a016,1404238,1,False,False,pending_dual_review,eligible_for_primary_evidence_review,
BDB-50003024,50003024,CCCn1c(=O)c2[nH]c(C(C3CC3)C3CC3)nc2n(CCC)c1=O,OEPXIQLEKWHAGE-UHFFFAOYSA-N,CC1CC(C)C2CC(C(C3CC3)C3CC3)CC2C1,10.1021/jm00097a016,1404238,1,False,False,pending_dual_review,eligible_for_primary_evidence_review,
BDB-50003084,50003084,Cn1c(=O)c2[nH]c(-c3ccc(OCC(=O)N4CCN(Cc5ccccc5)CC4)cc3)cc2n(C)c1=O,QSNFHZZBWASQIR-UHFFFAOYSA-N,CC1CC(C)C2CC(C3CCC(CCC(C)C4CCC(CC5CCCCC5)CC4)CC3)CC2C1,10.1016/j.bmc.2008.01.002,18226909,1,False,False,pending_dual_review,eligible_for_primary_evidence_review,
BDB-50003101,50003101,CCCn1c(=O)n(C)c(=O)c2[nH]c(-c3ccc(OCC(=O)N4CCN(c5nc6ccc(Cl)cc6s5)CC4)cc3)cc21,AXULASFETXLXAO-UHFFFAOYSA-N,CC1CC(C)C2CC(C3CCC(CCC(C)C4CCC(C5CC6CCCCC6C5)CC4)CC3)CC2C1,10.1016/j.bmc.2008.01.002,18226909,1,False,False,pending_dual_review,eligible_for_primary_evidence_review,
BDB-50003108,50003108,O=C(COc1ccc(-c2cc3c([nH]2)c(=O)n(CC2CC2)c(=O)n3CC2CC2)cc1)N1CCc2ccccc2C1,SJVLZHJJIWSOJI-UHFFFAOYSA-N,CC(CCC1CCC(C2CC3C(C)C(CC4CC4)C(C)C(CC4CC4)C3C2)CC1)C1CCC2CCCCC2C1,10.1016/j.bmc.2008.01.002,18226909,1,False,False,pending_dual_review,eligible_for_primary_evidence_review,
BDB-50003151,50003151,CCCn1c(=O)c2[nH]c(-c3ccc(OCC(=O)N4CCN(C(=O)Oc5ccccc5)CC4)cc3)cc2n(CCC)c1=O,KIDLMTBTXJXJRT-UHFFFAOYSA-N,CC1CC(C)C2CC(C3CCC(CCC(C)C4CCC(C(C)CC5CCCCC5)CC4)CC3)CC2C1,10.1016/j.bmc.2008.01.002,18226909,1,False,False,pending_dual_review,eligible_for_primary_evidence_review,
BDB-50003153,50003153,CCCn1c(=O)c2[nH]c(-c3ccc(OCC(=O)N4CCN(c5nc6ccc(Cl)cc6s5)CC4)cc3)cc2n(CCC)c1=O,FIPCWXMPGWCHJR-UHFFFAOYSA-N,CC1CC(C)C2CC(C3CCC(CCC(C)C4CCC(C5CC6CCCCC6C5)CC4)CC3)CC2C1,10.1016/j.bmc.2008.01.002,18226909,1,False,False,pending_dual_review,eligible_for_primary_evidence_review,
BDB-50003212,50003212,CCCn1c(=O)c2[nH]c(-c3ccc(OCC(=O)N4CCN(C(=O)OCc5ccccc5)CC4)cc3)cc2n(CCC)c1=O,WQNHFQJVMCIZLP-UHFFFAOYSA-N,CC1CC(C)C2CC(C3CCC(CCC(C)C4CCC(C(C)CCC5CCCCC5)CC4)CC3)CC2C1,10.1016/j.bmc.2008.01.002,18226909,1,False,False,pending_dual_review,eligible_for_primary_evidence_review,
BDB-50003213,50003213,CCCn1c(=O)c2[nH]c(-c3ccc(OCC(=O)N4CCN(C(c5ccccc5)c5ccccc5)CC4)cc3)cc2n(CCC)c1=O,WSKCJGRELCVAAA-UHFFFAOYSA-N,CC1CC(C)C2CC(C3CCC(CCC(C)C4CCC(C(C5CCCCC5)C5CCCCC5)CC4)CC3)CC2C1,10.1016/j.bmc.2008.01.002,18226909,1,False,False,pending_dual_review,eligible_for_primary_evidence_review,
BDB-50003222,50003222,Cn1c(=O)c2[nH]c(-c3ccc(OCC(=O)N4CCN(c5nc6cc(Cl)ccc6s5)CC4)cc3)cc2n(C)c1=O,VLZIHWVFTXOQPO-UHFFFAOYSA-N,CC1CC(C)C2CC(C3CCC(CCC(C)C4CCC(C5CC6CCCCC6C5)CC4)CC3)CC2C1,10.1016/j.bmc.2008.01.002,18226909,1,False,False,pending_dual_review,eligible_for_primary_evidence_review,
BDB-50003231,50003231,Cn1c(=O)c2[nH]c(-c3ccc(OCC(=O)N4CCC(C(=O)c5ccc(F)cc5)CC4)cc3)cc2n(C)c1=O,NCGWALJTIUYMBB-UHFFFAOYSA-N,CC1CC(C)C2CC(C3CCC(CCC(C)C4CCC(C(C)C5CCCCC5)CC4)CC3)CC2C1,10.1016/j.bmc.2008.01.002,18226909,1,False,False,pending_dual_review,eligible_for_primary_evidence_review,
BDB-50003233,50003233,O=C(COc1ccc(-c2cc3c([nH]2)c(=O)n(CC2CC2)c(=O)n3CC2CC2)cc1)N1CCN(c2ccccc2)CC1,FZSRIJONUFLHPK-UHFFFAOYSA-N,CC(CCC1CCC(C2CC3C(C)C(CC4CC4)C(C)C(CC4CC4)C3C2)CC1)C1CCC(C2CCCCC2)CC1,10.1016/j.bmc.2008.01.002,18226909,1,False,False,pending_dual_review,eligible_for_primary_evidence_review,
BDB-50004568,50004568,CCCn1c(=O)c2[nH]c(CC3CCCCC3)nc2n(CCC)c1=O,RQIMFOZIUJUKKB-UHFFFAOYSA-N,CC1CC(C)C2CC(CC3CCCCC3)CC2C1,10.1021/jm00398a020,3346878,1,False,False,pending_dual_review,eligible_for_primary_evidence_review,
BDB-50006710,50006710,CCCn1c(=O)c2c(nc(/C=C/c3ccc(OC)c(OC)c3)n2C)n(CCC)c1=O,UQGGPCQNHJCOPS-PKNBQFBNSA-N,CC1CC(C)C2CC(CCC3CCCCC3)CC2C1,10.1021/jm990499b,11170626,1,False,False,pending_dual_review,eligible_for_primary_evidence_review,
BDB-50007838,50007838,CCCn1c(=O)c2[nH]c(C3CCCCC3)nc2n(CCC)c1=O,QXHRGKKEMOXVOR-UHFFFAOYSA-N,CC1CC(C)C2CC(C3CCCCC3)CC2C1,10.1021/jm00126a014|10.1021/jm00398a020,2724296|3346878,2,False,False,pending_dual_review,eligible_for_primary_evidence_review,
BDB-50007840,50007840,CCCn1c(=O)c2[nH]c(CC3CCCC3)nc2n(CCC)c1=O,DKVOJBRYXQQFNB-UHFFFAOYSA-N,CC1CC(C)C2CC(CC3CCCC3)CC2C1,10.1021/jm00398a020,3346878,1,False,False,pending_dual_review,eligible_for_primary_evidence_review,
BDB-50008416,50008416,Cn1c(=O)c2c(nc(C3CCCCC3)n2C)n(C)c1=O,HJRNYGSEKWPIMR-UHFFFAOYSA-N,CC1CC(C)C2CC(C3CCCCC3)CC2C1,10.1021/jm00081a001|10.1021/jm00126a014,1738138|2724296,2,False,False,pending_dual_review,eligible_for_primary_evidence_review,
BDB-50008421,50008421,CCCn1c(=O)c2[nH]c([C@H]3CC[C@H](CNC(C)=O)CC3)nc2n(CCC)c1=O,XFYITOILSTZMGV-SHTZXODSSA-N,CC1CC(C)C2CC(C3CCCCC3)CC2C1,10.1021/jm00081a001,1738138,1,False,False,pending_dual_review,eligible_for_primary_evidence_review,
BDB-50009263,50009263,CC(C)(C)OC(=O)C1CCCN1CC(O)[C@H](Cc1ccccc1)NC(=O)[C@H](CC(N)=O)NC(=O)OCc1ccccc1,UYYUHWSVKOGLPA-ZCCOPBOASA-N,CC(CCC(C)CC(CCC1CCCC1)CC1CCCCC1)CCC1CCCCC1,10.1021/jm0109762|10.1021/jm201461q|10.1021/jm4011669,12109910|22104008|24164628,3,False,False,pending_dual_review,eligible_for_primary_evidence_review,
BDB-50009681,50009681,CCn1cnc2c(N)ncnc21,MUIPLRMGAXZWSQ-UHFFFAOYSA-N,C1CCC2CCCC2C1,10.1016/j.bmc.2009.02.030,19282184,1,False,False,pending_dual_review,eligible_for_primary_evidence_review,
BDB-50009685,50009685,Cn1cnc2c(N)ncnc21,WRXCXOUDSPTXNX-UHFFFAOYSA-N,C1CCC2CCCC2C1,10.1016/j.bmc.2009.02.030,19282184,1,False,False,pending_dual_review,eligible_for_primary_evidence_review,
BDB-50009697,50009697,Nc1ncnc2c1ncn2CCO,VAQOTZQDXZDBJK-UHFFFAOYSA-N,C1CCC2CCCC2C1,10.1016/j.bmc.2009.02.030,19282184,1,False,False,pending_dual_review,eligible_for_primary_evidence_review,
BDB-50011305,50011305,O=C(NCCNC(=O)c1nc(NCC(c2ccccc2)c2ccccc2)c2ncn([C@@H]3O[C@H](CO)[C@@H](O)[C@H]3O)c2n1)NC1CCN(c2ccccn2)CC1,ZHQNOECYYOPOGK-AAAKGCLZSA-N,CC(CCCCC(C)C1CC(CCC(C2CCCCC2)C2CCCCC2)C2CCC(C3CCCC3)C2C1)CC1CCC(C2CCCCC2)CC1,10.1021/jm4011669,24164628,1,False,False,pending_dual_review,eligible_for_primary_evidence_review,
BDB-50011596,50011596,c1ccc(Nc2nc3ccccc3c3nc(C4CCCC4)[nH]c23)cc1,VUYDJBYOJKYWBY-UHFFFAOYSA-N,C1CCC(CC2CC3CCCCC3C3CC(C4CCCC4)CC23)CC1,10.1021/jm060086s,16722654,1,False,False,pending_dual_review,eligible_for_primary_evidence_review,
BDB-50013685,50013685,CC(C)n1cnc2c(N)ncnc21,BCMZIPWCRGOWEV-UHFFFAOYSA-N,C1CCC2CCCC2C1,10.1016/j.bmc.2009.02.030,19282184,1,False,False,pending_dual_review,eligible_for_primary_evidence_review,
BDB-50013702,50013702,Nc1ncnc2c1ncn2C1CCCCCC1,FHZRSYFMJLJWBS-UHFFFAOYSA-N,C1CCCC(C2CCC3CCCCC32)CC1,10.1016/j.bmc.2009.02.030,19282184,1,False,False,pending_dual_review,eligible_for_primary_evidence_review,
BDB-50013706,50013706,Nc1ncnc2c1ncn2Cc1ccccc1,MRHCSNNEUHXNIC-UHFFFAOYSA-N,C1CCC(CC2CCC3CCCCC32)CC1,10.1016/j.bmc.2009.02.030,19282184,1,False,False,pending_dual_review,eligible_for_primary_evidence_review,
BDB-50013721,50013721,Nc1ncnc2nc(Br)[nH]c12,FVXHPCVBOXMRJP-UHFFFAOYSA-N,C1CCC2CCCC2C1,10.1016/j.bmc.2009.02.030,19282184,1,False,False,pending_dual_review,eligible_for_primary_evidence_review,
BDB-50014528,50014528,Cn1c(=O)c2[nH]c(C3CCCCC3)nc2n(C)c1=O,RGTYBXHIGUWDRB-UHFFFAOYSA-N,CC1CC(C)C2CC(C3CCCCC3)CC2C1,10.1021/jm00126a014,2724296,1,False,False,pending_dual_review,eligible_for_primary_evidence_review,
BDB-50018002,50018002,CCCn1c(=O)c2[nH]c(-c3ccc(OCC(=O)ON4C(=O)CCC4=O)cc3)nc2n(CCC)c1=O,NPCYZVFLXAHEOX-UHFFFAOYSA-N,CC1CC(C)C2CC(C3CCC(CCC(C)CC4C(C)CCC4C)CC3)CC2C1,10.1021/jm00147a038,2993622,1,False,False,pending_dual_review,eligible_for_primary_evidence_review,
BDB-50018151,50018151,CCCn1c(=O)c2[nH]c(-c3ccc(C(=O)O)cc3)nc2n(CCC)c1=O,DNQSBNFCLWHHHQ-UHFFFAOYSA-N,CC1CC(C)C2CC(C3CCCCC3)CC2C1,10.1021/jm00126a014|10.1021/jm00398a020,2724296|3346878,2,False,False,pending_dual_review,eligible_for_primary_evidence_review,
BDB-50018152,50018152,CCCn1c(=O)[nH]c2nc(-c3ccccc3)[nH]c2c1=O,LNATVXLECNOWHK-UHFFFAOYSA-N,CC1CC(C)C2CC(C3CCCCC3)CC2C1,10.1021/jm00126a014,2724296,1,False,False,pending_dual_review,eligible_for_primary_evidence_review,
BDB-50018153,50018153,CCCn1c(=O)[nH]c(=O)c2[nH]c(-c3ccc(C(=O)O)cc3)nc21,WAEZDKQASCOVEK-UHFFFAOYSA-N,CC1CC(C)C2CC(C3CCCCC3)CC2C1,10.1021/jm00126a014,2724296,1,False,False,pending_dual_review,eligible_for_primary_evidence_review,
BDB-50018154,50018154,CC(C)CCn1c(=O)c2[nH]cnc2n(CC(C)C)c1=O,HRWQHFZQHIUCCC-UHFFFAOYSA-N,CC1CC(C)C2CCCC2C1,10.1021/jm00126a014,2724296,1,False,False,pending_dual_review,eligible_for_primary_evidence_review,
BDB-50018155,50018155,CCCn1c(=O)[nH]c(=O)c2[nH]c(-c3ccccc3)nc21,IFTBXZYFIQVMHB-UHFFFAOYSA-N,CC1CC(C)C2CC(C3CCCCC3)CC2C1,10.1021/jm00126a014,2724296,1,False,False,pending_dual_review,eligible_for_primary_evidence_review,
BDB-50018156,50018156,CCCn1c(=O)[nH]c(=O)c2[nH]c(-c3ccc(S(=O)(=O)O)cc3)nc21,WMCRKIQEUJBCRC-UHFFFAOYSA-N,CC1CC(C)C2CC(C3CCCCC3)CC2C1,10.1021/jm00126a014,2724296,1,False,False,pending_dual_review,eligible_for_primary_evidence_review,
BDB-50018157,50018157,Cn1c(=O)[nH]c2nc(-c3ccccc3)[nH]c2c1=O,UOOOWRVLSKCKGJ-UHFFFAOYSA-N,CC1CC(C)C2CC(C3CCCCC3)CC2C1,10.1021/jm00126a014,2724296,1,False,False,pending_dual_review,eligible_for_primary_evidence_review,
BDB-50018159,50018159,Cn1c(=O)c2[nH]c(-c3ccc(C(=O)O)cc3)nc2n(C)c1=O,VOGIMZNURUXDIJ-UHFFFAOYSA-N,CC1CC(C)C2CC(C3CCCCC3)CC2C1,10.1021/jm00126a014,2724296|3010074,2,False,False,pending_dual_review,eligible_for_primary_evidence_review,
BDB-50018160,50018160,CCCn1c(=O)c2c(nc(-c3ccccc3)n2C)n(CCC)c1=O,BRULSDYQESRVGY-UHFFFAOYSA-N,CC1CC(C)C2CC(C3CCCCC3)CC2C1,10.1021/jm00126a014,2724296,1,False,False,pending_dual_review,eligible_for_primary_evidence_review,
BDB-50018161,50018161,COC(=O)c1ccc(-c2nc3c(c(=O)n(C)c(=O)n3C)n2C)cc1,HCDPJTLXCJRHIT-UHFFFAOYSA-N,CC1CC(C)C2CC(C3CCCCC3)CC2C1,10.1021/jm00126a014,2724296,1,False,False,pending_dual_review,eligible_for_primary_evidence_review,
BDB-50018162,50018162,CCCn1c(=O)c2[nH]c(-c3ccc(S(=O)(=O)O)cc3)nc2n(CCC)c1=O,IWALGNIFYOBRKC-UHFFFAOYSA-N,CC1CC(C)C2CC(C3CCCCC3)CC2C1,10.1021/jm00126a014,2724296,1,False,False,pending_dual_review,eligible_for_primary_evidence_review,
BDB-50018163,50018163,CCCn1c(=O)c2c(nc(-c3ccc(C(=O)O)cc3)n2C)n(CCC)c1=O,SEVZMIUXELILJP-UHFFFAOYSA-N,CC1CC(C)C2CC(C3CCCCC3)CC2C1,10.1021/jm00126a014,2724296,1,False,False,pending_dual_review,eligible_for_primary_evidence_review,
BDB-50018164,50018164,CCCn1c(=O)c2c(nc(-c3ccc(C(=O)OC)cc3)n2C)n(CCC)c1=O,FBZRBFBNBXZFAK-UHFFFAOYSA-N,CC1CC(C)C2CC(C3CCCCC3)CC2C1,10.1021/jm00126a014,2724296,1,False,False,pending_dual_review,eligible_for_primary_evidence_review,
BDB-50018165,50018165,CCCn1c(=O)c2c(nc(-c3ccc(S(=O)(=O)O)cc3)n2C)n(CCC)c1=O,VAZMYOMAKIDPPO-UHFFFAOYSA-N,CC1CC(C)C2CC(C3CCCCC3)CC2C1,10.1021/jm00126a014,2724296,1,False,False,pending_dual_review,eligible_for_primary_evidence_review,
BDB-50018166,50018166,Cn1c(=O)c2c(nc(-c3ccc(C(=O)O)cc3)n2C)n(C)c1=O,XMTBHFPDEWASSD-UHFFFAOYSA-N,CC1CC(C)C2CC(C3CCCCC3)CC2C1,10.1021/jm00126a014,2724296,1,False,False,pending_dual_review,eligible_for_primary_evidence_review,
BDB-50018167,50018167,CCCn1c(=O)[nH]c(=O)c2[nH]c(C3CCCCC3)nc21,ZDNILTNYWAZWBW-UHFFFAOYSA-N,CC1CC(C)C2CC(C3CCCCC3)CC2C1,10.1021/jm00126a014,2724296,1,False,False,pending_dual_review,eligible_for_primary_evidence_review,
BDB-50018168,50018168,CCCn1c(=O)c2c(nc(C3CCCCC3)n2C)n(CCC)c1=O,AMDFTERSBYGODM-UHFFFAOYSA-N,CC1CC(C)C2CC(C3CCCCC3)CC2C1,10.1021/jm00126a014,2724296,1,False,False,pending_dual_review,eligible_for_primary_evidence_review,
BDB-50018169,50018169,Cn1c(=O)c2c(nc(-c3ccc(S(=O)(=O)O)cc3)n2C)n(C)c1=O,RCXJIEJBIXFCTK-UHFFFAOYSA-N,CC1CC(C)C2CC(C3CCCCC3)CC2C1,10.1021/jm00126a014,2724296,1,False,False,pending_dual_review,eligible_for_primary_evidence_review,
BDB-50018170,50018170,CC(C)CCn1c(=O)c2[nH]c(-c3ccc(S(=O)(=O)O)cc3)nc2n(CC(C)C)c1=O,JXMNUSHGVIUZOA-UHFFFAOYSA-N,CC1CC(C)C2CC(C3CCCCC3)CC2C1,10.1021/jm00126a014,2724296,1,False,False,pending_dual_review,eligible_for_primary_evidence_review,
BDB-50018171,50018171,Cn1c(=O)c2c(nc(-c3ccccc3)n2C)n(C)c1=O,MBYIBRUTNFFDFL-UHFFFAOYSA-N,CC1CC(C)C2CC(C3CCCCC3)CC2C1,10.1021/jm00126a014,2724296,1,False,False,pending_dual_review,eligible_for_primary_evidence_review,
BDB-50018172,50018172,CC(C)CCn1c(=O)c2[nH]c(-c3ccccc3)nc2n(CC(C)C)c1=O,XNCIQXPNALANLZ-UHFFFAOYSA-N,CC1CC(C)C2CC(C3CCCCC3)CC2C1,10.1021/jm00126a014,2724296,1,False,False,pending_dual_review,eligible_for_primary_evidence_review,
BDB-50018419,50018419,CCCn1c(=O)c2[nH]c(-c3ccc(OCC(=O)OCC)cc3)nc2n(CCC)c1=O,MVDJCRHMFYMNMB-UHFFFAOYSA-N,CC1CC(C)C2CC(C3CCCCC3)CC2C1,10.1021/jm00147a038,2993622,1,False,False,pending_dual_review,eligible_for_primary_evidence_review,
BDB-50018688,50018688,C#CCn1c(Br)nc2c(N)nc(C#CCCCCCC)nc21,SFZVZANTMXWQKF-UHFFFAOYSA-N,C1CCC2CCCC2C1,10.1016/j.bmc.2014.04.041,24815000|34695776,2,False,False,pending_dual_review,eligible_for_primary_evidence_review,
BDB-50020847,50020847,Cn1c(=O)c2[nH]c(-c3ccccc3N)nc2n(C)c1=O,PFYRHBKLMLLPGV-UHFFFAOYSA-N,CC1CC(C)C2CC(C3CCCCC3)CC2C1,,3010074,1,False,False,pending_dual_review,eligible_for_primary_evidence_review,
BDB-50020852,50020852,Cn1c(=O)c2[nH]c(-c3ccc(N)cc3)nc2n(C)c1=O,LWDNIXPAGBUFTP-UHFFFAOYSA-N,CC1CC(C)C2CC(C3CCCCC3)CC2C1,,3010074,1,False,False,pending_dual_review,eligible_for_primary_evidence_review,
BDB-50020965,50020965,COc1ccc(-c2nc3c([nH]2)c(=O)n(C)c(=O)n3C)cc1,VPHSVCWZXWNVFF-UHFFFAOYSA-N,CC1CC(C)C2CC(C3CCCCC3)CC2C1,,3010074,1,False,False,pending_dual_review,eligible_for_primary_evidence_review,
BDB-50020988,50020988,Cn1c(=O)c2[nH]c(-c3ccc(Cl)cc3)nc2n(C)c1=O,PJMZAQWLPMVOMG-UHFFFAOYSA-N,CC1CC(C)C2CC(C3CCCCC3)CC2C1,,3010074,1,False,False,pending_dual_review,eligible_for_primary_evidence_review,
BDB-50021004,50021004,CCCn1c(=O)c2[nH]c(-c3ccc(N)cc3N)nc2n(CCC)c1=O,DKUGQQPPPJNXNP-UHFFFAOYSA-N,CC1CC(C)C2CC(C3CCCCC3)CC2C1,,3010074,1,False,False,pending_dual_review,eligible_for_primary_evidence_review,
BDB-50021077,50021077,CCCn1c(=O)c2[nH]c(-c3ccc(OCC(N)=O)cc3)nc2n(CCC)c1=O,RFYZESCOUUACOW-UHFFFAOYSA-N,CC1CC(C)C2CC(C3CCCCC3)CC2C1,10.1021/jm00147a038|10.1021/jm0506221,16392813|2993622,2,False,False,pending_dual_review,eligible_for_primary_evidence_review,
BDB-50021078,50021078,CCCn1c(=O)c2nc(-c3ccc(OCC(=O)NCCN(CC)Cc4ccc(O)cc4)cc3)[nH]c2n(CCC)c1=O,POYSDKDOTHHYSW-UHFFFAOYSA-N,CC(CCCCCC1CCCCC1)CCC1CCC(C2CC3CC(C)CC(C)C3C2)CC1,10.1021/jm00147a038,2993622,1,False,False,pending_dual_review,eligible_for_primary_evidence_review,
BDB-50021079,50021079,CCCn1c(=O)c2nc(-c3ccc(OCC(=O)N(C)C)cc3)[nH]c2n(CCC)c1=O,RHKCGUUZAFYOTM-UHFFFAOYSA-N,CC1CC(C)C2CC(C3CCCCC3)CC2C1,10.1021/jm00147a038,2993622,1,False,False,pending_dual_review,eligible_for_primary_evidence_review,
BDB-50021081,50021081,CCCn1c(=O)c2[nH]c(-c3ccc(OCC(=O)NCCNC(=O)CCCCC4SCC5NC(=O)NC54)cc3)nc2n(CCC)c1=O,INJQPSYQXPYCIL-UHFFFAOYSA-N,CC(CCCCC(C)CCC1CCC(C2CC3CC(C)CC(C)C3C2)CC1)CCCCC1CCC2CC(C)CC12,10.1021/jm00147a038,2993622,1,False,False,pending_dual_review,eligible_for_primary_evidence_review,
BDB-50021083,50021083,CCCn1c(=O)c2nc(-c3ccc(OCC(=O)NCCNC(C)=O)cc3)[nH]c2n(CCC)c1=O,WKANSFWPAYNJLJ-UHFFFAOYSA-N,CC1CC(C)C2CC(C3CCCCC3)CC2C1,10.1021/jm00147a038,2993622,1,False,False,pending_dual_review,eligible_for_primary_evidence_review,
BDB-50021084,50021084,Cn1c(=O)c2nc(-c3ccc(OCC(=O)O)cc3)[nH]c2n(C)c1=O,FDRWMRLSMYCJTH-UHFFFAOYSA-N,CC1CC(C)C2CC(C3CCCCC3)CC2C1,10.1021/jm00147a038,2993622,1,False,False,pending_dual_review,eligible_for_primary_evidence_review,
BDB-50021086,50021086,CCCn1c(=O)c2nc(-c3ccc(OCC(=O)NCCCCCCCCN)cc3)[nH]c2n(CCC)c1=O,IFPRUJIUGZOANU-UHFFFAOYSA-N,CC1CC(C)C2CC(C3CCCCC3)CC2C1,10.1021/jm00147a038,2993622,1,False,False,pending_dual_review,eligible_for_primary_evidence_review,
BDB-50021088,50021088,CCCn1c(=O)c2nc(-c3ccc(OCC(=O)NN)cc3)[nH]c2n(CCC)c1=O,IBDKKSRMRJMAGL-UHFFFAOYSA-N,CC1CC(C)C2CC(C3CCCCC3)CC2C1,10.1021/jm00147a038,2993622,1,False,False,pending_dual_review,eligible_for_primary_evidence_review,
BDB-50021448,50021448,CCCn1c(=O)c2[nH]c(-c3ccc(OC)cc3O)nc2n(CCC)c1=O,RQAXETYXJICKOZ-UHFFFAOYSA-N,CC1CC(C)C2CC(C3CCCCC3)CC2C1,10.1021/jm00398a020,3346878,1,False,False,pending_dual_review,eligible_for_primary_evidence_review,
BDB-50021449,50021449,CCCn1c(=O)c2[nH]c(-c3ccc(O)cc3O)nc2n(CCC)c1=O,SDUXPKISILVLFB-UHFFFAOYSA-N,CC1CC(C)C2CC(C3CCCCC3)CC2C1,10.1021/jm00398a020,3346878,1,False,False,pending_dual_review,eligible_for_primary_evidence_review,
BDB-50021453,50021453,CCCn1c(=O)c2[nH]c(-c3ccc(C(N)=O)cc3)nc2n(CCC)c1=O,OSNDCSGQAUQGAK-UHFFFAOYSA-N,CC1CC(C)C2CC(C3CCCCC3)CC2C1,10.1021/jm00398a020,3346878,1,False,False,pending_dual_review,eligible_for_primary_evidence_review,
BDB-50021455,50021455,CCCn1c(=O)c2[nH]c(-c3ccc(OC)cc3)nc2n(CCC)c1=O,JRWGEHUXXHRROS-UHFFFAOYSA-N,CC1CC(C)C2CC(C3CCCCC3)CC2C1,10.1021/jm00398a020,3346878,1,False,False,pending_dual_review,eligible_for_primary_evidence_review,
BDB-50022724,50022724,CCCn1nc(C)c2cc3c(C)nn(CCC)c3cc21,CBKQPKOXVRJSHK-UHFFFAOYSA-N,C1CC2CC3CCCC3CC2C1,10.1021/jm00118a032,3172141,1,False,False,pending_dual_review,eligible_for_primary_evidence_review,
BDB-50022725,50022725,C=CCn1c(=O)c2[nH]cnc2n(CC=C)c1=O,NUZFZZOVBJUJQN-UHFFFAOYSA-N,CC1CC(C)C2CCCC2C1,10.1021/jm00118a032,3172141,1,False,False,pending_dual_review,eligible_for_primary_evidence_review,
BDB-50022726,50022726,Cc1nn(C)c2c(C)c3c(cc12)c(C)nn3C,MWLVLFZSMMFGPJ-UHFFFAOYSA-N,C1CC2CC3CCCC3CC2C1,10.1021/jm00118a032,3172141,1,False,False,pending_dual_review,eligible_for_primary_evidence_review,
BDB-50022727,50022727,Cc1nn(C)c2cc3c(cc12)c(C)nn3C,DFHAEVOWWZQRFK-UHFFFAOYSA-N,C1CC2CC3CCCC3CC2C1,10.1021/jm00118a032,3172141,1,False,False,pending_dual_review,eligible_for_primary_evidence_review,
BDB-50022728,50022728,CCn1nc(C)c2cc3c(C)nn(CC)c3c(C)c21,RLAUKBPMLLPAJY-UHFFFAOYSA-N,C1CC2CC3CCCC3CC2C1,10.1021/jm00118a032,3172141,1,False,False,pending_dual_review,eligible_for_primary_evidence_review,
BDB-50022729,50022729,CCn1nc(C)c2cc3c(C)nn(CC)c3cc21,QVHWUSWEOVUURJ-UHFFFAOYSA-N,C1CC2CC3CCCC3CC2C1,10.1021/jm00118a032,3172141,1,False,False,pending_dual_review,eligible_for_primary_evidence_review,
BDB-50022731,50022731,CC(C)Cn1c(=O)c2[nH]cnc2n(CC(C)C)c1=O,IPUAJXHKDUKOCH-UHFFFAOYSA-N,CC1CC(C)C2CCCC2C1,10.1021/jm00118a032,3172141,1,False,False,pending_dual_review,eligible_for_primary_evidence_review,
BDB-50022732,50022732,Cc1[nH]nc2c([N+](=O)[O-])c3[nH]nc(C)c3cc12,SJGRLFUUACZQRA-UHFFFAOYSA-N,C1CC2CC3CCCC3CC2C1,10.1021/jm00118a032,3172141,1,False,False,pending_dual_review,eligible_for_primary_evidence_review,
BDB-50022733,50022733,Cc1[nH]nc2cc3[nH]nc(C)c3cc12,UXLCQXLOUGZAPM-UHFFFAOYSA-N,C1CC2CC3CCCC3CC2C1,10.1021/jm00118a032,3172141,1,False,False,pending_dual_review,eligible_for_primary_evidence_review,
BDB-50022734,50022734,Cc1[nH]nc2c(C)c3[nH]nc(C)c3cc12,AIWFKMLZLPPKGA-UHFFFAOYSA-N,C1CC2CC3CCCC3CC2C1,10.1021/jm00118a032,3172141,1,False,False,pending_dual_review,eligible_for_primary_evidence_review,
BDB-50023353,50023353,CCCn1c(=O)c2[nH]c(-c3ccc(OCC(=O)O)cc3O)nc2n(CCC)c1=O,WUVZVUXLLQCNSO-UHFFFAOYSA-N,CC1CC(C)C2CC(C3CCCCC3)CC2C1,10.1021/jm00398a020,3346878,1,False,False,pending_dual_review,eligible_for_primary_evidence_review,
BDB-50023354,50023354,CCCn1c(=O)c2[nH]c(-c3cnccn3)nc2n(CCC)c1=O,BEKKFNDDAYCGCI-UHFFFAOYSA-N,CC1CC(C)C2CC(C3CCCCC3)CC2C1,10.1021/jm00398a020,3346878,1,False,False,pending_dual_review,eligible_for_primary_evidence_review,
BDB-50023390,50023390,CCCn1c(=O)n(Cc2ccc(N)cc2)c(=O)c2[nH]c(-c3ccc(OCC(=O)O)cc3)nc21,WSTWMFPZDRAATE-UHFFFAOYSA-N,CC1CC2CC(C3CCCCC3)CC2C(C)C1CC1CCCCC1,10.1021/jm00399a010,3351850,1,False,False,pending_dual_review,eligible_for_primary_evidence_review,
BDB-50023391,50023391,CCCn1c(=O)n(Cc2ccc(N)c(I)c2)c(=O)c2[nH]c(-c3ccc(OCC(=O)O)cc3)nc21,MMUQMGJPHOIRRP-UHFFFAOYSA-N,CC1CC2CC(C3CCCCC3)CC2C(C)C1CC1CCCCC1,10.1021/jm00399a010,3351850,1,False,False,pending_dual_review,eligible_for_primary_evidence_review,
BDB-50023392,50023392,CCCn1c(=O)c2[nH]c(-c3ccc(OCC(=O)O)cc3)nc2n(Cc2ccc(N)cc2)c1=O,JQFZHFFIHFBVEI-UHFFFAOYSA-N,CC1CC(C)C2CC(C3CCCCC3)CC2C1CC1CCCCC1,10.1021/jm00399a010,3351850,1,False,False,pending_dual_review,eligible_for_primary_evidence_review,
BDB-50023394,50023394,CCCn1c(=O)n(CCc2ccc(N=[N+]=[N-])c(I)c2)c(=O)c2[nH]c(-c3ccc(OCC(=O)O)cc3)nc21,UASGMORFNUPXFD-UHFFFAOYSA-N,CC1CC2CC(C3CCCCC3)CC2C(C)C1CCC1CCCCC1,10.1021/jm00399a010,3351850,1,False,False,pending_dual_review,eligible_for_primary_evidence_review,
BDB-50023395,50023395,CCCn1c(=O)c2nc(-c3ccc(OCC(=O)O)cc3)[nH]c2n(CCc2ccc(N=[N+]=[N-])c(I)c2)c1=O,KVYDVJREYLSFDF-UHFFFAOYSA-N,CC1CC(C)C2CC(C3CCCCC3)CC2C1CCC1CCCCC1,10.1021/jm00399a010,3351850,1,False,False,pending_dual_review,eligible_for_primary_evidence_review,
BDB-50023396,50023396,CCCn1c(=O)c2nc(-c3ccc(OCC(=O)O)cc3)[nH]c2n(CCc2ccc(N)cc2)c1=O,VQDCOMSLMASLMJ-UHFFFAOYSA-N,CC1CC(C)C2CC(C3CCCCC3)CC2C1CCC1CCCCC1,10.1021/jm00399a010,3351850,1,False,False,pending_dual_review,eligible_for_primary_evidence_review,
BDB-50023397,50023397,CCCn1c(=O)n(Cc2ccc(N=[N+]=[N-])c(I)c2)c(=O)c2[nH]c(-c3ccc(OCC(=O)O)cc3)nc21,XNWLUIJYUVCMCX-UHFFFAOYSA-N,CC1CC2CC(C3CCCCC3)CC2C(C)C1CC1CCCCC1,10.1021/jm00399a010,3351850,1,False,False,pending_dual_review,eligible_for_primary_evidence_review,
BDB-50023398,50023398,CCCn1c(=O)c2nc(-c3ccc(OCC(=O)O)cc3)[nH]c2n(CCc2ccc(N)c(I)c2)c1=O,FDRHECYWNARKHY-UHFFFAOYSA-N,CC1CC(C)C2CC(C3CCCCC3)CC2C1CCC1CCCCC1,10.1021/jm00399a010,3351850,1,False,False,pending_dual_review,eligible_for_primary_evidence_review,
BDB-50023399,50023399,CCCn1c(=O)c2[nH]c(-c3ccc(OCC(=O)O)cc3)nc2n(Cc2ccc(N=[N+]=[N-])c(I)c2)c1=O,WLOCZCUDOIHJPJ-UHFFFAOYSA-N,CC1CC(C)C2CC(C3CCCCC3)CC2C1CC1CCCCC1,10.1021/jm00399a010,3351850,1,False,False,pending_dual_review,eligible_for_primary_evidence_review,
BDB-50023401,50023401,CCCn1c(=O)n(CCc2ccc(N)cc2)c(=O)c2[nH]c(-c3ccc(OCC(=O)O)cc3)nc21,KODAKUZWJVEWJD-UHFFFAOYSA-N,CC1CC2CC(C3CCCCC3)CC2C(C)C1CCC1CCCCC1,10.1021/jm00399a010,3351850,1,False,False,pending_dual_review,eligible_for_primary_evidence_review,
BDB-50023402,50023402,CCCn1c(=O)n(CCc2ccc(N)c(I)c2)c(=O)c2[nH]c(-c3ccc(OCC(=O)O)cc3)nc21,GBBLXNAVPKQMTG-UHFFFAOYSA-N,CC1CC2CC(C3CCCCC3)CC2C(C)C1CCC1CCCCC1,10.1021/jm00399a010,3351850,1,False,False,pending_dual_review,eligible_for_primary_evidence_review,
BDB-50026819,50026819,CCNC(=O)[C@H]1O[C@@H](n2cnc3c(N)nc(NCCc4ccc(CCC(=O)Nc5ccc(OC(=O)CCCC[C@@H]6SC[C@@H]7NC(=O)N[C@@H]76)c([N+](=O)[O-])c5)cc4)nc32)[C@H](O)[C@@H]1O,MUXUIVVLQXFMRX-CXJTVLAKSA-N,CC(CCCCC1CCC2CC(C)CC12)CC1CCC(CC(C)CCC2CCC(CCCC3CCC4CCC(C5CCCC5)C4C3)CC2)CC1,10.1021/ml5002486,25221664,1,False,False,pending_dual_review,eligible_for_primary_evidence_review,
BDB-50031501,50031501,O=C(O)[C@H]1CC[C@H](OC2CCN(c3ccc(-c4nc5cc(Cl)ccc5[nH]4)cn3)CC2)CC1,HRSBAPZLUYCLLN-RZDIXWSQSA-N,C1CCC(CC2CCC(C3CCC(C4CC5CCCCC5C4)CC3)CC2)CC1,10.1021/ml5003426,25349648,1,False,False,pending_dual_review,eligible_for_primary_evidence_review,
BDB-50031502,50031502,O=C(O)[C@H]1CC[C@@H](OC2CCN(c3ccc(-c4nc5cc(C(F)(F)F)ccc5[nH]4)cn3)CC2)CC1,MCFBUIIRFZBRCU-RHNCMZPLSA-N,C1CCC(CC2CCC(C3CCC(C4CC5CCCCC5C4)CC3)CC2)CC1,10.1021/ml5003426,25349648,1,False,False,pending_dual_review,eligible_for_primary_evidence_review,
BDB-50031503,50031503,O=C(O)[C@H]1CC[C@H](OC2CCN(c3ccc(-c4nc5cc(C(F)(F)F)ccc5[nH]4)cn3)CC2)CC1,MCFBUIIRFZBRCU-RZDIXWSQSA-N,C1CCC(CC2CCC(C3CCC(C4CC5CCCCC5C4)CC3)CC2)CC1,10.1021/ml5003426,25349648,1,False,False,pending_dual_review,eligible_for_primary_evidence_review,
BDB-50031505,50031505,O=C(O)[C@H]1CC[C@H](OC2CCN(c3ccc(-c4nc5cc(F)ccc5[nH]4)cn3)CC2)CC1,FFEXMHIYYSEWRO-RZDIXWSQSA-N,C1CCC(CC2CCC(C3CCC(C4CC5CCCCC5C4)CC3)CC2)CC1,10.1021/ml5003426,25349648,1,False,False,pending_dual_review,eligible_for_primary_evidence_review,
BDB-50034513,50034513,CCNC(=O)C1OC(n2cnc3c(N)nc(C#CCCCc4ccccc4)nc32)C(O)C1O,HJEMREITHZKJMZ-UHFFFAOYSA-N,C1CCC(CCCCCC2CCC3CCC(C4CCCC4)C3C2)CC1,10.1007/s002109900044,10494877,1,False,False,pending_dual_review,eligible_for_primary_evidence_review,
BDB-50034516,50034516,CCNC(=O)C1OC(n2cnc3c(N)nc(C#Cc4ccc(CCC(=O)O)cc4)nc32)C(O)C1O,GARQAYNTACVSPU-UHFFFAOYSA-N,C1CCC(CCC2CCC3CCC(C4CCCC4)C3C2)CC1,10.1007/s002109900044,10494877,1,False,False,pending_dual_review,eligible_for_primary_evidence_review,
BDB-50034531,50034531,CCNC(=O)C1OC(n2cnc3c(N)nc(C#Cc4ccccc4)nc32)C(O)C1O,SWXXHYTUMIMRFO-UHFFFAOYSA-N,C1CCC(CCC2CCC3CCC(C4CCCC4)C3C2)CC1,10.1007/s002109900044,10494877,1,False,False,pending_dual_review,eligible_for_primary_evidence_review,
BDB-50034533,50034533,CCNC(=O)C1OC(n2cnc3c(N)nc(C#Cc4nccs4)nc32)C(O)C1O,GEERMPLJABIPET-UHFFFAOYSA-N,C1CCC(CCC2CCC3CCC(C4CCCC4)C3C2)C1,10.1007/s002109900044,10494877,1,False,False,pending_dual_review,eligible_for_primary_evidence_review,
BDB-50034536,50034536,CCNC(=O)C1OC(n2cnc3c(N)nc(C#Cc4ccc(C(N)=O)cc4)nc32)C(O)C1O,SODZZEVQQQTQCC-UHFFFAOYSA-N,C1CCC(CCC2CCC3CCC(C4CCCC4)C3C2)CC1,10.1007/s002109900044,10494877,1,False,False,pending_dual_review,eligible_for_primary_evidence_review,
BDB-50034540,50034540,CCNC(=O)C1OC(n2cnc3c(N)nc(C#Cc4ccco4)nc32)C(O)C1O,YGJTXZLLALEEMC-UHFFFAOYSA-N,C1CCC(CCC2CCC3CCC(C4CCCC4)C3C2)C1,10.1007/s002109900044,10494877,1,False,False,pending_dual_review,eligible_for_primary_evidence_review,
BDB-50037440,50037440,CCCn1c(=O)c2[nH]c(-c3ccc(C=CC(=O)O)cc3)nc2n(CCC)c1=O,UGCOFEOEBHUEHA-UHFFFAOYSA-N,CC1CC(C)C2CC(C3CCCCC3)CC2C1,10.1021/jm990421v,10737749,1,False,False,pending_dual_review,eligible_for_primary_evidence_review,
BDB-50038003,50038003,O=c1c2ncn3nc(-c4ccccc4)cc3c2c(C2CCCC2)nn1Cc1ccccc1,ZEWYSXWXUBWGAG-UHFFFAOYSA-N,CC1C(CC2CCCCC2)CC(C2CCCC2)C2C3CC(C4CCCCC4)CC3CCC12,10.1016/j.ejmech.2014.10.020,25462223,1,False,False,pending_dual_review,eligible_for_primary_evidence_review,
BDB-50038005,50038005,CCc1nc2c(=O)n(Cc3ccccc3)nc(C3CCCC3)c2c2cc(-c3ccccc3)nn12,GJLCUFJWXOCCCT-UHFFFAOYSA-N,CC1C(CC2CCCCC2)CC(C2CCCC2)C2C3CC(C4CCCCC4)CC3CCC12,10.1016/j.ejmech.2014.10.020,25462223,1,False,False,pending_dual_review,eligible_for_primary_evidence_review,
BDB-50038022,50038022,O=c1c2ncn3nc(-c4ccccc4)cc3c2c(-c2ccsc2)nn1Cc1ccccc1,OKHOKIJSQZNIGG-UHFFFAOYSA-N,CC1C(CC2CCCCC2)CC(C2CCCC2)C2C3CC(C4CCCCC4)CC3CCC12,10.1016/j.ejmech.2014.10.020,25462223,1,False,False,pending_dual_review,eligible_for_primary_evidence_review,
BDB-50038023,50038023,Cc1nc2c(=O)n(Cc3ccccc3)nc(-c3cccs3)c2c2cc(-c3ccccc3)nn12,FJWRWPNKRWHEEI-UHFFFAOYSA-N,CC1C(CC2CCCCC2)CC(C2CCCC2)C2C3CC(C4CCCCC4)CC3CCC12,10.1016/j.ejmech.2014.10.020,25462223,1,False,False,pending_dual_review,eligible_for_primary_evidence_review,
BDB-50038024,50038024,O=c1c2ncn3nc(-c4ccccc4)cc3c2c(-c2cccs2)nn1Cc1ccccc1,ZEGMLGPAPQJPCE-UHFFFAOYSA-N,CC1C(CC2CCCCC2)CC(C2CCCC2)C2C3CC(C4CCCCC4)CC3CCC12,10.1016/j.ejmech.2014.10.020,25462223,1,False,False,pending_dual_review,eligible_for_primary_evidence_review,
BDB-50039954,50039954,O=c1[nH]c2ccc(Cl)cc2n2nc(-c3ccco3)nc12,RBJMHOHGXKHALS-UHFFFAOYSA-N,CC1CC2CCCCC2C2CC(C3CCCC3)CC12,10.1021/jm0504149,16335918,1,False,False,pending_dual_review,eligible_for_primary_evidence_review,
BDB-50039958,50039958,O=c1[nH]c2ccc(Cl)cc2n2nc(-c3cccs3)nc12,STQFYEMJERDQPY-UHFFFAOYSA-N,CC1CC2CCCCC2C2CC(C3CCCC3)CC12,10.1021/jm0504149,16335918,1,False,False,pending_dual_review,eligible_for_primary_evidence_review,
BDB-50039960,50039960,O=c1[nH]c2ccccc2n2nc(-c3ccco3)nc12,PZZYDGACWZJJKA-UHFFFAOYSA-N,CC1CC2CCCCC2C2CC(C3CCCC3)CC12,10.1021/jm0504149,16335918,1,False,False,pending_dual_review,eligible_for_primary_evidence_review,
BDB-50040047,50040047,Cn1c(=O)c2c(nnn2C2CCCC2)n(C)c1=O,MDVBUPVGQLDJLI-UHFFFAOYSA-N,CC1CC(C)C2C(CCC2C2CCCC2)C1,10.1021/jm00044a018,8071944,1,False,False,pending_dual_review,eligible_for_primary_evidence_review,
BDB-50040048,50040048,CCCn1c(=O)c2nn(C3CCCCC3)nc2n(CCC)c1=O,PQVUCZDOKIHEBD-UHFFFAOYSA-N,CC1CC(C)C2CC(C3CCCCC3)CC2C1,10.1021/jm00044a018,8071944,1,False,False,pending_dual_review,eligible_for_primary_evidence_review,
BDB-50040049,50040049,Cn1c(=O)c2c(nnn2-c2ccc(Cl)cc2N)n(C)c1=O,ZEOAJOMXAZQEIK-UHFFFAOYSA-N,CC1CC(C)C2C(CCC2C2CCCCC2)C1,10.1021/jm00044a018,8071944,1,False,False,pending_dual_review,eligible_for_primary_evidence_review,
BDB-50040050,50040050,Cn1c(=O)c2nn(C3CCCCC3)nc2n(C)c1=O,FLUZYBBUHNOTFX-UHFFFAOYSA-N,CC1CC(C)C2CC(C3CCCCC3)CC2C1,10.1021/jm00044a018,8071944,1,False,False,pending_dual_review,eligible_for_primary_evidence_review,
BDB-50040051,50040051,CCCn1c(=O)c2c(nnn2C2CCCCC2O)n(CCC)c1=O,BGADFHJEBWKORI-UHFFFAOYSA-N,CC1CC(C)C2C(CCC2C2CCCCC2)C1,10.1021/jm00044a018,8071944,1,False,False,pending_dual_review,eligible_for_primary_evidence_review,
BDB-50040052,50040052,CCCn1c(=O)c2c(nnn2C2CCCC2)n(CCC)c1=O,AMSHQIJWLNTKFM-UHFFFAOYSA-N,CC1CC(C)C2C(CCC2C2CCCC2)C1,10.1021/jm00044a018,8071944,1,False,False,pending_dual_review,eligible_for_primary_evidence_review,
BDB-50040053,50040053,Cn1c(=O)c2nn(C3CC4CCC3C4)nc2n(C)c1=O,NSVHRFFIITVTLS-UHFFFAOYSA-N,CC1CC(C)C2CC(C3CC4CCC3C4)CC2C1,10.1021/jm00044a018,8071944,1,False,False,pending_dual_review,eligible_for_primary_evidence_review,
BDB-50040054,50040054,CCCn1c(=O)c2nn(-c3ccc(Cl)cc3N)nc2n(CCC)c1=O,FDHCORIMUPQHSM-UHFFFAOYSA-N,CC1CC(C)C2CC(C3CCCCC3)CC2C1,10.1021/jm00044a018,8071944,1,False,False,pending_dual_review,eligible_for_primary_evidence_review,
BDB-50040056,50040056,CCCn1c(=O)c2c(nnn2C2CCCCC2)n(CCC)c1=O,HBMUACFYFTVHNS-UHFFFAOYSA-N,CC1CC(C)C2C(CCC2C2CCCCC2)C1,10.1021/jm00044a018,8071944,1,False,False,pending_dual_review,eligible_for_primary_evidence_review,
BDB-50040057,50040057,Cn1c(=O)c2c(nnn2C2CC3CCC2C3)n(C)c1=O,ZELJNLMGDXEHGG-UHFFFAOYSA-N,CC1CC(C)C2C(CCC2C2CC3CCC2C3)C1,10.1021/jm00044a018,8071944,1,False,False,pending_dual_review,eligible_for_primary_evidence_review,
BDB-50040058,50040058,Cn1c(=O)c2c(nnn2C2CCCCC2)n(C)c1=O,WUZWTVQBOWJMMQ-UHFFFAOYSA-N,CC1CC(C)C2C(CCC2C2CCCCC2)C1,10.1021/jm00044a018,8071944,1,False,False,pending_dual_review,eligible_for_primary_evidence_review,
BDB-50040064,50040064,Cn1nc2c(=O)n(C)c(=O)n(C)c2n1,QENRIORRNMNJEU-UHFFFAOYSA-N,CC1CC(C)C2CCCC2C1,10.1021/jm00044a018,8071944,1,False,False,pending_dual_review,eligible_for_primary_evidence_review,
BDB-50041213,50041213,Cc1ccc2ncc3nc(-c4ccccc4)nn3c2c1,ZUFVVAQGLGKWBN-UHFFFAOYSA-N,C1CCC(C2CC3CCC4CCCCC4C3C2)CC1,10.1016/j.bmc.2014.11.033,25497490,1,False,False,pending_dual_review,eligible_for_primary_evidence_review,
BDB-50041581,50041581,Cn1c(=O)c2c(cc(/C=C/c3ccccc3)n2C)n(C)c1=O,CPTGMMDIEVVMQA-MDZDMXLPSA-N,CC1CC(C)C2CC(CCC3CCCCC3)CC2C1,10.1021/jm301686s,23281824,1,False,False,pending_dual_review,eligible_for_primary_evidence_review,
BDB-50041584,50041584,CCCn1c(=O)c2[nH]c(-c3ccccc3)cc2n(CCC)c1=O,UBJAFKSHHKGNMT-UHFFFAOYSA-N,CC1CC(C)C2CC(C3CCCCC3)CC2C1,10.1016/j.bmc.2008.09.067,18938084,1,False,False,pending_dual_review,eligible_for_primary_evidence_review,
BDB-50041591,50041591,Cn1c(=O)c2[nH]c(-c3ccccc3)cc2n(C)c1=O,HBWLTYRKABSIQR-UHFFFAOYSA-N,CC1CC(C)C2CC(C3CCCCC3)CC2C1,10.1016/j.bmc.2008.09.067,18938084,1,False,False,pending_dual_review,eligible_for_primary_evidence_review,
BDB-50041894,50041894,CCNC(=O)C1OC(n2cnc3c(N)nc(C#CC4=CCCCC4)nc32)C(O)C1O,DJOLZUMDTLSSJV-UHFFFAOYSA-N,C1CCC(CCC2CCC3CCC(C4CCCC4)C3C2)CC1,10.1007/s002109900044,10494877,1,False,False,pending_dual_review,eligible_for_primary_evidence_review,
BDB-50042209,50042209,CCCn1c(=O)[nH]c2nc(-c3ccc(S(=O)(=O)O)cc3)[nH]c2c1=O,UYDRRQPGDSIMNU-UHFFFAOYSA-N,CC1CC(C)C2CC(C3CCCCC3)CC2C1,10.1021/acs.jmedchem.9b00071,30835463,1,False,False,pending_dual_review,eligible_for_primary_evidence_review,
BDB-50044429,50044429,CCCn1c(=O)c2[nH]c(C3CCCC3)nc2n(CCc2ccc(N)cc2)c1=O,HIGUCTFSOVUIFC-UHFFFAOYSA-N,CC1CC(C)C2CC(C3CCCC3)CC2C1CCC1CCCCC1,10.1021/jm00069a009,8355252,1,False,False,pending_dual_review,eligible_for_primary_evidence_review,
BDB-50047224,50047224,C=CCn1c(=O)c2[nH]cnc2n(CCC)c1=O,ZFNNYUQABZOSEQ-UHFFFAOYSA-N,CC1CC(C)C2CCCC2C1,10.1021/jm00062a010,8496906,1,False,False,pending_dual_review,eligible_for_primary_evidence_review,
BDB-50047229,50047229,C=CCn1cnc2c1c(=O)n(C)c(=O)n2CCC,IKFVHDFFKFNFKJ-UHFFFAOYSA-N,CC1CC(C)C2CCCC2C1,10.1021/jm00062a010,8496906,1,False,False,pending_dual_review,eligible_for_primary_evidence_review,
BDB-50047230,50047230,CCCn1c(=O)n(CCC(C)=O)c(=O)c2[nH]cnc21,GMUFWGLFXPAXIO-UHFFFAOYSA-N,CC1CC(C)C2CCCC2C1,10.1021/jm00062a010,8496906,1,False,False,pending_dual_review,eligible_for_primary_evidence_review,
BDB-50047231,50047231,CCCn1c(=O)n(CCOCC)c(=O)c2[nH]cnc21,QCSLRZBRLROSLD-UHFFFAOYSA-N,CC1CC(C)C2CCCC2C1,10.1021/jm00062a010,8496906,1,False,False,pending_dual_review,eligible_for_primary_evidence_review,
BDB-50047232,50047232,CCCn1c(=O)n(C)c(=O)c2c1ncn2CCOCC,MSMJRFFVASPAOU-UHFFFAOYSA-N,CC1CC(C)C2CCCC2C1,10.1021/jm00062a010,8496906,1,False,False,pending_dual_review,eligible_for_primary_evidence_review,
BDB-50047233,50047233,CCCn1c(=O)n(CC#N)c(=O)c2[nH]cnc21,OMIAIGOPTZCZJT-UHFFFAOYSA-N,CC1CC(C)C2CCCC2C1,10.1021/jm00062a010,8496906,1,False,False,pending_dual_review,eligible_for_primary_evidence_review,
BDB-50047236,50047236,CCCn1c(=O)n(CCCO)c(=O)c2[nH]cnc21,MLQJLDJELAVLSY-UHFFFAOYSA-N,CC1CC(C)C2CCCC2C1,10.1021/jm00062a010,8496906,1,False,False,pending_dual_review,eligible_for_primary_evidence_review,
BDB-50047238,50047238,CCCn1c(=O)n(CCC#N)c(=O)c2[nH]cnc21,LKBIUYWBMAWDON-UHFFFAOYSA-N,CC1CC(C)C2CCCC2C1,10.1021/jm00062a010,8496906,1,False,False,pending_dual_review,eligible_for_primary_evidence_review,
BDB-50047239,50047239,CCCn1c(=O)n(CCOC)c(=O)c2[nH]cnc21,FBHONGRLTNTCIY-UHFFFAOYSA-N,CC1CC(C)C2CCCC2C1,10.1021/jm00062a010,8496906,1,False,False,pending_dual_review,eligible_for_primary_evidence_review,
BDB-50047240,50047240,CCCn1c(=O)n(C)c(=O)c2c1ncn2CCOC,CZBSIVBDWNLNKQ-UHFFFAOYSA-N,CC1CC(C)C2CCCC2C1,10.1021/jm00062a010,8496906,1,False,False,pending_dual_review,eligible_for_primary_evidence_review,
BDB-50047247,50047247,CCCCn1c(=O)c2c(ncn2CC(C)=O)n(CCCC)c1=O,HJPRDDKCXVCFOH-UHFFFAOYSA-N,CC1CC(C)C2CCCC2C1,10.1021/jm00062a010,8496906,1,False,False,pending_dual_review,eligible_for_primary_evidence_review,
BDB-50047250,50047250,CCCn1c(=O)n(CCCOC)c(=O)c2[nH]cnc21,VDQHMQMXSYXKFT-UHFFFAOYSA-N,CC1CC(C)C2CCCC2C1,10.1021/jm00062a010,8496906,1,False,False,pending_dual_review,eligible_for_primary_evidence_review,
BDB-50047252,50047252,C=CCCn1cnc2c1c(=O)n(C)c(=O)n2CCC,CDPLOYJOJXNIRU-UHFFFAOYSA-N,CC1CC(C)C2CCCC2C1,10.1021/jm00062a010,8496906,1,False,False,pending_dual_review,eligible_for_primary_evidence_review,
BDB-50047255,50047255,C=CCCn1c(=O)c2[nH]cnc2n(CCC)c1=O,YUFYMAKSLDIPHQ-UHFFFAOYSA-N,CC1CC(C)C2CCCC2C1,10.1021/jm00062a010,8496906,1,False,False,pending_dual_review,eligible_for_primary_evidence_review,
BDB-50047257,50047257,CCCn1c(=O)n(C)c(=O)c2c1ncn2CC#N,JPOWURTYBWHVAW-UHFFFAOYSA-N,CC1CC(C)C2CCCC2C1,10.1021/jm00062a010,8496906,1,False,False,pending_dual_review,eligible_for_primary_evidence_review,
BDB-50047917,50047917,OC[C@H]1O[C@@H](n2cnc3c(NC4CC4c4ccccc4)nc(C#Cc4ccccc4)nc32)[C@H](O)[C@@H]1O,ZUZUSCXGJHXEMB-WXAVEZDYSA-N,C1CCC(CCC2CC(CC3CC3C3CCCCC3)C3CCC(C4CCCC4)C3C2)CC1,10.1016/j.bmcl.2014.06.006,24969016,1,False,False,pending_dual_review,eligible_for_primary_evidence_review,
BDB-50047918,50047918,CNC(=O)[C@@]12C[C@@H]1[C@@H](n1cnc3c(N)nc(C#Cc4ccccc4)nc31)[C@H](O)[C@@H]2O,KGGCZDIZKJMFPX-MXKWNSRKSA-N,C1CCC(CCC2CCC3CCC(C4CCC5CC54)C3C2)CC1,10.1016/j.bmcl.2014.06.006,24969016,1,False,False,pending_dual_review,eligible_for_primary_evidence_review,
BDB-50047974,50047974,O=C(O)c1cnc(NCc2ccc(C(F)(F)F)cc2)n2nc(-c3ccco3)nc12,BWADQIPIUTYRQG-UHFFFAOYSA-N,C1CCC(CCC2CCCC3CC(C4CCCC4)CC23)CC1,10.1021/jm500752h,24972108,1,False,False,pending_dual_review,eligible_for_primary_evidence_review,
BDB-50047978,50047978,Nc1ncc(C(=O)NCCc2ccccc2)c2nc(-c3ccco3)nn12,QSEZHCRHSSPFSF-UHFFFAOYSA-N,CC(CCCC1CCCCC1)C1CCCC2CC(C3CCCC3)CC21,10.1021/jm500752h,24972108,1,False,False,pending_dual_review,eligible_for_primary_evidence_review,
BDB-50047980,50047980,CNC(=O)c1cnc(NC(=O)Nc2ccccc2)n2nc(-c3ccco3)nc12,WAQPAPWWCAZZPX-UHFFFAOYSA-N,CC(CC1CCCCC1)CC1CCCC2CC(C3CCCC3)CC12,10.1021/jm500752h,24972108,1,False,False,pending_dual_review,eligible_for_primary_evidence_review,
BDB-50047981,50047981,CNC(=O)c1cnc(NC(=O)NC2CCCCC2)n2nc(-c3ccco3)nc12,GXEZYCDFZVJREN-UHFFFAOYSA-N,CC(CC1CCCCC1)CC1CCCC2CC(C3CCCC3)CC12,10.1021/jm500752h,24972108,1,False,False,pending_dual_review,eligible_for_primary_evidence_review,
BDB-50047982,50047982,CNC(=O)c1cnc(NC(=O)Cc2ccccc2)n2nc(-c3ccco3)nc12,KREPMYGREGKWTJ-UHFFFAOYSA-N,CC(CC1CCCCC1)CC1CCCC2CC(C3CCCC3)CC12,10.1021/jm500752h,24972108,1,False,False,pending_dual_review,eligible_for_primary_evidence_review,
BDB-50047983,50047983,O=C(Nc1ccccc1)Nc1ncc(C(=O)NCCc2ccccc2)c2nc(-c3ccco3)nn12,NWQNJVWWWACIPI-UHFFFAOYSA-N,CC(CC1CCCCC1)CC1CCC(C(C)CCCC2CCCCC2)C2CC(C3CCCC3)CC12,10.1021/jm500752h,24972108,1,False,False,pending_dual_review,eligible_for_primary_evidence_review,
BDB-50047984,50047984,O=C(Nc1ncc(C(=O)NCCc2ccccc2)c2nc(-c3ccco3)nn12)NC1CCCCC1,DFSSZVWKIQRZFF-UHFFFAOYSA-N,CC(CC1CCCCC1)CC1CCC(C(C)CCCC2CCCCC2)C2CC(C3CCCC3)CC12,10.1021/jm500752h,24972108,1,False,False,pending_dual_review,eligible_for_primary_evidence_review,
BDB-50047985,50047985,O=C(Cc1ccccc1)Nc1ncc(C(=O)NCCc2ccccc2)c2nc(-c3ccco3)nn12,QTZWGFGOCQGUEI-UHFFFAOYSA-N,CC(CC1CCCCC1)CC1CCC(C(C)CCCC2CCCCC2)C2CC(C3CCCC3)CC12,10.1021/jm500752h,24972108,1,False,False,pending_dual_review,eligible_for_primary_evidence_review,
BDB-50047986,50047986,CCOC(=O)c1cnc(NC(=O)Nc2ccccc2)n2nc(-c3ccco3)nc12,JJENTLBDQVZIJS-UHFFFAOYSA-N,CC(CC1CCCCC1)CC1CCCC2CC(C3CCCC3)CC12,10.1021/jm500752h,24972108,1,False,False,pending_dual_review,eligible_for_primary_evidence_review,
BDB-50047987,50047987,C=C(OCC)c1cnc(NC(=O)NC2CCCCC2)n2nc(-c3ccco3)nc12,NRSCJCCACLWGQC-UHFFFAOYSA-N,CC(CC1CCCCC1)CC1CCCC2CC(C3CCCC3)CC12,10.1021/jm500752h,24972108,1,False,False,pending_dual_review,eligible_for_primary_evidence_review,
BDB-50047988,50047988,CCOC(=O)c1cnc(NC(=O)Cc2ccccc2)n2nc(-c3ccco3)nc12,WMATVRCFAUYCCA-UHFFFAOYSA-N,CC(CC1CCCCC1)CC1CCCC2CC(C3CCCC3)CC12,10.1021/jm500752h,24972108,1,False,False,pending_dual_review,eligible_for_primary_evidence_review,
BDB-50047989,50047989,O=C(Nc1ncc(C(=O)O)c2nc(-c3ccco3)nn12)NC1CCCCC1,TYFPZRYPVUUVBV-UHFFFAOYSA-N,CC(CC1CCCCC1)CC1CCCC2CC(C3CCCC3)CC12,10.1021/jm500752h,24972108,1,False,False,pending_dual_review,eligible_for_primary_evidence_review,
BDB-50047995,50047995,CCOC(=O)c1cnc(NC2CC2)n2nc(-c3ccco3)nc12,MBXDLCHXRJJXPM-UHFFFAOYSA-N,C1CCC(C2CC3CCCC(CC4CC4)C3C2)C1,10.1021/jm500752h,24972108,1,False,False,pending_dual_review,eligible_for_primary_evidence_review,
BDB-50047996,50047996,CCOC(=O)c1cnc(NC2CCCC2)n2nc(-c3ccco3)nc12,KQHDLHPQSBPPHO-UHFFFAOYSA-N,C1CCC(CC2CCCC3CC(C4CCCC4)CC23)C1,10.1021/jm500752h,24972108,1,False,False,pending_dual_review,eligible_for_primary_evidence_review,
BDB-50047997,50047997,CCOC(=O)c1cnc(NCC2CCCCC2)n2nc(-c3ccco3)nc12,XESJVEWZUYGSHL-UHFFFAOYSA-N,C1CCC(CCC2CCCC3CC(C4CCCC4)CC23)CC1,10.1021/jm500752h,24972108,1,False,False,pending_dual_review,eligible_for_primary_evidence_review,
BDB-50048011,50048011,CCOC(=O)c1cnc(NCc2ccccc2)n2nc(-c3ccco3)nc12,WGWSSUNZPXDWCE-UHFFFAOYSA-N,C1CCC(CCC2CCCC3CC(C4CCCC4)CC23)CC1,10.1021/jm500752h,24972108,1,False,False,pending_dual_review,eligible_for_primary_evidence_review,
BDB-50048012,50048012,CCOC(=O)c1cnc(NCc2ccc(C)cc2)n2nc(-c3ccco3)nc12,LMDLTPLDFIQQJX-UHFFFAOYSA-N,C1CCC(CCC2CCCC3CC(C4CCCC4)CC23)CC1,10.1021/jm500752h,24972108,1,False,False,pending_dual_review,eligible_for_primary_evidence_review,
BDB-50048013,50048013,CCOC(=O)c1cnc(NCc2ccc(OC)cc2)n2nc(-c3ccco3)nc12,PLXYZBPDEWWLHQ-UHFFFAOYSA-N,C1CCC(CCC2CCCC3CC(C4CCCC4)CC23)CC1,10.1021/jm500752h,24972108,1,False,False,pending_dual_review,eligible_for_primary_evidence_review,
BDB-50048014,50048014,CCOC(=O)c1cnc(NCc2ccc(F)cc2)n2nc(-c3ccco3)nc12,QZWUMCQUZKEPGT-UHFFFAOYSA-N,C1CCC(CCC2CCCC3CC(C4CCCC4)CC23)CC1,10.1021/jm500752h,24972108,1,False,False,pending_dual_review,eligible_for_primary_evidence_review,
BDB-50048015,50048015,CCOC(=O)c1cnc(NCc2ccc(Cl)cc2)n2nc(-c3ccco3)nc12,WKDIXLOBNDTWJA-UHFFFAOYSA-N,C1CCC(CCC2CCCC3CC(C4CCCC4)CC23)CC1,10.1021/jm500752h,24972108,1,False,False,pending_dual_review,eligible_for_primary_evidence_review,
BDB-50048016,50048016,CCOC(=O)c1cnc(NCc2ccc(C(F)(F)F)cc2)n2nc(-c3ccco3)nc12,QQZCBTKNQSEZOZ-UHFFFAOYSA-N,C1CCC(CCC2CCCC3CC(C4CCCC4)CC23)CC1,10.1021/jm500752h,24972108,1,False,False,pending_dual_review,eligible_for_primary_evidence_review,
BDB-50048017,50048017,CCOC(=O)c1cnc(NCc2ccc(-c3ccccc3)cc2)n2nc(-c3ccco3)nc12,RDPQQFRZIZWHKI-UHFFFAOYSA-N,C1CCC(C2CCC(CCC3CCCC4CC(C5CCCC5)CC34)CC2)CC1,10.1021/jm500752h,24972108,1,False,False,pending_dual_review,eligible_for_primary_evidence_review,
BDB-50048018,50048018,CCOC(=O)c1cnc(NC(c2ccccc2)c2ccccc2)n2nc(-c3ccco3)nc12,KNEFPOCSBQYCAB-UHFFFAOYSA-N,C1CCC(C(CC2CCCC3CC(C4CCCC4)CC32)C2CCCCC2)CC1,10.1021/jm500752h,24972108,1,False,False,pending_dual_review,eligible_for_primary_evidence_review,
BDB-50048020,50048020,CCOC(=O)c1cnc(NC2CCC2)n2nc(-c3ccco3)nc12,PTLUTVCULNPCPA-UHFFFAOYSA-N,C1CC(CC2CCCC3CC(C4CCCC4)CC23)C1,10.1021/jm500752h,24972108,1,False,False,pending_dual_review,eligible_for_primary_evidence_review,
BDB-50048021,50048021,CCOC(=O)c1cnc(NC2CCCCCC2)n2nc(-c3ccco3)nc12,BVCLEYHJQVAWKA-UHFFFAOYSA-N,C1CCCC(CC2CCCC3CC(C4CCCC4)CC23)CC1,10.1021/jm500752h,24972108,1,False,False,pending_dual_review,eligible_for_primary_evidence_review,
BDB-50048022,50048022,C=C(CCC)C1=CC=C(CC2CCCCCCC2)C2C=C(C3=CC=CC3)C=C12,JCHIJSKPJOYLNK-UHFFFAOYSA-N,C1CCCC(CC2CCCC3CC(C4CCCC4)CC23)CCC1,10.1021/jm500752h,24972108,1,False,False,pending_dual_review,eligible_for_primary_evidence_review,
BDB-50048024,50048024,CCOC(=O)c1cnc(N2CCCCC2)n2nc(-c3ccco3)nc12,OHWDRCWCHNWDSA-UHFFFAOYSA-N,C1CCC(C2CCCC3CC(C4CCCC4)CC32)CC1,10.1021/jm500752h,24972108,1,False,False,pending_dual_review,eligible_for_primary_evidence_review,
BDB-50048028,50048028,CCOC(=O)c1cnc(N2CCOCC2)n2nc(-c3ccco3)nc12,TUECGVFALVZAQU-UHFFFAOYSA-N,C1CCC(C2CCCC3CC(C4CCCC4)CC32)CC1,10.1021/jm500752h,24972108,1,False,False,pending_dual_review,eligible_for_primary_evidence_review,
BDB-50048029,50048029,CCOC(=O)c1cnc(NC2CCCCC2)n2nc(-c3ccco3)nc12,JHULGSFPNSGSIM-UHFFFAOYSA-N,C1CCC(CC2CCCC3CC(C4CCCC4)CC23)CC1,10.1021/jm500752h,24972108,1,False,False,pending_dual_review,eligible_for_primary_evidence_review,
BDB-50048038,50048038,O=C(O)c1cnc(NC2CC2)n2nc(-c3ccco3)nc12,ICESLOOIFGQLHE-UHFFFAOYSA-N,C1CCC(C2CC3CCCC(CC4CC4)C3C2)C1,10.1021/jm500752h,24972108,1,False,False,pending_dual_review,eligible_for_primary_evidence_review,
BDB-50048039,50048039,O=C(O)c1cnc(NC2CCCC2)n2nc(-c3ccco3)nc12,ZJQWYVBMMUUXKV-UHFFFAOYSA-N,C1CCC(CC2CCCC3CC(C4CCCC4)CC23)C1,10.1021/jm500752h,24972108,1,False,False,pending_dual_review,eligible_for_primary_evidence_review,
BDB-50048040,50048040,O=C(O)c1cnc(NCC2CCCCC2)n2nc(-c3ccco3)nc12,INYVMKRWJFKMDL-UHFFFAOYSA-N,C1CCC(CCC2CCCC3CC(C4CCCC4)CC23)CC1,10.1021/jm500752h,24972108,1,False,False,pending_dual_review,eligible_for_primary_evidence_review,
BDB-50048041,50048041,O=C(O)c1cnc(NCc2ccccc2)n2nc(-c3ccco3)nc12,PNVBRZLGOOYTAM-UHFFFAOYSA-N,C1CCC(CCC2CCCC3CC(C4CCCC4)CC23)CC1,10.1021/jm500752h,24972108,1,False,False,pending_dual_review,eligible_for_primary_evidence_review,
BDB-50048042,50048042,Cc1ccc(CNc2ncc(C(=O)O)c3nc(-c4ccco4)nn23)cc1,PQENFDKFKUKZEC-UHFFFAOYSA-N,C1CCC(CCC2CCCC3CC(C4CCCC4)CC23)CC1,10.1021/jm500752h,24972108,1,False,False,pending_dual_review,eligible_for_primary_evidence_review,
BDB-50048054,50048054,COc1ccc(CNc2ncc(C(=O)O)c3nc(-c4ccco4)nn23)cc1,IWSIZNDPYKQFNO-UHFFFAOYSA-N,C1CCC(CCC2CCCC3CC(C4CCCC4)CC23)CC1,10.1021/jm500752h,24972108,1,False,False,pending_dual_review,eligible_for_primary_evidence_review,
BDB-50048055,50048055,O=C(O)c1cnc(NCc2ccc(F)cc2)n2nc(-c3ccco3)nc12,IEWTUUNJURMVEY-UHFFFAOYSA-N,C1CCC(CCC2CCCC3CC(C4CCCC4)CC23)CC1,10.1021/jm500752h,24972108,1,False,False,pending_dual_review,eligible_for_primary_evidence_review,
BDB-50048058,50048058,CCOC(=O)c1cnc(NCc2ccc(OC)c(OC)c2)n2nc(-c3ccco3)nc12,VZKOSFXYYAOWFE-UHFFFAOYSA-N,C1CCC(CCC2CCCC3CC(C4CCCC4)CC23)CC1,10.1021/jm500752h,24972108,1,False,False,pending_dual_review,eligible_for_primary_evidence_review,
BDB-50048059,50048059,COc1ccc(CNc2ncc(C(=O)O)c3nc(-c4ccco4)nn23)cc1OC,DNLBKTPXMZBOFK-UHFFFAOYSA-N,C1CCC(CCC2CCCC3CC(C4CCCC4)CC23)CC1,10.1021/jm500752h,24972108,1,False,False,pending_dual_review,eligible_for_primary_evidence_review,
BDB-50048060,50048060,CNC(=O)c1cnc(NCc2ccc(OC)c(OC)c2)n2nc(-c3ccco3)nc12,MZKHULNXFMYXHQ-UHFFFAOYSA-N,C1CCC(CCC2CCCC3CC(C4CCCC4)CC23)CC1,10.1021/jm500752h,24972108,1,False,False,pending_dual_review,eligible_for_primary_evidence_review,
BDB-50048061,50048061,COc1ccc(CNc2ncc(C(=O)NCCc3ccccc3)c3nc(-c4ccco4)nn23)cc1OC,AISRPRRMNYPGJX-UHFFFAOYSA-N,CC(CCCC1CCCCC1)C1CCC(CCC2CCCCC2)C2CC(C3CCCC3)CC12,10.1021/jm500752h,24972108,1,False,False,pending_dual_review,eligible_for_primary_evidence_review,
BDB-50048454,50048454,CCOC(=O)c1sc(SCc2ccccc2)c2c1CCCC2=O,HHGLCIVVJISXCA-UHFFFAOYSA-N,CC1CCCC2CCC(CCC3CCCCC3)C12,10.1021/jm970084v,9258366,3,False,False,pending_dual_review,eligible_for_primary_evidence_review,
BDB-50049391,50049391,O=c1c(O)c(-c2ccccc2)oc2cc(O)cc(O)c12,VCCRNZQBSJXYJD-UHFFFAOYSA-N,CC1CC(C2CCCCC2)CC2CCCCC12,10.1021/jm970084v,9258366,3,False,False,pending_dual_review,eligible_for_primary_evidence_review,
BDB-50053929,50053929,O=C(Cc1ccccc1)Nc1nc2ccc(Cl)cc2c2nc(-c3ccco3)nn12,TWWFAXQOKNBUCR-UHFFFAOYSA-N,CC(CC1CCCCC1)CC1CC2CCCCC2C2CC(C3CCCC3)CC12,10.1021/jm300087j,22468757,1,False,False,pending_dual_review,eligible_for_primary_evidence_review,
BDB-50055082,50055082,Nc1ncnc2cn(-c3ccccc3)nc12,COEIPYGQWWKYSZ-UHFFFAOYSA-N,C1CCC(C2CC3CCCCC3C2)CC1,10.1016/j.ejmech.2014.07.060,25063944,1,False,False,pending_dual_review,eligible_for_primary_evidence_review,
BDB-50055085,50055085,COc1ccccc1Cc1nc(N)c2nn(-c3ccccc3)cc2n1,OYGJIKRTCDDVRM-UHFFFAOYSA-N,C1CCC(CC2CCC3CC(C4CCCCC4)CC3C2)CC1,10.1016/j.ejmech.2014.07.060,25063944,1,False,False,pending_dual_review,eligible_for_primary_evidence_review,
BDB-50055087,50055087,Nc1nc(Cc2ccccc2F)nc2cn(-c3ccccc3)nc12,RGBNONBGSOJVQN-UHFFFAOYSA-N,C1CCC(CC2CCC3CC(C4CCCCC4)CC3C2)CC1,10.1016/j.ejmech.2014.07.060,25063944,1,False,False,pending_dual_review,eligible_for_primary_evidence_review,
BDB-50055089,50055089,Nc1nc(Cc2ccccc2O)nc2cn(-c3ccccc3)nc12,ZWUYFHCLRNNJEI-UHFFFAOYSA-N,C1CCC(CC2CCC3CC(C4CCCCC4)CC3C2)CC1,10.1016/j.ejmech.2014.07.060,25063944,1,False,False,pending_dual_review,eligible_for_primary_evidence_review,
BDB-50055090,50055090,Nc1nc(Cc2cccc(O)c2)nc2cn(-c3ccccc3)nc12,HBCWGZIBWZBFED-UHFFFAOYSA-N,C1CCC(CC2CCC3CC(C4CCCCC4)CC3C2)CC1,10.1016/j.ejmech.2014.07.060,25063944,1,False,False,pending_dual_review,eligible_for_primary_evidence_review,
BDB-50059101,50059101,Cc1ccc2c(O)cc(-c3ccc(F)cc3)nc2n1,SNGDBODRLXYCRJ-UHFFFAOYSA-N,C1CCC(C2CCC3CCCCC3C2)CC1,10.1021/jm030977p|10.1021/jm990321p,10956189|15163184,3,False,False,pending_dual_review,eligible_for_primary_evidence_review,
BDB-50064620,50064620,CCOC(=O)c1c(NC(=O)c2sc(Nc3ccccc3)nc2-c2ccc(C)cc2)sc2c1CCCC2,DRBVIQVDWIPGLR-UHFFFAOYSA-N,CC(CC1CC2CCCCC2C1)C1CC(CC2CCCCC2)CC1C1CCCCC1,10.1016/j.bmcl.2015.01.040,25686851,1,False,False,pending_dual_review,eligible_for_primary_evidence_review,
BDB-50064621,50064621,CCOC(=O)c1c(NC(=O)c2sc(Nc3ccc(C)cc3)nc2N(C)C)sc2c1CCCC2,UPSIRQTVGYTHEF-UHFFFAOYSA-N,CC(CC1CC2CCCCC2C1)C1CCC(CC2CCCCC2)C1,10.1016/j.bmcl.2015.01.040,25686851,1,False,False,pending_dual_review,eligible_for_primary_evidence_review,
BDB-50064625,50064625,Cc1ccc(Nc2nc(N(C)C)c(C(=O)Nc3sc4c(c3C(N)=O)CCCC4)s2)cc1,MEMQHGHFQKPZOS-UHFFFAOYSA-N,CC(CC1CC2CCCCC2C1)C1CCC(CC2CCCCC2)C1,10.1016/j.bmcl.2015.01.040,25686851,1,False,False,pending_dual_review,eligible_for_primary_evidence_review,
BDB-50064626,50064626,Cc1ccc(-c2nc(Nc3ccccc3)sc2C(=O)Nc2sc3c(c2C(N)=O)CCCC3)cc1,LNDGSFJHLKTPJU-UHFFFAOYSA-N,CC(CC1CC2CCCCC2C1)C1CC(CC2CCCCC2)CC1C1CCCCC1,10.1016/j.bmcl.2015.01.040,25686851,1,False,False,pending_dual_review,eligible_for_primary_evidence_review,
BDB-50064630,50064630,Cc1ccc(Nc2nc(C)c(C(=O)Nc3sc4c(c3C#N)CCCC4)s2)cc1,RDCBVRBAGNXMMR-UHFFFAOYSA-N,CC(CC1CC2CCCCC2C1)C1CCC(CC2CCCCC2)C1,10.1016/j.bmcl.2015.01.040,25686851,1,False,False,pending_dual_review,eligible_for_primary_evidence_review,
BDB-50064631,50064631,CCOC(=O)c1c(NC(=O)c2sc(Nc3ccc(OC)cc3)nc2N(C)C)sc(C(=O)OC)c1C,AOKQKJLVGCXOFA-UHFFFAOYSA-N,CC(CC1CCCC1)C1CCC(CC2CCCCC2)C1,10.1016/j.bmcl.2015.01.040,25686851,1,False,False,pending_dual_review,eligible_for_primary_evidence_review,
BDB-50064633,50064633,CCOC(=O)c1c(NC(=O)c2sc(Nc3ccc(C)cc3)nc2N(C)C)sc(C(=O)OC)c1C,FCBHDSLDRNWTJS-UHFFFAOYSA-N,CC(CC1CCCC1)C1CCC(CC2CCCCC2)C1,10.1016/j.bmcl.2015.01.040,25686851,1,False,False,pending_dual_review,eligible_for_primary_evidence_review,
BDB-50064634,50064634,CCOC(=O)c1c(NC(=O)c2sc(Nc3ccccc3)nc2N(C)C)sc2c1CCCC2,CXMVMWOAQBDGKE-UHFFFAOYSA-N,CC(CC1CC2CCCCC2C1)C1CCC(CC2CCCCC2)C1,10.1016/j.bmcl.2015.01.040,25686851,1,False,False,pending_dual_review,eligible_for_primary_evidence_review,
BDB-50065003,50065003,CC(CCN1CCOCC1)CC(=O)Nc1ccc(C(=O)Nc2nccs2)cc1,XXKSMVQSCWXLCH-UHFFFAOYSA-N,CC(CCCCC1CCCCC1)CC1CCC(C(C)CC2CCCC2)CC1,10.1016/j.bmcl.2015.01.062,25701253,1,False,False,pending_dual_review,eligible_for_primary_evidence_review,
BDB-50065009,50065009,O=C(CC1CCCN1)Nc1ccc(C(=O)Nc2nccs2)cc1,CPCOVXCUVCIEEO-UHFFFAOYSA-N,CC(CC1CCCC1)CC1CCC(C(C)CC2CCCC2)CC1,10.1016/j.bmcl.2015.01.062,25701253,1,False,False,pending_dual_review,eligible_for_primary_evidence_review,
BDB-50065010,50065010,O=C(CC1CCCC1)Nc1ccc(C(=O)Nc2nccs2)cc1,PGDWGJCQCURYFC-UHFFFAOYSA-N,CC(CC1CCCC1)CC1CCC(C(C)CC2CCCC2)CC1,10.1016/j.bmcl.2015.01.062,25701253,1,False,False,pending_dual_review,eligible_for_primary_evidence_review,
BDB-50072914,50072914,CCOC(=O)c1nc(N)nc2nn(CC(C)(C)C)cc12,XHQGCSWKZBZAKF-UHFFFAOYSA-N,C1CCC2CCCC2C1,10.1016/j.ejmech.2015.01.046,25633494,1,False,False,pending_dual_review,eligible_for_primary_evidence_review,
BDB-50072915,50072915,CCOC(=O)c1nc(N)nc2nn(C(C)C)cc12,BCFHRMXGMCOZQX-UHFFFAOYSA-N,C1CCC2CCCC2C1,10.1016/j.ejmech.2015.01.046,25633494,1,False,False,pending_dual_review,eligible_for_primary_evidence_review,
BDB-50072916,50072916,CCOC(=O)c1nc(N)nc2nn(C)cc12,NZZYUVRHXWKSFB-UHFFFAOYSA-N,C1CCC2CCCC2C1,10.1016/j.ejmech.2015.01.046,25633494,1,False,False,pending_dual_review,eligible_for_primary_evidence_review,
BDB-50072917,50072917,NC(=O)c1nc(N)nc2nn(CCc3ccccc3)cc12,XHQCEONSIXZRNZ-UHFFFAOYSA-N,C1CCC(CCC2CC3CCCCC3C2)CC1,10.1016/j.ejmech.2015.01.046,25633494,1,False,False,pending_dual_review,eligible_for_primary_evidence_review,
BDB-50072919,50072919,CC(C)n1cc2c(C(N)=O)nc(N)nc2n1,RAVXYIJUKCPXFE-UHFFFAOYSA-N,C1CCC2CCCC2C1,10.1016/j.ejmech.2015.01.046,25633494,1,False,False,pending_dual_review,eligible_for_primary_evidence_review,
BDB-50072920,50072920,Cn1cc2c(C(N)=O)nc(N)nc2n1,QQMHEWIMZJDRPV-UHFFFAOYSA-N,C1CCC2CCCC2C1,10.1016/j.ejmech.2015.01.046,25633494,1,False,False,pending_dual_review,eligible_for_primary_evidence_review,
BDB-50072921,50072921,CCOC(=O)c1nc(NC(=O)Cc2ccccc2)nc2nn(CCc3ccccc3)cc12,PHOWAELZHWRVOO-UHFFFAOYSA-N,CC(CC1CCCCC1)CC1CCC2CC(CCC3CCCCC3)CC2C1,10.1016/j.ejmech.2015.01.046,25633494,1,False,False,pending_dual_review,eligible_for_primary_evidence_review,
BDB-50072922,50072922,CCOC(=O)c1nc(NC(=O)Cc2ccccc2)nc2nn(CC(C)(C)C)cc12,AXPXRNSBQIHZMC-UHFFFAOYSA-N,CC(CC1CCCCC1)CC1CCC2CCCC2C1,10.1016/j.ejmech.2015.01.046,25633494,1,False,False,pending_dual_review,eligible_for_primary_evidence_review,
BDB-50072923,50072923,CCOC(=O)c1nc(NC(=O)Cc2ccccc2)nc2nn(C(C)C)cc12,FLHSYICCYQGDKC-UHFFFAOYSA-N,CC(CC1CCCCC1)CC1CCC2CCCC2C1,10.1016/j.ejmech.2015.01.046,25633494,1,False,False,pending_dual_review,eligible_for_primary_evidence_review,
BDB-50072924,50072924,CCOC(=O)c1nc(NC(=O)Cc2ccccc2)nc2nn(C)cc12,CBIKXNIYOMAPLP-UHFFFAOYSA-N,CC(CC1CCCCC1)CC1CCC2CCCC2C1,10.1016/j.ejmech.2015.01.046,25633494,1,False,False,pending_dual_review,eligible_for_primary_evidence_review,
BDB-50072931,50072931,CCOC(=O)c1nc(NC(=O)c2ccc(Br)cc2)nc2nn(CCc3ccccc3)cc12,QBYMRAMFCKTLGT-UHFFFAOYSA-N,CC(CC1CCC2CC(CCC3CCCCC3)CC2C1)C1CCCCC1,10.1016/j.ejmech.2015.01.046,25633494,1,False,False,pending_dual_review,eligible_for_primary_evidence_review,
BDB-50072932,50072932,CCOC(=O)c1nc(NC(=O)c2ccc(C)cc2)nc2nn(CCc3ccccc3)cc12,MBWUIIRHOAOLNU-UHFFFAOYSA-N,CC(CC1CCC2CC(CCC3CCCCC3)CC2C1)C1CCCCC1,10.1016/j.ejmech.2015.01.046,25633494,1,False,False,pending_dual_review,eligible_for_primary_evidence_review,
BDB-50072933,50072933,CCOC(=O)c1nc(NC(=O)c2ccc(C(F)(F)F)cc2)nc2nn(CCc3ccccc3)cc12,RMRWXGUDLHYZCL-UHFFFAOYSA-N,CC(CC1CCC2CC(CCC3CCCCC3)CC2C1)C1CCCCC1,10.1016/j.ejmech.2015.01.046,25633494,1,False,False,pending_dual_review,eligible_for_primary_evidence_review,
BDB-50072934,50072934,CCOC(=O)c1nc(N)nc2nn(CCc3ccccc3)cc12,RQLOGUYSNDTKSC-UHFFFAOYSA-N,C1CCC(CCC2CC3CCCCC3C2)CC1,10.1016/j.ejmech.2015.01.046,25633494,1,False,False,pending_dual_review,eligible_for_primary_evidence_review,
BDB-50072935,50072935,CCOC(=O)c1nc(NC(=O)c2ccccc2)nc2nn(C)cc12,KDWOXEFIHWAUCY-UHFFFAOYSA-N,CC(CC1CCC2CCCC2C1)C1CCCCC1,10.1016/j.ejmech.2015.01.046,25633494,1,False,False,pending_dual_review,eligible_for_primary_evidence_review,
BDB-50072936,50072936,CCOC(=O)c1nc(NC(=O)c2ccc(F)cc2)nc2nn(C)cc12,DHKBACQAIALRLB-UHFFFAOYSA-N,CC(CC1CCC2CCCC2C1)C1CCCCC1,10.1016/j.ejmech.2015.01.046,25633494,1,False,False,pending_dual_review,eligible_for_primary_evidence_review,
BDB-50072938,50072938,CCOC(=O)c1nc(NC(=O)c2ccc(C)cc2)nc2nn(C)cc12,VUAMPWLAFDHKGW-UHFFFAOYSA-N,CC(CC1CCC2CCCC2C1)C1CCCCC1,10.1016/j.ejmech.2015.01.046,25633494,1,False,False,pending_dual_review,eligible_for_primary_evidence_review,
BDB-50072939,50072939,CCOC(=O)c1nc(NC(=O)c2ccccc2)nc2nn(C(C)C)cc12,GLPSECISKLWDKC-UHFFFAOYSA-N,CC(CC1CCC2CCCC2C1)C1CCCCC1,10.1016/j.ejmech.2015.01.046,25633494,1,False,False,pending_dual_review,eligible_for_primary_evidence_review,
BDB-50072940,50072940,CCOC(=O)c1nc(NC(=O)c2ccc(F)cc2)nc2nn(C(C)C)cc12,ZXGTVMAAMPCTLC-UHFFFAOYSA-N,CC(CC1CCC2CCCC2C1)C1CCCCC1,10.1016/j.ejmech.2015.01.046,25633494,1,False,False,pending_dual_review,eligible_for_primary_evidence_review,
BDB-50072942,50072942,CCOC(=O)c1nc(NC(=O)c2ccc(C)cc2)nc2nn(C(C)C)cc12,AISSNBLVMLYLSU-UHFFFAOYSA-N,CC(CC1CCC2CCCC2C1)C1CCCCC1,10.1016/j.ejmech.2015.01.046,25633494,1,False,False,pending_dual_review,eligible_for_primary_evidence_review,
BDB-50072943,50072943,CCOC(=O)c1nc(NC(=O)c2ccc(F)cc2)nc2nn(CC(C)(C)C)cc12,AOHCYMLALZJVBO-UHFFFAOYSA-N,CC(CC1CCC2CCCC2C1)C1CCCCC1,10.1016/j.ejmech.2015.01.046,25633494,1,False,False,pending_dual_review,eligible_for_primary_evidence_review,
BDB-50072944,50072944,CCOC(=O)c1nc(NC(=O)c2ccccc2)nc2nn(CCc3ccccc3)cc12,ZMXALNKHFSUKBU-UHFFFAOYSA-N,CC(CC1CCC2CC(CCC3CCCCC3)CC2C1)C1CCCCC1,10.1016/j.ejmech.2015.01.046,25633494,1,False,False,pending_dual_review,eligible_for_primary_evidence_review,
BDB-50072945,50072945,CCOC(=O)c1nc(NC(=O)c2ccc(F)cc2)nc2nn(CCc3ccccc3)cc12,KQSCJZWDLXEZDH-UHFFFAOYSA-N,CC(CC1CCC2CC(CCC3CCCCC3)CC2C1)C1CCCCC1,10.1016/j.ejmech.2015.01.046,25633494,1,False,False,pending_dual_review,eligible_for_primary_evidence_review,
BDB-50074225,50074225,CCCOC(=O)c1c(-c2ccccc2)nc(CC)c(C(=O)SCC)c1CCC,UUSHFEVEROROSP-UHFFFAOYSA-N,C1CCC(C2CCCCC2)CC1,10.1016/j.ejmech.2019.111879,31780082,1,False,False,pending_dual_review,eligible_for_primary_evidence_review,
BDB-50079652,50079652,O=C(/C=C/c1c(-c2ccccc2)nn2ccccc12)N1CCCC[C@@H]1CCO,OPLOPFHUHFGKMJ-JXOMPUQVSA-N,CC(CCC1C2CCCCC2CC1C1CCCCC1)C1CCCCC1,10.1021/jm990499b,11170626,1,False,False,pending_dual_review,eligible_for_primary_evidence_review,
BDB-50080287,50080287,Cc1[nH]c2nc(-c3ccccc3)nc(NCCN3CCNC3=O)c2c1C,KQKYOWHVYGWBHO-UHFFFAOYSA-N,CC1CCCC1CCCC1CC(C2CCCCC2)CC2CCCC12,10.1016/s0960-894x(99)00398-4,10476879,1,False,False,pending_dual_review,eligible_for_primary_evidence_review,
BDB-50080289,50080289,Cc1[nH]c2nc(-c3ccccc3)nc(N[C@@H]3CCCCNC3=O)c2c1C,AWPURNFXMIKEIM-OAHLLOKOSA-N,CC1CCCCCC1CC1CC(C2CCCCC2)CC2CCCC21,10.1016/s0960-894x(99)00398-4,10476879,1,False,False,pending_dual_review,eligible_for_primary_evidence_review,
BDB-50080291,50080291,Cc1[nH]c2nc(-c3ccccc3)nc(NCc3ccncc3)c2c1C,GSAIXPLBVQLLNN-UHFFFAOYSA-N,C1CCC(CCC2CC(C3CCCCC3)CC3CCCC32)CC1,10.1016/s0960-894x(99)00398-4,10476879,1,False,False,pending_dual_review,eligible_for_primary_evidence_review,
BDB-50080292,50080292,Cc1[nH]c2nc(-c3ccccc3)nc(N[C@H]3CC[C@H](O)CC3)c2c1C,HLFGYAZPYDYTFN-WKILWMFISA-N,C1CCC(CC2CC(C3CCCCC3)CC3CCCC32)CC1,10.1016/s0960-894x(99)00398-4,10476879,1,False,False,pending_dual_review,eligible_for_primary_evidence_review,
BDB-50082416,50082416,CCCn1cc2c(nc(N)n3nc(-c4ccco4)nc23)n1,SJZFDIQTLVHZRM-UHFFFAOYSA-N,C1CCC(C2CC3CCC4CCCC4C3C2)C1,10.1016/j.bmc.2009.05.038|10.1021/jm001047y|10.1021/jm991114s,10579811|11123985|19501513,3,False,False,pending_dual_review,eligible_for_primary_evidence_review,
BDB-50082417,50082417,CCn1cc2c(nc(N)n3nc(-c4ccco4)nc23)n1,KHXVFMOMODNRAN-UHFFFAOYSA-N,C1CCC(C2CC3CCC4CCCC4C3C2)C1,10.1016/j.bmc.2009.05.038|10.1021/jm001047y|10.1021/jm991114s,10579811|11123985|19501513,3,False,False,pending_dual_review,eligible_for_primary_evidence_review,
BDB-50082418,50082418,CCn1cc2c(nc(NC(=O)Nc3ccc(OC)cc3)n3nc(-c4ccco4)nc23)n1,IZKLDTRUPWVXIX-UHFFFAOYSA-N,CC(CC1CCCCC1)CC1CC2CCCC2C2CC(C3CCCC3)CC12,10.1016/j.bmc.2009.05.038|10.1016/s0960-894x(99)00674-5|10.1021/jm001047y|10.1021/jm010818a|10.1021/jm0109614|10.1021/jm991114s,10579811|10698437|11123985|11495585|11831890|19501513,6,False,False,pending_dual_review,eligible_for_primary_evidence_review,
BDB-50082419,50082419,COc1ccc(NC(=O)Nc2nc3nn(CCCc4ccccc4)cc3c3nc(-c4ccco4)nn23)cc1,OLJJUIWQSVLKJD-UHFFFAOYSA-N,CC(CC1CCCCC1)CC1CC2CC(CCCC3CCCCC3)CC2C2CC(C3CCCC3)CC12,10.1016/j.bmc.2009.05.038|10.1021/jm001047y|10.1021/jm991114s,10579811|11123985|19501513,3,False,False,pending_dual_review,eligible_for_primary_evidence_review,
BDB-50082420,50082420,O=C(Nc1cccc(Cl)c1)Nc1nc2nn(CCCc3ccccc3)cc2c2nc(-c3ccco3)nn12,NVIPLOWTLXCBSA-UHFFFAOYSA-N,CC(CC1CCCCC1)CC1CC2CC(CCCC3CCCCC3)CC2C2CC(C3CCCC3)CC12,10.1016/j.bmc.2009.05.038|10.1021/jm001047y|10.1021/jm991114s,10579811|11123985|19501513,3,False,False,pending_dual_review,eligible_for_primary_evidence_review,
BDB-50082421,50082421,COc1ccc(NC(=O)Nc2nc3nn(CCc4ccccc4)cc3c3nc(-c4ccco4)nn23)cc1,ZAEGMWXQQUWCTO-UHFFFAOYSA-N,CC(CC1CCCCC1)CC1CC2CC(CCC3CCCCC3)CC2C2CC(C3CCCC3)CC12,10.1016/j.bmc.2009.05.038|10.1021/jm001047y|10.1021/jm991114s,10579811|11123985|19501513,3,False,False,pending_dual_review,eligible_for_primary_evidence_review,
BDB-50082423,50082423,Nc1nc2nn(CCCc3ccccc3)cc2c2nc(-c3ccco3)nn12,KWNNEOHJLFPMKY-UHFFFAOYSA-N,C1CCC(CCCC2CC3CCC4CC(C5CCCC5)CC4C3C2)CC1,10.1016/j.bmc.2009.05.038|10.1021/jm001047y|10.1021/jm991114s,10579811|11123985|19501513,3,False,False,pending_dual_review,eligible_for_primary_evidence_review,
BDB-50082425,50082425,CCn1cc2c(nc(NC(=O)Nc3cccc(Cl)c3)n3nc(-c4ccco4)nc23)n1,NWAXVCISHHAARQ-UHFFFAOYSA-N,CC(CC1CCCCC1)CC1CC2CCCC2C2CC(C3CCCC3)CC12,10.1016/j.bmc.2009.05.038|10.1021/jm001047y|10.1021/jm0109614|10.1021/jm991114s,10579811|11123985|11831890|19501513,4,False,False,pending_dual_review,eligible_for_primary_evidence_review,
BDB-50082426,50082426,O=C(Nc1cccc(Cl)c1)Nc1nc2nn(CCc3ccccc3)cc2c2nc(-c3ccco3)nn12,PARJXHXDPQTXJY-UHFFFAOYSA-N,CC(CC1CCCCC1)CC1CC2CC(CCC3CCCCC3)CC2C2CC(C3CCCC3)CC12,10.1016/j.bmc.2009.05.038|10.1021/jm001047y|10.1021/jm991114s,10579811|11123985|19501513,3,False,False,pending_dual_review,eligible_for_primary_evidence_review,
BDB-50083915,50083915,O=c1c(-c2ccsc2)nnc2[nH]c3ccccc3n12,UUFLIBCXLXMTGF-UHFFFAOYSA-N,CC1C(C2CCCC2)CCC2CC3CCCCC3C21,10.1021/jm001054m,11462973,1,False,False,pending_dual_review,eligible_for_primary_evidence_review,
BDB-50083916,50083916,O=c1c(-c2ccc(O)cc2)nnc2[nH]c3ccccc3n12,CQXMRLNWXNWPSV-UHFFFAOYSA-N,CC1C(C2CCCCC2)CCC2CC3CCCCC3C21,10.1021/jm001054m,11462973,1,False,False,pending_dual_review,eligible_for_primary_evidence_review,
BDB-50083918,50083918,O=c1c(-c2ccc(O)c(O)c2)nnc2[nH]c3ccccc3n12,GGHINWBMZXGCLY-UHFFFAOYSA-N,CC1C(C2CCCCC2)CCC2CC3CCCCC3C21,10.1021/jm001054m,11462973,1,False,False,pending_dual_review,eligible_for_primary_evidence_review,
BDB-50083919,50083919,O=c1c(-c2ccco2)n[nH]c2nc3ccccc3n12,WAZYRZYHLVIXGB-UHFFFAOYSA-N,CC1C(C2CCCC2)CCC2CC3CCCCC3C21,10.1021/jm001054m,11462973,1,False,False,pending_dual_review,eligible_for_primary_evidence_review,
BDB-50083920,50083920,O=c1c(-c2cccs2)n[nH]c2nc3ccccc3n12,LCQXIVRCYBREJN-UHFFFAOYSA-N,CC1C(C2CCCC2)CCC2CC3CCCCC3C21,10.1021/jm001054m,11462973,1,False,False,pending_dual_review,eligible_for_primary_evidence_review,
BDB-50083922,50083922,O=c1c(-c2ccccc2)nnc2[nH]c3ccccc3n12,FGCPYWNQYLRWCH-UHFFFAOYSA-N,CC1C(C2CCCCC2)CCC2CC3CCCCC3C21,10.1021/jm001054m,11462973,1,False,False,pending_dual_review,eligible_for_primary_evidence_review,
BDB-50084860,50084860,C#CCn1c(=O)c2c(nc(/C=C/c3cccc(OC)c3)n2C)n(CCCO)c1=O,FWLDDFYHEQMIGG-MDZDMXLPSA-N,CC1CC(C)C2CC(CCC3CCCCC3)CC2C1,10.1016/j.bmc.2013.09.044|10.1021/jm9911480,10669571|24139167,4,False,False,pending_dual_review,eligible_for_primary_evidence_review,
BDB-50085371,50085371,C=CCn1cc2c(nc(NC(=O)Nc3ccc(OC)cc3)n3nc(-c4ccco4)nc23)n1,DQQUXSVJOCRLLI-UHFFFAOYSA-N,CC(CC1CCCCC1)CC1CC2CCCC2C2CC(C3CCCC3)CC12,10.1021/jm001047y,11123985,1,False,False,pending_dual_review,eligible_for_primary_evidence_review,
BDB-50085660,50085660,OC[C@H]1O[C@@H](n2cnc3c(NCCc4cccc(Cl)c4)nc(NC4CCCC4)nc32)[C@H](O)[C@@H]1O,OJLIHDWHOFGDPE-WGQQHEPDSA-N,C1CCC(CCCC2CC(CC3CCCC3)CC3C(C4CCCC4)CCC23)CC1,10.1016/s0960-894x(00)00017-2,10714510,1,False,False,pending_dual_review,eligible_for_primary_evidence_review,
BDB-50085661,50085661,Nc1nc(N[C@@H]2CCC[C@H]2O)nc2c1ncn2[C@@H]1O[C@H](CO)[C@@H](O)[C@H]1O,PXPWOYNKXVZDHY-SMKPNTNISA-N,C1CCC(CC2CCC3CCC(C4CCCC4)C3C2)C1,10.1016/s0960-894x(00)00017-2,10714510,1,False,False,pending_dual_review,eligible_for_primary_evidence_review,
BDB-50085662,50085662,CCNC(=O)[C@H]1O[C@@H](n2cnc3c(NCC(c4ccccc4)c4ccccc4)nc(N[C@@H]4CCC[C@H]4O)nc32)[C@H](O)[C@@H]1O,KKZXMAPICHTJLL-TVYQEYQBSA-N,C1CCC(C(CCC2CC(CC3CCCC3)CC3C(C4CCCC4)CCC23)C2CCCCC2)CC1,10.1016/s0960-894x(00)00017-2,10714510,1,False,False,pending_dual_review,eligible_for_primary_evidence_review,
BDB-50085664,50085664,Nc1nc(N[C@H]2CCC[C@@H]2O)nc2c1ncn2[C@@H]1O[C@H](CO)[C@@H](O)[C@H]1O,PXPWOYNKXVZDHY-YECHIGJVSA-N,C1CCC(CC2CCC3CCC(C4CCCC4)C3C2)C1,10.1016/s0960-894x(00)00017-2,10714510,1,False,False,pending_dual_review,eligible_for_primary_evidence_review,
BDB-50085665,50085665,CCNC(=O)[C@H]1O[C@@H](n2cnc3c(NCC(c4ccccc4)c4ccccc4)nc(NC4CCCC4)nc32)[C@H](O)[C@@H]1O,PXCULGMOGVUPCB-YRIIQKNPSA-N,C1CCC(C(CCC2CC(CC3CCCC3)CC3C(C4CCCC4)CCC23)C2CCCCC2)CC1,10.1016/s0960-894x(00)00017-2,10714510,1,False,False,pending_dual_review,eligible_for_primary_evidence_review,
BDB-50085666,50085666,CCNC(=O)[C@H]1O[C@@H](n2cnc3c(NCC(c4ccccc4)c4ccccc4)nc(NCCc4cnc[nH]4)nc32)[C@H](O)[C@@H]1O,NANAINBLSKKKCP-YRIIQKNPSA-N,C1CCC(C(CCC2CC(CCCC3CCCC3)CC3C(C4CCCC4)CCC23)C2CCCCC2)CC1,10.1016/s0960-894x(00)00017-2,10714510,1,False,False,pending_dual_review,eligible_for_primary_evidence_review,
BDB-50085668,50085668,CCNC(=O)[C@H]1O[C@@H](n2cnc3c(N)nc(N[C@@H]4CCC[C@H]4O)nc32)[C@H](O)[C@@H]1O,YZAFDLABYTZOPG-ADKDIUSASA-N,C1CCC(CC2CCC3CCC(C4CCCC4)C3C2)C1,10.1016/s0960-894x(00)00017-2,10714510,1,False,False,pending_dual_review,eligible_for_primary_evidence_review,
BDB-50085669,50085669,OC[C@H]1O[C@@H](n2cnc3c(NCc4cccc5ccccc45)nc(NC4CCCC4)nc32)[C@H](O)[C@@H]1O,XEJSORAHFBUZOI-PTGPVQHPSA-N,C1CCC(CC2CC(CCC3CCCC4CCCCC43)C3CCC(C4CCCC4)C3C2)C1,10.1016/s0960-894x(00)00017-2,10714510,1,False,False,pending_dual_review,eligible_for_primary_evidence_review,
BDB-50085670,50085670,CCNC(=O)[C@H]1O[C@@H](n2cnc3c(N)nc(NC4CCCC4)nc32)[C@H](O)[C@@H]1O,ZWOHSJYESLDLLT-MEQWQQMJSA-N,C1CCC(CC2CCC3CCC(C4CCCC4)C3C2)C1,10.1016/s0960-894x(00)00017-2,10714510,1,False,False,pending_dual_review,eligible_for_primary_evidence_review,
BDB-50085672,50085672,Nc1nc(NC2CCCC2)nc2c1ncn2[C@@H]1O[C@H](CO)[C@@H](O)[C@H]1O,QRDVRBCDBYRKMD-IDTAVKCVSA-N,C1CCC(CC2CCC3CCC(C4CCCC4)C3C2)C1,10.1016/s0960-894x(00)00017-2,10714510,1,False,False,pending_dual_review,eligible_for_primary_evidence_review,
BDB-50085673,50085673,OC[C@H]1O[C@@H](n2cnc3c(NCC(c4ccccc4)c4ccccc4)nc(NC4CCCC4)nc32)[C@H](O)[C@@H]1O,BEWLOOLKMOTCKY-ZYWWQZICSA-N,C1CCC(C(CCC2CC(CC3CCCC3)CC3C(C4CCCC4)CCC23)C2CCCCC2)CC1,10.1016/s0960-894x(00)00017-2,10714510,1,False,False,pending_dual_review,eligible_for_primary_evidence_review,
BDB-50085674,50085674,CCNC(=O)[C@H]1O[C@@H](n2cnc3c(NCC(c4ccccc4)c4ccccc4)nc(N[C@H]4CC[C@H](N)CC4)nc32)[C@H](O)[C@@H]1O,YIYNSYZLWNVLOK-FJUNXPAFSA-N,C1CCC(CC2CC(CCC(C3CCCCC3)C3CCCCC3)C3CCC(C4CCCC4)C3C2)CC1,10.1016/s0960-894x(00)00017-2,10714510,1,False,False,pending_dual_review,eligible_for_primary_evidence_review,
BDB-50086127,50086127,Nc1nc2ccccc2n2c(=O)n(-c3cccc(F)c3)nc12,NIZXSXMPQDEUGH-UHFFFAOYSA-N,CC1C(C2CCCCC2)CC2CCC3CCCCC3C21,10.1021/jm991096e,10737748,1,False,False,pending_dual_review,eligible_for_primary_evidence_review,
BDB-50086131,50086131,Cc1ccc(-n2nc3c(N)nc4ccccc4n3c2=O)cc1,MMPATMDCBUZKKZ-UHFFFAOYSA-N,CC1C(C2CCCCC2)CC2CCC3CCCCC3C21,10.1021/jm991096e,10737748,1,False,False,pending_dual_review,eligible_for_primary_evidence_review,
BDB-50086132,50086132,O=c1n(-c2cccc(F)c2)nc2c(NC3CCCCC3)nc3ccccc3n12,PXJDBNRVKHKYTH-UHFFFAOYSA-N,CC1C(C2CCCCC2)CC2C(CC3CCCCC3)CC3CCCCC3C12,10.1021/jm991096e,10737748,1,False,False,pending_dual_review,eligible_for_primary_evidence_review,
BDB-50086140,50086140,O=c1n(-c2ccccc2)nc2c(NC3CCCCC3)nc3ccccc3n12,JGLOHIDMAGTNKS-UHFFFAOYSA-N,CC1C(C2CCCCC2)CC2C(CC3CCCCC3)CC3CCCCC3C12,10.1021/jm991096e,10737748,1,False,False,pending_dual_review,eligible_for_primary_evidence_review,
BDB-50086141,50086141,Nc1cccc2c1nc(N)c1nn(-c3ccccc3)c(=O)n12,IFVBJMJLUJWSRR-UHFFFAOYSA-N,CC1C(C2CCCCC2)CC2CCC3CCCCC3C21,10.1021/jm991096e,10737748,1,False,False,pending_dual_review,eligible_for_primary_evidence_review,
BDB-50086143,50086143,COc1ccc(-n2nc3c(N)nc4ccccc4n3c2=O)cc1,HAYWSASVPZFTKJ-UHFFFAOYSA-N,CC1C(C2CCCCC2)CC2CCC3CCCCC3C21,10.1021/jm031136l|10.1021/jm991096e,10737748|15214785,2,False,False,pending_dual_review,eligible_for_primary_evidence_review,
BDB-50086147,50086147,Cc1cccc(-n2nc3c(N)nc4ccccc4n3c2=O)c1,NTSOBNKXLPFPBT-UHFFFAOYSA-N,CC1C(C2CCCCC2)CC2CCC3CCCCC3C21,10.1021/jm991096e,10737748,1,False,False,pending_dual_review,eligible_for_primary_evidence_review,
BDB-50086152,50086152,Nc1nc2c(NCc3ccccc3)cccc2n2c(=O)n(-c3ccccc3)nc12,WTPLIJMXPIILJW-UHFFFAOYSA-N,CC1C(C2CCCCC2)CC2CCC3C(CCC4CCCCC4)CCCC3C21,10.1021/jm701594y|10.1021/jm991096e,10737748|18637670,2,False,False,pending_dual_review,eligible_for_primary_evidence_review,
BDB-50086153,50086153,Nc1nc2ccccc2n2c(=O)n(-c3ccccc3)nc12,UNENFDNBTZLJMG-UHFFFAOYSA-N,CC1C(C2CCCCC2)CC2CCC3CCCCC3C21,10.1021/jm991096e,10737748,1,False,False,pending_dual_review,eligible_for_primary_evidence_review,
BDB-50086159,50086159,O=C(Nc1nc2ccccc2n2c(=O)n(-c3ccccc3)nc12)c1ccccc1,HTBRQSCIUVUCRL-UHFFFAOYSA-N,CC(CC1CC2CCCCC2C2C(C)C(C3CCCCC3)CC12)C1CCCCC1,10.1016/j.bmc.2008.04.039|10.1021/jm060373w,16789747|18468446,2,False,False,pending_dual_review,eligible_for_primary_evidence_review,
BDB-50086163,50086163,CCCn1c(=O)c2[nH]c(-c3ccc(C=CC(=O)NN4C(=O)C(C)=C(C)C4=O)cc3)nc2n(CCC)c1=O,BVIGNHBNZOHTOP-UHFFFAOYSA-N,CC1CC(C)C2CC(C3CCC(CCC(C)CC4C(C)CCC4C)CC3)CC2C1,10.1021/jm990421v,10737749,1,False,False,pending_dual_review,eligible_for_primary_evidence_review,
BDB-50086185,50086185,O=C(O)C=Cc1ccc(-c2nc3c([nH]2)c(=O)n(CC2CCCCC2)c(=O)n3CC2CCCCC2)cc1,LERWZBXJAOSNBN-UHFFFAOYSA-N,CC1C(CC2CCCCC2)C(C)C2CC(C3CCCCC3)CC2C1CC1CCCCC1,10.1021/jm990421v,10737749,1,False,False,pending_dual_review,eligible_for_primary_evidence_review,
BDB-50088425,50088425,OC[C@@]12C[C@@H]1[C@@H](n1cnc3c(NCc4cccc(I)c4)ncnc31)[C@H](O)[C@@H]2O,VIXCVSNTFYSXDO-DPNDMPAOSA-N,C1CCC(CCC2CCCC3C2CCC3C2CCC3CC32)CC1,10.1021/jm049580r,15771421,1,False,False,pending_dual_review,eligible_for_primary_evidence_review,
BDB-50088427,50088427,Nc1ncnc2c1ncn2[C@H]1[C@H](O)[C@H](O)[C@]2(CO)C[C@H]12,ASKACUUUNFXIND-PHPBVZTRSA-N,C1CCC2C(C1)CCC2C1CCC2CC21,10.1016/s0960-894x(01)00213-x|10.1021/jm9905965,10841798|11392549,2,False,False,pending_dual_review,eligible_for_primary_evidence_review,
BDB-50088428,50088428,OC[C@@]12C[C@@H]1[C@@H](n1cnc3c(NCc4cccc(I)c4)nc(Cl)nc31)[C@H](O)[C@@H]2O,ISZYFLVJJCPYGN-NFPQMFLLSA-N,C1CCC(CCC2CCCC3C2CCC3C2CCC3CC32)CC1,10.1021/jm049580r,15771421,1,False,False,pending_dual_review,eligible_for_primary_evidence_review,
BDB-50090683,50090683,Nc1ccc2c(O)cc(-c3ccccc3)nc2n1,JFABDXYOYFAMJL-UHFFFAOYSA-N,C1CCC(C2CCC3CCCCC3C2)CC1,10.1021/jm030977p|10.1021/jm990321p,10956189|15163184,3,False,False,pending_dual_review,eligible_for_primary_evidence_review,
BDB-50090684,50090684,COc1ccc2c(O)cc(-c3ccccc3)nc2n1,WWOBOTABDQDBGO-UHFFFAOYSA-N,C1CCC(C2CCC3CCCCC3C2)CC1,10.1021/jm030977p|10.1021/jm990321p,10956189|15163184,3,False,False,pending_dual_review,eligible_for_primary_evidence_review,
BDB-50090685,50090685,Cc1ccc2c(S)cc(-c3ccccc3)nc2n1,VXQCNUDURSVDNV-UHFFFAOYSA-N,C1CCC(C2CCC3CCCCC3C2)CC1,10.1021/jm030977p|10.1021/jm990321p,10956189|15163184,3,False,False,pending_dual_review,eligible_for_primary_evidence_review,
BDB-50090688,50090688,Cc1ccc2c(O)cc(-c3ccc([N+](=O)[O-])cc3)nc2n1,MGONMXNIZCTIPU-UHFFFAOYSA-N,C1CCC(C2CCC3CCCCC3C2)CC1,10.1021/jm030977p|10.1021/jm990321p,10956189|15163184,3,False,False,pending_dual_review,eligible_for_primary_evidence_review,
BDB-50090690,50090690,Cc1ccc2c(O)cc(-c3ccccc3F)nc2n1,AXHXSGOIYWBQTM-UHFFFAOYSA-N,C1CCC(C2CCC3CCCCC3C2)CC1,10.1021/jm030977p|10.1021/jm990321p,10956189|15163184,3,False,False,pending_dual_review,eligible_for_primary_evidence_review,
BDB-50090691,50090691,CCOc1ccc2c(O)cc(-c3ccccc3)nc2n1,XFBOFPZZZNBLGG-UHFFFAOYSA-N,C1CCC(C2CCC3CCCCC3C2)CC1,10.1021/jm030977p,15163184,1,False,False,pending_dual_review,eligible_for_primary_evidence_review,
BDB-50090693,50090693,Cc1ccc2c(N(C)C)cc(-c3ccccc3)nc2n1,KZPJKIKUNOEASM-UHFFFAOYSA-N,C1CCC(C2CCC3CCCCC3C2)CC1,10.1021/jm030977p|10.1021/jm990321p,10956189|15163184,2,False,False,pending_dual_review,eligible_for_primary_evidence_review,
BDB-50090697,50090697,Oc1cc(-c2ccccc2)nc2nc(Cl)ccc12,JSCUNIPKMPNPFX-UHFFFAOYSA-N,C1CCC(C2CCC3CCCCC3C2)CC1,10.1021/jm030977p|10.1021/jm990321p,10956189|15163184,3,False,False,pending_dual_review,eligible_for_primary_evidence_review,
BDB-50090698,50090698,Cc1ccc2c(NN)cc(-c3ccccc3)nc2n1,CWTSAOIACWWXPW-UHFFFAOYSA-N,C1CCC(C2CCC3CCCCC3C2)CC1,10.1021/jm030977p|10.1021/jm990321p,10956189|15163184,3,False,False,pending_dual_review,eligible_for_primary_evidence_review,
BDB-50090699,50090699,Cn1c(=O)ccc2c(O)cc(-c3ccccc3)nc21,NDIGDUKGZPJYJH-UHFFFAOYSA-N,CC1CCC2CCC(C3CCCCC3)CC2C1,10.1021/jm030977p,15163184,1,False,False,pending_dual_review,eligible_for_primary_evidence_review,
BDB-50090700,50090700,Oc1cc(-c2ccccc2)nc2nc(Br)ccc12,ZVIMMGQTBAKKGA-UHFFFAOYSA-N,C1CCC(C2CCC3CCCCC3C2)CC1,10.1021/jm030977p|10.1021/jm990321p,10956189|15163184,3,False,False,pending_dual_review,eligible_for_primary_evidence_review,
BDB-50090701,50090701,Oc1cc(-c2ccccc2)nc2nc(Oc3ccccc3)ccc12,SLZVBIPBLILWAS-UHFFFAOYSA-N,C1CCC(CC2CCC3CCC(C4CCCCC4)CC3C2)CC1,10.1021/jm030977p|10.1021/jm990321p,10956189|15163184,3,False,False,pending_dual_review,eligible_for_primary_evidence_review,
BDB-50090704,50090704,Cc1ccc2c(NC3CCCCC3)cc(-c3ccccc3)nc2n1,NCXRGWNKMATFFY-UHFFFAOYSA-N,C1CCC(CC2CC(C3CCCCC3)CC3CCCCC32)CC1,10.1021/jm030977p|10.1021/jm990321p,10956189|15163184,3,False,False,pending_dual_review,eligible_for_primary_evidence_review,
BDB-50090705,50090705,Cc1ccc2c(O)cc(-c3ccccc3)nc2n1,USYVLFNTOOQIMZ-UHFFFAOYSA-N,C1CCC(C2CCC3CCCCC3C2)CC1,10.1021/jm030977p|10.1021/jm990321p,10956189|15163184,3,False,False,pending_dual_review,eligible_for_primary_evidence_review,
BDB-50090708,50090708,Cc1ccc2c(N)cc(-c3ccccc3)nc2n1,ZUQJILBTGSLROV-UHFFFAOYSA-N,C1CCC(C2CCC3CCCCC3C2)CC1,10.1021/jm030977p|10.1021/jm990321p,10956189|15163184,3,False,False,pending_dual_review,eligible_for_primary_evidence_review,
BDB-50090709,50090709,Oc1cc(-c2ccccc2)nc2nc(F)ccc12,JYUCERXIHOMWBK-UHFFFAOYSA-N,C1CCC(C2CCC3CCCCC3C2)CC1,10.1021/jm030977p|10.1021/jm990321p,10956189|15163184,3,False,False,pending_dual_review,eligible_for_primary_evidence_review,
BDB-50090711,50090711,Oc1cc(-c2ccccc2)nc2ncccc12,IPVMHKHKTQYJIL-UHFFFAOYSA-N,C1CCC(C2CCC3CCCCC3C2)CC1,10.1021/jm030977p,15163184,1,False,False,pending_dual_review,eligible_for_primary_evidence_review,
BDB-50091110,50091110,Cc1cccc(-n2cc3c(n2)c(NC2CCCC2)nc2ccccc23)c1,IYHWVIKQMKGZOE-UHFFFAOYSA-N,C1CCC(C2CC3C(CC4CCCC4)CC4CCCCC4C3C2)CC1,10.1021/jm000936i,10956220,1,False,False,pending_dual_review,eligible_for_primary_evidence_review,
BDB-50091111,50091111,Cc1ccccc1-n1cc2c(n1)c(N)nc1ccccc12,AHOSTJOZMPTPLO-UHFFFAOYSA-N,C1CCC(C2CC3CCC4CCCCC4C3C2)CC1,10.1021/jm000936i,10956220,1,False,False,pending_dual_review,eligible_for_primary_evidence_review,
BDB-50091113,50091113,Clc1ccc2nc(NC3CCCCC3)c3nn(-c4ccccc4)cc3c2c1,JQFIOCXMMMPKNZ-UHFFFAOYSA-N,C1CCC(CC2CC3CCCCC3C3CC(C4CCCCC4)CC23)CC1,10.1021/jm000936i,10956220,1,False,False,pending_dual_review,eligible_for_primary_evidence_review,
BDB-50091114,50091114,CC(=O)Nc1nc2ccccc2c2cn(-c3ccccc3)nc12,LJFRBCQBJFKUBA-UHFFFAOYSA-N,C1CCC(C2CC3CCC4CCCCC4C3C2)CC1,10.1021/jm000936i,10956220,1,False,False,pending_dual_review,eligible_for_primary_evidence_review,
BDB-50091117,50091117,Nc1nc2ccccc2c2cn(-c3ccccc3)nc12,MVHJGGYPZDDBQV-UHFFFAOYSA-N,C1CCC(C2CC3CCC4CCCCC4C3C2)CC1,10.1016/j.bmc.2011.05.001|10.1021/jm000936i|10.1021/jm070123v,10956220|17665891|21616671,3,False,False,pending_dual_review,eligible_for_primary_evidence_review,
BDB-50091122,50091122,Fc1cccc(-n2cc3c(n2)c(NC2CCCC2)nc2ccccc23)c1,UPWBBBQTTVWBOF-UHFFFAOYSA-N,C1CCC(C2CC3C(CC4CCCC4)CC4CCCCC4C3C2)CC1,10.1021/jm000936i,10956220,1,False,False,pending_dual_review,eligible_for_primary_evidence_review,
BDB-50091123,50091123,c1ccc(-n2cc3c(n2)c(NC2CCCCC2)nc2ccccc23)cc1,WNXQEGFQSVSQOB-UHFFFAOYSA-N,C1CCC(CC2CC3CCCCC3C3CC(C4CCCCC4)CC23)CC1,10.1021/jm000936i,10956220,1,False,False,pending_dual_review,eligible_for_primary_evidence_review,
BDB-50091124,50091124,Fc1cccc(-n2cc3c(n2)c(NC2CCCCC2)nc2ccccc23)c1,JDAANLOCFREMRX-UHFFFAOYSA-N,C1CCC(CC2CC3CCCCC3C3CC(C4CCCCC4)CC23)CC1,10.1021/jm000936i,10956220,1,False,False,pending_dual_review,eligible_for_primary_evidence_review,
BDB-50091126,50091126,c1ccc(CNc2nc3ccccc3c3cn(-c4ccccc4)nc23)cc1,FDAGQFXWOKXHTR-UHFFFAOYSA-N,C1CCC(CCC2CC3CCCCC3C3CC(C4CCCCC4)CC23)CC1,10.1021/jm000936i,10956220,1,False,False,pending_dual_review,eligible_for_primary_evidence_review,
BDB-50091128,50091128,COc1ccc(-n2cc3c(n2)c(N)nc2ccccc23)cc1,NHWOTOQPRYZNAV-UHFFFAOYSA-N,C1CCC(C2CC3CCC4CCCCC4C3C2)CC1,10.1021/jm000936i|10.1021/jm070123v,10956220|17665891,2,False,False,pending_dual_review,eligible_for_primary_evidence_review,
BDB-50091129,50091129,c1ccc(-n2cc3c(n2)c(NC2CCCC2)nc2ccccc23)cc1,GUVZSNZDGRSOLX-UHFFFAOYSA-N,C1CCC(C2CC3C(CC4CCCC4)CC4CCCCC4C3C2)CC1,10.1021/jm000936i,10956220,1,False,False,pending_dual_review,eligible_for_primary_evidence_review,
BDB-50091130,50091130,Cc1cccc(-n2cc3c(n2)c(N)nc2ccccc23)c1,NJFGXLMDWIXVEW-UHFFFAOYSA-N,C1CCC(C2CC3CCC4CCCCC4C3C2)CC1,10.1021/jm000936i|10.1021/jm070123v,10956220|17665891,2,False,False,pending_dual_review,eligible_for_primary_evidence_review,
BDB-50091131,50091131,Nc1nc2ccccc2c2cn(-c3cccc(F)c3)nc12,SKBLLPVNHBODIG-UHFFFAOYSA-N,C1CCC(C2CC3CCC4CCCCC4C3C2)CC1,10.1021/jm000936i,10956220,1,False,False,pending_dual_review,eligible_for_primary_evidence_review,
BDB-50091132,50091132,Cc1ccccc1-n1cc2c(n1)c(NC1CCCC1)nc1ccccc12,YXHTYDSOIVPINR-UHFFFAOYSA-N,C1CCC(C2CC3C(CC4CCCC4)CC4CCCCC4C3C2)CC1,10.1021/jm000936i,10956220,1,False,False,pending_dual_review,eligible_for_primary_evidence_review,
BDB-50091133,50091133,Nc1nc2ccc(Cl)cc2c2cn(-c3ccccc3)nc12,BOZNYPXCUUMRPN-UHFFFAOYSA-N,C1CCC(C2CC3CCC4CCCCC4C3C2)CC1,10.1021/jm000936i,10956220,1,False,False,pending_dual_review,eligible_for_primary_evidence_review,
BDB-50091135,50091135,Nc1nc2ccccc2c2cn(-c3ccc(Cl)cc3)nc12,NLQSUGLAMHEOIM-UHFFFAOYSA-N,C1CCC(C2CC3CCC4CCCCC4C3C2)CC1,10.1021/jm000936i,10956220,1,False,False,pending_dual_review,eligible_for_primary_evidence_review,
BDB-50091139,50091139,Cc1cccc(-n2cc3c(n2)c(NC2CCCCC2)nc2ccccc23)c1,IQHJLENLTHRSPD-UHFFFAOYSA-N,C1CCC(CC2CC3CCCCC3C3CC(C4CCCCC4)CC23)CC1,10.1021/jm000936i,10956220,1,False,False,pending_dual_review,eligible_for_primary_evidence_review,
BDB-50091143,50091143,c1ccc(CCNc2nc3ccccc3c3cn(-c4ccccc4)nc23)cc1,CYSDHZJPDQKSJB-UHFFFAOYSA-N,C1CCC(CCCC2CC3CCCCC3C3CC(C4CCCCC4)CC23)CC1,10.1021/jm000936i,10956220,1,False,False,pending_dual_review,eligible_for_primary_evidence_review,
BDB-50091144,50091144,Cc1ccc(-n2cc3c(n2)c(N)nc2ccccc23)cc1,XVEJYBYRDZTECS-UHFFFAOYSA-N,C1CCC(C2CC3CCC4CCCCC4C3C2)CC1,10.1021/jm070123v,17665891,1,False,False,pending_dual_review,eligible_for_primary_evidence_review,
BDB-50094678,50094678,Nc1nc2nn(CCc3cc(Br)c(Br)cc3Br)cc2c2nc(-c3ccco3)nn12,QYNQDOYOHRANSN-UHFFFAOYSA-N,C1CCC(CCC2CC3CCC4CC(C5CCCC5)CC4C3C2)CC1,10.1021/jm001047y,11123985,1,False,False,pending_dual_review,eligible_for_primary_evidence_review,
BDB-50094679,50094679,COc1ccc(NC(=O)Nc2nc3nn(CCC(C)C)cc3c3nc(-c4ccco4)nn23)cc1,ZVVJMBSLHODZLV-UHFFFAOYSA-N,CC(CC1CCCCC1)CC1CC2CCCC2C2CC(C3CCCC3)CC12,10.1016/j.bmc.2009.05.038|10.1021/jm001047y,11123985|19501513,2,False,False,pending_dual_review,eligible_for_primary_evidence_review,
BDB-50094680,50094680,CC(C)CCn1cc2c(nc(NC(=O)Nc3cccc(Cl)c3)n3nc(-c4ccco4)nc23)n1,SFQLGHQUUPLEHJ-UHFFFAOYSA-N,CC(CC1CCCCC1)CC1CC2CCCC2C2CC(C3CCCC3)CC12,10.1016/j.bmc.2009.05.038|10.1021/jm001047y,11123985|19501513,2,False,False,pending_dual_review,eligible_for_primary_evidence_review,
BDB-50094681,50094681,O=C(Nc1cccc(Cl)c1)Nc1nc2nn(CCc3cc(Br)c(Br)cc3Br)cc2c2nc(-c3ccco3)nn12,WMUVQLDTRXROGS-UHFFFAOYSA-N,CC(CC1CCCCC1)CC1CC2CC(CCC3CCCCC3)CC2C2CC(C3CCCC3)CC12,10.1021/jm001047y,11123985,1,False,False,pending_dual_review,eligible_for_primary_evidence_review,
BDB-50094682,50094682,CC(C)=CCn1cc2c(nc(N)n3nc(-c4ccco4)nc23)n1,PTQDCTWMECJFBE-UHFFFAOYSA-N,C1CCC(C2CC3CCC4CCCC4C3C2)C1,10.1016/j.bmc.2009.05.038|10.1021/jm001047y,11123985|19501513,2,False,False,pending_dual_review,eligible_for_primary_evidence_review,
BDB-50094683,50094683,O=C(Nc1cccc(Cl)c1)Nc1nc2n[nH]cc2c2nc(-c3ccco3)nn12,CSGAYPUTEQNSDK-UHFFFAOYSA-N,CC(CC1CCCCC1)CC1CC2CCCC2C2CC(C3CCCC3)CC12,10.1016/j.bmc.2009.05.038|10.1021/jm001047y,11123985|19501513,2,False,False,pending_dual_review,eligible_for_primary_evidence_review,
BDB-50094684,50094684,Nc1nc2nn(CCc3cccc4ccccc34)cc2c2nc(-c3ccco3)nn12,KVPYVHAQCCBFJP-UHFFFAOYSA-N,C1CCC(C2CC3CCC4CC(CCC5CCCC6CCCCC65)CC4C3C2)C1,10.1021/jm001047y,11123985,1,False,False,pending_dual_review,eligible_for_primary_evidence_review,
BDB-50094685,50094685,CC(C)=CCn1cc2c(nc(NC(=O)Nc3cccc(Cl)c3)n3nc(-c4ccco4)nc23)n1,FKTKRJGYATWTBW-UHFFFAOYSA-N,CC(CC1CCCCC1)CC1CC2CCCC2C2CC(C3CCCC3)CC12,10.1016/j.bmc.2009.05.038|10.1021/jm001047y,11123985|19501513,2,False,False,pending_dual_review,eligible_for_primary_evidence_review,
BDB-50094686,50094686,COc1ccc(NC(=O)Nc2nc3nn(C(C)(C)C)cc3c3nc(-c4ccco4)nn23)cc1,KFCJVCKIWKNMNB-UHFFFAOYSA-N,CC(CC1CCCCC1)CC1CC2CCCC2C2CC(C3CCCC3)CC12,10.1016/j.bmc.2009.05.038|10.1021/jm001047y,11123985|19501513,2,False,False,pending_dual_review,eligible_for_primary_evidence_review,
BDB-50094687,50094687,CCCCn1cc2c(nc(NC(=O)Nc3ccc(OC)cc3)n3nc(-c4ccco4)nc23)n1,XMCVJFCDPDUAPT-UHFFFAOYSA-N,CC(CC1CCCCC1)CC1CC2CCCC2C2CC(C3CCCC3)CC12,10.1016/j.bmc.2009.05.038|10.1021/jm001047y|10.1021/jm010818a|10.1021/jm0109614,11123985|11495585|11831890|19501513,4,False,False,pending_dual_review,eligible_for_primary_evidence_review,
BDB-50094689,50094689,CC(C)(C)n1cc2c(nc(NC(=O)Nc3cccc(Cl)c3)n3nc(-c4ccco4)nc23)n1,BKGNWAOTMICOMA-UHFFFAOYSA-N,CC(CC1CCCCC1)CC1CC2CCCC2C2CC(C3CCCC3)CC12,10.1016/j.bmc.2009.05.038|10.1021/jm001047y,11123985|19501513,2,False,False,pending_dual_review,eligible_for_primary_evidence_review,
BDB-50094690,50094690,Cn1cc2c(nc(NC(=O)Nc3cccc(Cl)c3)n3nc(-c4ccco4)nc23)n1,XMSLNRUNVUAOJS-UHFFFAOYSA-N,CC(CC1CCCCC1)CC1CC2CCCC2C2CC(C3CCCC3)CC12,10.1016/j.bmc.2009.05.038|10.1021/jm001047y|10.1021/jm0109614,11123985|11831890|19501513,3,False,False,pending_dual_review,eligible_for_primary_evidence_review,
BDB-50094691,50094691,COc1ccc(NC(=O)Nc2nc3nn(C)cc3c3nc(-c4ccco4)nn23)cc1,DSYBQTPGBPZMKO-UHFFFAOYSA-N,CC(CC1CCCCC1)CC1CC2CCCC2C2CC(C3CCCC3)CC12,10.1016/j.bmc.2009.05.038|10.1021/jm001047y|10.1021/jm010818a|10.1021/jm0109614,11123985|11495585|11831890|19501513,4,False,False,pending_dual_review,eligible_for_primary_evidence_review,
BDB-50094692,50094692,O=C(Nc1cccc(Cl)c1)Nc1nc2ccc(Cl)cc2c2nc(-c3ccco3)nn12,DWZXGZAHYQTPLP-UHFFFAOYSA-N,CC(CC1CCCCC1)CC1CC2CCCCC2C2CC(C3CCCC3)CC12,10.1021/jm001047y|10.1021/jm0109614,11123985|11831890,2,False,False,pending_dual_review,eligible_for_primary_evidence_review,
BDB-50094693,50094693,CC(C)(C)n1cc2c(nc(N)n3nc(-c4ccco4)nc23)n1,RWMLPEOKXLBPHX-UHFFFAOYSA-N,C1CCC(C2CC3CCC4CCCC4C3C2)C1,10.1016/j.bmc.2009.05.038|10.1021/jm001047y,11123985|19501513,2,False,False,pending_dual_review,eligible_for_primary_evidence_review,
BDB-50094694,50094694,COc1ccc(NC(=O)Nc2nc3ccc(Cl)cc3c3nc(-c4ccco4)nn23)cc1,YCBRJFDQRREGOZ-UHFFFAOYSA-N,CC(CC1CCCCC1)CC1CC2CCCCC2C2CC(C3CCCC3)CC12,10.1021/jm001047y|10.1021/jm0109614,11123985|11831890,2,False,False,pending_dual_review,eligible_for_primary_evidence_review,
BDB-50094695,50094695,COc1ccc(NC(=O)Nc2nc3nn(CC=C(C)C)cc3c3nc(-c4ccco4)nn23)cc1,AISZDPKOHKVRLJ-UHFFFAOYSA-N,CC(CC1CCCCC1)CC1CC2CCCC2C2CC(C3CCCC3)CC12,10.1016/j.bmc.2009.05.038|10.1021/jm001047y,11123985|19501513,2,False,False,pending_dual_review,eligible_for_primary_evidence_review,
BDB-50094696,50094696,COc1ccc(NC(=O)Nc2nc3n[nH]cc3c3nc(-c4ccco4)nn23)cc1,FQZFDCXROFCGHP-UHFFFAOYSA-N,CC(CC1CCCCC1)CC1CC2CCCC2C2CC(C3CCCC3)CC12,10.1016/j.bmc.2009.05.038|10.1021/jm001047y,11123985|19501513,2,False,False,pending_dual_review,eligible_for_primary_evidence_review,
BDB-50094697,50094697,COc1ccc(NC(=O)Nc2nc3nn(CCc4cccc5ccccc45)cc3c3nc(-c4ccco4)nn23)cc1,VQYJAIHIXOQQPT-UHFFFAOYSA-N,CC(CC1CCCCC1)CC1CC2CC(CCC3CCCC4CCCCC43)CC2C2CC(C3CCCC3)CC12,10.1021/jm001047y,11123985,1,False,False,pending_dual_review,eligible_for_primary_evidence_review,
BDB-50094699,50094699,CCCCn1cc2c(nc(NC(=O)Nc3cccc(Cl)c3)n3nc(-c4ccco4)nc23)n1,OIVZKXGLPGFSTR-UHFFFAOYSA-N,CC(CC1CCCCC1)CC1CC2CCCC2C2CC(C3CCCC3)CC12,10.1016/j.bmc.2009.05.038|10.1021/jm001047y|10.1021/jm0109614,11123985|11831890|19501513,3,False,False,pending_dual_review,eligible_for_primary_evidence_review,
BDB-50094700,50094700,COc1ccc(NC(=O)Nc2nc3nn(CCc4cc(Br)c(Br)cc4Br)cc3c3nc(-c4ccco4)nn23)cc1,LZFKHGMOYUQWQX-UHFFFAOYSA-N,CC(CC1CCCCC1)CC1CC2CC(CCC3CCCCC3)CC2C2CC(C3CCCC3)CC12,10.1021/jm001047y,11123985,1,False,False,pending_dual_review,eligible_for_primary_evidence_review,
BDB-50094701,50094701,Cn1cc2c(nc(N)n3nc(-c4ccco4)nc23)n1,PKVBGKUACUZPER-UHFFFAOYSA-N,C1CCC(C2CC3CCC4CCCC4C3C2)C1,10.1016/j.bmc.2009.05.038|10.1016/j.ejmech.2015.12.019|10.1021/jm001047y,11123985|19501513|26717203,3,False,False,pending_dual_review,eligible_for_primary_evidence_review,
BDB-50094891,50094891,Nc1cccc2c1C(=O)c1ccccc1C2=O,KHUFHLFHOQVFGB-UHFFFAOYSA-N,CC1C2CCCCC2C(C)C2CCCCC12,10.1021/jm901647p,20095623,1,False,False,pending_dual_review,eligible_for_primary_evidence_review,
BDB-50095778,50095778,Cn1c(-c2cccc(F)c2)nc2c(N)nc(C#CC(C)(C)O)nc21,UWDBBNIVTAVDGD-UHFFFAOYSA-N,C1CCC(C2CC3CCCCC3C2)CC1,10.1021/jm990499b,11170626,1,False,False,pending_dual_review,eligible_for_primary_evidence_review,
BDB-50095781,50095781,Cn1c(-c2cccc(F)c2)nc2c(N)nc(C#CC3(O)CCCCCC3)nc21,WGYABTABLJZAOC-UHFFFAOYSA-N,C1CCCC(CCC2CCC3CC(C4CCCCC4)CC3C2)CC1,10.1021/jm990499b,11170626,1,False,False,pending_dual_review,eligible_for_primary_evidence_review,
BDB-50095784,50095784,CCC(O)(C#Cc1nc(N)c2nc(-c3cccc(F)c3)n(C)c2n1)CC,NPLLJKJORHIIMF-UHFFFAOYSA-N,C1CCC(C2CC3CCCCC3C2)CC1,10.1021/jm990499b,11170626,1,False,False,pending_dual_review,eligible_for_primary_evidence_review,
BDB-50095786,50095786,Cn1c(-c2ccco2)nc2c(N)nc(C#CC3(O)CCCCC3)nc21,PGKBTOTUGNMPMG-UHFFFAOYSA-N,C1CCC(CCC2CCC3CC(C4CCCC4)CC3C2)CC1,10.1021/jm990499b,11170626,1,False,False,pending_dual_review,eligible_for_primary_evidence_review,
BDB-50095787,50095787,Cn1c(-c2cccc(C#N)c2)nc2c(N)nc(C#CC3(O)CCCCC3)nc21,KEDWXTLTOUMRQH-UHFFFAOYSA-N,C1CCC(CCC2CCC3CC(C4CCCCC4)CC3C2)CC1,10.1021/jm990499b,11170626,1,False,False,pending_dual_review,eligible_for_primary_evidence_review,
BDB-50095788,50095788,Cn1c(-c2ccccc2F)nc2c(N)nc(C#CC3(O)CCCCC3)nc21,OGMPGZVDXMCVJD-UHFFFAOYSA-N,C1CCC(CCC2CCC3CC(C4CCCCC4)CC3C2)CC1,10.1021/jm990499b,11170626,1,False,False,pending_dual_review,eligible_for_primary_evidence_review,
BDB-50095790,50095790,Cn1c(-c2cccc(F)c2)nc2c(N)nc(C#CC3(O)CCCC3)nc21,LPAMCBPWGRTOCP-UHFFFAOYSA-N,C1CCC(C2CC3CCC(CCC4CCCC4)CC3C2)CC1,10.1021/jm990499b,11170626,1,False,False,pending_dual_review,eligible_for_primary_evidence_review,
BDB-50095793,50095793,Cn1c(-c2cccc(F)c2)nc2c(N)nc(C#CC3(O)CCCCC3)nc21,PSJFQTPTZIHBKW-UHFFFAOYSA-N,C1CCC(CCC2CCC3CC(C4CCCCC4)CC3C2)CC1,10.1021/jm990499b,11170626,1,False,False,pending_dual_review,eligible_for_primary_evidence_review,
BDB-50098221,50098221,CCCCNc1c(C(=O)OCC)cnc2c1cnn2CC,IQNQAOGGWGCROX-UHFFFAOYSA-N,C1CCC2CCCC2C1,,3010074,1,False,False,pending_dual_review,eligible_for_primary_evidence_review,
BDB-50100418,50100418,CNC(=O)[C@@]12C[C@@H]1[C@@H](n1cnc3c(NCc4cccc(I)c4)nc(Cl)nc31)[C@H](O)[C@@H]2O,AGCJNWSEWOWGRS-DDDALXFXSA-N,C1CCC(CCC2CCCC3C2CCC3C2CCC3CC32)CC1,10.1016/j.bmc.2008.08.007|10.1016/j.bmcl.2008.04.001|10.1021/jm049580r,15771421|18424135|18752961,3,False,False,pending_dual_review,eligible_for_primary_evidence_review,
BDB-50100423,50100423,CNC(=O)[C@@]12C[C@@H]1[C@@H](n1cnc3c(NCc4cccc(I)c4)ncnc31)[C@H](O)[C@@H]2O,USWIYPRHODPZSP-MQZHODQLSA-N,C1CCC(CCC2CCCC3C2CCC3C2CCC3CC32)CC1,10.1021/jm049580r|10.1021/jm300396n,15771421|22559880,2,False,False,pending_dual_review,eligible_for_primary_evidence_review,
BDB-50102169,50102169,CCn1c(C#Cc2ccccc2)nc2c(N)ncnc21,AXENMZHFYBPHQF-UHFFFAOYSA-N,C1CCC(CCC2CC3CCCCC3C2)CC1,10.1016/s0960-894x(01)00347-x,11459663,1,False,False,pending_dual_review,eligible_for_primary_evidence_review,
BDB-50102281,50102281,O=c1c(-c2ccc(O)cc2)nnc2n(Cc3ccccc3)c3ccccc3n12,JYELSORFHCQDSM-UHFFFAOYSA-N,CC1C(C2CCCCC2)CCC2C(CC3CCCCC3)C3CCCCC3C12,10.1021/jm001054m,11462973,1,False,False,pending_dual_review,eligible_for_primary_evidence_review,
BDB-50102286,50102286,O=c1c(-c2ccco2)nnc2n(Cc3ccccc3)c3ccccc3n12,LAKWSLSTUWRCOM-UHFFFAOYSA-N,CC1C(C2CCCC2)CCC2C(CC3CCCCC3)C3CCCCC3C12,10.1021/jm001054m|10.1021/jm201177b,11462973|22257095,2,False,False,pending_dual_review,eligible_for_primary_evidence_review,
BDB-50102287,50102287,O=c1c(-c2ccco2)nnc2n(-c3ccccc3)c3ccccc3n12,AWLXMIOPONXPFQ-UHFFFAOYSA-N,CC1C(C2CCCC2)CCC2C(C3CCCCC3)C3CCCCC3C12,10.1021/jm201177b,22257095,1,False,False,pending_dual_review,eligible_for_primary_evidence_review,
BDB-50102288,50102288,Cn1c2ccccc2n2c(=O)c(-c3ccco3)nnc12,GMLKSXNUABFTEI-UHFFFAOYSA-N,CC1C(C2CCCC2)CCC2CC3CCCCC3C21,10.1021/jm001054m|10.1021/jm201177b,11462973|22257095,2,False,False,pending_dual_review,eligible_for_primary_evidence_review,
BDB-50104338,50104338,CCOC(=O)c1cnc2c(cnn2CC(Cl)c2ccccc2)c1N1CCN(C)CC1,RQQHTDNUQZRYBY-UHFFFAOYSA-N,C1CCC(CCC2CCC3C(C4CCCCC4)CCCC23)CC1,10.1016/s0960-894x(01)00483-8|10.1021/jm0209580,11549462|12383013,2,False,False,pending_dual_review,eligible_for_primary_evidence_review,
BDB-50108019,50108019,Nc1nc2c(cnn2CCCc2ccc3c(c2)OC(CO)(CO)O3)c2nc(-c3ccco3)nn12,XWPUNBYJQDUILR-UHFFFAOYSA-N,C1CCC(C2CC3CCC4C(CCCC5CCC6CCCC6C5)CCC4C3C2)C1,10.1016/j.bmc.2009.05.038|10.1021/jm010924c,11754583|19501513,2,False,False,pending_dual_review,eligible_for_primary_evidence_review,
BDB-50108025,50108025,Nc1nc2c(cnn2CCCc2ccc3c(c2)OC(C(=O)O)(C(=O)O)O3)c2nc(-c3ccco3)nn12,XAJRAZXSOMHMEV-UHFFFAOYSA-N,C1CCC(C2CC3CCC4C(CCCC5CCC6CCCC6C5)CCC4C3C2)C1,10.1016/j.bmc.2009.05.038|10.1021/jm010924c,11754583|19501513,2,False,False,pending_dual_review,eligible_for_primary_evidence_review,
BDB-50108026,50108026,Nc1nc2c(cnn2CCCc2ccc3c(c2)O[C@H](C(=O)O)O3)c2nc(-c3ccco3)nn12,AFOOOKGSRGDTCL-HXUWFJFHSA-N,C1CCC(C2CC3CCC4C(CCCC5CCC6CCCC6C5)CCC4C3C2)C1,10.1021/jm010924c,11754583,1,False,False,pending_dual_review,eligible_for_primary_evidence_review,
BDB-50108028,50108028,Nc1nc2c(cnn2CCCc2cc3c(cc2S(=O)(=O)O)OCO3)c2nc(-c3ccco3)nn12,KMTCPHIXCANCDM-UHFFFAOYSA-N,C1CCC(C2CC3CCC4C(CCCC5CCC6CCCC6C5)CCC4C3C2)C1,10.1021/jm010924c,11754583,1,False,False,pending_dual_review,eligible_for_primary_evidence_review,
BDB-50108032,50108032,Nc1nc2c(cnn2CCCc2ccc3c(c2)OC(C(=O)O)(C(=O)O)O3)c2nc(-c3ccco3)nn12,XAJRAZXSOMHMEV-UHFFFAOYSA-N,C1CCC(C2CC3CCC4C(CCCC5CCC6CCCC6C5)CCC4C3C2)C1,10.1021/jm010924c,11754583,1,False,False,pending_dual_review,eligible_for_primary_evidence_review,
BDB-50108034,50108034,CCOC(=O)[C@@H]1Oc2ccc(CCCn3ncc4c3nc(N)n3nc(-c5ccco5)nc43)cc2O1,HLYUSSPLIJFDJS-JOCHJYFZSA-N,C1CCC(C2CC3CCC4C(CCCC5CCC6CCCC6C5)CCC4C3C2)C1,10.1021/jm010924c,11754583,1,False,False,pending_dual_review,eligible_for_primary_evidence_review,
BDB-50108038,50108038,CN1CCN(S(=O)(=O)c2ccc(CCn3ncc4c3nc(N)n3nc(-c5ccco5)nc43)cc2)CC1,UIAWUQHFYVTKHM-UHFFFAOYSA-N,CC(C)(C1CCCCC1)C1CCC(CCC2CCC3C2CCC2CC(C4CCCC4)CC23)CC1,10.1016/j.bmc.2009.05.038|10.1021/jm010924c,11754583|19501513,2,False,False,pending_dual_review,eligible_for_primary_evidence_review,
BDB-50108647,50108647,COc1cccc(N2CCN(Cc3nc4c5cccc(OC)c5nc(N)n4n3)[C@H](C)C2)c1,VHWVPUSSAQURNZ-OAHLLOKOSA-N,C1CCC(C2CCC(CC3CC4CCC5CCCCC5C4C3)CC2)CC1,10.1016/j.bmcl.2015.05.036,26048804,1,False,False,pending_dual_review,eligible_for_primary_evidence_review,
BDB-50108648,50108648,COc1ccccc1N1CCN(Cc2nc3c4cccc(OC)c4nc(N)n3n2)[C@H](C)C1,AVHLJSGXVGYCKK-OAHLLOKOSA-N,C1CCC(C2CCC(CC3CC4CCC5CCCCC5C4C3)CC2)CC1,10.1016/j.bmcl.2015.05.036,26048804,1,False,False,pending_dual_review,eligible_for_primary_evidence_review,
BDB-50108649,50108649,COc1cccc2c1nc(N)n1nc(CN3CCN(c4ncccn4)C[C@H]3C)nc21,UGNIFDZRCGZKQD-CYBMUJFWSA-N,C1CCC(C2CCC(CC3CC4CCC5CCCCC5C4C3)CC2)CC1,10.1016/j.bmcl.2015.05.036,26048804,1,False,False,pending_dual_review,eligible_for_primary_evidence_review,
BDB-50108650,50108650,COc1cccc2c1nc(N)n1nc(CN3CCN(c4ccncc4)C[C@H]3C)nc21,GSHURFXAZDZQNT-CQSZACIVSA-N,C1CCC(C2CCC(CC3CC4CCC5CCCCC5C4C3)CC2)CC1,10.1016/j.bmcl.2015.05.036,26048804,1,False,False,pending_dual_review,eligible_for_primary_evidence_review,
BDB-50108651,50108651,COc1cccc2c1nc(N)n1nc(CN3CCN(c4cccnc4)C[C@H]3C)nc21,ANVXHXGEVYBTKN-CQSZACIVSA-N,C1CCC(C2CCC(CC3CC4CCC5CCCCC5C4C3)CC2)CC1,10.1016/j.bmcl.2015.05.036,26048804,1,False,False,pending_dual_review,eligible_for_primary_evidence_review,
BDB-50108671,50108671,COc1cccc2c1nc(N)n1nc(CN3CCN(c4ccccn4)C[C@H]3C)nc21,HOMZMCWVXKVXLX-CQSZACIVSA-N,C1CCC(C2CCC(CC3CC4CCC5CCCCC5C4C3)CC2)CC1,10.1016/j.bmcl.2015.05.036,26048804,1,False,False,pending_dual_review,eligible_for_primary_evidence_review,
BDB-50108672,50108672,COc1cccc2c1nc(N)n1nc(CN3CCN(c4ccccc4)C[C@H]3C)nc21,RQPQGMWYGNBUKK-OAHLLOKOSA-N,C1CCC(C2CCC(CC3CC4CCC5CCCCC5C4C3)CC2)CC1,10.1016/j.bmcl.2015.05.036,26048804,1,False,False,pending_dual_review,eligible_for_primary_evidence_review,
BDB-50108673,50108673,COc1cccc2c1nc(N)n1nc(CN3CCN(c4ccc(F)cn4)C[C@H]3C)nc21,MLKYZAOUHNKPGX-CYBMUJFWSA-N,C1CCC(C2CCC(CC3CC4CCC5CCCCC5C4C3)CC2)CC1,10.1016/j.bmcl.2015.05.036,26048804,1,False,False,pending_dual_review,eligible_for_primary_evidence_review,
BDB-50108674,50108674,COc1cccc2c1nc(N)n1nc(CN3CCN(c4cccc(F)c4)C[C@H]3C)nc21,ZJCWMJGOWBGMOH-CQSZACIVSA-N,C1CCC(C2CCC(CC3CC4CCC5CCCCC5C4C3)CC2)CC1,10.1016/j.bmcl.2015.05.036,26048804,1,False,False,pending_dual_review,eligible_for_primary_evidence_review,
BDB-50108675,50108675,COc1cccc2c1nc(N)n1nc(CN3CCN(c4ccccc4F)C[C@H]3C)nc21,DJELAMXUNKZXCL-CQSZACIVSA-N,C1CCC(C2CCC(CC3CC4CCC5CCCCC5C4C3)CC2)CC1,10.1016/j.bmcl.2015.05.036,26048804,1,False,False,pending_dual_review,eligible_for_primary_evidence_review,
BDB-50108676,50108676,COc1cccc2c1nc(N)n1nc(CN3CCN(c4ccc(F)cc4)C[C@H]3C)nc21,MQKKAQLHMBBFHM-CQSZACIVSA-N,C1CCC(C2CCC(CC3CC4CCC5CCCCC5C4C3)CC2)CC1,10.1016/j.bmcl.2015.05.036,26048804,1,False,False,pending_dual_review,eligible_for_primary_evidence_review,
BDB-50108677,50108677,COc1cccc2c1nc(N)n1nc(CN3CCN(c4cnn(C(C)(C)C)c4)C[C@H]3C)nc21,NJFOJBCWSPNWOZ-OAHLLOKOSA-N,C1CCC(C2CCC(CC3CC4CCC5CCCCC5C4C3)CC2)C1,10.1016/j.bmcl.2015.05.036,26048804,1,False,False,pending_dual_review,eligible_for_primary_evidence_review,
BDB-50108678,50108678,CCn1cc(N2CCN(Cc3nc4c5cccc(OC)c5nc(N)n4n3)[C@H](C)C2)cn1,BWISKVKXIBGNEZ-CQSZACIVSA-N,C1CCC(C2CCC(CC3CC4CCC5CCCCC5C4C3)CC2)C1,10.1016/j.bmcl.2015.05.036,26048804,1,False,False,pending_dual_review,eligible_for_primary_evidence_review,
BDB-50108679,50108679,COc1cccc2c1nc(N)n1nc(CN3CCN(c4nsnc4Cl)C[C@H]3C)nc21,LAFTYKBPQFGFAN-SNVBAGLBSA-N,C1CCC(C2CCC(CC3CC4CCC5CCCCC5C4C3)CC2)C1,10.1016/j.bmcl.2015.05.036,26048804,1,False,False,pending_dual_review,eligible_for_primary_evidence_review,
BDB-50108680,50108680,COc1cccc2c1nc(N)n1nc(CN3CCN(c4sc(C)nc4C)C[C@H]3C)nc21,SBASPANLGYDWOU-GFCCVEGCSA-N,C1CCC(C2CCC(CC3CC4CCC5CCCCC5C4C3)CC2)C1,10.1016/j.bmcl.2015.05.036,26048804,1,False,False,pending_dual_review,eligible_for_primary_evidence_review,
BDB-50108681,50108681,COc1cccc2c1nc(N)n1nc(CN3CCN(c4cnc(C)s4)C[C@H]3C)nc21,OVMXDDOSKRBABS-GFCCVEGCSA-N,C1CCC(C2CCC(CC3CC4CCC5CCCCC5C4C3)CC2)C1,10.1016/j.bmcl.2015.05.036,26048804,1,False,False,pending_dual_review,eligible_for_primary_evidence_review,
BDB-50108682,50108682,COc1cccc2c1nc(N)n1nc(CN3CCN(c4ncc(C)s4)C[C@H]3C)nc21,JQQRLDARMNMUCR-GFCCVEGCSA-N,C1CCC(C2CCC(CC3CC4CCC5CCCCC5C4C3)CC2)C1,10.1016/j.bmcl.2015.05.036,26048804,1,False,False,pending_dual_review,eligible_for_primary_evidence_review,
BDB-50108683,50108683,COc1cccc2c1nc(N)n1nc(CN3CCN(c4cnn(C)c4)C[C@H]3C)nc21,RDJIFVXEHXFTIX-CYBMUJFWSA-N,C1CCC(C2CCC(CC3CC4CCC5CCCCC5C4C3)CC2)C1,10.1016/j.bmcl.2015.05.036,26048804,1,False,False,pending_dual_review,eligible_for_primary_evidence_review,
BDB-50108684,50108684,COc1ccc(N2CCN(Cc3nc4c5cccc(OC)c5nc(N)n4n3)[C@H](C)C2)cc1,SAFUTBJYBAFUQI-OAHLLOKOSA-N,C1CCC(C2CCC(CC3CC4CCC5CCCCC5C4C3)CC2)CC1,10.1016/j.bmcl.2015.05.036,26048804,1,False,False,pending_dual_review,eligible_for_primary_evidence_review,
BDB-50109434,50109434,Cn1cc2c(nc(NC(=O)Nc3ccc(F)cc3)n3nc(-c4ccco4)nc23)n1,TWURXTVPZRAVFY-UHFFFAOYSA-N,CC(CC1CCCCC1)CC1CC2CCCC2C2CC(C3CCCC3)CC12,10.1016/j.bmc.2009.05.038|10.1021/jm0109614,11831890|19501513,2,False,False,pending_dual_review,eligible_for_primary_evidence_review,
BDB-50109435,50109435,CCCn1cc2c(nc(NC(=O)Nc3ccc(Br)cc3)n3nc(-c4ccco4)nc23)n1,BZTRALWFDUDZBD-UHFFFAOYSA-N,CC(CC1CCCCC1)CC1CC2CCCC2C2CC(C3CCCC3)CC12,10.1016/j.bmc.2009.05.038|10.1021/jm0109614,11831890|19501513,2,False,False,pending_dual_review,eligible_for_primary_evidence_review,
BDB-50109436,50109436,CCCCn1cc2c(nc(NC(=O)Nc3cccc(OC)c3)n3nc(-c4ccco4)nc23)n1,WWOJSFIUZDNCOE-UHFFFAOYSA-N,CC(CC1CCCCC1)CC1CC2CCCC2C2CC(C3CCCC3)CC12,10.1016/j.bmc.2009.05.038|10.1021/jm0109614,11831890|19501513,2,False,False,pending_dual_review,eligible_for_primary_evidence_review,
BDB-50109437,50109437,CCn1cc2c(nc(NC(=O)Nc3ccc(Br)cc3)n3nc(-c4ccco4)nc23)n1,GQNTYJRUQFVQDY-UHFFFAOYSA-N,CC(CC1CCCCC1)CC1CC2CCCC2C2CC(C3CCCC3)CC12,10.1016/j.bmc.2009.05.038|10.1021/jm0109614,11831890|19501513,2,False,False,pending_dual_review,eligible_for_primary_evidence_review,
BDB-50109438,50109438,CCCCn1cc2c(nc(NC(=O)Nc3ccc(C)cc3)n3nc(-c4ccco4)nc23)n1,IROKGKLLWZLKKI-UHFFFAOYSA-N,CC(CC1CCCCC1)CC1CC2CCCC2C2CC(C3CCCC3)CC12,10.1016/j.bmc.2009.05.038|10.1021/jm0109614,11831890|19501513,2,False,False,pending_dual_review,eligible_for_primary_evidence_review,
BDB-50109439,50109439,CCCCn1cc2c(nc(NC(=O)Nc3ccc(Cl)cc3)n3nc(-c4ccco4)nc23)n1,VSCGUBNFPMURGN-UHFFFAOYSA-N,CC(CC1CCCCC1)CC1CC2CCCC2C2CC(C3CCCC3)CC12,10.1016/j.bmc.2009.05.038|10.1021/jm0109614,11831890|19501513,2,False,False,pending_dual_review,eligible_for_primary_evidence_review,
BDB-50109440,50109440,CCCCn1cc2c(nc(NC(=O)Nc3ccccc3Cl)n3nc(-c4ccco4)nc23)n1,RPCXHHPLDXSEJF-UHFFFAOYSA-N,CC(CC1CCCCC1)CC1CC2CCCC2C2CC(C3CCCC3)CC12,10.1016/j.bmc.2009.05.038|10.1021/jm0109614,11831890|19501513,2,False,False,pending_dual_review,eligible_for_primary_evidence_review,
BDB-50109441,50109441,Cn1cc2c(nc(NC(=O)Nc3ccc4c(c3)OCO4)n3nc(-c4ccco4)nc23)n1,MWPIAGIXDKLYME-UHFFFAOYSA-N,CC(CC1CCC2CCCC2C1)CC1CC2CCCC2C2CC(C3CCCC3)CC12,10.1016/j.bmc.2009.05.038|10.1021/jm0109614,11831890|19501513,2,False,False,pending_dual_review,eligible_for_primary_evidence_review,
BDB-50109442,50109442,CCCCn1cc2c(nc(NC(=O)Nc3ccc(S(=O)(=O)O)cc3)n3nc(-c4ccco4)nc23)n1,CUKROFJHIKPBQG-UHFFFAOYSA-N,CC(CC1CCCCC1)CC1CC2CCCC2C2CC(C3CCCC3)CC12,10.1016/j.bmc.2009.05.038|10.1021/jm0109614,11831890|19501513,2,False,False,pending_dual_review,eligible_for_primary_evidence_review,
BDB-50109443,50109443,Cn1cc2c(nc(NC(=O)Nc3ccc(Cl)c(Cl)c3)n3nc(-c4ccco4)nc23)n1,WRFYJOIKSSTMGJ-UHFFFAOYSA-N,CC(CC1CCCCC1)CC1CC2CCCC2C2CC(C3CCCC3)CC12,10.1016/j.bmc.2009.05.038|10.1021/jm0109614,11831890|19501513,2,False,False,pending_dual_review,eligible_for_primary_evidence_review,
BDB-50109444,50109444,CCn1cc2c(nc(NC(=O)Nc3ccc(C(F)(F)F)cc3)n3nc(-c4ccco4)nc23)n1,APLSVTYFWKNRKK-UHFFFAOYSA-N,CC(CC1CCCCC1)CC1CC2CCCC2C2CC(C3CCCC3)CC12,10.1016/j.bmc.2009.05.038|10.1021/jm0109614,11831890|19501513,2,False,False,pending_dual_review,eligible_for_primary_evidence_review,
BDB-50109445,50109445,CCn1cc2c(nc(NC(=O)Nc3ccc(C)cc3)n3nc(-c4ccco4)nc23)n1,VWSPWOIXVVRAKZ-UHFFFAOYSA-N,CC(CC1CCCCC1)CC1CC2CCCC2C2CC(C3CCCC3)CC12,10.1016/j.bmc.2009.05.038|10.1021/jm0109614,11831890|19501513,2,False,False,pending_dual_review,eligible_for_primary_evidence_review,
BDB-50109446,50109446,CCCn1cc2c(nc(NC(=O)Nc3ccc4c(c3)OCO4)n3nc(-c4ccco4)nc23)n1,LFIPIWLAZKCZFG-UHFFFAOYSA-N,CC(CC1CCC2CCCC2C1)CC1CC2CCCC2C2CC(C3CCCC3)CC12,10.1016/j.bmc.2009.05.038|10.1021/jm0109614,11831890|19501513,2,False,False,pending_dual_review,eligible_for_primary_evidence_review,
BDB-50109447,50109447,CCn1cc2c(nc(NC(=O)Nc3ccc(F)cc3)n3nc(-c4ccco4)nc23)n1,XLPDJMHOTMAAOH-UHFFFAOYSA-N,CC(CC1CCCCC1)CC1CC2CCCC2C2CC(C3CCCC3)CC12,10.1016/j.bmc.2009.05.038|10.1021/jm0109614,11831890|19501513,2,False,False,pending_dual_review,eligible_for_primary_evidence_review,
BDB-50109448,50109448,CCCn1cc2c(nc(NC(=O)Nc3ccc([N+](=O)[O-])cc3)n3nc(-c4ccco4)nc23)n1,FMBRLWKPOKELMV-UHFFFAOYSA-N,CC(CC1CCCCC1)CC1CC2CCCC2C2CC(C3CCCC3)CC12,10.1016/j.bmc.2009.05.038|10.1021/jm0109614,11831890|19501513,2,False,False,pending_dual_review,eligible_for_primary_evidence_review,
BDB-50109449,50109449,CCCn1cc2c(nc(NC(=O)Cc3ccccc3)n3nc(-c4ccco4)nc23)n1,SVDLLGYVNRRWDR-UHFFFAOYSA-N,CC(CC1CCCCC1)CC1CC2CCCC2C2CC(C3CCCC3)CC12,10.1016/j.bmc.2009.05.038|10.1021/jm0109614,11831890|19501513,2,False,False,pending_dual_review,eligible_for_primary_evidence_review,
BDB-50109450,50109450,Cn1cc2c(nc(NC(=O)Nc3ccc(S(=O)(=O)O)cc3)n3nc(-c4ccco4)nc23)n1,BXKRONFNAOPLMU-UHFFFAOYSA-N,CC(CC1CCCCC1)CC1CC2CCCC2C2CC(C3CCCC3)CC12,10.1016/j.bmc.2009.05.038|10.1021/jm0109614|10.1021/jm020974x,11831890|12166930|19501513,3,False,False,pending_dual_review,eligible_for_primary_evidence_review,
BDB-50109451,50109451,Cn1cc2c(nc(NC(=O)Nc3ccc([N+](=O)[O-])cc3)n3nc(-c4ccco4)nc23)n1,PCXPLFCLERZTBF-UHFFFAOYSA-N,CC(CC1CCCCC1)CC1CC2CCCC2C2CC(C3CCCC3)CC12,10.1016/j.bmc.2009.05.038|10.1021/jm0109614,11831890|19501513,2,False,False,pending_dual_review,eligible_for_primary_evidence_review,
BDB-50109452,50109452,CCn1cc2c(nc(NC(=O)Nc3ccccc3OC)n3nc(-c4ccco4)nc23)n1,SEJFSOMEWFABFC-UHFFFAOYSA-N,CC(CC1CCCCC1)CC1CC2CCCC2C2CC(C3CCCC3)CC12,10.1016/j.bmc.2009.05.038|10.1021/jm0109614,11831890|19501513,2,False,False,pending_dual_review,eligible_for_primary_evidence_review,
BDB-50109453,50109453,Cn1cc2c(nc(NC(=O)Cc3ccccc3)n3nc(-c4ccco4)nc23)n1,UYEQIRAILMVJGC-UHFFFAOYSA-N,CC(CC1CCCCC1)CC1CC2CCCC2C2CC(C3CCCC3)CC12,10.1016/j.bmc.2009.05.038|10.1021/jm0109614|10.1021/jm030852k,11831890|13678407|19501513,3,False,False,pending_dual_review,eligible_for_primary_evidence_review,
BDB-50109454,50109454,Cn1cc2c(nc(NC(=O)Nc3ccc(Cl)cc3)n3nc(-c4ccco4)nc23)n1,YNNNCAAPQRZSHQ-UHFFFAOYSA-N,CC(CC1CCCCC1)CC1CC2CCCC2C2CC(C3CCCC3)CC12,10.1016/j.bmc.2009.05.038|10.1021/jm0109614,11831890|19501513,2,False,False,pending_dual_review,eligible_for_primary_evidence_review,
BDB-50109455,50109455,CCn1cc2c(nc(NC(=O)Nc3ccc(Cl)cc3)n3nc(-c4ccco4)nc23)n1,GPHJHOZYSNRISC-UHFFFAOYSA-N,CC(CC1CCCCC1)CC1CC2CCCC2C2CC(C3CCCC3)CC12,10.1016/j.bmc.2009.05.038|10.1021/jm0109614,11831890|19501513,2,False,False,pending_dual_review,eligible_for_primary_evidence_review,
BDB-50109456,50109456,CCCCn1cc2c(nc(NC(=O)Nc3ccccc3)n3nc(-c4ccco4)nc23)n1,WUAXAEHITYFYHE-UHFFFAOYSA-N,CC(CC1CCCCC1)CC1CC2CCCC2C2CC(C3CCCC3)CC12,10.1016/j.bmc.2009.05.038|10.1021/jm0109614,11831890|19501513,2,False,False,pending_dual_review,eligible_for_primary_evidence_review,
BDB-50109457,50109457,CCCCn1cc2c(nc(NC(=O)Nc3ccc(C(F)(F)F)cc3)n3nc(-c4ccco4)nc23)n1,SPQHOKINAATLLJ-UHFFFAOYSA-N,CC(CC1CCCCC1)CC1CC2CCCC2C2CC(C3CCCC3)CC12,10.1016/j.bmc.2009.05.038|10.1021/jm0109614,11831890|19501513,2,False,False,pending_dual_review,eligible_for_primary_evidence_review,
BDB-50109458,50109458,CCCn1cc2c(nc(NC(=O)Nc3ccc(Cl)cc3)n3nc(-c4ccco4)nc23)n1,YSKVVKBTAXRUQS-UHFFFAOYSA-N,CC(CC1CCCCC1)CC1CC2CCCC2C2CC(C3CCCC3)CC12,10.1016/j.bmc.2009.05.038|10.1021/jm0109614,11831890|19501513,2,False,False,pending_dual_review,eligible_for_primary_evidence_review,
BDB-50109459,50109459,Cn1cc2c(nc(NC(=O)Nc3ccccc3Cl)n3nc(-c4ccco4)nc23)n1,ICNNXGJLOCFASJ-UHFFFAOYSA-N,CC(CC1CCCCC1)CC1CC2CCCC2C2CC(C3CCCC3)CC12,10.1016/j.bmc.2009.05.038|10.1021/jm0109614,11831890|19501513,2,False,False,pending_dual_review,eligible_for_primary_evidence_review,
BDB-50109460,50109460,CCCn1cc2c(nc(NC(=O)Nc3ccccc3Cl)n3nc(-c4ccco4)nc23)n1,WROAGIKDBNSCJU-UHFFFAOYSA-N,CC(CC1CCCCC1)CC1CC2CCCC2C2CC(C3CCCC3)CC12,10.1016/j.bmc.2009.05.038|10.1021/jm0109614,11831890|19501513,2,False,False,pending_dual_review,eligible_for_primary_evidence_review,
BDB-50109461,50109461,Cn1cc2c(nc(NC(=O)Nc3ccccc3)n3nc(-c4ccco4)nc23)n1,OPNAVJJOJBREBM-UHFFFAOYSA-N,CC(CC1CCCCC1)CC1CC2CCCC2C2CC(C3CCCC3)CC12,10.1016/j.bmc.2009.05.038|10.1016/j.ejmech.2015.12.019|10.1021/acs.jmedchem.5b00551|10.1021/jm0109614|10.1021/jm020974x|10.1021/jm030852k|10.1021/jm500752h,11831890|12166930|13678407|19501513|24972108|26046697|26717203,7,False,False,pending_dual_review,eligible_for_primary_evidence_review,
BDB-50109462,50109462,CCCn1cc2c(nc(NC(=O)Nc3ccc(F)cc3)n3nc(-c4ccco4)nc23)n1,RPJWXCWBXBWFCF-UHFFFAOYSA-N,CC(CC1CCCCC1)CC1CC2CCCC2C2CC(C3CCCC3)CC12,10.1016/j.bmc.2009.05.038|10.1021/jm0109614,11831890|19501513,2,False,False,pending_dual_review,eligible_for_primary_evidence_review,
BDB-50109463,50109463,CCCn1cc2c(nc(NC(=O)Nc3cccc(OC)c3)n3nc(-c4ccco4)nc23)n1,RXXQRMSOXJMVBN-UHFFFAOYSA-N,CC(CC1CCCCC1)CC1CC2CCCC2C2CC(C3CCCC3)CC12,10.1016/j.bmc.2009.05.038|10.1021/jm0109614,11831890|19501513,2,False,False,pending_dual_review,eligible_for_primary_evidence_review,
BDB-50109464,50109464,CCCCn1cc2c(nc(NC(=O)Nc3ccc(F)cc3)n3nc(-c4ccco4)nc23)n1,YWIKZGGTUBVHBL-UHFFFAOYSA-N,CC(CC1CCCCC1)CC1CC2CCCC2C2CC(C3CCCC3)CC12,10.1016/j.bmc.2009.05.038|10.1021/jm0109614,11831890|19501513,2,False,False,pending_dual_review,eligible_for_primary_evidence_review,
BDB-50109465,50109465,CCCCn1cc2c(nc(NC(=O)Nc3ccc(Cl)c(Cl)c3)n3nc(-c4ccco4)nc23)n1,YWJADWXQSSUICH-UHFFFAOYSA-N,CC(CC1CCCCC1)CC1CC2CCCC2C2CC(C3CCCC3)CC12,10.1016/j.bmc.2009.05.038|10.1021/jm0109614,11831890|19501513,2,False,False,pending_dual_review,eligible_for_primary_evidence_review,
BDB-50109466,50109466,CCn1cc2c(nc(NC(=O)Nc3cccc(OC)c3)n3nc(-c4ccco4)nc23)n1,LHFQFJWTQJNDSV-UHFFFAOYSA-N,CC(CC1CCCCC1)CC1CC2CCCC2C2CC(C3CCCC3)CC12,10.1016/j.bmc.2009.05.038|10.1021/jm0109614,11831890|19501513,2,False,False,pending_dual_review,eligible_for_primary_evidence_review,
BDB-50109467,50109467,CCCCn1cc2c(nc(NC(=O)Nc3ccc([N+](=O)[O-])cc3)n3nc(-c4ccco4)nc23)n1,IFNPTXPWWYFXLK-UHFFFAOYSA-N,CC(CC1CCCCC1)CC1CC2CCCC2C2CC(C3CCCC3)CC12,10.1016/j.bmc.2009.05.038|10.1021/jm0109614,11831890|19501513,2,False,False,pending_dual_review,eligible_for_primary_evidence_review,
BDB-50109468,50109468,Cn1cc2c(nc(NC(=O)Nc3ccc(C(F)(F)F)cc3)n3nc(-c4ccco4)nc23)n1,MHDGNCOMJIVSOQ-UHFFFAOYSA-N,CC(CC1CCCCC1)CC1CC2CCCC2C2CC(C3CCCC3)CC12,10.1016/j.bmc.2009.05.038|10.1021/jm0109614,11831890|19501513,2,False,False,pending_dual_review,eligible_for_primary_evidence_review,
BDB-50109469,50109469,CCCn1cc2c(nc(NC(=O)Nc3ccc(C)cc3)n3nc(-c4ccco4)nc23)n1,OWMCDZATZMOWJW-UHFFFAOYSA-N,CC(CC1CCCCC1)CC1CC2CCCC2C2CC(C3CCCC3)CC12,10.1016/j.bmc.2009.05.038|10.1021/jm0109614,11831890|19501513,2,False,False,pending_dual_review,eligible_for_primary_evidence_review,
BDB-50109470,50109470,CCCCn1cc2c(nc(NC(=O)Nc3ccccc3OC)n3nc(-c4ccco4)nc23)n1,BEIRGCYOTBHQCE-UHFFFAOYSA-N,CC(CC1CCCCC1)CC1CC2CCCC2C2CC(C3CCCC3)CC12,10.1016/j.bmc.2009.05.038|10.1021/jm0109614,11831890|19501513,2,False,False,pending_dual_review,eligible_for_primary_evidence_review,
BDB-50109471,50109471,CCn1cc2c(nc(NC(=O)Nc3ccc([N+](=O)[O-])cc3)n3nc(-c4ccco4)nc23)n1,ITAQPDVKHQKIHR-UHFFFAOYSA-N,CC(CC1CCCCC1)CC1CC2CCCC2C2CC(C3CCCC3)CC12,10.1016/j.bmc.2009.05.038|10.1021/jm0109614,11831890|19501513,2,False,False,pending_dual_review,eligible_for_primary_evidence_review,
BDB-50109472,50109472,Cc1ccc(NC(=O)Nc2nc3nn(C)cc3c3nc(-c4ccco4)nn23)cc1,FNOVENHZHXUETK-UHFFFAOYSA-N,CC(CC1CCCCC1)CC1CC2CCCC2C2CC(C3CCCC3)CC12,10.1016/j.bmc.2009.05.038|10.1021/jm0109614,11831890|19501513,2,False,False,pending_dual_review,eligible_for_primary_evidence_review,
BDB-50109473,50109473,CCn1cc2c(nc(NC(=O)Nc3ccccc3)n3nc(-c4ccco4)nc23)n1,ZFWFVVFEJZLCTO-UHFFFAOYSA-N,CC(CC1CCCCC1)CC1CC2CCCC2C2CC(C3CCCC3)CC12,10.1016/j.bmc.2009.05.038|10.1021/jm0109614,11831890|19501513,2,False,False,pending_dual_review,eligible_for_primary_evidence_review,
BDB-50109474,50109474,COc1cccc(NC(=O)Nc2nc3nn(C)cc3c3nc(-c4ccco4)nn23)c1,AQNRHHRYYOZUOC-UHFFFAOYSA-N,CC(CC1CCCCC1)CC1CC2CCCC2C2CC(C3CCCC3)CC12,10.1016/j.bmc.2009.05.038|10.1021/jm0109614,11831890|19501513,2,False,False,pending_dual_review,eligible_for_primary_evidence_review,
BDB-50109475,50109475,CCn1cc2c(nc(NC(=O)Nc3ccc4c(c3)OCO4)n3nc(-c4ccco4)nc23)n1,FVFSYIHQKDNCSO-UHFFFAOYSA-N,CC(CC1CCC2CCCC2C1)CC1CC2CCCC2C2CC(C3CCCC3)CC12,10.1016/j.bmc.2009.05.038|10.1021/jm0109614,11831890|19501513,2,False,False,pending_dual_review,eligible_for_primary_evidence_review,
BDB-50109476,50109476,CCCCn1cc2c(nc(NC(=O)Nc3ccc(Br)cc3)n3nc(-c4ccco4)nc23)n1,BMCOYZDNAMZDPR-UHFFFAOYSA-N,CC(CC1CCCCC1)CC1CC2CCCC2C2CC(C3CCCC3)CC12,10.1016/j.bmc.2009.05.038|10.1021/jm0109614,11831890|19501513,2,False,False,pending_dual_review,eligible_for_primary_evidence_review,
BDB-50109477,50109477,Cn1cc2c(nc(NC(=O)Nc3ccc(Br)cc3)n3nc(-c4ccco4)nc23)n1,ICVHZJCIDVQQJU-UHFFFAOYSA-N,CC(CC1CCCCC1)CC1CC2CCCC2C2CC(C3CCCC3)CC12,10.1016/j.bmc.2009.05.038|10.1021/jm0109614,11831890|19501513,2,False,False,pending_dual_review,eligible_for_primary_evidence_review,
BDB-50109478,50109478,CCCn1cc2c(nc(NC(=O)Nc3ccc(S(=O)(=O)O)cc3)n3nc(-c4ccco4)nc23)n1,MBCAQKYUCSIGAF-UHFFFAOYSA-N,CC(CC1CCCCC1)CC1CC2CCCC2C2CC(C3CCCC3)CC12,10.1016/j.bmc.2009.05.038|10.1021/jm0109614,11831890|19501513,2,False,False,pending_dual_review,eligible_for_primary_evidence_review,
BDB-50109479,50109479,CCCn1cc2c(nc(NC(=O)Nc3ccc(C(F)(F)F)cc3)n3nc(-c4ccco4)nc23)n1,BEIXNFXNDHJWAK-UHFFFAOYSA-N,CC(CC1CCCCC1)CC1CC2CCCC2C2CC(C3CCCC3)CC12,10.1016/j.bmc.2009.05.038|10.1021/jm0109614,11831890|19501513,2,False,False,pending_dual_review,eligible_for_primary_evidence_review,
BDB-50109480,50109480,CCn1cc2c(nc(NC(=O)Nc3ccccc3Cl)n3nc(-c4ccco4)nc23)n1,HBBCCVGBJNRDQE-UHFFFAOYSA-N,CC(CC1CCCCC1)CC1CC2CCCC2C2CC(C3CCCC3)CC12,10.1016/j.bmc.2009.05.038|10.1021/jm0109614,11831890|19501513,2,False,False,pending_dual_review,eligible_for_primary_evidence_review,
BDB-50109481,50109481,CCCn1cc2c(nc(NC(=O)Nc3ccccc3)n3nc(-c4ccco4)nc23)n1,WUHIIHNZITXJEK-UHFFFAOYSA-N,CC(CC1CCCCC1)CC1CC2CCCC2C2CC(C3CCCC3)CC12,10.1016/j.bmc.2009.05.038|10.1021/jm0109614,11831890|19501513,2,False,False,pending_dual_review,eligible_for_primary_evidence_review,
BDB-50109482,50109482,CCn1cc2c(nc(NC(=O)Cc3ccccc3)n3nc(-c4ccco4)nc23)n1,GXSUORPDPIUXJS-UHFFFAOYSA-N,CC(CC1CCCCC1)CC1CC2CCCC2C2CC(C3CCCC3)CC12,10.1016/j.bmc.2009.05.038|10.1021/jm0109614,11831890|19501513,2,False,False,pending_dual_review,eligible_for_primary_evidence_review,
BDB-50109483,50109483,CCn1cc2c(nc(NC(=O)Nc3ccc(Cl)c(Cl)c3)n3nc(-c4ccco4)nc23)n1,UVJDRLQYFHNJIK-UHFFFAOYSA-N,CC(CC1CCCCC1)CC1CC2CCCC2C2CC(C3CCCC3)CC12,10.1016/j.bmc.2009.05.038|10.1021/jm0109614,11831890|19501513,2,False,False,pending_dual_review,eligible_for_primary_evidence_review,
BDB-50109484,50109484,CCCCn1cc2c(nc(NC(=O)Nc3ccc4c(c3)OCO4)n3nc(-c4ccco4)nc23)n1,FCRUKTDNWPIBOC-UHFFFAOYSA-N,CC(CC1CCC2CCCC2C1)CC1CC2CCCC2C2CC(C3CCCC3)CC12,10.1016/j.bmc.2009.05.038|10.1021/jm0109614,11831890|19501513,2,False,False,pending_dual_review,eligible_for_primary_evidence_review,
BDB-50109485,50109485,CCCCn1cc2c(nc(NC(=O)Cc3ccccc3)n3nc(-c4ccco4)nc23)n1,PKFRXUCKLQZSPD-UHFFFAOYSA-N,CC(CC1CCCCC1)CC1CC2CCCC2C2CC(C3CCCC3)CC12,10.1016/j.bmc.2009.05.038|10.1021/jm0109614,11831890|19501513,2,False,False,pending_dual_review,eligible_for_primary_evidence_review,
BDB-50109486,50109486,CCCn1cc2c(nc(NC(=O)Nc3ccc(Cl)c(Cl)c3)n3nc(-c4ccco4)nc23)n1,UBPNPYAOHJXLLA-UHFFFAOYSA-N,CC(CC1CCCCC1)CC1CC2CCCC2C2CC(C3CCCC3)CC12,10.1016/j.bmc.2009.05.038|10.1021/jm0109614,11831890|19501513,2,False,False,pending_dual_review,eligible_for_primary_evidence_review,
BDB-50109487,50109487,COc1ccccc1NC(=O)Nc1nc2nn(C)cc2c2nc(-c3ccco3)nn12,GXDMHIOIHZQMCR-UHFFFAOYSA-N,CC(CC1CCCCC1)CC1CC2CCCC2C2CC(C3CCCC3)CC12,10.1016/j.bmc.2009.05.038|10.1021/jm0109614,11831890|19501513,2,False,False,pending_dual_review,eligible_for_primary_evidence_review,
BDB-50109488,50109488,CCn1cc2c(nc(NC(=O)Nc3ccc(S(=O)(=O)O)cc3)n3nc(-c4ccco4)nc23)n1,JZZSDHBUYACBNN-UHFFFAOYSA-N,CC(CC1CCCCC1)CC1CC2CCCC2C2CC(C3CCCC3)CC12,10.1016/j.bmc.2009.05.038|10.1021/jm0109614,11831890|19501513,2,False,False,pending_dual_review,eligible_for_primary_evidence_review,
BDB-50109489,50109489,CCCn1cc2c(nc(NC(=O)Nc3ccccc3OC)n3nc(-c4ccco4)nc23)n1,ZYQMTELMKXLVHN-UHFFFAOYSA-N,CC(CC1CCCCC1)CC1CC2CCCC2C2CC(C3CCCC3)CC12,10.1016/j.bmc.2009.05.038|10.1021/jm0109614,11831890|19501513,2,False,False,pending_dual_review,eligible_for_primary_evidence_review,
BDB-50116370,50116370,CCCn1c(=O)c2c(nc3ccccn32)n(Cc2ccccc2)c1=O,LDLBAAURBBVHGB-UHFFFAOYSA-N,CC1CC(C)C2C3CCCCC3CC2C1CC1CCCCC1,10.1021/jm0208469|10.1021/jm300087j,12139445|22468757,2,False,False,pending_dual_review,eligible_for_primary_evidence_review,
BDB-50116371,50116371,C=CCn1c(=O)c2c(nc3ccccn32)n(Cc2ccccc2)c1=O,QZTNGJKCJJXWQM-UHFFFAOYSA-N,CC1CC(C)C2C3CCCCC3CC2C1CC1CCCCC1,10.1021/jm0208469,12139445,1,False,False,pending_dual_review,eligible_for_primary_evidence_review,
BDB-50116372,50116372,CCCn1c(=O)c2c(nc3cc(C(C)(C)C)ccn32)n(Cc2ccccc2)c1=O,GWMULTMVYLNOQD-UHFFFAOYSA-N,CC1CC(C)C2C3CCCCC3CC2C1CC1CCCCC1,10.1021/jm0208469,12139445,1,False,False,pending_dual_review,eligible_for_primary_evidence_review,
BDB-50116373,50116373,C#CCn1c(=O)c2c(nc3ccccn32)n(Cc2ccccc2)c1=O,IEYFOMQJJXPYHX-UHFFFAOYSA-N,CC1CC(C)C2C3CCCCC3CC2C1CC1CCCCC1,10.1021/jm0208469,12139445,1,False,False,pending_dual_review,eligible_for_primary_evidence_review,
BDB-50116379,50116379,CCn1c(=O)c2c(nc3ccccn32)n(Cc2ccccc2)c1=O,YEHUFKUQNJXVNS-UHFFFAOYSA-N,CC1CC(C)C2C3CCCCC3CC2C1CC1CCCCC1,10.1021/jm0208469,12139445,1,False,False,pending_dual_review,eligible_for_primary_evidence_review,
BDB-50116381,50116381,O=c1c2c(nc3ccccn32)n(Cc2ccccc2)c(=O)n1Cc1ccccc1,MRCLOFVOQWMJPM-UHFFFAOYSA-N,CC1C(CC2CCCCC2)C(C)C2C3CCCCC3CC2C1CC1CCCCC1,10.1021/jm0208469,12139445,1,False,False,pending_dual_review,eligible_for_primary_evidence_review,
BDB-50116384,50116384,O=c1c2c(nc3ccccn32)n(Cc2ccccc2)c(=O)n1CC1CC1,SGNCTBLOFLIZCK-UHFFFAOYSA-N,CC1C(CC2CC2)C(C)C2C3CCCCC3CC2C1CC1CCCCC1,10.1021/jm0208469,12139445,1,False,False,pending_dual_review,eligible_for_primary_evidence_review,
BDB-50117108,50117108,Cn1cc2c(nc(NC(=O)Nc3ccncc3)n3nc(-c4ccco4)nc23)n1,KHRCLUNNZRRZTF-UHFFFAOYSA-N,CC(CC1CCCCC1)CC1CC2CCCC2C2CC(C3CCCC3)CC12,10.1021/jm020974x|10.1021/jm051147+|10.1021/jm300323t,12166930|16509587|22568637,3,False,False,pending_dual_review,eligible_for_primary_evidence_review,
BDB-50117109,50117109,Cn1cc2c(nc(NC(=O)Nc3ccncc3)n3nc(-c4ccco4)nc23)n1,KHRCLUNNZRRZTF-UHFFFAOYSA-N,CC(CC1CCCCC1)CC1CC2CCCC2C2CC(C3CCCC3)CC12,10.1016/j.bmc.2011.11.037|10.1021/jm020974x|10.1021/jm051147+|10.1021/jm300087j,12166930|16509587|22204739|22468757,4,False,False,pending_dual_review,eligible_for_primary_evidence_review,
BDB-50117215,50117215,CCCCc1nc2nc[nH]c2c2nc(-c3ccc(C(F)(F)F)cc3)nn12,IOICVMMVGWPRCC-UHFFFAOYSA-N,C1CCC(C2CC3CCC4CCCC4C3C2)CC1,10.1021/jm010570p,12166943,1,False,False,pending_dual_review,eligible_for_primary_evidence_review,
BDB-50117216,50117216,CCCCc1nc2nc[nH]c2c2nc(-c3ccc(OCCC)cc3)nn12,ODRIUSPRMZPRHG-UHFFFAOYSA-N,C1CCC(C2CC3CCC4CCCC4C3C2)CC1,10.1021/jm010570p,12166943,1,False,False,pending_dual_review,eligible_for_primary_evidence_review,
BDB-50117222,50117222,CCCCc1nc2nc[nH]c2c2nc(-c3ccc(OCC)cc3)nn12,JSVCNDDQYUWICG-UHFFFAOYSA-N,C1CCC(C2CC3CCC4CCCC4C3C2)CC1,10.1021/jm010570p,12166943,1,False,False,pending_dual_review,eligible_for_primary_evidence_review,
BDB-50117223,50117223,CCCCc1nc2nc[nH]c2c2nc(-c3ccc(OC)cc3)nn12,MQQDQTRQZFWLNZ-UHFFFAOYSA-N,C1CCC(C2CC3CCC4CCCC4C3C2)CC1,10.1021/jm010570p,12166943,1,False,False,pending_dual_review,eligible_for_primary_evidence_review,
BDB-50117239,50117239,CCCCc1nc2nc[nH]c2c2nc(-c3ccc(N(C)C)cc3)nn12,KYKFWXJBEABAMM-UHFFFAOYSA-N,C1CCC(C2CC3CCC4CCCC4C3C2)CC1,10.1021/jm010570p,12166943,1,False,False,pending_dual_review,eligible_for_primary_evidence_review,
BDB-50118803,50118803,O=C1NCC[C@@]12O[C@@H](n1cnc3c(NCc4cccc(I)c4)ncnc31)[C@H](O)[C@@H]2O,GFHAZFGYXHKHAK-AHMDFLBRSA-N,CC1CCCC12CCC(C1CCC3C(CCC4CCCCC4)CCCC31)C2,10.1021/jm070259t|10.1021/jm300087j,17555308|22468757,2,False,False,pending_dual_review,eligible_for_primary_evidence_review,
BDB-50119131,50119131,Nc1nc(-n2cc(C(=O)NC3CCCC3)cn2)nc2c1ncn2[C@@H]1O[C@H](CO)[C@@H](O)[C@H]1O,OMYIZCDTYNHUGF-XWXWGSFUSA-N,CC(CC1CCCC1)C1CCC(C2CCC3CCC(C4CCCC4)C3C2)C1,10.1016/s0960-894x(02)00609-1,12270178,1,False,False,pending_dual_review,eligible_for_primary_evidence_review,
BDB-50119133,50119133,Nc1nc(-c2cnn(CCCc3ccccc3)c2)nc2c1ncn2[C@@H]1O[C@H](CO)[C@@H](O)[C@H]1O,NKWVNJJZYXEHKE-UVLLPENVSA-N,C1CCC(CCCC2CCC(C3CCC4CCC(C5CCCC5)C4C3)C2)CC1,10.1016/s0960-894x(02)00609-1,12270178,1,False,False,pending_dual_review,eligible_for_primary_evidence_review,
BDB-50119156,50119156,Nc1nc(-c2cnn(CCCC3CCCCC3)c2)nc2c1ncn2[C@@H]1O[C@H](CO)[C@@H](O)[C@H]1O,LFHIQESWUFPNSZ-UVLLPENVSA-N,C1CCC(CCCC2CCC(C3CCC4CCC(C5CCCC5)C4C3)C2)CC1,10.1016/s0960-894x(02)00609-1,12270178,1,False,False,pending_dual_review,eligible_for_primary_evidence_review,
BDB-50119157,50119157,Nc1nc(-c2cnn(CCc3ccccc3)c2)nc2c1ncn2[C@@H]1O[C@H](CO)[C@@H](O)[C@H]1O,GAQVVAKOAPHOLM-VGKBRBPRSA-N,C1CCC(CCC2CCC(C3CCC4CCC(C5CCCC5)C4C3)C2)CC1,10.1016/s0960-894x(02)00609-1,12270178,1,False,False,pending_dual_review,eligible_for_primary_evidence_review,
BDB-50119161,50119161,Nc1nc(-n2cc(C(=O)NCc3ccc(Cl)cc3)cn2)nc2c1ncn2[C@@H]1O[C@H](CO)[C@@H](O)[C@H]1O,KPSCXMWTKCJXGG-KHTYJDQRSA-N,CC(CCC1CCCCC1)C1CCC(C2CCC3CCC(C4CCCC4)C3C2)C1,10.1016/s0960-894x(02)00609-1,12270178,1,False,False,pending_dual_review,eligible_for_primary_evidence_review,
BDB-50119169,50119169,Nc1nc(-c2cnn(CCC3CCCCC3)c2)nc2c1ncn2[C@@H]1O[C@H](CO)[C@@H](O)[C@H]1O,OTOIUXZTJYMLMD-VGKBRBPRSA-N,C1CCC(CCC2CCC(C3CCC4CCC(C5CCCC5)C4C3)C2)CC1,10.1016/s0960-894x(02)00609-1,12270178,1,False,False,pending_dual_review,eligible_for_primary_evidence_review,
BDB-50120758,50120758,Cc1cn2c(NC3CCCC3)nc(-c3ccccc3)nc2n1,SUVBNOIILHXKCI-UHFFFAOYSA-N,C1CCC(C2CC3CCCC3C(CC3CCCC3)C2)CC1,10.1021/jm020911e,12408713,1,False,False,pending_dual_review,eligible_for_primary_evidence_review,
BDB-50120761,50120761,Cc1cn2c(NC(=O)C3CCCC3)nc(-c3ccccc3)nc2n1,BSNJZTLENAKNNX-UHFFFAOYSA-N,CC(CC1CC(C2CCCCC2)CC2CCCC21)C1CCCC1,10.1021/jm020911e,12408713,1,False,False,pending_dual_review,eligible_for_primary_evidence_review,
BDB-50120763,50120763,CCc1cn2c(NC(=O)C3CCCC3)nc(-c3ccccc3)nc2n1,RGWDXSHSTWLQKS-UHFFFAOYSA-N,CC(CC1CC(C2CCCCC2)CC2CCCC21)C1CCCC1,10.1021/jm020911e,12408713,1,False,False,pending_dual_review,eligible_for_primary_evidence_review,
BDB-50120764,50120764,O=C(Nc1nc(-c2ccccc2)nc2nc(-c3ccccc3)cn12)C1CCCC1,MGGUVXIOYHCEOC-UHFFFAOYSA-N,CC(CC1CC(C2CCCCC2)CC2CC(C3CCCCC3)CC12)C1CCCC1,10.1021/jm020911e,12408713,1,False,False,pending_dual_review,eligible_for_primary_evidence_review,
BDB-50125907,50125907,CSc1c2c(nc(NC(=O)Cc3ccc(CC(C)C)cc3)n3nc(-c4ccco4)nc23)nn1C,PPKKSLWWZOBHPQ-UHFFFAOYSA-N,CC(CC1CCCCC1)CC1CC2CCCC2C2CC(C3CCCC3)CC12,10.1021/jm021023m,12646033,1,False,False,pending_dual_review,eligible_for_primary_evidence_review,
BDB-50125914,50125914,Nc1nc2c(cnn2CCc2ccccc2)c2nc(-c3ccc(Cl)cc3)nn12,IRPSOMIAYKIXLG-UHFFFAOYSA-N,C1CCC(CCC2CCC3C2CCC2CC(C4CCCCC4)CC23)CC1,10.1021/jm100049f,20307065,1,False,False,pending_dual_review,eligible_for_primary_evidence_review,
BDB-50125915,50125915,CCNc1c2c(nc(NC(=O)Cc3ccc4c(c3)OCO4)n3nc(-c4ccco4)nc23)nn1C,LFBRGRYXSNFOQV-UHFFFAOYSA-N,CC(CC1CCC2CCCC2C1)CC1CC2CCCC2C2CC(C3CCCC3)CC12,10.1021/jm021023m,12646033,1,False,False,pending_dual_review,eligible_for_primary_evidence_review,
BDB-50125921,50125921,COc1ccc(CC(=O)Nc2nc3nn(C)c(SC)c3c3nc(-c4ccco4)nn23)cc1,BUPXLNFYXPSBGC-UHFFFAOYSA-N,CC(CC1CCCCC1)CC1CC2CCCC2C2CC(C3CCCC3)CC12,10.1016/j.bmc.2009.05.038|10.1021/jm021023m,12646033|19501513,2,False,False,pending_dual_review,eligible_for_primary_evidence_review,
BDB-50125926,50125926,CSc1c2c(nc(N)n3nc(-c4ccco4)nc23)nn1CCCc1ccccc1,UKNAWBIMMPPIBW-UHFFFAOYSA-N,C1CCC(CCCC2CC3CCC4CC(C5CCCC5)CC4C3C2)CC1,10.1021/jm021023m,12646033,1,False,False,pending_dual_review,eligible_for_primary_evidence_review,
BDB-50125928,50125928,CN1CCN(c2c3c(nc(N)n4nc(-c5ccco5)nc34)nn2C)CC1,ZJDDZFRXMHNEHD-UHFFFAOYSA-N,C1CCC(C2CCC3CCC4CC(C5CCCC5)CC4C32)CC1,10.1021/jm021023m,12646033,2,False,False,pending_dual_review,eligible_for_primary_evidence_review,
BDB-50133360,50133360,CC(C)CCn1cc2c(nc(NC(=O)Cc3cccc4ccccc34)n3nc(-c4ccco4)nc23)n1,NVIJFOMRABGFQA-UHFFFAOYSA-N,CC(CC1CCCC2CCCCC21)CC1CC2CCCC2C2CC(C3CCCC3)CC12,10.1021/jm030852k,13678407,1,False,False,pending_dual_review,eligible_for_primary_evidence_review,
BDB-50133361,50133361,CC(C)CCn1cc2c(nc(NC(=O)COc3ccccc3)n3nc(-c4ccco4)nc23)n1,GOYAQHRLQPUEKB-UHFFFAOYSA-N,CC(CCC1CCCCC1)CC1CC2CCCC2C2CC(C3CCCC3)CC12,10.1021/jm030852k,13678407,1,False,False,pending_dual_review,eligible_for_primary_evidence_review,
BDB-50133362,50133362,CC(C)CCn1cc2c(nc(NC(=O)Cc3ccccc3)n3nc(-c4ccco4)nc23)n1,MXFWGZWWOLYNTJ-UHFFFAOYSA-N,CC(CC1CCCCC1)CC1CC2CCCC2C2CC(C3CCCC3)CC12,10.1021/jm030852k,13678407,1,False,False,pending_dual_review,eligible_for_primary_evidence_review,
BDB-50133363,50133363,O=C(Cc1ccccc1)Nc1nc2nn(CCc3ccccc3)cc2c2nc(-c3ccco3)nn12,NNKNPNUOGFMYAG-UHFFFAOYSA-N,CC(CC1CCCCC1)CC1CC2CC(CCC3CCCCC3)CC2C2CC(C3CCCC3)CC12,10.1016/j.bmc.2009.05.038|10.1021/jm030852k,13678407|19501513,2,False,False,pending_dual_review,eligible_for_primary_evidence_review,
BDB-50133364,50133364,O=C(Cc1ccccc1)Nc1nc2nn(CCCc3ccccc3)cc2c2nc(-c3ccco3)nn12,BWLSCOHOGMFEIU-UHFFFAOYSA-N,CC(CC1CCCCC1)CC1CC2CC(CCCC3CCCCC3)CC2C2CC(C3CCCC3)CC12,10.1021/jm030852k,13678407,1,False,False,pending_dual_review,eligible_for_primary_evidence_review,
BDB-50133365,50133365,O=C(COc1ccccc1)Nc1nc2nn(CCCc3ccccc3)cc2c2nc(-c3ccco3)nn12,DSJNSMNLGNQEBL-UHFFFAOYSA-N,CC(CCC1CCCCC1)CC1CC2CC(CCCC3CCCCC3)CC2C2CC(C3CCCC3)CC12,10.1021/jm030852k,13678407,1,False,False,pending_dual_review,eligible_for_primary_evidence_review,
BDB-50133366,50133366,O=C(Cc1cccc2ccccc12)Nc1nc2nn(CCc3ccccc3)cc2c2nc(-c3ccco3)nn12,ZWOVBVVGJSVBEE-UHFFFAOYSA-N,CC(CC1CCCC2CCCCC21)CC1CC2CC(CCC3CCCCC3)CC2C2CC(C3CCCC3)CC12,10.1021/jm030852k,13678407,1,False,False,pending_dual_review,eligible_for_primary_evidence_review,
BDB-50133367,50133367,O=C(COc1ccccc1)Nc1nc2nn(CCc3ccccc3)cc2c2nc(-c3ccco3)nn12,PXLNNXUUFHRPRE-UHFFFAOYSA-N,CC(CCC1CCCCC1)CC1CC2CC(CCC3CCCCC3)CC2C2CC(C3CCCC3)CC12,10.1021/jm030852k,13678407,1,False,False,pending_dual_review,eligible_for_primary_evidence_review,
BDB-50133368,50133368,O=C(Cc1cccc2ccccc12)Nc1nc2nn(CCCc3ccccc3)cc2c2nc(-c3ccco3)nn12,OOTVLKSCGYKBDY-UHFFFAOYSA-N,CC(CC1CCCC2CCCCC21)CC1CC2CC(CCCC3CCCCC3)CC2C2CC(C3CCCC3)CC12,10.1016/j.bmc.2009.05.038|10.1021/jm030852k,13678407|19501513,2,False,False,pending_dual_review,eligible_for_primary_evidence_review,
BDB-50137515,50137515,CC(C)Nc1nc(NC(=O)Cc2ccccc2)n2nc(-c3ccco3)nc2n1,DDBNUUGAISIDIP-UHFFFAOYSA-N,CC(CC1CCCCC1)CC1CCCC2CC(C3CCCC3)CC12,10.1016/j.ejmech.2015.12.019,26717203,1,False,False,pending_dual_review,eligible_for_primary_evidence_review,
BDB-50137516,50137516,CNc1nc(NC(=O)Cc2ccccc2)n2nc(-c3ccco3)nc2n1,UIJTUNGBZZGOBB-UHFFFAOYSA-N,CC(CC1CCCCC1)CC1CCCC2CC(C3CCCC3)CC12,10.1016/j.ejmech.2015.12.019,26717203,1,False,False,pending_dual_review,eligible_for_primary_evidence_review,
BDB-50137517,50137517,O=C(Nc1nc(NCc2ccccc2)nc2nc(-c3ccco3)nn12)c1ccccc1,WCSVRVISKLMGQV-UHFFFAOYSA-N,CC(CC1CC(CCC2CCCCC2)CC2CC(C3CCCC3)CC12)C1CCCCC1,10.1016/j.ejmech.2015.12.019,26717203,1,False,False,pending_dual_review,eligible_for_primary_evidence_review,
BDB-50137518,50137518,O=C(Nc1nc(NC2CCCCC2)nc2nc(-c3ccco3)nn12)c1ccccc1,TVJWAQDNHMFKFF-UHFFFAOYSA-N,CC(CC1CC(CC2CCCCC2)CC2CC(C3CCCC3)CC12)C1CCCCC1,10.1016/j.ejmech.2015.12.019,26717203,1,False,False,pending_dual_review,eligible_for_primary_evidence_review,
BDB-50137519,50137519,CC(C)Nc1nc(NC(=O)c2ccccc2)n2nc(-c3ccco3)nc2n1,BUASTGDZJIEJAC-UHFFFAOYSA-N,CC(CC1CCCC2CC(C3CCCC3)CC12)C1CCCCC1,10.1016/j.ejmech.2015.12.019,26717203,1,False,False,pending_dual_review,eligible_for_primary_evidence_review,
BDB-50137520,50137520,CNc1nc(NC(=O)c2ccccc2)n2nc(-c3ccco3)nc2n1,HFNKEYSOOSBXSY-UHFFFAOYSA-N,CC(CC1CCCC2CC(C3CCCC3)CC12)C1CCCCC1,10.1016/j.ejmech.2015.12.019,26717203,1,False,False,pending_dual_review,eligible_for_primary_evidence_review,
BDB-50137521,50137521,O=C(Nc1ccccc1)Nc1nc(NCc2ccccc2)nc2nc(-c3ccco3)nn12,BKGGNZPNCWNCBQ-UHFFFAOYSA-N,CC(CC1CCCCC1)CC1CC(CCC2CCCCC2)CC2CC(C3CCCC3)CC12,10.1016/j.ejmech.2015.12.019,26717203,1,False,False,pending_dual_review,eligible_for_primary_evidence_review,
BDB-50137522,50137522,O=C(Nc1ccccc1)Nc1nc(NC2CCCCC2)nc2nc(-c3ccco3)nn12,PBXFOUQUQNIFAX-UHFFFAOYSA-N,CC(CC1CCCCC1)CC1CC(CC2CCCCC2)CC2CC(C3CCCC3)CC12,10.1016/j.ejmech.2015.12.019,26717203,1,False,False,pending_dual_review,eligible_for_primary_evidence_review,
BDB-50137523,50137523,CC(C)Nc1nc(NC(=O)Nc2ccccc2)n2nc(-c3ccco3)nc2n1,UDOOWYNSRLPYAH-UHFFFAOYSA-N,CC(CC1CCCCC1)CC1CCCC2CC(C3CCCC3)CC12,10.1016/j.ejmech.2015.12.019,26717203,1,False,False,pending_dual_review,eligible_for_primary_evidence_review,
BDB-50137524,50137524,CNc1nc(NC(=O)Nc2ccccc2)n2nc(-c3ccco3)nc2n1,ZATUCPRBMVYFLY-UHFFFAOYSA-N,CC(CC1CCCCC1)CC1CCCC2CC(C3CCCC3)CC12,10.1016/j.ejmech.2015.12.019,26717203,1,False,False,pending_dual_review,eligible_for_primary_evidence_review,
BDB-50137527,50137527,Nc1nc(NC2CCCCC2)nc2nc(-c3ccco3)nn12,KTRATDJORYAFKA-UHFFFAOYSA-N,C1CCC(CC2CCC3CC(C4CCCC4)CC3C2)CC1,10.1016/j.ejmech.2015.12.019,26717203,1,False,False,pending_dual_review,eligible_for_primary_evidence_review,
BDB-50137528,50137528,Nc1nc(NCc2ccccc2)nc2nc(-c3ccco3)nn12,BCJLRYNWJFOABF-UHFFFAOYSA-N,C1CCC(CCC2CCC3CC(C4CCCC4)CC3C2)CC1,10.1016/j.ejmech.2015.12.019,26717203,1,False,False,pending_dual_review,eligible_for_primary_evidence_review,
BDB-50137529,50137529,O=C(Cc1ccccc1)Nc1nc(NC2CCCCC2)nc2nc(-c3ccco3)nn12,FLEMRKBTYOJIRL-UHFFFAOYSA-N,CC(CC1CCCCC1)CC1CC(CC2CCCCC2)CC2CC(C3CCCC3)CC12,10.1016/j.ejmech.2015.12.019,26717203,1,False,False,pending_dual_review,eligible_for_primary_evidence_review,
BDB-50137530,50137530,O=C(Cc1ccccc1)Nc1nc(NCc2ccccc2)nc2nc(-c3ccco3)nn12,XDBHEXCFNGFAMS-UHFFFAOYSA-N,CC(CC1CCCCC1)CC1CC(CCC2CCCCC2)CC2CC(C3CCCC3)CC12,10.1016/j.ejmech.2015.12.019,26717203,1,False,False,pending_dual_review,eligible_for_primary_evidence_review,
BDB-50137531,50137531,c1ccc(Oc2nc(NC3CCCCC3)n3nc(-c4ccco4)nc3n2)cc1,BODOXDQXJDANSO-UHFFFAOYSA-N,C1CCC(CC2CC(CC3CCCCC3)C3CC(C4CCCC4)CC3C2)CC1,10.1016/j.ejmech.2015.12.019,26717203,1,False,False,pending_dual_review,eligible_for_primary_evidence_review,
BDB-50137532,50137532,c1ccc(CNc2nc(Oc3ccccc3)nc3nc(-c4ccco4)nn23)cc1,DIMJKIOOMFMVOO-UHFFFAOYSA-N,C1CCC(CCC2CC(CC3CCCCC3)CC3CC(C4CCCC4)CC23)CC1,10.1016/j.ejmech.2015.12.019,26717203,1,False,False,pending_dual_review,eligible_for_primary_evidence_review,
BDB-50137533,50137533,Fc1ccc(CNc2nc(Oc3ccccc3)nc3nc(-c4ccco4)nn23)cc1,OREYFLNDMNRUND-UHFFFAOYSA-N,C1CCC(CCC2CC(CC3CCCCC3)CC3CC(C4CCCC4)CC23)CC1,10.1016/j.ejmech.2015.12.019,26717203,1,False,False,pending_dual_review,eligible_for_primary_evidence_review,
BDB-50137534,50137534,CNc1nc(NC2CCCCC2)n2nc(-c3ccco3)nc2n1,IGCQNEVNGQSBBH-UHFFFAOYSA-N,C1CCC(CC2CCCC3CC(C4CCCC4)CC23)CC1,10.1016/j.ejmech.2015.12.019,26717203,1,False,False,pending_dual_review,eligible_for_primary_evidence_review,
BDB-50137535,50137535,CC(C)Nc1nc(NC2CCCCC2)n2nc(-c3ccco3)nc2n1,GWHGVYPWMAAHQK-UHFFFAOYSA-N,C1CCC(CC2CCCC3CC(C4CCCC4)CC23)CC1,10.1016/j.ejmech.2015.12.019,26717203,1,False,False,pending_dual_review,eligible_for_primary_evidence_review,
BDB-50137536,50137536,c1coc(-c2nc3nc(NC4CCCCC4)nc(NC4CCCCC4)n3n2)c1,VJFXMMSUQDAMEU-UHFFFAOYSA-N,C1CCC(CC2CC(CC3CCCCC3)C3CC(C4CCCC4)CC3C2)CC1,10.1016/j.ejmech.2015.12.019,26717203,1,False,False,pending_dual_review,eligible_for_primary_evidence_review,
BDB-50137630,50137630,c1ccc(CNc2nc(NC3CCCCC3)n3nc(-c4ccco4)nc3n2)cc1,CBMMILLJUHOOQT-UHFFFAOYSA-N,C1CCC(CCC2CC(CC3CCCCC3)C3CC(C4CCCC4)CC3C2)CC1,10.1016/j.ejmech.2015.12.019,26717203,1,False,False,pending_dual_review,eligible_for_primary_evidence_review,
BDB-50137631,50137631,CNc1nc(NCc2ccccc2)n2nc(-c3ccco3)nc2n1,NFFSPNMENJFRJZ-UHFFFAOYSA-N,C1CCC(CCC2CCCC3CC(C4CCCC4)CC23)CC1,10.1016/j.ejmech.2015.12.019,26717203,1,False,False,pending_dual_review,eligible_for_primary_evidence_review,
BDB-50137632,50137632,CC(C)Nc1nc(NCc2ccccc2)n2nc(-c3ccco3)nc2n1,JAHXLVSZGUHXNI-UHFFFAOYSA-N,C1CCC(CCC2CCCC3CC(C4CCCC4)CC23)CC1,10.1016/j.ejmech.2015.12.019,26717203,1,False,False,pending_dual_review,eligible_for_primary_evidence_review,
BDB-50137633,50137633,c1ccc(CNc2nc(NCc3ccccc3)n3nc(-c4ccco4)nc3n2)cc1,VWEYZPFNBQUCID-UHFFFAOYSA-N,C1CCC(CCC2CC(CCC3CCCCC3)C3CC(C4CCCC4)CC3C2)CC1,10.1016/j.ejmech.2015.12.019,26717203,1,False,False,pending_dual_review,eligible_for_primary_evidence_review,
BDB-50137634,50137634,CNc1nc(NCc2ccc(F)cc2)n2nc(-c3ccco3)nc2n1,MXCUPECTZIYFES-UHFFFAOYSA-N,C1CCC(CCC2CCCC3CC(C4CCCC4)CC23)CC1,10.1016/j.ejmech.2015.12.019,26717203,1,False,False,pending_dual_review,eligible_for_primary_evidence_review,
BDB-50137635,50137635,Fc1ccc(CNc2nc(NC3CCCCC3)nc3nc(-c4ccco4)nn23)cc1,MFDDHVJCVCVPIP-UHFFFAOYSA-N,C1CCC(CCC2CC(CC3CCCCC3)CC3CC(C4CCCC4)CC23)CC1,10.1016/j.ejmech.2015.12.019,26717203,1,False,False,pending_dual_review,eligible_for_primary_evidence_review,
BDB-50137636,50137636,Fc1ccc(CNc2nc(NCc3ccccc3)nc3nc(-c4ccco4)nn23)cc1,PKKYZWGIYWKCJR-UHFFFAOYSA-N,C1CCC(CCC2CC(CCC3CCCCC3)C3CC(C4CCCC4)CC3C2)CC1,10.1016/j.ejmech.2015.12.019,26717203,1,False,False,pending_dual_review,eligible_for_primary_evidence_review,
BDB-50137637,50137637,Fc1ccc(CNc2nc(NCc3ccc(F)cc3)n3nc(-c4ccco4)nc3n2)cc1,AUVBDTQCKUVYRW-UHFFFAOYSA-N,C1CCC(CCC2CC(CCC3CCCCC3)C3CC(C4CCCC4)CC3C2)CC1,10.1016/j.ejmech.2015.12.019,26717203,1,False,False,pending_dual_review,eligible_for_primary_evidence_review,
BDB-50139653,50139653,Nc1nc(C(=O)NCc2cccc3cccnc23)c2ccccc2n1,NAJMQZHVNVHXHN-UHFFFAOYSA-N,CC(CCC1CCCC2CCCCC21)C1CCCC2CCCCC21,10.1016/j.bmcl.2015.11.048,26781932,1,False,False,pending_dual_review,eligible_for_primary_evidence_review,
BDB-50139654,50139654,Nc1cc(C(=O)NCc2cccc3cccnc23)c2ccccc2n1,YFALKJSXAAGGLK-UHFFFAOYSA-N,CC(CCC1CCCC2CCCCC21)C1CCCC2CCCCC21,10.1016/j.bmcl.2015.11.048,26781932,1,False,False,pending_dual_review,eligible_for_primary_evidence_review,
BDB-50139655,50139655,Nc1nc(C(=O)NCc2cccc3cccnc23)c2cccc(F)c2n1,NKBDQIYAOAYCQN-UHFFFAOYSA-N,CC(CCC1CCCC2CCCCC21)C1CCCC2CCCCC21,10.1016/j.bmcl.2015.11.048,26781932,1,False,False,pending_dual_review,eligible_for_primary_evidence_review,
BDB-50139711,50139711,COc1cccc(-c2nnc(-c3ccc(Cl)c(Cl)c3)[nH]2)c1,DHTUIDHJRHTUOI-UHFFFAOYSA-N,C1CCC(C2CCC(C3CCCCC3)C2)CC1,10.1016/j.bmcl.2003.09.095,14741297,1,False,False,pending_dual_review,eligible_for_primary_evidence_review,
BDB-50139712,50139712,Cn1nc(-c2ccc(N=[N+]=[N-])cc2)nc1-c1cccc(CN2CC=CC2)c1,GTHXQZNGOHRXLQ-UHFFFAOYSA-N,C1CCC(C2CCC(C3CCCC(CC4CCCC4)C3)C2)CC1,10.1016/j.bmcl.2003.09.095,14741297,1,False,False,pending_dual_review,eligible_for_primary_evidence_review,
BDB-50139713,50139713,COc1cccc(-c2nnc(Cc3ccc(C)c(C)c3)[nH]2)c1,HMDXVKQTGSLYAW-UHFFFAOYSA-N,C1CCC(CC2CCC(C3CCCCC3)C2)CC1,10.1016/j.bmcl.2003.09.095|10.1021/jm701594y,14741297|18637670,2,False,False,pending_dual_review,eligible_for_primary_evidence_review,
BDB-50139714,50139714,COc1cccc(-c2nnc(CCc3ccc(Cl)c(Cl)c3)[nH]2)c1,XWWBFQPWVXANHQ-UHFFFAOYSA-N,C1CCC(CCC2CCC(C3CCCCC3)C2)CC1,10.1016/j.bmcl.2003.09.095,14741297,1,False,False,pending_dual_review,eligible_for_primary_evidence_review,
BDB-50139716,50139716,COc1cccc(-c2nnc(CC3CCCCC3)[nH]2)c1,FEBIOZLHRSNAPM-UHFFFAOYSA-N,C1CCC(CC2CCC(C3CCCCC3)C2)CC1,10.1016/j.bmcl.2003.09.095,14741297,1,False,False,pending_dual_review,eligible_for_primary_evidence_review,
BDB-50139717,50139717,S=C(Cc1ccccc1)NN=Cc1cccnc1,CFMSHGCCMISSJH-UHFFFAOYSA-N,CC(CCCC1CCCCC1)CC1CCCCC1,10.1016/j.bmcl.2003.09.095,14741297,1,False,False,pending_dual_review,eligible_for_primary_evidence_review,
BDB-50139718,50139718,COc1cccc(-c2nnc(Cc3ccc4ccccc4c3)[nH]2)c1,WSENLPOEMOSAKZ-UHFFFAOYSA-N,C1CCC(C2CCC(CC3CCC4CCCCC4C3)C2)CC1,10.1016/j.bmcl.2003.09.095,14741297,1,False,False,pending_dual_review,eligible_for_primary_evidence_review,
BDB-50139719,50139719,COc1cccc(-c2nnc(Cc3cccc(Br)c3)[nH]2)c1,AMTQODPEYYUGIN-UHFFFAOYSA-N,C1CCC(CC2CCC(C3CCCCC3)C2)CC1,10.1016/j.bmcl.2003.09.095,14741297,1,False,False,pending_dual_review,eligible_for_primary_evidence_review,
BDB-50139720,50139720,COc1cccc(C=NNC(=S)Cc2ccccc2)c1O,NTHHHUQNTMWMTG-UHFFFAOYSA-N,CC(CCCC1CCCCC1)CC1CCCCC1,10.1016/j.bmcl.2003.09.095,14741297,1,False,False,pending_dual_review,eligible_for_primary_evidence_review,
BDB-50139721,50139721,COc1cc(C=NNC(=S)Cc2ccccc2)c(O)c(OC)c1,MZXFMPDTVYOQSW-UHFFFAOYSA-N,CC(CCCC1CCCCC1)CC1CCCCC1,10.1016/j.bmcl.2003.09.095,14741297,1,False,False,pending_dual_review,eligible_for_primary_evidence_review,
BDB-50139722,50139722,COc1ccc(C=NNC(=S)Cc2ccccc2)c(O)c1,XLTCCJIUIMYSBX-UHFFFAOYSA-N,CC(CCCC1CCCCC1)CC1CCCCC1,10.1016/j.bmcl.2003.09.095,14741297,1,False,False,pending_dual_review,eligible_for_primary_evidence_review,
BDB-50139723,50139723,COc1cccc(-c2nnc(Cc3cccc(F)c3F)[nH]2)c1,FIFQRMIRQNKLJF-UHFFFAOYSA-N,C1CCC(CC2CCC(C3CCCCC3)C2)CC1,10.1016/j.bmcl.2003.09.095,14741297,1,False,False,pending_dual_review,eligible_for_primary_evidence_review,
BDB-50139724,50139724,c1cc(CN2CCCC2)cc(-c2nnc(-c3ccc4c(c3)OCCO4)[nH]2)c1,DRDZEWGTUSKAQJ-UHFFFAOYSA-N,C1CCC(CC2CCCC(C3CCC(C4CCC5CCCCC5C4)C3)C2)C1,10.1016/j.bmcl.2003.09.095,14741297,1,False,False,pending_dual_review,eligible_for_primary_evidence_review,
BDB-50139725,50139725,Clc1ccc(Cc2nnc(-c3ccc4c(c3)OCO4)[nH]2)cc1Cl,SCRMVJPGGOUCSS-UHFFFAOYSA-N,C1CCC(CC2CCC(C3CCC4CCCC4C3)C2)CC1,10.1016/j.bmcl.2003.09.095,14741297,1,False,False,pending_dual_review,eligible_for_primary_evidence_review,
BDB-50139726,50139726,Oc1ccc(OC(F)(F)F)cc1C=NNC(=S)Cc1ccccc1,MJSFIBFJJGAFGE-UHFFFAOYSA-N,CC(CCCC1CCCCC1)CC1CCCCC1,10.1016/j.bmcl.2003.09.095,14741297,1,False,False,pending_dual_review,eligible_for_primary_evidence_review,
BDB-50139727,50139727,COc1cccc(-c2nnc(Cc3ccc(Cl)c(Cl)c3)[nH]2)c1,VFUNSXKJIWHFNE-UHFFFAOYSA-N,C1CCC(CC2CCC(C3CCCCC3)C2)CC1,10.1016/j.bmcl.2003.09.095,14741297,2,False,False,pending_dual_review,eligible_for_primary_evidence_review,
BDB-50139728,50139728,O=[N+]([O-])c1ccc(O)c([CH+][N-]N=C(S)Cc2ccccc2)c1,PDTFIAGWAGDHCW-UHFFFAOYSA-N,C1CCC(CCCCCC2CCCCC2)CC1,10.1016/j.bmcl.2003.09.095,14741297,1,False,False,pending_dual_review,eligible_for_primary_evidence_review,
BDB-50139731,50139731,COc1cccc(-c2nnc(Cc3ccc(Cl)c(Cl)c3)[nH]2)c1OC,ULXXHFJKLONVEQ-UHFFFAOYSA-N,C1CCC(CC2CCC(C3CCCCC3)C2)CC1,10.1016/j.bmcl.2003.09.095,14741297,1,False,False,pending_dual_review,eligible_for_primary_evidence_review,
BDB-50139732,50139732,Oc1ccccc1-c1nnc(-c2ccccc2)[nH]1,YTGNKUSFDPGOIS-UHFFFAOYSA-N,C1CCC(C2CCC(C3CCCCC3)C2)CC1,10.1016/j.bmcl.2003.09.095,14741297,1,False,False,pending_dual_review,eligible_for_primary_evidence_review,
BDB-50139733,50139733,COc1cccc(-c2nnc(Cc3ccccc3Br)[nH]2)c1,PMOODDTWYPYOMD-UHFFFAOYSA-N,C1CCC(CC2CCC(C3CCCCC3)C2)CC1,10.1016/j.bmcl.2003.09.095,14741297,1,False,False,pending_dual_review,eligible_for_primary_evidence_review,
BDB-50139734,50139734,S=C(Cc1ccccc1)NN=Cc1cnc2ccccc2c1,JBZHGBGUPKQCBU-UHFFFAOYSA-N,CC(CCCC1CCC2CCCCC2C1)CC1CCCCC1,10.1016/j.bmcl.2003.09.095,14741297,1,False,False,pending_dual_review,eligible_for_primary_evidence_review,
BDB-50139735,50139735,Clc1ccc(Cc2nnc(-c3cnccn3)[nH]2)cc1Cl,YWKZHIVSZSYLLC-UHFFFAOYSA-N,C1CCC(CC2CCC(C3CCCCC3)C2)CC1,10.1016/j.bmcl.2003.09.095,14741297,1,False,False,pending_dual_review,eligible_for_primary_evidence_review,
BDB-50139736,50139736,S=C(Cc1ccccc1)NN=Cc1ccccn1,KKBRICYCNKVOBG-UHFFFAOYSA-N,CC(CCCC1CCCCC1)CC1CCCCC1,10.1016/j.bmcl.2003.09.095,14741297,1,False,False,pending_dual_review,eligible_for_primary_evidence_review,
BDB-50139737,50139737,COc1ccc(O)c(C=NNC(=S)Cc2ccccc2)c1,LRHICWCUCHKECB-UHFFFAOYSA-N,CC(CCCC1CCCCC1)CC1CCCCC1,10.1016/j.bmcl.2003.09.095,14741297,1,False,False,pending_dual_review,eligible_for_primary_evidence_review,
BDB-50139738,50139738,COc1cccc(-c2nnc(Cc3ccc(F)c(F)c3)[nH]2)c1,SMIXFVAIRYQGNJ-UHFFFAOYSA-N,C1CCC(CC2CCC(C3CCCCC3)C2)CC1,10.1016/j.bmcl.2003.09.095,14741297,1,False,False,pending_dual_review,eligible_for_primary_evidence_review,
BDB-50139739,50139739,S=C(Cc1ccccc1)NN=Cc1ccc2ccccc2n1,ATRFONMDSXQGCL-UHFFFAOYSA-N,CC(CCCC1CCC2CCCCC2C1)CC1CCCCC1,10.1016/j.bmcl.2003.09.095,14741297,1,False,False,pending_dual_review,eligible_for_primary_evidence_review,
BDB-50139740,50139740,COc1cccc(-c2nnc(Cc3cccc([N+](=O)[O-])c3)[nH]2)c1,OKPVJHDDXKSXNT-UHFFFAOYSA-N,C1CCC(CC2CCC(C3CCCCC3)C2)CC1,10.1016/j.bmcl.2003.09.095,14741297,1,False,False,pending_dual_review,eligible_for_primary_evidence_review,
BDB-50139748,50139748,Nc1nc(C(=O)NCc2cccc3cccnc23)c2ccc(F)cc2n1,JHWYFIOMMXUNLT-UHFFFAOYSA-N,CC(CCC1CCCC2CCCCC21)C1CCCC2CCCCC21,10.1016/j.bmcl.2015.11.048,26781932,1,False,False,pending_dual_review,eligible_for_primary_evidence_review,
BDB-50139751,50139751,Nc1nc(C(=O)NCc2cccc3cccnc23)c2cc(F)ccc2n1,FXEKVOFVBKRJOU-UHFFFAOYSA-N,CC(CCC1CCCC2CCCCC21)C1CCCC2CCCCC21,10.1016/j.bmcl.2015.11.048,26781932,1,False,False,pending_dual_review,eligible_for_primary_evidence_review,
BDB-50139752,50139752,Nc1nc(C(=O)NCc2cccc3cccnc23)c2cccc(Cl)c2n1,PLPSXOGQVXXHEJ-UHFFFAOYSA-N,CC(CCC1CCCC2CCCCC21)C1CCCC2CCCCC21,10.1016/j.bmcl.2015.11.048,26781932,2,False,False,pending_dual_review,eligible_for_primary_evidence_review,
BDB-50139765,50139765,Nc1nc(C(=O)NCc2cccc3cccnc23)c2cccc(Br)c2n1,ZGGUPIXOOBTEEK-UHFFFAOYSA-N,CC(CCC1CCCC2CCCCC21)C1CCCC2CCCCC21,10.1016/j.bmcl.2015.11.048,26781932,2,False,False,pending_dual_review,eligible_for_primary_evidence_review,
BDB-50139766,50139766,Nc1nc(C(=O)NCc2cccc3cccnc23)c2cccc(I)c2n1,YEWWDZNGTIGCDT-UHFFFAOYSA-N,CC(CCC1CCCC2CCCCC21)C1CCCC2CCCCC21,10.1016/j.bmcl.2015.11.048,26781932,1,False,False,pending_dual_review,eligible_for_primary_evidence_review,
BDB-50139767,50139767,Nc1nc(C(=O)NCc2cccc3cccnc23)c2cccc(C(F)(F)F)c2n1,VNFYEAXYLYCUEQ-UHFFFAOYSA-N,CC(CCC1CCCC2CCCCC21)C1CCCC2CCCCC21,10.1016/j.bmcl.2015.11.048,26781932,2,False,False,pending_dual_review,eligible_for_primary_evidence_review,
BDB-50139768,50139768,CSc1cccc2c(C(=O)NCc3cccc4cccnc34)nc(N)nc12,DVGQDYYVGLUGNW-UHFFFAOYSA-N,CC(CCC1CCCC2CCCCC21)C1CCCC2CCCCC21,10.1016/j.bmcl.2015.11.048,26781932,2,False,False,pending_dual_review,eligible_for_primary_evidence_review,
BDB-50139769,50139769,CS(=O)(=O)c1cccc2c(C(=O)NCc3cccc4cccnc34)nc(N)nc12,YPBFJYIQXMDNOG-UHFFFAOYSA-N,CC(CCC1CCCC2CCCCC21)C1CCCC2CCCCC21,10.1016/j.bmcl.2015.11.048,26781932,2,False,False,pending_dual_review,eligible_for_primary_evidence_review,
BDB-50139770,50139770,N#Cc1cccc2c(C(=O)NCc3cccc4cccnc34)nc(N)nc12,YACYXBXLISLWRE-UHFFFAOYSA-N,CC(CCC1CCCC2CCCCC21)C1CCCC2CCCCC21,10.1016/j.bmcl.2015.11.048,26781932,2,False,False,pending_dual_review,eligible_for_primary_evidence_review,
BDB-50139771,50139771,COc1cccc2c(C(=O)NCc3cccc4cccnc34)nc(N)nc12,QUKCQGCIXGTFIF-UHFFFAOYSA-N,CC(CCC1CCCC2CCCCC21)C1CCCC2CCCCC21,10.1016/j.bmcl.2015.11.048,26781932,2,False,False,pending_dual_review,eligible_for_primary_evidence_review,
BDB-50139773,50139773,Nc1nc(C(=O)NCc2cccc3cccnc23)c2cccc(OC(F)(F)F)c2n1,GVEURWJFYNZAPS-UHFFFAOYSA-N,CC(CCC1CCCC2CCCCC21)C1CCCC2CCCCC21,10.1016/j.bmcl.2015.11.048,26781932,2,False,False,pending_dual_review,eligible_for_primary_evidence_review,
BDB-50139774,50139774,Cn1nccc1-c1cccc2c(C(=O)NCc3cccc4cccnc34)nc(N)nc12,HBBCOXFAYIQYMN-UHFFFAOYSA-N,CC(CCC1CCCC2CCCCC21)C1CCCC2C(C3CCCC3)CCCC12,10.1016/j.bmcl.2015.11.048,26781932,1,False,False,pending_dual_review,eligible_for_primary_evidence_review,
BDB-50139775,50139775,Nc1nc(C(=O)NCc2cccc3cccnc23)c2cccc(-c3cncnc3)c2n1,KOGRSSNNCJISAU-UHFFFAOYSA-N,CC(CCC1CCCC2CCCCC21)C1CCCC2C(C3CCCCC3)CCCC12,10.1016/j.bmcl.2015.11.048,26781932,2,False,False,pending_dual_review,eligible_for_primary_evidence_review,
BDB-50139776,50139776,Nc1nc(C(=O)NCc2cccc3cccnc23)c2cc(Cl)cc(Cl)c2n1,VFXYYNOEPIQROX-UHFFFAOYSA-N,CC(CCC1CCCC2CCCCC21)C1CCCC2CCCCC21,10.1016/j.bmcl.2015.11.048,26781932,1,False,False,pending_dual_review,eligible_for_primary_evidence_review,
BDB-50139777,50139777,Nc1nc(C(=O)NCc2cccc3cccnc23)c2cc(F)c(F)cc2n1,RFBOIDHBCYJRIH-UHFFFAOYSA-N,CC(CCC1CCCC2CCCCC21)C1CCCC2CCCCC21,10.1016/j.bmcl.2015.11.048,26781932,1,False,False,pending_dual_review,eligible_for_primary_evidence_review,
BDB-50139778,50139778,Nc1nc(C(=O)NCc2ccccc2)c2cccc(F)c2n1,FDHGUGPDCVKNFJ-UHFFFAOYSA-N,CC(CCC1CCCCC1)C1CCCC2CCCCC21,10.1016/j.bmcl.2015.11.048,26781932,1,False,False,pending_dual_review,eligible_for_primary_evidence_review,
BDB-50139779,50139779,Nc1nc(C(=O)NCC2CCCCC2)c2cccc(F)c2n1,OPVPJFZOIIIYNM-UHFFFAOYSA-N,CC(CCC1CCCCC1)C1CCCC2CCCCC21,10.1016/j.bmcl.2015.11.048,26781932,1,False,False,pending_dual_review,eligible_for_primary_evidence_review,
BDB-50139780,50139780,Cc1cccc(CNC(=O)c2nc(N)nc3c(F)cccc23)c1,HXRIKMSRKFZFAO-UHFFFAOYSA-N,CC(CCC1CCCCC1)C1CCCC2CCCCC21,10.1016/j.bmcl.2015.11.048,26781932,1,False,False,pending_dual_review,eligible_for_primary_evidence_review,
BDB-50139781,50139781,Cc1ccccc1CNC(=O)c1nc(N)nc2c(F)cccc12,IORIPXRYROCUAR-UHFFFAOYSA-N,CC(CCC1CCCCC1)C1CCCC2CCCCC21,10.1016/j.bmcl.2015.11.048,26781932,1,False,False,pending_dual_review,eligible_for_primary_evidence_review,
BDB-50139782,50139782,Nc1nc(C(=O)NCCc2ccccn2)c2cccc(F)c2n1,OWTHFOIINWQHDP-UHFFFAOYSA-N,CC(CCCC1CCCCC1)C1CCCC2CCCCC21,10.1016/j.bmcl.2015.11.048,26781932,1,False,False,pending_dual_review,eligible_for_primary_evidence_review,
BDB-50139785,50139785,Nc1nc(C(=O)NCCc2ccccc2)c2cccc(F)c2n1,LIVASSWTJBJKEA-UHFFFAOYSA-N,CC(CCCC1CCCCC1)C1CCCC2CCCCC21,10.1016/j.bmcl.2015.11.048,26781932,1,False,False,pending_dual_review,eligible_for_primary_evidence_review,
BDB-50139798,50139798,C[C@@H](NC(=O)c1nc(N)nc2c(F)cccc12)c1cccc2cccnc12,SBXPUBIKBOERFX-LLVKDONJSA-N,CC(CCC1CCCC2CCCCC21)C1CCCC2CCCCC21,10.1016/j.bmcl.2015.11.048,26781932,2,False,False,pending_dual_review,eligible_for_primary_evidence_review,
BDB-50139800,50139800,C[C@H](NC(=O)c1nc(N)nc2c(F)cccc12)c1cccc2cccnc12,SBXPUBIKBOERFX-NSHDSACASA-N,CC(CCC1CCCC2CCCCC21)C1CCCC2CCCCC21,10.1016/j.bmcl.2015.11.048,26781932,1,False,False,pending_dual_review,eligible_for_primary_evidence_review,
BDB-50139804,50139804,Nc1nc(C(=O)NCc2cccc3ccccc23)c2cccc(F)c2n1,MWGFLSPTHRLSKW-UHFFFAOYSA-N,CC(CCC1CCCC2CCCCC21)C1CCCC2CCCCC21,10.1016/j.bmcl.2015.11.048,26781932,1,False,False,pending_dual_review,eligible_for_primary_evidence_review,
BDB-50139806,50139806,Nc1nc(C(=O)NCc2cccc3c2NCCC3)c2cccc(F)c2n1,QNAZZEIEVRORQM-UHFFFAOYSA-N,CC(CCC1CCCC2CCCCC21)C1CCCC2CCCCC21,10.1016/j.bmcl.2015.11.048,26781932,2,False,False,pending_dual_review,eligible_for_primary_evidence_review,
BDB-50139810,50139810,Nc1nc(C(=O)NCc2cccc3c2OCCO3)c2cccc(F)c2n1,CHARXOGFUOHHIQ-UHFFFAOYSA-N,CC(CCC1CCCC2CCCCC21)C1CCCC2CCCCC21,10.1016/j.bmcl.2015.11.048,26781932,1,False,False,pending_dual_review,eligible_for_primary_evidence_review,
BDB-50139813,50139813,Nc1nc(C(=O)NCc2cccc3c2OCCN3)c2cccc(F)c2n1,DGCHPJZKYSTJRK-UHFFFAOYSA-N,CC(CCC1CCCC2CCCCC21)C1CCCC2CCCCC21,10.1016/j.bmcl.2015.11.048,26781932,2,False,False,pending_dual_review,eligible_for_primary_evidence_review,
BDB-50139814,50139814,Nc1nc(C(=O)NCc2cccc3[nH]cnc23)c2cccc(F)c2n1,VYLSCEYEEGPBTA-UHFFFAOYSA-N,CC(CCC1CCCC2CCCC21)C1CCCC2CCCCC21,10.1016/j.bmcl.2015.11.048,26781932,1,False,False,pending_dual_review,eligible_for_primary_evidence_review,
BDB-50139815,50139815,CCn1cnc2c(CNC(=O)c3nc(N)nc4c(F)cccc34)cccc21,LMHRKKARHMUHMN-UHFFFAOYSA-N,CC(CCC1CCCC2CCCC21)C1CCCC2CCCCC21,10.1016/j.bmcl.2015.11.048,26781932,1,False,False,pending_dual_review,eligible_for_primary_evidence_review,
BDB-50139816,50139816,Nc1nc(C(=O)NCc2cccc3cc[nH]c23)c2cccc(F)c2n1,KZRLBTMBHBDMRQ-UHFFFAOYSA-N,CC(CCC1CCCC2CCCC21)C1CCCC2CCCCC21,10.1016/j.bmcl.2015.11.048,26781932,1,False,False,pending_dual_review,eligible_for_primary_evidence_review,
BDB-50139817,50139817,Nc1nc(C(=O)NCc2cccc3c2C(=O)NC3)c2cccc(F)c2n1,FIBSWIHKNWCKJD-UHFFFAOYSA-N,CC(CCC1CCCC2CCC(C)C12)C1CCCC2CCCCC21,10.1016/j.bmcl.2015.11.048,26781932,1,False,False,pending_dual_review,eligible_for_primary_evidence_review,
BDB-50139818,50139818,Nc1nc(C(=O)NCc2ccnc3ccccc23)c2cccc(F)c2n1,BQHGWRPXRSWRDK-UHFFFAOYSA-N,CC(CCC1CCCC2CCCCC21)C1CCCC2CCCCC21,10.1016/j.bmcl.2015.11.048,26781932,1,False,False,pending_dual_review,eligible_for_primary_evidence_review,
BDB-50139819,50139819,Nc1nc(C(=O)NCc2cncc3ccccc23)c2cccc(F)c2n1,RQZUYDYUBHXPNR-UHFFFAOYSA-N,CC(CCC1CCCC2CCCCC21)C1CCCC2CCCCC21,10.1016/j.bmcl.2015.11.048,26781932,1,False,False,pending_dual_review,eligible_for_primary_evidence_review,
BDB-50139820,50139820,Nc1nc(C(=O)NCc2nccc3ccccc23)c2cccc(F)c2n1,GPVIWBXVHNPRED-UHFFFAOYSA-N,CC(CCC1CCCC2CCCCC21)C1CCCC2CCCCC21,10.1016/j.bmcl.2015.11.048,26781932,2,False,False,pending_dual_review,eligible_for_primary_evidence_review,
BDB-50139821,50139821,Nc1nc(C(=O)NCc2ccc3ccccc3n2)c2cccc(F)c2n1,LADJNJVHQNUVQZ-UHFFFAOYSA-N,CC(CCC1CCC2CCCCC2C1)C1CCCC2CCCCC21,10.1016/j.bmcl.2015.11.048,26781932,1,False,False,pending_dual_review,eligible_for_primary_evidence_review,
BDB-50139830,50139830,COc1ccnc2c(CNC(=O)c3nc(N)nc4c(F)cccc34)cccc12,VJONUBCNSKUVKZ-UHFFFAOYSA-N,CC(CCC1CCCC2CCCCC21)C1CCCC2CCCCC21,10.1016/j.bmcl.2015.11.048,26781932,1,False,False,pending_dual_review,eligible_for_primary_evidence_review,
BDB-50139831,50139831,CCOc1ccnc2c(CNC(=O)c3nc(N)nc4c(F)cccc34)cccc12,IXOYUGLITMOWAV-UHFFFAOYSA-N,CC(CCC1CCCC2CCCCC21)C1CCCC2CCCCC21,10.1016/j.bmcl.2015.11.048,26781932,1,False,False,pending_dual_review,eligible_for_primary_evidence_review,
BDB-50139832,50139832,CCCCOc1ccnc2c(CNC(=O)c3nc(N)nc4c(F)cccc34)cccc12,MLMXORBEZPDELJ-UHFFFAOYSA-N,CC(CCC1CCCC2CCCCC21)C1CCCC2CCCCC21,10.1016/j.bmcl.2015.11.048,26781932,1,False,False,pending_dual_review,eligible_for_primary_evidence_review,
BDB-50139833,50139833,Nc1nc(C(=O)NCc2cccc3c(C(=O)N4CCN(c5ccccc5)CC4)ccnc23)c2cccc(F)c2n1,HXAXJWAXDGSVLG-UHFFFAOYSA-N,CC(CCC1CCCC2C1CCCC2C(C)C1CCC(C2CCCCC2)CC1)C1CCCC2CCCCC21,10.1016/j.bmcl.2015.11.048,26781932,1,False,False,pending_dual_review,eligible_for_primary_evidence_review,
BDB-50139834,50139834,CN(CCCc1ccccn1)C(=O)c1cnc2c(CNC(=O)c3nc(N)nc4c(F)cccc34)cccc2c1,XFDPYXCMDIVHGP-UHFFFAOYSA-N,CC(CCCCC1CCCCC1)C1CCC2C(CCC(C)C3CCCC4CCCCC43)CCCC2C1,10.1016/j.bmcl.2015.11.048,26781932,1,False,False,pending_dual_review,eligible_for_primary_evidence_review,
BDB-50139835,50139835,Nc1nc(C(=O)NCc2cccc3cc(C(=O)NCCCCCc4ccccc4)cnc23)c2cccc(F)c2n1,UVHNHXMAXCQYMP-UHFFFAOYSA-N,CC(CCCCCCC1CCCCC1)C1CCC2C(CCC(C)C3CCCC4CCCCC43)CCCC2C1,10.1016/j.bmcl.2015.11.048,26781932,1,False,False,pending_dual_review,eligible_for_primary_evidence_review,
BDB-50139836,50139836,Nc1nc(C(=O)NCc2cccc3cc(C(=O)N4CCCc5ccccc54)cnc23)c2cccc(F)c2n1,WKZDIXJLBNRISL-UHFFFAOYSA-N,CC(CCC1CCCC2CC(C(C)C3CCCC4CCCCC43)CCC12)C1CCCC2CCCCC21,10.1016/j.bmcl.2015.11.048,26781932,1,False,False,pending_dual_review,eligible_for_primary_evidence_review,
BDB-50139837,50139837,COCCOc1ccc(N2CCN(C(=O)c3cnc4c(CNC(=O)c5nc(N)nc6c(F)cccc56)cccc4c3)CC2)cc1,XPGISRLOZOMIJJ-UHFFFAOYSA-N,CC(CCC1CCCC2CC(C(C)C3CCC(C4CCCCC4)CC3)CCC12)C1CCCC2CCCCC21,10.1016/j.bmcl.2015.11.048,26781932,1,False,False,pending_dual_review,eligible_for_primary_evidence_review,
BDB-50139838,50139838,Nc1nc(C(=O)NCc2cccc3cc(C(=O)N4CCN(c5ccccn5)CC4)cnc23)c2cccc(F)c2n1,WLYOQVKDDTUQHJ-UHFFFAOYSA-N,CC(CCC1CCCC2CC(C(C)C3CCC(C4CCCCC4)CC3)CCC12)C1CCCC2CCCCC21,10.1016/j.bmcl.2015.11.048,26781932,1,False,False,pending_dual_review,eligible_for_primary_evidence_review,
BDB-50140312,50140312,Nc1nc(-c2ccccc2)cc(-c2cccc(OC(=O)N3CCOCC3)c2)n1,VIBAFZDZRHJJRN-UHFFFAOYSA-N,CC(CC1CCCC(C2CCCC(C3CCCCC3)C2)C1)C1CCCCC1,,34695776,1,False,False,pending_dual_review,eligible_for_primary_evidence_review,
BDB-50140314,50140314,CN1CCN(C(=O)Oc2cccc(-c3cc(-c4ccccc4)nc(N)n3)c2)CC1,MBMNYBUCPCOZEE-UHFFFAOYSA-N,CC(CC1CCCC(C2CCCC(C3CCCCC3)C2)C1)C1CCCCC1,,34695776,1,False,False,pending_dual_review,eligible_for_primary_evidence_review,
BDB-50140342,50140342,Nc1nc(-c2ccccc2)cc(-c2cccc(OC(=O)N3CCCCC3)c2)n1,YRHUKOHIJREPRH-UHFFFAOYSA-N,CC(CC1CCCC(C2CCCC(C3CCCCC3)C2)C1)C1CCCCC1,,34695776,1,False,False,pending_dual_review,eligible_for_primary_evidence_review,
BDB-50141447,50141447,O=C(CCc1ccccc1)Nc1nc(NC2CCCC2)c2ncn([C@@H]3O[C@H](CO)[C@@H](O)[C@H]3O)c2n1,OTQUGDYVSBJTMY-UGTJMOTHSA-N,CC(CCC1CCCCC1)CC1CC(CC2CCCC2)C2CCC(C3CCCC3)C2C1,10.1016/j.bmcl.2004.01.011,15006389,1,False,False,pending_dual_review,eligible_for_primary_evidence_review,
BDB-50141448,50141448,CCNC(=O)[C@H]1O[C@@H](n2cnc3c(N)nc(NC(=O)CCC4CCCC4)nc32)[C@H](O)[C@@H]1O,VNYJXPNVZRWZAF-QCUYGVNKSA-N,CC(CCC1CCCC1)CC1CCC2CCC(C3CCCC3)C2C1,10.1016/j.bmcl.2004.01.011,15006389,1,False,False,pending_dual_review,eligible_for_primary_evidence_review,
BDB-50141449,50141449,Nc1nc(NC(=O)CC2CCCCC2)nc2c1ncn2[C@@H]1O[C@H](CO)[C@@H](O)[C@H]1O,SBJQACFELVSXPD-IWCJZZDYSA-N,CC(CC1CCCCC1)CC1CCC2CCC(C3CCCC3)C2C1,10.1016/j.bmcl.2004.01.011,15006389,1,False,False,pending_dual_review,eligible_for_primary_evidence_review,
BDB-50141450,50141450,Nc1nc(NC(=O)CCCC2CCCCC2)nc2c1ncn2[C@@H]1O[C@H](CO)[C@@H](O)[C@H]1O,VQXSQGWCUHTPSZ-BGIGGGFGSA-N,CC(CCCC1CCCCC1)CC1CCC2CCC(C3CCCC3)C2C1,10.1016/j.bmcl.2004.01.011,15006389,1,False,False,pending_dual_review,eligible_for_primary_evidence_review,
BDB-50141451,50141451,Nc1nc(NC(=O)CCC2CCCC2)nc2c1ncn2[C@@H]1O[C@H](CO)[C@@H](O)[C@H]1O,KAQHTSLMUQMHLB-IWCJZZDYSA-N,CC(CCC1CCCC1)CC1CCC2CCC(C3CCCC3)C2C1,10.1016/j.bmcl.2004.01.011,15006389,1,False,False,pending_dual_review,eligible_for_primary_evidence_review,
BDB-50141452,50141452,O=C(CCC1CCCC1)Nc1nc(NC2CCCC2)c2ncn([C@@H]3O[C@H](CO)[C@@H](O)[C@H]3O)c2n1,UDHHOFDCGWIOCY-CIVUBGFFSA-N,CC(CCC1CCCC1)CC1CC(CC2CCCC2)C2CCC(C3CCCC3)C2C1,10.1016/j.bmcl.2004.01.011,15006389,1,False,False,pending_dual_review,eligible_for_primary_evidence_review,
BDB-50141453,50141453,CCNc1nc(NC(=O)CC2CCCCC2)nc2c1ncn2[C@@H]1O[C@H](CO)[C@@H](O)[C@H]1O,PFZHYDAXUZUAEO-BGIGGGFGSA-N,CC(CC1CCCCC1)CC1CCC2CCC(C3CCCC3)C2C1,10.1016/j.bmcl.2004.01.011,15006389,1,False,False,pending_dual_review,eligible_for_primary_evidence_review,
BDB-50141454,50141454,Nc1nc(NC(=O)C2CCCCC2)nc2c1ncn2[C@@H]1O[C@H](CO)[C@@H](O)[C@H]1O,INLBKVISPUBQHM-UBEDBUPSSA-N,CC(CC1CCC2CCC(C3CCCC3)C2C1)C1CCCCC1,10.1016/j.bmcl.2004.01.011,15006389,1,False,False,pending_dual_review,eligible_for_primary_evidence_review,
BDB-50141455,50141455,Nc1nc(NC(=O)/C=C/c2ccccc2)nc2c1ncn2[C@@H]1O[C@H](CO)[C@@H](O)[C@H]1O,DDCUXRNACUVAKE-HGBQRMJASA-N,CC(CC1CCC2CCC(C3CCCC3)C2C1)CCC1CCCCC1,10.1016/j.bmcl.2004.01.011,15006389,1,False,False,pending_dual_review,eligible_for_primary_evidence_review,
BDB-50141456,50141456,Nc1nc(NC(=O)CCc2ccccc2)nc2c1ncn2[C@@H]1O[C@H](CO)[C@@H](O)[C@H]1O,RZWYFQWUSTWXOT-XKLVTHTNSA-N,CC(CCC1CCCCC1)CC1CCC2CCC(C3CCCC3)C2C1,10.1016/j.bmcl.2004.01.011,15006389,1,False,False,pending_dual_review,eligible_for_primary_evidence_review,
BDB-50147633,50147633,Cc1ccc(-c2nc3c(N)cc(C(=O)N4CCCC4)cn3n2)o1,HFXWHDXIYAZHEK-UHFFFAOYSA-N,CC(C1CCCC1)C1CCC2CC(C3CCCC3)CC2C1,10.1016/j.bmcl.2004.03.104,15149696,1,False,False,pending_dual_review,eligible_for_primary_evidence_review,
BDB-50147634,50147634,Cc1ccc(-c2nc3c(N)cc(C(=O)N4CCCCC4)cn3n2)o1,GAYRSWBLTWEKKG-UHFFFAOYSA-N,CC(C1CCCCC1)C1CCC2CC(C3CCCC3)CC2C1,10.1016/j.bmcl.2004.03.104,15149696,1,False,False,pending_dual_review,eligible_for_primary_evidence_review,
BDB-50147635,50147635,Nc1cc(C(=O)N2CCCCC2)cn2nc(-c3ccco3)nc12,CYKVQNDMYGJBHU-UHFFFAOYSA-N,CC(C1CCCCC1)C1CCC2CC(C3CCCC3)CC2C1,10.1016/j.bmcl.2004.03.104,15149696,1,False,False,pending_dual_review,eligible_for_primary_evidence_review,
BDB-50147636,50147636,COC[C@H]1CCCN1C(=O)c1cc(N)c2nc(-c3ccc(Br)o3)nn2c1,YKCZVFYOXMAMHO-LLVKDONJSA-N,CC(C1CCCC1)C1CCC2CC(C3CCCC3)CC2C1,10.1016/j.bmcl.2004.03.104,15149696,1,False,False,pending_dual_review,eligible_for_primary_evidence_review,
BDB-50147637,50147637,Nc1cc(C(=O)N2CCCCC2)cc2nc(-c3ccco3)nn12,LUUSEYRGIWCHGC-UHFFFAOYSA-N,CC(C1CCCCC1)C1CCC2CC(C3CCCC3)CC2C1,10.1016/j.bmcl.2004.03.104,15149696,1,False,False,pending_dual_review,eligible_for_primary_evidence_review,
BDB-50147638,50147638,Nc1cc(C(=O)N2CCCCC2)cc2nc(-c3ccc(Br)o3)nn12,VWUDJZSWHLDCHS-UHFFFAOYSA-N,CC(C1CCCCC1)C1CCC2CC(C3CCCC3)CC2C1,10.1016/j.bmcl.2004.03.104,15149696,1,False,False,pending_dual_review,eligible_for_primary_evidence_review,
BDB-50147639,50147639,COC[C@@H]1CCCN1C(=O)c1cc(N)c2nc(-c3ccc(Br)o3)nn2c1,YKCZVFYOXMAMHO-NSHDSACASA-N,CC(C1CCCC1)C1CCC2CC(C3CCCC3)CC2C1,10.1016/j.bmcl.2004.03.104,15149696,1,False,False,pending_dual_review,eligible_for_primary_evidence_review,
BDB-50147640,50147640,Nc1cc(C(=O)N2CCCC2)cn2nc(-c3ccccn3)nc12,FJTXPRDDULEHMN-UHFFFAOYSA-N,CC(C1CCCC1)C1CCC2CC(C3CCCCC3)CC2C1,10.1016/j.bmcl.2004.03.104,15149696,1,False,False,pending_dual_review,eligible_for_primary_evidence_review,
BDB-50147641,50147641,CC1CCCCN1C(=O)c1cc(N)c2nc(-c3ccc(Br)o3)nn2c1,PECRJJWHKHDVOH-UHFFFAOYSA-N,CC(C1CCCCC1)C1CCC2CC(C3CCCC3)CC2C1,10.1016/j.bmcl.2004.03.104,15149696,1,False,False,pending_dual_review,eligible_for_primary_evidence_review,
BDB-50147642,50147642,Nc1cc(C(=O)N2CCCC2)cn2nc(-c3cccs3)nc12,GQKCFPTZFMHPET-UHFFFAOYSA-N,CC(C1CCCC1)C1CCC2CC(C3CCCC3)CC2C1,10.1016/j.bmcl.2004.03.104,15149696,1,False,False,pending_dual_review,eligible_for_primary_evidence_review,
BDB-50147643,50147643,CC1CCCN(C(=O)c2cc(N)c3nc(-c4ccc(Br)o4)nn3c2)C1,CTENSBDICWZOOZ-UHFFFAOYSA-N,CC(C1CCCCC1)C1CCC2CC(C3CCCC3)CC2C1,10.1016/j.bmcl.2004.03.104,15149696,1,False,False,pending_dual_review,eligible_for_primary_evidence_review,
BDB-50147644,50147644,CN(CCc1ccccc1)C(=O)c1cc(N)n2nc(-c3ccc(Br)o3)nc2c1,HDKINKSPHQOMIM-UHFFFAOYSA-N,CC(CCCC1CCCCC1)C1CCC2CC(C3CCCC3)CC2C1,10.1016/j.bmcl.2004.03.104,15149696,1,False,False,pending_dual_review,eligible_for_primary_evidence_review,
BDB-50147646,50147646,Nc1cc(C(=O)N2CCSCC2)cc2nc(-c3ccc(Br)o3)nn12,RDPMRMYENXQAQU-UHFFFAOYSA-N,CC(C1CCCCC1)C1CCC2CC(C3CCCC3)CC2C1,10.1016/j.bmcl.2004.03.104,15149696,1,False,False,pending_dual_review,eligible_for_primary_evidence_review,
BDB-50147648,50147648,CCN(CC)C(=O)C1CCCN(C(=O)c2cc(N)n3nc(-c4ccc(Br)o4)nc3c2)C1,LQZAHZGFSYNUER-UHFFFAOYSA-N,CC(C1CCCCC1)C1CCC2CC(C3CCCC3)CC2C1,10.1016/j.bmcl.2004.03.104,15149696,1,False,False,pending_dual_review,eligible_for_primary_evidence_review,
BDB-50147649,50147649,Nc1cc(C(=O)N2CCCCC2)cn2nc(-c3ccc(Br)o3)nc12,SABQIWHZZCNQTM-UHFFFAOYSA-N,CC(C1CCCCC1)C1CCC2CC(C3CCCC3)CC2C1,10.1016/j.bmcl.2004.03.104,15149696,1,False,False,pending_dual_review,eligible_for_primary_evidence_review,
BDB-50147652,50147652,CCN(CCc1ccccn1)C(=O)c1cc(N)c2nc(-c3ccc(Br)o3)nn2c1,INIVWEDKAZDPCZ-UHFFFAOYSA-N,CC(CCCC1CCCCC1)C1CCC2CC(C3CCCC3)CC2C1,10.1016/j.bmcl.2004.03.104,15149696,1,False,False,pending_dual_review,eligible_for_primary_evidence_review,
BDB-50147653,50147653,Nc1cc(C(=O)N2CCSCC2)cn2nc(-c3ccc(Br)o3)nc12,AOZIOKRQIGVBSF-UHFFFAOYSA-N,CC(C1CCCCC1)C1CCC2CC(C3CCCC3)CC2C1,10.1016/j.bmcl.2004.03.104,15149696,1,False,False,pending_dual_review,eligible_for_primary_evidence_review,
BDB-50147654,50147654,CC1CCCN1C(=O)c1cc(N)c2nc(-c3ccc(Br)o3)nn2c1,ALQOAWMDMFFUJK-UHFFFAOYSA-N,CC(C1CCCC1)C1CCC2CC(C3CCCC3)CC2C1,10.1016/j.bmcl.2004.03.104,15149696,1,False,False,pending_dual_review,eligible_for_primary_evidence_review,
BDB-50147655,50147655,CC1CCCN(C(=O)c2cc(N)n3nc(-c4ccc(Br)o4)nc3c2)C1,UMTFFODMNAHIEE-UHFFFAOYSA-N,CC(C1CCCCC1)C1CCC2CC(C3CCCC3)CC2C1,10.1016/j.bmcl.2004.03.104,15149696,1,False,False,pending_dual_review,eligible_for_primary_evidence_review,
BDB-50147656,50147656,CC1CCCCN1C(=O)c1cc(N)n2nc(-c3ccc(Br)o3)nc2c1,UUTFSDGTAMPVAL-UHFFFAOYSA-N,CC(C1CCCCC1)C1CCC2CC(C3CCCC3)CC2C1,10.1016/j.bmcl.2004.03.104,15149696,1,False,False,pending_dual_review,eligible_for_primary_evidence_review,
BDB-50147657,50147657,Nc1cc(C(=O)N2CCCC2)cc2nc(-c3ccccn3)nn12,WFZSHHMNPNQKSR-UHFFFAOYSA-N,CC(C1CCCC1)C1CCC2CC(C3CCCCC3)CC2C1,10.1016/j.bmcl.2004.03.104,15149696,1,False,False,pending_dual_review,eligible_for_primary_evidence_review,
BDB-50147658,50147658,Nc1cc(C(=O)N2CCCC2)cc2nc(-c3ccco3)nn12,FTURUMVBAPDIGU-UHFFFAOYSA-N,CC(C1CCCC1)C1CCC2CC(C3CCCC3)CC2C1,10.1016/j.bmcl.2004.03.104,15149696,1,False,False,pending_dual_review,eligible_for_primary_evidence_review,
BDB-50147659,50147659,Cc1ccc(-c2nc3cc(C(=O)N4CCCC4)cc(N)n3n2)o1,QVRSZXUDBPGDHB-UHFFFAOYSA-N,CC(C1CCCC1)C1CCC2CC(C3CCCC3)CC2C1,10.1016/j.bmcl.2004.03.104,15149696,1,False,False,pending_dual_review,eligible_for_primary_evidence_review,
BDB-50147660,50147660,Cc1ccc(-c2nc3cc(C(=O)N4CCCCC4)cc(N)n3n2)o1,ZZSHNMUQOGGYHD-UHFFFAOYSA-N,CC(C1CCCCC1)C1CCC2CC(C3CCCC3)CC2C1,10.1016/j.bmcl.2004.03.104,15149696,1,False,False,pending_dual_review,eligible_for_primary_evidence_review,
BDB-50147661,50147661,Nc1cc(C(=O)N2CCCC2)cc2nc(-c3ccc(Br)o3)nn12,VVRYFSHYYXQKHO-UHFFFAOYSA-N,CC(C1CCCC1)C1CCC2CC(C3CCCC3)CC2C1,10.1016/j.bmcl.2004.03.104,15149696,1,False,False,pending_dual_review,eligible_for_primary_evidence_review,
BDB-50147662,50147662,Nc1cc(C(=O)N2CCCC2)cn2nc(-c3ccc(Br)o3)nc12,UCJICYRCCGGBIG-UHFFFAOYSA-N,CC(C1CCCC1)C1CCC2CC(C3CCCC3)CC2C1,10.1016/j.bmcl.2004.03.104,15149696,1,False,False,pending_dual_review,eligible_for_primary_evidence_review,
BDB-50147663,50147663,COC[C@@H]1CCCN1C(=O)c1cc(N)n2nc(-c3ccc(Br)o3)nc2c1,PETARVSUFSTELX-NSHDSACASA-N,CC(C1CCCC1)C1CCC2CC(C3CCCC3)CC2C1,10.1016/j.bmcl.2004.03.104,15149696,1,False,False,pending_dual_review,eligible_for_primary_evidence_review,
BDB-50147665,50147665,COC[C@H]1CCCN1C(=O)c1cc(N)n2nc(-c3ccc(Br)o3)nc2c1,PETARVSUFSTELX-LLVKDONJSA-N,CC(C1CCCC1)C1CCC2CC(C3CCCC3)CC2C1,10.1016/j.bmcl.2004.03.104,15149696,1,False,False,pending_dual_review,eligible_for_primary_evidence_review,
BDB-50147666,50147666,Nc1cc(C(=O)N2CCCC2)cn2nc(-c3ccco3)nc12,WREXZRPCJAVZSW-UHFFFAOYSA-N,CC(C1CCCC1)C1CCC2CC(C3CCCC3)CC2C1,10.1016/j.bmcl.2004.03.104,15149696,1,False,False,pending_dual_review,eligible_for_primary_evidence_review,
BDB-50147667,50147667,CCN(CC)C(=O)C1CCCN(C(=O)c2cc(N)c3nc(-c4ccc(Br)o4)nn3c2)C1,BQRGSPQJKCXBSD-UHFFFAOYSA-N,CC(C1CCCCC1)C1CCC2CC(C3CCCC3)CC2C1,10.1016/j.bmcl.2004.03.104,15149696,1,False,False,pending_dual_review,eligible_for_primary_evidence_review,
BDB-50147668,50147668,Nc1cc(C(=O)N2CCCC2)cc2nc(-c3cccs3)nn12,PESDGYXYPRKHOS-UHFFFAOYSA-N,CC(C1CCCC1)C1CCC2CC(C3CCCC3)CC2C1,10.1016/j.bmcl.2004.03.104,15149696,1,False,False,pending_dual_review,eligible_for_primary_evidence_review,
BDB-50147669,50147669,CC1CCCN1C(=O)c1cc(N)n2nc(-c3ccc(Br)o3)nc2c1,YQRUTUAWBZXTFD-UHFFFAOYSA-N,CC(C1CCCC1)C1CCC2CC(C3CCCC3)CC2C1,10.1016/j.bmcl.2004.03.104,15149696,1,False,False,pending_dual_review,eligible_for_primary_evidence_review,
BDB-50147671,50147671,CN(CCc1ccccc1)C(=O)c1cc(N)c2nc(-c3ccc(Br)o3)nn2c1,VKKPJYXECVYOOR-UHFFFAOYSA-N,CC(CCCC1CCCCC1)C1CCC2CC(C3CCCC3)CC2C1,10.1016/j.bmcl.2004.03.104,15149696,1,False,False,pending_dual_review,eligible_for_primary_evidence_review,
BDB-50147672,50147672,CCN(CCc1ccccn1)C(=O)c1cc(N)n2nc(-c3ccc(Br)o3)nc2c1,RYWUMSBDUIMJQE-UHFFFAOYSA-N,CC(CCCC1CCCCC1)C1CCC2CC(C3CCCC3)CC2C1,10.1016/j.bmcl.2004.03.104,15149696,1,False,False,pending_dual_review,eligible_for_primary_evidence_review,
BDB-50147858,50147858,CN(C)c1ccc2c(O)cc(-c3ccccc3)nc2n1,BEMRWFAUJDRLIY-UHFFFAOYSA-N,C1CCC(C2CCC3CCCCC3C2)CC1,10.1021/jm030977p,15163184,2,False,False,pending_dual_review,eligible_for_primary_evidence_review,
BDB-50147859,50147859,Oc1cc(-c2ccccc2)nc2nc(NC3CCCCC3)ccc12,ZDODJZMITPPZHF-UHFFFAOYSA-N,C1CCC(CC2CCC3CCC(C4CCCCC4)CC3C2)CC1,10.1021/jm030977p,15163184,2,False,False,pending_dual_review,eligible_for_primary_evidence_review,
BDB-50147864,50147864,Cc1ccc2c(O)cc(-c3cccc([N+](=O)[O-])c3)nc2n1,QAVDYADXEMGPAB-UHFFFAOYSA-N,C1CCC(C2CCC3CCCCC3C2)CC1,10.1021/jm030977p,15163184,2,False,False,pending_dual_review,eligible_for_primary_evidence_review,
BDB-50147865,50147865,CCOc1ccc2c(=O)cc(-c3ccccc3)n(CC)c2n1,JKRWRMYTHHNAOF-UHFFFAOYSA-N,CC1CC(C2CCCCC2)CC2CCCCC12,10.1021/jm030977p,15163184,1,False,False,pending_dual_review,eligible_for_primary_evidence_review,
BDB-50147868,50147868,CCOc1cc(-c2ccccc2)nc2nc(Br)ccc12,KLQJOMKIBCTFIK-UHFFFAOYSA-N,C1CCC(C2CCC3CCCCC3C2)CC1,10.1021/jm030977p,15163184,2,False,False,pending_dual_review,eligible_for_primary_evidence_review,
BDB-50147869,50147869,CC(=O)Nc1ccc(-c2cc(O)c3ccc(C)nc3n2)cc1,JYIITCYTXQXDCX-UHFFFAOYSA-N,C1CCC(C2CCC3CCCCC3C2)CC1,10.1021/jm030977p,15163184,2,False,False,pending_dual_review,eligible_for_primary_evidence_review,
BDB-50147871,50147871,Cc1ccc2c(O)cc(-c3cccc(N)c3)nc2n1,OKVZOLUFTRHZBG-UHFFFAOYSA-N,C1CCC(C2CCC3CCCCC3C2)CC1,10.1021/jm030977p,15163184,2,False,False,pending_dual_review,eligible_for_primary_evidence_review,
BDB-50147875,50147875,Cc1ccc2c(O)cc(-c3ccc(N)cc3)nc2n1,CZXAHGMAYCNGTM-UHFFFAOYSA-N,C1CCC(C2CCC3CCCCC3C2)CC1,10.1021/jm030977p,15163184,2,False,False,pending_dual_review,eligible_for_primary_evidence_review,
BDB-50147876,50147876,CCOc1cc(-c2ccccc2)nc2c1ccc(=O)n2CC,RCDDAILWTKWNPX-UHFFFAOYSA-N,CC1CCC2CCC(C3CCCCC3)CC2C1,10.1021/jm030977p,15163184,2,False,False,pending_dual_review,eligible_for_primary_evidence_review,
BDB-50147878,50147878,CSc1cc(-c2ccccc2)nc2nc(C)ccc12,LCHWKAQCEAVIRN-UHFFFAOYSA-N,C1CCC(C2CCC3CCCCC3C2)CC1,10.1021/jm030977p,15163184,2,False,False,pending_dual_review,eligible_for_primary_evidence_review,
BDB-50149356,50149356,O=c1[nH]c2ccccc2n2c(=O)n(-c3ccc(O)cc3)nc12,KHGCQSCIWKUGDL-UHFFFAOYSA-N,CC1CC2CCCCC2C2C(C)C(C3CCCCC3)CC12,10.1021/jm031136l,15214785,1,False,False,pending_dual_review,eligible_for_primary_evidence_review,
BDB-50149358,50149358,Nc1nc2c([N+](=O)[O-])cccc2n2c(=O)n(-c3ccccc3)nc12,BZBZJCKGVWMYNE-UHFFFAOYSA-N,CC1C(C2CCCCC2)CC2CCC3CCCCC3C21,10.1021/jm031136l,15214785,1,False,False,pending_dual_review,eligible_for_primary_evidence_review,
BDB-50149360,50149360,CC(=O)Oc1ccc(-n2nc3c(=O)[nH]c4ccccc4n3c2=O)cc1,TZTWHGNQXQXGGR-UHFFFAOYSA-N,CC1CC2CCCCC2C2C(C)C(C3CCCCC3)CC12,10.1021/jm031136l,15214785,1,False,False,pending_dual_review,eligible_for_primary_evidence_review,
BDB-50149361,50149361,COc1ccc(-n2nc3c(N)nc4c(N)cccc4n3c2=O)cc1,JNRCICWEAQCTEH-UHFFFAOYSA-N,CC1C(C2CCCCC2)CC2CCC3CCCCC3C21,10.1021/jm031136l,15214785,1,False,False,pending_dual_review,eligible_for_primary_evidence_review,
BDB-50149362,50149362,CCOc1ccc(-n2nc3c(N)nc4ccccc4n3c2=O)cc1,XXZPOZVQJVJPCR-UHFFFAOYSA-N,CC1C(C2CCCCC2)CC2CCC3CCCCC3C21,10.1021/jm031136l,15214785,1,False,False,pending_dual_review,eligible_for_primary_evidence_review,
BDB-50149363,50149363,Nc1cccc2c1nc(N)c1nn(-c3ccc(O)cc3)c(=O)n12,HGPGWKPULHQQMQ-UHFFFAOYSA-N,CC1C(C2CCCCC2)CC2CCC3CCCCC3C21,10.1021/jm031136l,15214785,1,False,False,pending_dual_review,eligible_for_primary_evidence_review,
BDB-50149364,50149364,Nc1nc2c([N+](=O)[O-])cccc2n2c(=O)n(-c3ccc(O)cc3)nc12,ZNGGCOOMIJEOKO-UHFFFAOYSA-N,CC1C(C2CCCCC2)CC2CCC3CCCCC3C21,10.1021/jm031136l,15214785,1,False,False,pending_dual_review,eligible_for_primary_evidence_review,
BDB-50149366,50149366,Nc1nc2ccccc2n2c(=O)n(-c3ccc(O)cc3)nc12,ICVXFAOHTPSOBT-UHFFFAOYSA-N,CC1C(C2CCCCC2)CC2CCC3CCCCC3C21,10.1021/jm031136l,15214785,1,False,False,pending_dual_review,eligible_for_primary_evidence_review,
BDB-50149367,50149367,Nc1ccc(-n2nc3c(N)nc4ccccc4n3c2=O)cc1,DYYWRJJFIZMWBP-UHFFFAOYSA-N,CC1C(C2CCCCC2)CC2CCC3CCCCC3C21,10.1021/jm031136l,15214785,1,False,False,pending_dual_review,eligible_for_primary_evidence_review,
BDB-50151179,50151179,Nc1nc(N2CCN(Cc3ccc(Cl)cc3)CC2)nc2nc(-c3ccco3)nn12,RJBNWXOQBZXPPA-UHFFFAOYSA-N,C1CCC(CC2CCC(C3CCC4CC(C5CCCC5)CC4C3)CC2)CC1,10.1021/jm101349u,21214204,1,False,False,pending_dual_review,eligible_for_primary_evidence_review,
BDB-50151183,50151183,Nc1nc(N2CCN(Cc3ccccc3)CC2)nc2nc(-c3ccco3)nn12,KPTVFLZETSRCFF-UHFFFAOYSA-N,C1CCC(CC2CCC(C3CCC4CC(C5CCCC5)CC4C3)CC2)CC1,10.1021/jm101349u,21214204,1,False,False,pending_dual_review,eligible_for_primary_evidence_review,
BDB-50151201,50151201,Nc1nc(N2CCN(Cc3cccc(Cl)c3)CC2)nc2nc(-c3ccco3)nn12,RTXQAEFEJZZDKI-UHFFFAOYSA-N,C1CCC(CC2CCC(C3CCC4CC(C5CCCC5)CC4C3)CC2)CC1,10.1021/jm101349u,21214204,1,False,False,pending_dual_review,eligible_for_primary_evidence_review,
BDB-50151865,50151865,O[C@@H](c1cc(C(F)(F)F)nc2c(C(F)(F)F)cccc12)[C@H]1CCCCN1,XEEQGYMUWCZPDN-DOMZBBRYSA-N,C1CCC(CC2CCCC3CCCCC32)CC1,10.1016/j.bmcl.2008.03.075,18406614,1,False,False,pending_dual_review,eligible_for_primary_evidence_review,
BDB-50152073,50152073,CNc1nc(-n2cc(C(=O)NCc3ccc(Cl)cc3)cn2)nc2c1ncn2C1O[C@H](CO)[C@@H](O)[C@H]1O,NVYOVCWFMVMAKW-BROWDQIMSA-N,CC(CCC1CCCCC1)C1CCC(C2CCC3CCC(C4CCCC4)C3C2)C1,10.1021/jm049682h,15341491,1,False,False,pending_dual_review,eligible_for_primary_evidence_review,
BDB-50152087,50152087,CNc1nc(-n2cc(-c3nc4ccccc4o3)cn2)nc2c1ncn2C1O[C@H](CO)[C@@H](O)[C@H]1O,FSXCOMFDJBNLDD-XZHXJBAPSA-N,C1CCC2CC(C3CCC(C4CCC5CCC(C6CCCC6)C5C4)C3)CC2C1,10.1021/jm049682h,15341491,1,False,False,pending_dual_review,eligible_for_primary_evidence_review,
BDB-50152091,50152091,OC[C@H]1OC(n2cnc3c(NCc4cccc(I)c4)nc(-n4cc(-c5nccc6ccccc56)cn4)nc32)[C@H](O)[C@@H]1O,FIQBKQNBKDSJOA-PSNVSEBLSA-N,C1CCC(CCC2CC(C3CCC(C4CCCC5CCCCC54)C3)CC3C(C4CCCC4)CCC23)CC1,10.1021/jm049682h,15341491,1,False,False,pending_dual_review,eligible_for_primary_evidence_review,
BDB-50152092,50152092,COc1ccc(-c2cnn(-c3nc(NCc4cccc(I)c4)c4ncn(C5O[C@H](CO)[C@@H](O)[C@H]5O)c4n3)c2)cc1,LHHKPNOHZCRPQI-CUVLRLMBSA-N,C1CCC(CCC2CC(C3CCC(C4CCCCC4)C3)CC3C(C4CCCC4)CCC23)CC1,10.1021/jm049682h,15341491,1,False,False,pending_dual_review,eligible_for_primary_evidence_review,
BDB-50152231,50152231,Nc1nc(NCCN2CCN(c3ccc(F)cc3F)CC2)cc2nc(-c3ccco3)nn12,LFRLPQNSZFWXSR-UHFFFAOYSA-N,C1CCC(C2CCC(CCCC3CCC4CC(C5CCCC5)CC4C3)CC2)CC1,10.1016/j.bmcl.2008.11.075,19109019,1,False,False,pending_dual_review,eligible_for_primary_evidence_review,
BDB-50152233,50152233,CN(CCN1CCN(c2ccc(F)cc2F)CC1)c1cc2nc(-c3ccco3)nn2c(N)n1,AYDUITGMILRLFK-UHFFFAOYSA-N,C1CCC(C2CCC(CCCC3CCC4CC(C5CCCC5)CC4C3)CC2)CC1,10.1016/j.bmcl.2008.11.075,19109019,1,False,False,pending_dual_review,eligible_for_primary_evidence_review,
BDB-50152234,50152234,Nc1nc(NCCN2CCN(c3ccc(F)cc3F)CC2)nc2nc(-c3ccco3)nn12,NJQVZARFMYPNOT-UHFFFAOYSA-N,C1CCC(C2CCC(CCCC3CCC4CC(C5CCCC5)CC4C3)CC2)CC1,10.1021/acs.jmedchem.6b00653,27312113,2,False,False,pending_dual_review,eligible_for_primary_evidence_review,
BDB-50152237,50152237,Nc1nc(NCCCN2CCN(c3ccccc3)CC2)nc2nc(-c3ccco3)nn12,ATLUGIZVRICDDK-UHFFFAOYSA-N,C1CCC(C2CCC(CCCCC3CCC4CC(C5CCCC5)CC4C3)CC2)CC1,10.1021/acs.jmedchem.6b00653,27312113,2,False,False,pending_dual_review,eligible_for_primary_evidence_review,
BDB-50153337,50153337,COc1ccc(CCNC(N)=Nc2nc(C)cc(C)n2)cc1,BVHXEVOLFSFPCB-UHFFFAOYSA-N,C1CCC(CCCCCC2CCCCC2)CC1,10.1021/jm100240h,20405927,1,False,False,pending_dual_review,eligible_for_primary_evidence_review,
BDB-50156616,50156616,Nc1nc(N2CCN3C[C@@H](COc4cccc(F)c4)CC[C@H]3C2)nc2nc(-c3ccco3)nn12,FARQWWRBQXFTDH-RDJZCZTQSA-N,C1CCC(CCC2CCC3CC(C4CCC5CC(C6CCCC6)CC5C4)CCC3C2)CC1,10.1021/jm701594y,18637670,1,False,False,pending_dual_review,eligible_for_primary_evidence_review,
BDB-50157653,50157653,O=C(Nc1nc(-c2ccccc2)cc(-c2ccccc2)n1)C1CC1,HMOYOBUDEWMPCL-UHFFFAOYSA-N,CC(CC1CC(C2CCCCC2)CC(C2CCCCC2)C1)C1CC1,10.1021/jm049448r,15588088,1,False,False,pending_dual_review,eligible_for_primary_evidence_review,
BDB-50157656,50157656,CCC(C)C(=O)Nc1cc(-c2ccccc2)nc(-c2ccccc2)n1,OWPSSUJQRJLQHE-UHFFFAOYSA-N,C1CCC(C2CCCC(C3CCCCC3)C2)CC1,10.1021/jm049448r,15588088,1,False,False,pending_dual_review,eligible_for_primary_evidence_review,
BDB-50157657,50157657,O=C(Nc1cc(-c2ccccc2)nc(-c2ccccc2)n1)C1CCCC1,JIIIIMMXDNQSGZ-UHFFFAOYSA-N,CC(CC1CC(C2CCCCC2)CC(C2CCCCC2)C1)C1CCCC1,10.1021/jm049448r,15588088,1,False,False,pending_dual_review,eligible_for_primary_evidence_review,
BDB-50157658,50157658,CC(C)C(=O)Nc1cc(-c2ccccc2)nc(-c2ccccc2)n1,ONJOWWUQGQUDTK-UHFFFAOYSA-N,C1CCC(C2CCCC(C3CCCCC3)C2)CC1,10.1021/jm049448r,15588088,1,False,False,pending_dual_review,eligible_for_primary_evidence_review,
BDB-50157659,50157659,CCCC(=O)Nc1cc(-c2ccccc2)nc(-c2ccccc2)n1,UBJLQDSZSYHXLE-UHFFFAOYSA-N,C1CCC(C2CCCC(C3CCCCC3)C2)CC1,10.1021/jm049448r|10.1021/jm100843z,15588088|21186795,2,False,False,pending_dual_review,eligible_for_primary_evidence_review,
BDB-50157662,50157662,O=C(Nc1cc(-c2ccccc2)nc(-c2ccccc2)n1)C1CC1,UOAGLWXCVMDEEN-UHFFFAOYSA-N,CC(CC1CC(C2CCCCC2)CC(C2CCCCC2)C1)C1CC1,10.1021/jm049448r,15588088,1,False,False,pending_dual_review,eligible_for_primary_evidence_review,
BDB-50157663,50157663,CCC(=O)Nc1nc(-c2ccccc2)cc(-c2ccccc2)n1,AZXIPRTZIQWIHR-UHFFFAOYSA-N,C1CCC(C2CCCC(C3CCCCC3)C2)CC1,10.1021/jm049448r|10.1021/jm100843z,15588088|21186795,2,False,False,pending_dual_review,eligible_for_primary_evidence_review,
BDB-50157664,50157664,O=C(Nc1cc(-c2ccccc2)nc(-c2ccccc2)n1)C1CCCCC1,IBKAQSVTVQTIDD-UHFFFAOYSA-N,CC(CC1CC(C2CCCCC2)CC(C2CCCCC2)C1)C1CCCCC1,10.1021/jm049448r,15588088,1,False,False,pending_dual_review,eligible_for_primary_evidence_review,
BDB-50157665,50157665,CC(C)CC(=O)Nc1cc(-c2ccccc2)nc(-c2ccccc2)n1,LUPWFOJGRCESTC-UHFFFAOYSA-N,C1CCC(C2CCCC(C3CCCCC3)C2)CC1,10.1021/jm049448r,15588088,1,False,False,pending_dual_review,eligible_for_primary_evidence_review,
BDB-50157666,50157666,O=C(Nc1cc(-c2ccccc2)nc(-c2ccccc2)n1)C1CCC1,YWUOMRGHKANFJN-UHFFFAOYSA-N,CC(CC1CC(C2CCCCC2)CC(C2CCCCC2)C1)C1CCC1,10.1021/jm049448r,15588088,1,False,False,pending_dual_review,eligible_for_primary_evidence_review,
BDB-50157669,50157669,O=C(Nc1nc(-c2ccccc2)cc(-c2ccccc2)n1)C1CCCC1,NVVQQBAOOOCQIE-UHFFFAOYSA-N,CC(CC1CC(C2CCCCC2)CC(C2CCCCC2)C1)C1CCCC1,10.1021/jm100843z,21186795,1,False,False,pending_dual_review,eligible_for_primary_evidence_review,
BDB-50157671,50157671,CCC(CC)C(=O)Nc1cc(-c2ccccc2)nc(-c2ccccc2)n1,ZMYSFVQFZFGCMP-UHFFFAOYSA-N,C1CCC(C2CCCC(C3CCCCC3)C2)CC1,10.1021/jm049448r,15588088,1,False,False,pending_dual_review,eligible_for_primary_evidence_review,
BDB-50157672,50157672,CCC(=O)Nc1cc(-c2ccccc2)nc(-c2ccccc2)n1,GFLZXPLJINFGKI-UHFFFAOYSA-N,C1CCC(C2CCCC(C3CCCCC3)C2)CC1,10.1021/jm049448r|10.1021/jm100843z,15588088|21186795,2,False,False,pending_dual_review,eligible_for_primary_evidence_review,
BDB-50157676,50157676,CC(=O)Nc1cc(-c2ccccc2)nc(-c2ccccc2)n1,ZFBASLSZDCISGS-UHFFFAOYSA-N,C1CCC(C2CCCC(C3CCCCC3)C2)CC1,10.1016/j.ejmech.2012.11.010|10.1021/jm049448r|10.1021/jm100843z,15588088|21186795|23231967,3,False,False,pending_dual_review,eligible_for_primary_evidence_review,
BDB-50158768,50158768,CC(C)CCn1cc2c(nc(NC(=O)CCCNC(=O)OC(C)(C)C)n3nc(-c4ccco4)nc23)n1,KPOHELAVENUFLP-UHFFFAOYSA-N,C1CCC(C2CC3CCC4CCCC4C3C2)C1,10.1016/j.bmc.2009.05.038,19501513,1,False,False,pending_dual_review,eligible_for_primary_evidence_review,
BDB-50158782,50158782,CC(C)(C)OC(=O)NCCCC(=O)Nc1nc2nn(CCc3ccccc3)cc2c2nc(-c3ccco3)nn12,WPRTUYQAOVQLSK-UHFFFAOYSA-N,C1CCC(CCC2CC3CCC4CC(C5CCCC5)CC4C3C2)CC1,10.1016/j.bmc.2009.05.038,19501513,1,False,False,pending_dual_review,eligible_for_primary_evidence_review,
BDB-50159488,50159488,CC1=C(C(=O)OC(C)C)C(c2ccco2)n2c(nc3ccccc32)N1,NYHLRBMDXQBOIB-UHFFFAOYSA-N,C1CCC(C2CCCC3CC4CCCCC4C32)C1,10.1021/acs.jmedchem.9b01340,31557025,2,False,False,pending_dual_review,eligible_for_primary_evidence_review,
BDB-50159713,50159713,CC(O)(C#Cc1cn2nc(-c3ccco3)nc2c(N)n1)Cc1ccncc1,IRZFDSHKKISFHN-UHFFFAOYSA-N,C1CCC(CCCCC2CCC3CC(C4CCCC4)CC3C2)CC1,10.1021/jm701594y,18637670,1,False,False,pending_dual_review,eligible_for_primary_evidence_review,
BDB-50159960,50159960,CCCn1c(=O)c2[nH]c(-c3ccc(OCc4nc(-c5cccc(Cl)c5)no4)cc3)nc2n(CCC)c1=O,UIFULPIWDUCSCB-UHFFFAOYSA-N,CC1CC(C)C2CC(C3CCC(CCC4CCC(C5CCCCC5)C4)CC3)CC2C1,10.1016/j.bmcl.2004.11.044,15664822,1,False,False,pending_dual_review,eligible_for_primary_evidence_review,
BDB-50159968,50159968,CCCn1c(=O)c2[nH]c(-c3ccc(OCc4noc(-c5ccc(C(F)(F)F)cc5)n4)cc3)nc2n(CCC)c1=O,SEEWEGGTAWVJKR-UHFFFAOYSA-N,CC1CC(C)C2CC(C3CCC(CCC4CCC(C5CCCCC5)C4)CC3)CC2C1,10.1016/j.bmcl.2004.11.044,15664822,1,False,False,pending_dual_review,eligible_for_primary_evidence_review,
BDB-50159970,50159970,CCCn1c(=O)c2[nH]c(-c3ccc(OCc4noc(-c5ccccc5OC)n4)cc3)nc2n(CCC)c1=O,JNJWKLSCJORTLT-UHFFFAOYSA-N,CC1CC(C)C2CC(C3CCC(CCC4CCC(C5CCCCC5)C4)CC3)CC2C1,10.1016/j.bmcl.2004.11.044,15664822,2,False,False,pending_dual_review,eligible_for_primary_evidence_review,
BDB-50159972,50159972,CCCn1c(=O)c2[nH]c(-c3ccc(OCc4noc(-c5ccc(C)cc5)n4)cc3)nc2n(CCC)c1=O,MTTFKOZHQXOLAS-UHFFFAOYSA-N,CC1CC(C)C2CC(C3CCC(CCC4CCC(C5CCCCC5)C4)CC3)CC2C1,10.1016/j.bmcl.2004.11.044,15664822,1,False,False,pending_dual_review,eligible_for_primary_evidence_review,
BDB-50159981,50159981,CCCn1c(=O)c2[nH]c(-c3ccc(OCc4nc(-c5ccccc5C(F)(F)F)no4)cc3)nc2n(CCC)c1=O,RZLNRVRBNKCEQR-UHFFFAOYSA-N,CC1CC(C)C2CC(C3CCC(CCC4CCC(C5CCCCC5)C4)CC3)CC2C1,10.1016/j.bmcl.2004.11.044,15664822,1,False,False,pending_dual_review,eligible_for_primary_evidence_review,
BDB-50161341,50161341,CC(C)c1ccc2c(c1)-c1nc(N)nc(-c3ccc(Br)o3)c1C2,JVGSJLSEXDJERU-UHFFFAOYSA-N,C1CCC2C(C1)CC1C(C3CCCC3)CCCC21,10.1021/jm701594y,18637670,1,False,False,pending_dual_review,eligible_for_primary_evidence_review,
BDB-50163004,50163004,CNC(=O)[C@]12C[C@@H]1[C@@H](n1cnc3c(NC4CC4c4ccccc4)nc(Cl)nc31)[C@H](O)[C@@H]2O,VAIQCVDAELUCHP-AGUANMGMSA-N,C1CCC(C2CC2CC2CCCC3C2CCC3C2CCC3CC32)CC1,10.1016/j.bmcl.2008.04.001,18424135,1,False,False,pending_dual_review,eligible_for_primary_evidence_review,
BDB-50163006,50163006,CNC(=O)[C@]12C[C@@H]1[C@@H](n1cnc3c(NCc4cc(Cl)ccc4OCc4ccccc4)nc(Cl)nc31)[C@H](O)[C@@H]2O,DGZKRHKJMSCQBD-PFBLAMEFSA-N,C1CCC(CCC2CCCCC2CCC2CCCC3C2CCC3C2CCC3CC32)CC1,10.1021/jm049580r,15771421,1,False,False,pending_dual_review,eligible_for_primary_evidence_review,
BDB-50163008,50163008,CNC(=O)[C@]12C[C@@H]1[C@@H](n1cnc3c(NCc4cc(Cl)ccc4OCC(N)=O)nc(Cl)nc31)[C@H](O)[C@@H]2O,ZWRNXJPEIGVJQX-DYBQNUGTSA-N,C1CCC(CCC2CCCC3C2CCC3C2CCC3CC32)CC1,10.1021/jm049580r,15771421,1,False,False,pending_dual_review,eligible_for_primary_evidence_review,
BDB-50163010,50163010,OC[C@H]1O[C@@H](n2cnc3c(NC4CC4c4ccccc4)ncnc32)[C@H](O)[C@@H]1O,GAIXIJBBHRACLL-UIKOTCIDSA-N,C1CCC(C2CC2CC2CCCC3C(C4CCCC4)CCC23)CC1,10.1021/jm049580r|10.1021/jm300087j,15771421|22468757,2,False,False,pending_dual_review,eligible_for_primary_evidence_review,
BDB-50163014,50163014,CNC(=O)[C@]12C[C@@H]1[C@@H](n1cnc3c(NCc4cc(OC)ccc4OC)nc(Cl)nc31)[C@H](O)[C@@H]2O,ABUUWIZJEMSEFP-KYOARWNFSA-N,C1CCC(CCC2CCCC3C2CCC3C2CCC3CC32)CC1,10.1016/j.bmcl.2008.04.001,18424135,1,False,False,pending_dual_review,eligible_for_primary_evidence_review,
BDB-50163016,50163016,CNC(=O)[C@@]12C[C@@H]1[C@@H](n1cnc3c(NCc4cc(Cl)ccc4OC)nc(Cl)nc31)[C@H](O)[C@@H]2O,SDIFQMIJZMPOMA-QNEDUEMWSA-N,C1CCC(CCC2CCCC3C2CCC3C2CCC3CC32)CC1,10.1016/j.bmc.2008.08.007|10.1021/jm049580r,15771421|18752961,2,False,False,pending_dual_review,eligible_for_primary_evidence_review,
BDB-50163019,50163019,CNC(=O)[C@]12C[C@@H]1[C@@H](n1cnc3c(NCc4cc(I)ccc4Cl)nc(Cl)nc31)[C@H](O)[C@@H]2O,XZCOZCPAEZROHY-WRQNOASSSA-N,C1CCC(CCC2CCCC3C2CCC3C2CCC3CC32)CC1,10.1021/jm049580r,15771421,1,False,False,pending_dual_review,eligible_for_primary_evidence_review,
BDB-50163020,50163020,CNC(=O)[C@@]12C[C@@H]1[C@@H](n1cnc3c(NCc4cccc(Cl)c4)nc(Cl)nc31)[C@H](O)[C@@H]2O,GAYWHRPOIWFKIF-DDDALXFXSA-N,C1CCC(CCC2CCCC3C2CCC3C2CCC3CC32)CC1,10.1016/j.bmc.2008.08.007|10.1016/j.bmcl.2008.04.001|10.1021/jm049580r|10.1021/jm300087j|10.1021/jm300396n,15771421|18424135|18752961|22468757|22559880,5,False,False,pending_dual_review,eligible_for_primary_evidence_review,
BDB-50163025,50163025,CNC(=O)[C@]12C[C@@H]1[C@@H](n1cnc3c(NCc4cccc(Br)c4)nc(Cl)nc31)[C@H](O)[C@@H]2O,HYFDTLBXWNFVQO-KZOVSVDNSA-N,C1CCC(CCC2CCCC3C2CCC3C2CCC3CC32)CC1,10.1016/j.bmcl.2008.04.001|10.1021/jm049580r,15771421|18424135,2,False,False,pending_dual_review,eligible_for_primary_evidence_review,
BDB-50163026,50163026,CNC(=O)[C@]12C[C@@H]1[C@@H](n1cnc3c(NCc4ccc(N)c(I)c4)nc(Cl)nc31)[C@H](O)[C@@H]2O,QCQJRAODDRNEQU-OQVYSTTDSA-N,C1CCC(CCC2CCCC3C2CCC3C2CCC3CC32)CC1,10.1021/jm049580r,15771421,1,False,False,pending_dual_review,eligible_for_primary_evidence_review,
BDB-50163027,50163027,CNC(=O)[C@]12C[C@@H]1[C@@H](n1cnc3c(NCc4cccc(Cl)c4)nc(SC)nc31)[C@H](O)[C@@H]2O,TUKMYFNCYLCVRZ-YIVQXCEWSA-N,C1CCC(CCC2CCCC3C2CCC3C2CCC3CC32)CC1,10.1016/j.bmcl.2008.04.001,18424135,1,False,False,pending_dual_review,eligible_for_primary_evidence_review,
BDB-50163029,50163029,CNC(=O)[C@]12C[C@@H]1[C@@H](n1cnc3c(NCc4cc(I)ccc4OC)nc(Cl)nc31)[C@H](O)[C@@H]2O,IQHJAUYJWIFZFF-MAUXMWESSA-N,C1CCC(CCC2CCCC3C2CCC3C2CCC3CC32)CC1,10.1021/jm049580r,15771421,1,False,False,pending_dual_review,eligible_for_primary_evidence_review,
BDB-50163031,50163031,CNC(=O)[C@]12C[C@@H]1[C@@H](n1cnc3c(NCC(c4ccccc4)c4ccccc4)nc(Cl)nc31)[C@H](O)[C@@H]2O,GSEPPCKOQUMRLH-ISRHKJNMSA-N,C1CCC(C(CCC2CCCC3C2CCC3C2CCC3CC32)C2CCCCC2)CC1,10.1016/j.bmcl.2008.04.001|10.1021/jm049580r,15771421|18424135,2,False,False,pending_dual_review,eligible_for_primary_evidence_review,
BDB-50165052,50165052,Nc1nc(-c2ccco2)c2ncn(CCCc3ccccc3)c2n1,KUBCULDZDHDDSR-UHFFFAOYSA-N,C1CCC(CCCC2CCC3C(C4CCCC4)CCCC23)CC1,10.1016/j.bmcl.2005.02.031,15808481,1,False,False,pending_dual_review,eligible_for_primary_evidence_review,
BDB-50165053,50165053,Nc1nc(-c2ccco2)c2ncn(Cc3ccc4ccccc4c3)c2n1,CRXZFUDMLLQMOR-UHFFFAOYSA-N,C1CCC2CC(CC3CCC4C(C5CCCC5)CCCC34)CCC2C1,10.1016/j.bmcl.2005.02.031,15808481,1,False,False,pending_dual_review,eligible_for_primary_evidence_review,
BDB-50165054,50165054,Nc1nc(-c2ccco2)c2ncn(-c3ccccc3)c2n1,VEZSQJIGMFDZRT-UHFFFAOYSA-N,C1CCC(C2CCC3C(C4CCCC4)CCCC23)CC1,10.1016/j.bmcl.2005.02.031,15808481,1,False,False,pending_dual_review,eligible_for_primary_evidence_review,
BDB-50165059,50165059,Nc1nc(-c2ccco2)c2ncn(Cc3cc4c(cc3Cl)OCO4)c2n1,FZABPMWAXZBSBJ-UHFFFAOYSA-N,C1CC2CCC(CC3CCC4C(C5CCCC5)CCCC34)CC2C1,10.1016/j.bmcl.2005.02.031,15808481,1,False,False,pending_dual_review,eligible_for_primary_evidence_review,
BDB-50165063,50165063,Nc1nc(-c2ccco2)c2ncn(Cc3ccccc3CS(=O)(=O)c3ccccc3)c2n1,LZFWVIFXSFJRRE-UHFFFAOYSA-N,CC(C)(CC1CCCCC1CC1CCC2C(C3CCCC3)CCCC12)C1CCCCC1,10.1016/j.bmcl.2005.02.031,15808481,1,False,False,pending_dual_review,eligible_for_primary_evidence_review,
BDB-50165067,50165067,Nc1nc(-c2ccco2)c2ncn(Cc3cccc4ccccc34)c2n1,KNEBOLCFPUBPIG-UHFFFAOYSA-N,C1CCC2C(C1)CCCC2CC1CCC2C(C3CCCC3)CCCC12,10.1016/j.bmcl.2005.02.031,15808481,1,False,False,pending_dual_review,eligible_for_primary_evidence_review,
BDB-50165068,50165068,Nc1nc(-c2ccco2)c2ncn(CCc3ccccc3)c2n1,LOCNLYLIABVQFH-UHFFFAOYSA-N,C1CCC(CCC2CCC3C(C4CCCC4)CCCC23)CC1,10.1016/j.bmcl.2005.02.031,15808481,1,False,False,pending_dual_review,eligible_for_primary_evidence_review,
BDB-50166735,50166735,Cc1cccc(Nc2nc(-c3cccc(C#N)c3)c(-n3ccnc3C)s2)n1,UOJOKSDSECSZDQ-UHFFFAOYSA-N,C1CCC(CC2CC(C3CCCCC3)C(C3CCCC3)C2)CC1,10.1016/j.bmcl.2005.04.021,15876531,1,False,False,pending_dual_review,eligible_for_primary_evidence_review,
BDB-50166737,50166737,N#Cc1cccc(-c2nc(Nc3cccnc3)sc2-n2cncn2)c1,ZNFMHXOUXUCSJG-UHFFFAOYSA-N,C1CCC(CC2CC(C3CCCCC3)C(C3CCCC3)C2)CC1,10.1016/j.bmcl.2005.04.021,15876531,1,False,False,pending_dual_review,eligible_for_primary_evidence_review,
BDB-50166739,50166739,N#Cc1cccc(-c2nc(Nc3ccccn3)sc2-n2cncn2)c1,SVYGARKLCHDCRO-UHFFFAOYSA-N,C1CCC(CC2CC(C3CCCCC3)C(C3CCCC3)C2)CC1,10.1016/j.bmcl.2005.04.021,15876531,1,False,False,pending_dual_review,eligible_for_primary_evidence_review,
BDB-50166741,50166741,N#Cc1cccc(-c2nc(NC(=O)O)sc2-n2cncn2)c1,ALMKXOHIUFCWIE-UHFFFAOYSA-N,C1CCC(C2CCCC2C2CCCC2)CC1,10.1016/j.bmcl.2005.04.021,15876531,1,False,False,pending_dual_review,eligible_for_primary_evidence_review,
BDB-50166743,50166743,N#Cc1cccc(-c2nc(Nc3cccnc3)sc2-n2ccnc2)c1,PWPMYBIVOMROSC-UHFFFAOYSA-N,C1CCC(CC2CC(C3CCCCC3)C(C3CCCC3)C2)CC1,10.1016/j.bmcl.2005.04.021,15876531,1,False,False,pending_dual_review,eligible_for_primary_evidence_review,
BDB-50166745,50166745,N#Cc1cccc(-c2nc(Nc3ccncc3)sc2-n2cncn2)c1,JTSBHZQGKKYLJJ-UHFFFAOYSA-N,C1CCC(CC2CC(C3CCCCC3)C(C3CCCC3)C2)CC1,10.1016/j.bmcl.2005.04.021,15876531,1,False,False,pending_dual_review,eligible_for_primary_evidence_review,
BDB-50170816,50170816,c1ccc(Oc2nc(NC3CCCCC3)c3[nH]cnc3n2)cc1,OGCQBCHLFMBCCE-UHFFFAOYSA-N,C1CCC(CC2CC3CCCC3C(CC3CCCCC3)C2)CC1,10.1021/jm050221l,16033270,1,False,False,pending_dual_review,eligible_for_primary_evidence_review,
BDB-50170817,50170817,Cn1cnc2c(NC3CCCCC3)nc(Nc3ccccc3)nc21,ZLDPIMAJOWKRLI-UHFFFAOYSA-N,C1CCC(CC2CC3CCCC3C(CC3CCCCC3)C2)CC1,10.1021/jm050221l,16033270,1,False,False,pending_dual_review,eligible_for_primary_evidence_review,
BDB-50170818,50170818,c1ccc(Sc2nc(NC3CCCCC3)c3[nH]cnc3n2)cc1,NFXCEGOWTIZWIH-UHFFFAOYSA-N,C1CCC(CC2CC3CCCC3C(CC3CCCCC3)C2)CC1,10.1021/jm050221l,16033270,1,False,False,pending_dual_review,eligible_for_primary_evidence_review,
BDB-50170821,50170821,c1ccc(Nc2nc(NC3CCCCCCC3)c3[nH]cnc3n2)cc1,MSEVQUIRSAPIPS-UHFFFAOYSA-N,C1CCCC(CC2CC(CC3CCCCC3)CC3CCCC32)CCC1,10.1021/jm050221l,16033270,1,False,False,pending_dual_review,eligible_for_primary_evidence_review,
BDB-50170822,50170822,c1ccc(Nc2nc(NC3CCCCC3)c3[nH]cnc3n2)cc1,FDFMDLSSHFEJOS-UHFFFAOYSA-N,C1CCC(CC2CC3CCCC3C(CC3CCCCC3)C2)CC1,10.1021/jm050221l,16033270,1,False,False,pending_dual_review,eligible_for_primary_evidence_review,
BDB-50170823,50170823,CN(C)c1ccc(Nc2nc(NC3CCCCC3)c3[nH]cnc3n2)cc1,ADHPIOBOQMGIPQ-UHFFFAOYSA-N,C1CCC(CC2CC3CCCC3C(CC3CCCCC3)C2)CC1,10.1021/jm050221l,16033270,1,False,False,pending_dual_review,eligible_for_primary_evidence_review,
BDB-50170826,50170826,Cn1cnc2c(NC3CCCCCC3)nc(Nc3ccccc3)nc21,HXXOYJATCRBRHE-UHFFFAOYSA-N,C1CCC(CC2CC3CCCC3C(CC3CCCCCC3)C2)CC1,10.1021/jm050221l,16033270,1,False,False,pending_dual_review,eligible_for_primary_evidence_review,
BDB-50170827,50170827,c1nc2nc(Nc3ccc(N4CCOCC4)cc3)nc(NC3CC4CCC3C4)c2[nH]1,TYCRGJHWMDJLCO-UHFFFAOYSA-N,C1CCC(C2CCC(CC3CC4CCCC4C(CC4CC5CCC4C5)C3)CC2)CC1,10.1021/jm050221l,16033270,1,False,False,pending_dual_review,eligible_for_primary_evidence_review,
BDB-50170830,50170830,c1ccc(Nc2nc(NC3CCCCCC3)c3[nH]cnc3n2)cc1,YDYCGADXGCIRTH-UHFFFAOYSA-N,C1CCC(CC2CC3CCCC3C(CC3CCCCCC3)C2)CC1,10.1021/jm050221l,16033270,1,False,False,pending_dual_review,eligible_for_primary_evidence_review,
BDB-50171290,50171290,CCc1c(C(=O)NN2CCCCC2)nn(-c2ccc(Cl)cc2Cl)c1-c1ccc(Br)cc1,HMXDWDSNPRNUKI-UHFFFAOYSA-N,CC(CC1CCCCC1)C1CC(C2CCCCC2)C(C2CCCCC2)C1,10.1124/jpet.104.067884,15131245,1,False,False,pending_dual_review,eligible_for_primary_evidence_review,
BDB-50171749,50171749,Cc1ccc2c(S)c(Cc3ccccc3)cnc2n1,JNNOALSYCGYTDY-UHFFFAOYSA-N,C1CCC(CC2CCC3CCCCC3C2)CC1,10.1016/j.bmcl.2005.06.064,16099648,1,False,False,pending_dual_review,eligible_for_primary_evidence_review,
BDB-50171751,50171751,Cc1ccc2c(O)c(C(=O)NCc3ccc(F)cc3)cnc2n1,QMAMYFKQVIXZAF-UHFFFAOYSA-N,CC(CCC1CCCCC1)C1CCC2CCCCC2C1,10.1016/j.bmcl.2005.06.064,16099648,2,False,False,pending_dual_review,eligible_for_primary_evidence_review,
BDB-50171752,50171752,CC(=O)N(C(C)=O)c1ccc(CNC(=O)c2cnc3nc(C)ccc3c2O)cc1,UINJTCGTOJIYTL-UHFFFAOYSA-N,CC(CCC1CCCCC1)C1CCC2CCCCC2C1,10.1016/j.bmcl.2005.06.064,16099648,1,False,False,pending_dual_review,eligible_for_primary_evidence_review,
BDB-50171753,50171753,Cc1ccc2c(O)c(C(=O)NCCc3ccccc3)cnc2n1,NOPDFTZVAJQFFF-UHFFFAOYSA-N,CC(CCCC1CCCCC1)C1CCC2CCCCC2C1,10.1016/j.bmcl.2005.06.064,16099648,2,False,False,pending_dual_review,eligible_for_primary_evidence_review,
BDB-50171754,50171754,Cc1ccc2c(O)c(C(=O)NC3CCC(C)CC3)cnc2n1,LJEDDMCIFWLERA-UHFFFAOYSA-N,CC(CC1CCCCC1)C1CCC2CCCCC2C1,10.1016/j.bmcl.2005.06.064,16099648,2,False,False,pending_dual_review,eligible_for_primary_evidence_review,
BDB-50171755,50171755,Cc1ccc2c(O)c(C(=O)NC(C)c3ccccc3)cnc2n1,MSQYTUVOQBAORZ-UHFFFAOYSA-N,CC(CCC1CCCCC1)C1CCC2CCCCC2C1,10.1016/j.bmcl.2005.06.064,16099648,2,False,False,pending_dual_review,eligible_for_primary_evidence_review,
BDB-50171756,50171756,Cc1ccc2c(O)c(CC(=O)NC3CCCCC3)cnc2n1,WDOGTDLSUBIDBZ-UHFFFAOYSA-N,CC(CC1CCCCC1)CC1CCC2CCCCC2C1,10.1016/j.bmcl.2005.06.064,16099648,1,False,False,pending_dual_review,eligible_for_primary_evidence_review,
BDB-50171758,50171758,Cc1ccc2c(O)c(Cc3ccccc3)cnc2n1,QRUPNIJLOWMQBO-UHFFFAOYSA-N,C1CCC(CC2CCC3CCCCC3C2)CC1,10.1016/j.bmcl.2005.06.064,16099648,1,False,False,pending_dual_review,eligible_for_primary_evidence_review,
BDB-50171759,50171759,Cc1ccc2c(O)c(C(=O)NCc3ccco3)cnc2n1,YTAXNXDGKHGYIC-UHFFFAOYSA-N,CC(CCC1CCCC1)C1CCC2CCCCC2C1,10.1016/j.bmcl.2005.06.064,16099648,2,False,False,pending_dual_review,eligible_for_primary_evidence_review,
BDB-50171760,50171760,Cc1ccc2c(O)c(Cc3ccccc3Cl)cnc2n1,TVGXHFOPOIUKGO-UHFFFAOYSA-N,C1CCC(CC2CCC3CCCCC3C2)CC1,10.1016/j.bmcl.2005.06.064,16099648,1,False,False,pending_dual_review,eligible_for_primary_evidence_review,
BDB-50171761,50171761,Cc1ccc2c(O)c(C(=O)NN3CCOCC3)cnc2n1,JSMGSYKGVHOBBH-UHFFFAOYSA-N,CC(CC1CCCCC1)C1CCC2CCCCC2C1,10.1016/j.bmcl.2005.06.064,16099648,1,False,False,pending_dual_review,eligible_for_primary_evidence_review,
BDB-50171762,50171762,Cc1ccc2c(NN)c(Cc3ccccc3)cnc2n1,DJJCXLWOUHOPRW-UHFFFAOYSA-N,C1CCC(CC2CCC3CCCCC3C2)CC1,10.1016/j.bmcl.2005.06.064,16099648,1,False,False,pending_dual_review,eligible_for_primary_evidence_review,
BDB-50171763,50171763,COc1ccc(CNC(=O)c2cnc3nc(C)ccc3c2O)cc1,BCUYZUSIUCGMDQ-UHFFFAOYSA-N,CC(CCC1CCCCC1)C1CCC2CCCCC2C1,10.1016/j.bmcl.2005.06.064,16099648,2,False,False,pending_dual_review,eligible_for_primary_evidence_review,
BDB-50171764,50171764,Cc1ccc2c(O)c(C(=O)NCc3ccc(N)cc3)cnc2n1,QZGMXJAEOXKUSU-UHFFFAOYSA-N,CC(CCC1CCCCC1)C1CCC2CCCCC2C1,10.1016/j.bmcl.2005.06.064,16099648,1,False,False,pending_dual_review,eligible_for_primary_evidence_review,
BDB-50171765,50171765,Cc1ccc2c(O)c(C(=O)NN3CCN(C)CC3)cnc2n1,PFSDRKNZQWWEQU-UHFFFAOYSA-N,CC(CC1CCCCC1)C1CCC2CCCCC2C1,10.1016/j.bmcl.2005.06.064,16099648,2,False,False,pending_dual_review,eligible_for_primary_evidence_review,
BDB-50171766,50171766,Cc1ccc(CNC(=O)c2cnc3nc(C)ccc3c2O)cc1,CWPSZVWRTWBHKE-UHFFFAOYSA-N,CC(CCC1CCCCC1)C1CCC2CCCCC2C1,10.1016/j.bmcl.2005.06.064,16099648,2,False,False,pending_dual_review,eligible_for_primary_evidence_review,
BDB-50171769,50171769,Nc1ccc2c(O)c(C(=O)NCc3ccccc3)cnc2n1,WNFUASCGEDHFRX-UHFFFAOYSA-N,CC(CCC1CCCCC1)C1CCC2CCCCC2C1,10.1016/j.bmcl.2005.06.064,16099648,2,False,False,pending_dual_review,eligible_for_primary_evidence_review,
BDB-50171770,50171770,Cc1ccc2c(O)c(C(=O)NCc3ccccc3)cnc2n1,MRUDLHYHNREGHO-UHFFFAOYSA-N,CC(CCC1CCCCC1)C1CCC2CCCCC2C1,10.1016/j.bmcl.2005.06.064,16099648,2,False,False,pending_dual_review,eligible_for_primary_evidence_review,
BDB-50171771,50171771,Nc1ccc2c(O)c(C(=O)NCc3ccc(Cl)cc3)cnc2n1,TVYCDYDWZLPFMY-UHFFFAOYSA-N,CC(CCC1CCCCC1)C1CCC2CCCCC2C1,10.1016/j.bmcl.2005.06.064,16099648,2,False,False,pending_dual_review,eligible_for_primary_evidence_review,
BDB-50171773,50171773,Cc1ccc2c(N=[N+]=[N-])c(Cc3ccccc3)cnc2n1,GFTOIPQCHLKALF-UHFFFAOYSA-N,C1CCC(CC2CCC3CCCCC3C2)CC1,10.1016/j.bmcl.2005.06.064,16099648,2,False,False,pending_dual_review,eligible_for_primary_evidence_review,
BDB-50171774,50171774,Cc1ccc2c(O)c(CC(=O)NCc3ccccc3)cnc2n1,JOECIIRHZUATDH-UHFFFAOYSA-N,CC(CCC1CCCCC1)CC1CCC2CCCCC2C1,10.1016/j.bmcl.2005.06.064,16099648,1,False,False,pending_dual_review,eligible_for_primary_evidence_review,
BDB-50171775,50171775,Cc1ccc2c(O)c(C(=O)NCc3ccc(NC(=O)c4ccccc4)cc3)cnc2n1,WSOLOFVPWSPKSR-UHFFFAOYSA-N,CC(CC1CCC(CCC(C)C2CCC3CCCCC3C2)CC1)C1CCCCC1,10.1016/j.bmcl.2005.06.064,16099648,1,False,False,pending_dual_review,eligible_for_primary_evidence_review,
BDB-50171776,50171776,O=C(NCc1ccccc1)c1cnc2ncccc2c1O,GMZBBHDOTINUDJ-UHFFFAOYSA-N,CC(CCC1CCCCC1)C1CCC2CCCCC2C1,10.1016/j.bmcl.2005.06.064,16099648,1,False,False,pending_dual_review,eligible_for_primary_evidence_review,
BDB-50171777,50171777,Cc1ccc2c(O)c(C(=O)NC3CCCCC3)cnc2n1,UAOHPZFNVPCRPA-UHFFFAOYSA-N,CC(CC1CCCCC1)C1CCC2CCCCC2C1,10.1016/j.bmcl.2005.06.064,16099648,2,False,False,pending_dual_review,eligible_for_primary_evidence_review,
BDB-50171779,50171779,O=C(NCc1ccccc1)c1cnc2nc(Cl)ccc2c1O,VNGHXOZGXJAGKH-UHFFFAOYSA-N,CC(CCC1CCCCC1)C1CCC2CCCCC2C1,10.1016/j.bmcl.2005.06.064,16099648,1,False,False,pending_dual_review,eligible_for_primary_evidence_review,
BDB-50171781,50171781,O=C(NCc1ccccc1)c1cnc2nc(Br)ccc2c1O,DQOVJFGLWVQOBQ-UHFFFAOYSA-N,CC(CCC1CCCCC1)C1CCC2CCCCC2C1,10.1016/j.bmcl.2005.06.064,16099648,1,False,False,pending_dual_review,eligible_for_primary_evidence_review,
BDB-50171782,50171782,CN(C)c1ccc2c(O)c(C(=O)NCc3ccccc3)cnc2n1,ZPFVOJKWFWIWKI-UHFFFAOYSA-N,CC(CCC1CCCCC1)C1CCC2CCCCC2C1,10.1016/j.bmcl.2005.06.064,16099648,1,False,False,pending_dual_review,eligible_for_primary_evidence_review,
BDB-50171783,50171783,Cc1ccc2c(O)c(C(=O)NCc3ccc(Cl)cc3)cnc2n1,BCPIVBRTJNYLEK-UHFFFAOYSA-N,CC(CCC1CCCCC1)C1CCC2CCCCC2C1,10.1016/j.bmcl.2005.06.064,16099648,2,False,False,pending_dual_review,eligible_for_primary_evidence_review,
BDB-50171784,50171784,Cc1ccc2c(O)c(C(=O)NCc3ccc([N+](=O)[O-])cc3)cnc2n1,HHAVWYHRLUEVRA-UHFFFAOYSA-N,CC(CCC1CCCCC1)C1CCC2CCCCC2C1,10.1016/j.bmcl.2005.06.064,16099648,1,False,False,pending_dual_review,eligible_for_primary_evidence_review,
BDB-50171786,50171786,CC(=O)Nc1ccc2c(O)c(C(=O)NCc3ccccc3)cnc2n1,LAHRBSNIYBRZLJ-UHFFFAOYSA-N,CC(CCC1CCCCC1)C1CCC2CCCCC2C1,10.1016/j.bmcl.2005.06.064,16099648,1,False,False,pending_dual_review,eligible_for_primary_evidence_review,
BDB-50173176,50173176,Nc1nc(C(=O)NCCc2ccc(O)cc2)cn2nc(-c3ccco3)nc12,XXUGGDVOWGSQRS-UHFFFAOYSA-N,CC(CCCC1CCCCC1)C1CCC2CC(C3CCCC3)CC2C1,10.1021/jm701594y,18637670,1,False,False,pending_dual_review,eligible_for_primary_evidence_review,
BDB-50176059,50176059,Cn1c(-n2nccn2)nc2c(N)nc(CCc3ccccc3)nc21,ABAHFXBQXJPKNX-UHFFFAOYSA-N,C1CCC(CCC2CCC3CC(C4CCCC4)CC3C2)CC1,10.1021/jm058018d,16250647,1,False,False,pending_dual_review,eligible_for_primary_evidence_review,
BDB-50176736,50176736,CCCn1c(=O)c2[nH]c(-c3cnn(CC(=O)Nc4ccccc4Cl)c3)nc2n(CCC)c1=O,VGQQNYGQHGACFL-UHFFFAOYSA-N,CC(CC1CCCCC1)CC1CCC(C2CC3CC(C)CC(C)C3C2)C1,10.1016/j.bmcl.2005.10.002,16275090,1,False,False,pending_dual_review,eligible_for_primary_evidence_review,
BDB-50176740,50176740,CCCn1c(=O)c2[nH]c(-c3cnn(Cc4nc(-c5ccc(Cl)cc5)no4)c3)nc2n(CCC)c1=O,HLTWCJCIPYYETO-UHFFFAOYSA-N,CC1CC(C)C2CC(C3CCC(CC4CCC(C5CCCCC5)C4)C3)CC2C1,10.1016/j.bmcl.2005.10.002,16275090,1,False,False,pending_dual_review,eligible_for_primary_evidence_review,
BDB-50176745,50176745,CCCn1c(=O)c2[nH]c(-c3cnn(Cc4nc(-c5ccccc5OC)no4)c3)nc2n(CCC)c1=O,YDUJXUZNKIBUEF-UHFFFAOYSA-N,CC1CC(C)C2CC(C3CCC(CC4CCC(C5CCCCC5)C4)C3)CC2C1,10.1016/j.bmcl.2005.10.002,16275090,1,False,False,pending_dual_review,eligible_for_primary_evidence_review,
BDB-50176751,50176751,CCCn1c(=O)c2[nH]c(-c3cnn(Cc4nc(-c5ccccc5)no4)c3)nc2n(CCC)c1=O,BVWSIHNUHWGLEX-UHFFFAOYSA-N,CC1CC(C)C2CC(C3CCC(CC4CCC(C5CCCCC5)C4)C3)CC2C1,10.1016/j.bmcl.2005.10.002,16275090,1,False,False,pending_dual_review,eligible_for_primary_evidence_review,
BDB-50176754,50176754,CCCn1c(=O)c2[nH]c(-c3cnn(Cc4cc(-c5ccc(Cl)cc5)on4)c3)nc2n(CCC)c1=O,KUJVZIZZBPNWDC-UHFFFAOYSA-N,CC1CC(C)C2CC(C3CCC(CC4CCC(C5CCCCC5)C4)C3)CC2C1,10.1016/j.bmcl.2005.10.002,16275090,1,False,False,pending_dual_review,eligible_for_primary_evidence_review,
BDB-50176755,50176755,CCCn1c(=O)c2[nH]c(-c3cnn(Cc4cc(-c5ccc(C(F)(F)F)cc5)on4)c3)nc2n(CCC)c1=O,YTNFLFXQFWBCKN-UHFFFAOYSA-N,CC1CC(C)C2CC(C3CCC(CC4CCC(C5CCCCC5)C4)C3)CC2C1,10.1016/j.bmcl.2005.10.002,16275090,1,False,False,pending_dual_review,eligible_for_primary_evidence_review,
BDB-50176761,50176761,CCCn1c(=O)c2[nH]c(-c3cnn(Cc4cc(-c5ccccc5Cl)on4)c3)nc2n(CCC)c1=O,LZJYHGFREOFXEY-UHFFFAOYSA-N,CC1CC(C)C2CC(C3CCC(CC4CCC(C5CCCCC5)C4)C3)CC2C1,10.1016/j.bmcl.2005.10.002,16275090,1,False,False,pending_dual_review,eligible_for_primary_evidence_review,
BDB-50176762,50176762,CCCn1c(=O)c2[nH]c(-c3cnn(Cc4noc(-c5ccccc5OC)n4)c3)nc2n(CCC)c1=O,FHVPRDYQIAZXMF-UHFFFAOYSA-N,CC1CC(C)C2CC(C3CCC(CC4CCC(C5CCCCC5)C4)C3)CC2C1,10.1016/j.bmcl.2005.10.002,16275090,1,False,False,pending_dual_review,eligible_for_primary_evidence_review,
BDB-50176767,50176767,CCCn1c(=O)c2[nH]c(-c3cnn(Cc4nc(-c5ccc(C)cc5)no4)c3)nc2n(CCC)c1=O,RLXWTYPPMJNURK-UHFFFAOYSA-N,CC1CC(C)C2CC(C3CCC(CC4CCC(C5CCCCC5)C4)C3)CC2C1,10.1016/j.bmcl.2005.10.002,16275090,1,False,False,pending_dual_review,eligible_for_primary_evidence_review,
BDB-50176768,50176768,CCCn1c(=O)c2[nH]c(-c3cnn(Cc4noc(-c5ccccc5Cl)n4)c3)nc2n(CCC)c1=O,CIEOLLDIUUWRAM-UHFFFAOYSA-N,CC1CC(C)C2CC(C3CCC(CC4CCC(C5CCCCC5)C4)C3)CC2C1,10.1016/j.bmcl.2005.10.002,16275090,1,False,False,pending_dual_review,eligible_for_primary_evidence_review,
BDB-50176769,50176769,CCCn1c(=O)c2[nH]c(-c3cnn(Cc4nc(-c5ccccc5Cl)no4)c3)nc2n(CCC)c1=O,MPKZAVFMYJALAY-UHFFFAOYSA-N,CC1CC(C)C2CC(C3CCC(CC4CCC(C5CCCCC5)C4)C3)CC2C1,10.1016/j.bmcl.2005.10.002,16275090,1,False,False,pending_dual_review,eligible_for_primary_evidence_review,
BDB-50176818,50176818,CCCNc1c(C(=O)OCCC)cnc2c1cnn2CC(Cl)c1ccccc1,WDOUIWVVHIIBTH-UHFFFAOYSA-N,C1CCC(CCC2CCC3CCCCC32)CC1,10.1021/jm050407k,16279775,1,False,False,pending_dual_review,eligible_for_primary_evidence_review,
BDB-50176819,50176819,COC(=O)c1cnc2c(cnn2CC(Cl)c2ccccc2)c1NCc1ccccc1,JPKVNXGYCSFLGI-UHFFFAOYSA-N,C1CCC(CCC2CCC3C(CCC4CCCCC4)CCCC23)CC1,10.1021/jm050407k,16279775,1,False,False,pending_dual_review,eligible_for_primary_evidence_review,
BDB-50176821,50176821,CCCOC(=O)c1cnc2c(cnn2CC(Cl)c2ccccc2)c1N1CCCC1,VHYRCGIELIZFFK-UHFFFAOYSA-N,C1CCC(CCC2CCC3C(C4CCCC4)CCCC23)CC1,10.1021/jm050407k,16279775,1,False,False,pending_dual_review,eligible_for_primary_evidence_review,
BDB-50176826,50176826,CCCOC(=O)c1cnc2c(cnn2CC(Cl)c2ccccc2)c1NCCc1ccccc1,RNNSPCFXKYKMIN-UHFFFAOYSA-N,C1CCC(CCCC2CCCC3C(CCC4CCCCC4)CCC23)CC1,10.1021/jm050407k,16279775,1,False,False,pending_dual_review,eligible_for_primary_evidence_review,
BDB-50176830,50176830,COC(=O)c1cnc2c(cnn2CC(Cl)c2ccccc2)c1NCCc1ccccc1,ZMUFGWSRGANJQR-UHFFFAOYSA-N,C1CCC(CCCC2CCCC3C(CCC4CCCCC4)CCC23)CC1,10.1021/jm050407k,16279775,1,False,False,pending_dual_review,eligible_for_primary_evidence_review,
BDB-50176831,50176831,CCCOC(=O)c1cnc2c(cnn2CC(Cl)c2ccccc2)c1NC1CC1,WHZALKOISDRHIT-UHFFFAOYSA-N,C1CCC(CCC2CCC3C(CC4CC4)CCCC23)CC1,10.1021/jm050407k,16279775,1,False,False,pending_dual_review,eligible_for_primary_evidence_review,
BDB-50176836,50176836,CCCNc1c(C(=O)OC)cnc2c1cnn2CC(Cl)c1ccccc1,VJKTUFLYYTYXAH-UHFFFAOYSA-N,C1CCC(CCC2CCC3CCCCC32)CC1,10.1021/jm050407k,16279775,1,False,False,pending_dual_review,eligible_for_primary_evidence_review,
BDB-50176840,50176840,CC(C)OC(=O)c1cnc2c(cnn2CC(Cl)c2ccccc2)c1NC1CC1,NJHBCELTHBZYPJ-UHFFFAOYSA-N,C1CCC(CCC2CCC3C(CC4CC4)CCCC23)CC1,10.1021/jm050407k,16279775,1,False,False,pending_dual_review,eligible_for_primary_evidence_review,
BDB-50176849,50176849,CC(C)OC(=O)c1cnc2c(cnn2CC(Cl)c2ccccc2)c1NCCc1ccccc1,WZNHLZHFIRHRJX-UHFFFAOYSA-N,C1CCC(CCCC2CCCC3C(CCC4CCCCC4)CCC23)CC1,10.1021/jm050407k,16279775,1,False,False,pending_dual_review,eligible_for_primary_evidence_review,
BDB-50178629,50178629,CCOC(=O)c1nc2c(N)nc3ccc(Cl)cc3n2n1,BXMZKPVQYIIUDG-UHFFFAOYSA-N,C1CCC2C(C1)CCC1CCCC12,10.1021/jm0504149,16335918,1,False,False,pending_dual_review,eligible_for_primary_evidence_review,
BDB-50178638,50178638,Nc1nc2ccc(Cl)cc2n2nc(-c3ccccc3)nc12,FHUOEWFZJRKATG-UHFFFAOYSA-N,C1CCC(C2CC3CCC4CCCCC4C3C2)CC1,10.1021/jm0504149,16335918,1,False,False,pending_dual_review,eligible_for_primary_evidence_review,
BDB-50179180,50179180,CNC(=O)[C@]12C[C@@H]1[C@@H](n1cnc3c(NC4CCCC4)nc(Cl)nc31)[C@H](O)[C@@H]2O,ZXPDGTGMZKIESV-LUZJUFSVSA-N,C1CCC(CC2CCCC3C2CCC3C2CCC3CC32)C1,10.1021/acs.jmedchem.8b01662|10.1021/jm900426g,19499950|30605331,2,False,False,pending_dual_review,eligible_for_primary_evidence_review,
BDB-50179299,50179299,CCc1nc2c3nc(C)[nH]c3c3nc(CC)[nH]c3c2[nH]1,XYNWEBRTRYLKMU-UHFFFAOYSA-N,C1CC2C3CCCC3C3CCCC3C2C1,10.1021/jm050792d,16366607,1,False,False,pending_dual_review,eligible_for_primary_evidence_review,
BDB-50179301,50179301,CCc1nc2c([nH]1)c1nc(CC)[nH]c1c1nc(CC)[nH]c21,LYALQSWCHUWEAF-UHFFFAOYSA-N,C1CC2C3CCCC3C3CCCC3C2C1,10.1021/jm050792d,16366607,1,False,False,pending_dual_review,eligible_for_primary_evidence_review,
BDB-50179306,50179306,CSc1cccc2nc(-c3cnc4ccccc4n3)[nH]c12,HAMGUANOHQDGAL-UHFFFAOYSA-N,C1CCC2CC(C3CC4CCCCC4C3)CCC2C1,10.1021/jm050792d,16366607,1,False,False,pending_dual_review,eligible_for_primary_evidence_review,
BDB-50180196,50180196,O=C(NCC1CC1)[C@H]1S[C@@H](n2cnc3c(NCc4cccc(I)c4)nc(Cl)nc32)[C@H](O)[C@@H]1O,UITITPRUOJYYPF-KSVNGYGVSA-N,CC(CCC1CC1)C1CCC(C2CCC3C(CCC4CCCCC4)CCCC32)C1,10.1021/jm050595e,16392812,1,False,False,pending_dual_review,eligible_for_primary_evidence_review,
BDB-50180202,50180202,Cc1ccccc1CNc1nc(Cl)nc2c1ncn2[C@@H]1S[C@H](C(=O)NCC2CC2)[C@@H](O)[C@H]1O,IRNUNBGDMONGTC-GRXQJBFDSA-N,CC(CCC1CC1)C1CCC(C2CCC3C(CCC4CCCCC4)CCCC32)C1,10.1021/jm050595e,16392812,1,False,False,pending_dual_review,eligible_for_primary_evidence_review,
BDB-50180204,50180204,CCNC(=O)[C@H]1S[C@@H](n2cnc3c(NC4CC4)nc(Cl)nc32)[C@H](O)[C@@H]1O,UUDKVUOONJCNHM-AEISUSGSSA-N,C1CCC(C2CCC3C(CC4CC4)CCCC23)C1,10.1021/jm050595e,16392812,1,False,False,pending_dual_review,eligible_for_primary_evidence_review,
BDB-50180205,50180205,Cc1ccccc1CNc1nc(Cl)nc2c1ncn2[C@@H]1S[C@H](C(=O)NC2CC2)[C@@H](O)[C@H]1O,AZMGORPHNMBVBU-KSVNGYGVSA-N,CC(CC1CC1)C1CCC(C2CCC3C(CCC4CCCCC4)CCCC32)C1,10.1021/jm050595e,16392812,1,False,False,pending_dual_review,eligible_for_primary_evidence_review,
BDB-50180211,50180211,O=C(NC1CC1)[C@H]1S[C@@H](n2cnc3c(NC4CC4)nc(Cl)nc32)[C@H](O)[C@@H]1O,SBQDAHCQAHFDOM-BQVMBELUSA-N,CC(CC1CC1)C1CCC(C2CCC3C(CC4CC4)CCCC32)C1,10.1021/jm050595e,16392812,1,False,False,pending_dual_review,eligible_for_primary_evidence_review,
BDB-50180215,50180215,CNC(=O)[C@H]1S[C@@H](n2cnc3c(NC4CC4)nc(Cl)nc32)[C@H](O)[C@@H]1O,PYZMHDHWCBNNIV-QRIDJOKKSA-N,C1CCC(C2CCC3C(CC4CC4)CCCC23)C1,10.1021/jm050595e,16392812,1,False,False,pending_dual_review,eligible_for_primary_evidence_review,
BDB-50180217,50180217,O=C(NC1CC1)[C@H]1S[C@@H](n2cnc3c(NCc4cccc(I)c4)nc(Cl)nc32)[C@H](O)[C@@H]1O,UJZLLTCIXYYLAN-QCUYGVNKSA-N,CC(CC1CC1)C1CCC(C2CCC3C(CCC4CCCCC4)CCCC32)C1,10.1021/jm050595e,16392812,1,False,False,pending_dual_review,eligible_for_primary_evidence_review,
BDB-50180218,50180218,O=C(NC1CCC1)[C@H]1S[C@@H](n2cnc3c(NCc4cccc(I)c4)nc(Cl)nc32)[C@H](O)[C@@H]1O,YUOKEETUCXPRGI-KSVNGYGVSA-N,CC(CC1CCC1)C1CCC(C2CCC3C(CCC4CCCCC4)CCCC32)C1,10.1021/jm050595e,16392812,1,False,False,pending_dual_review,eligible_for_primary_evidence_review,
BDB-50182963,50182963,CCNC(=O)[C@H]1O[C@@H](n2cnc3c(NCC)nc(C#CC4(O)CCCCC4)nc32)[C@H](O)[C@@H]1O,MSUZJNFNBRXSAD-GRXQJBFDSA-N,C1CCC(CCC2CCC3CCC(C4CCCC4)C3C2)CC1,10.1016/j.bmcl.2006.01.110,16487705,1,False,False,pending_dual_review,eligible_for_primary_evidence_review,
BDB-50182966,50182966,CCNC(=O)[C@H]1O[C@@H](n2cnc3c(NCC)nc(C#CCCCc4ccccc4)nc32)[C@H](O)[C@@H]1O,ABOGMJLHJDETEP-UGCAPWQASA-N,C1CCC(CCCCCC2CCC3CCC(C4CCCC4)C3C2)CC1,10.1016/j.bmcl.2006.01.110,16487705,1,False,False,pending_dual_review,eligible_for_primary_evidence_review,
BDB-50182973,50182973,CCNC(=O)[C@H]1O[C@@H](n2cnc3c(NCC)nc(C#CC4(N)CCCCC4)nc32)[C@H](O)[C@@H]1O,CQPKMYIGFLVCFM-GRXQJBFDSA-N,C1CCC(CCC2CCC3CCC(C4CCCC4)C3C2)CC1,10.1016/j.bmcl.2006.01.110,16487705,1,False,False,pending_dual_review,eligible_for_primary_evidence_review,
BDB-50182982,50182982,CCNC(=O)[C@H]1O[C@@H](n2cnc3c(NCC)nc(C#CC4(O)CCCC4)nc32)[C@H](O)[C@@H]1O,HPUBEZVMGBMZPM-KSVNGYGVSA-N,C1CCC(CCC2CCC3CCC(C4CCCC4)C3C2)C1,10.1016/j.bmcl.2006.01.110,16487705,1,False,False,pending_dual_review,eligible_for_primary_evidence_review,
BDB-50182985,50182985,CCNC(=O)[C@H]1O[C@@H](n2cnc3c(NCC)nc(C#CC(O)C4CCCC4)nc32)[C@H](O)[C@@H]1O,FQBRFEMDBUBWQS-WNQWXAGVSA-N,C1CCC(CCCC2CCC3CCC(C4CCCC4)C3C2)C1,10.1016/j.bmcl.2006.01.110,16487705,1,False,False,pending_dual_review,eligible_for_primary_evidence_review,
BDB-50182986,50182986,CCNC(=O)[C@H]1O[C@@H](n2cnc3c(NCC)nc(C#CC4=CCCCC4)nc32)[C@H](O)[C@@H]1O,HSLUHVXTOKBOAQ-RQXXJAGISA-N,C1CCC(CCC2CCC3CCC(C4CCCC4)C3C2)CC1,10.1016/j.bmcl.2006.01.110,16487705,1,False,False,pending_dual_review,eligible_for_primary_evidence_review,
BDB-50182987,50182987,CCNC(=O)[C@H]1O[C@@H](n2cnc3c(NCC)nc(C#Cc4ccc(OC)cc4)nc32)[C@H](O)[C@@H]1O,KNJFZQGPIMLBJM-QPXQOZNCSA-N,C1CCC(CCC2CCC3CCC(C4CCCC4)C3C2)CC1,10.1016/j.bmcl.2006.01.110,16487705,1,False,False,pending_dual_review,eligible_for_primary_evidence_review,
BDB-50183515,50183515,Cn1cc2c(nc(NC(=O)Nc3ccccn3)n3nc(-c4ccco4)nc23)n1,YFKPFCQGQVDYJK-UHFFFAOYSA-N,CC(CC1CCCCC1)CC1CC2CCCC2C2CC(C3CCCC3)CC12,10.1021/jm051147+,16509587,2,False,False,pending_dual_review,eligible_for_primary_evidence_review,
BDB-50183516,50183516,Cn1cc2c(nc(NC(=O)Nc3ccoc3)n3nc(-c4ccco4)nc23)n1,UDHWGJQMGQXHLV-UHFFFAOYSA-N,CC(CC1CCCC1)CC1CC2CCCC2C2CC(C3CCCC3)CC12,10.1021/jm051147+,16509587,1,False,False,pending_dual_review,eligible_for_primary_evidence_review,
BDB-50183519,50183519,Cn1cc2c(nc(NC(=O)Nc3ccc4ccccc4n3)n3nc(-c4ccco4)nc23)n1,GOHBLZKJZRMREF-UHFFFAOYSA-N,CC(CC1CCC2CCCCC2C1)CC1CC2CCCC2C2CC(C3CCCC3)CC12,10.1021/jm051147+,16509587,1,False,False,pending_dual_review,eligible_for_primary_evidence_review,
BDB-50183520,50183520,Cn1cc2c(nc(NC(=O)Nc3ccc[n+](C)c3)n3nc(-c4ccco4)nc23)n1,JLPJCDMYSOLSKQ-UHFFFAOYSA-O,CC(CC1CCCCC1)CC1CC2CCCC2C2CC(C3CCCC3)CC12,10.1021/jm051147+,16509587,1,False,False,pending_dual_review,eligible_for_primary_evidence_review,
BDB-50183521,50183521,Cn1ccc(=NC(=O)Nc2nc3nn(C)cc3c3nc(-c4ccco4)nn23)cc1,UXJHAMOXJAPCKE-UHFFFAOYSA-N,CC(CC1CCCCC1)CC1CC2CCCC2C2CC(C3CCCC3)CC12,10.1021/jm051147+,16509587,1,False,False,pending_dual_review,eligible_for_primary_evidence_review,
BDB-50183522,50183522,Cc1sccc1NC(=O)Nc1nc2nn(C)cc2c2nc(-c3ccco3)nn12,OFJBHNZSLRFALF-UHFFFAOYSA-N,CC(CC1CCCC1)CC1CC2CCCC2C2CC(C3CCCC3)CC12,10.1021/jm051147+,16509587,1,False,False,pending_dual_review,eligible_for_primary_evidence_review,
BDB-50183523,50183523,Cn1cc2c(nc(NC(=O)Nc3cc[n+]([O-])cc3)n3nc(-c4ccco4)nc23)n1,FOGWWSYFICDSNU-UHFFFAOYSA-N,CC(CC1CCCCC1)CC1CC2CCCC2C2CC(C3CCCC3)CC12,10.1021/jm051147+,16509587,1,False,False,pending_dual_review,eligible_for_primary_evidence_review,
BDB-50183524,50183524,Cn1cc2c(nc(NC(=O)Nc3ccco3)n3nc(-c4ccco4)nc23)n1,JFYMKBXIBSTVJQ-UHFFFAOYSA-N,CC(CC1CCCC1)CC1CC2CCCC2C2CC(C3CCCC3)CC12,10.1021/jm051147+,16509587,1,False,False,pending_dual_review,eligible_for_primary_evidence_review,
BDB-50183525,50183525,Cn1cc2c(nc(NC(=O)Nc3cccnc3)n3nc(-c4ccco4)nc23)n1,BOQFZXFCCBOISW-UHFFFAOYSA-N,CC(CC1CCCCC1)CC1CC2CCCC2C2CC(C3CCCC3)CC12,10.1021/jm051147+,16509587,2,False,False,pending_dual_review,eligible_for_primary_evidence_review,
BDB-50183526,50183526,Cn1cc2c(nc(NC(=O)N=c3ccccn3C)n3nc(-c4ccco4)nc23)n1,RJZANJTXSVXNQH-UHFFFAOYSA-N,CC(CC1CCCCC1)CC1CC2CCCC2C2CC(C3CCCC3)CC12,10.1021/jm051147+,16509587,1,False,False,pending_dual_review,eligible_for_primary_evidence_review,
BDB-50183527,50183527,Cn1cc2c(nc(NC(=O)Nc3ccc[n+]([O-])c3)n3nc(-c4ccco4)nc23)n1,SRNYNTJDFPPRNN-UHFFFAOYSA-N,CC(CC1CCCCC1)CC1CC2CCCC2C2CC(C3CCCC3)CC12,10.1021/jm051147+,16509587,1,False,False,pending_dual_review,eligible_for_primary_evidence_review,
BDB-50183528,50183528,Cc1ccc(NC(=O)Nc2nc3nn(C)cc3c3nc(-c4ccco4)nn23)s1,LIROCFJXDCZTBH-UHFFFAOYSA-N,CC(CC1CCCC1)CC1CC2CCCC2C2CC(C3CCCC3)CC12,10.1021/jm051147+,16509587,1,False,False,pending_dual_review,eligible_for_primary_evidence_review,
BDB-50183529,50183529,Cn1cc2c(nc(NC(=O)Nc3cc4ccccc4o3)n3nc(-c4ccco4)nc23)n1,VGGMXMHOGPXDTQ-UHFFFAOYSA-N,CC(CC1CC2CCCCC2C1)CC1CC2CCCC2C2CC(C3CCCC3)CC12,10.1021/jm051147+,16509587,1,False,False,pending_dual_review,eligible_for_primary_evidence_review,
BDB-50183530,50183530,Cn1cc2c(nc(NC(=O)Nc3cccc[n+]3[O-])n3nc(-c4ccco4)nc23)n1,NQZFCYATTXZYSI-UHFFFAOYSA-N,CC(CC1CCCCC1)CC1CC2CCCC2C2CC(C3CCCC3)CC12,10.1021/jm051147+,16509587,1,False,False,pending_dual_review,eligible_for_primary_evidence_review,
BDB-50186587,50186587,CCCc1nc2nc(-c3ccccc3)nc(-c3ccccc3)c2[nH]1,LIJDFWULFIYULY-UHFFFAOYSA-N,C1CCC(C2CC3CCCC3C(C3CCCCC3)C2)CC1,10.1021/jm050640i,16686529,1,False,False,pending_dual_review,eligible_for_primary_evidence_review,
BDB-50186588,50186588,c1ccc(-c2nc(-c3ccccc3)c3[nH]c(C4CCCC4)nc3n2)cc1,NDJOQVVSPLVIDN-UHFFFAOYSA-N,C1CCC(C2CC3CC(C4CCCC4)CC3C(C3CCCCC3)C2)CC1,10.1021/jm050640i,16686529,1,False,False,pending_dual_review,eligible_for_primary_evidence_review,
BDB-50186590,50186590,CC(C)c1nc2nc(-c3ccccc3)nc(-c3ccccc3)c2[nH]1,WOKKQPCDRVUEPM-UHFFFAOYSA-N,C1CCC(C2CC3CCCC3C(C3CCCCC3)C2)CC1,10.1021/jm050640i,16686529,1,False,False,pending_dual_review,eligible_for_primary_evidence_review,
BDB-50186593,50186593,Clc1ccc(-c2nc(-c3ccccc3)c3[nH]cnc3n2)cc1,FPWZFVSRIINTRB-UHFFFAOYSA-N,C1CCC(C2CC3CCCC3C(C3CCCCC3)C2)CC1,10.1021/jm050640i,16686529,1,False,False,pending_dual_review,eligible_for_primary_evidence_review,
BDB-50186594,50186594,c1ccc(-c2nc(-c3ccccc3)c3[nH]cnc3n2)cc1,WNVFFQZYOFELQA-UHFFFAOYSA-N,C1CCC(C2CC3CCCC3C(C3CCCCC3)C2)CC1,10.1021/jm050640i,16686529,1,False,False,pending_dual_review,eligible_for_primary_evidence_review,
BDB-50186596,50186596,c1ccc(-c2nc(-c3ccccc3)c3[nH]c(-c4ccccc4)nc3n2)cc1,UHWGSYGCZUMSMO-UHFFFAOYSA-N,C1CCC(C2CC3CC(C4CCCCC4)CC3C(C3CCCCC3)C2)CC1,10.1021/jm050640i,16686529,1,False,False,pending_dual_review,eligible_for_primary_evidence_review,
BDB-50186597,50186597,Cc1ccc(-c2nc(-c3ccccc3)c3[nH]cnc3n2)cc1,OPFZHJCGZXEIRY-UHFFFAOYSA-N,C1CCC(C2CC3CCCC3C(C3CCCCC3)C2)CC1,10.1021/jm050640i,16686529,1,False,False,pending_dual_review,eligible_for_primary_evidence_review,
BDB-50186599,50186599,c1ccc(-c2nc(-c3ccccc3)c3[nH]c(C4CCCCC4)nc3n2)cc1,IGJKVZBNIOTBGI-UHFFFAOYSA-N,C1CCC(C2CC3CC(C4CCCCC4)CC3C(C3CCCCC3)C2)CC1,10.1021/jm050640i,16686529,1,False,False,pending_dual_review,eligible_for_primary_evidence_review,
BDB-50187585,50187585,CCCCn1c(=O)c2c(nc3n2CCCN3c2ccc(OCCN3CCCC3)cc2)n(CCCC)c1=O,ZYNZMEVLODMRNO-UHFFFAOYSA-N,CC1CC(C)C2C(C1)CC1C(C3CCC(CCCC4CCCC4)CC3)CCCC12,10.1016/j.bmc.2016.07.028,27485602,1,False,False,pending_dual_review,eligible_for_primary_evidence_review,
BDB-50187586,50187586,CCCn1c(=O)c2c(nc3n2CCCN3c2ccc(OCCN3CCCC3)cc2)n(CCC)c1=O,ABDRPDMPTGJLDQ-UHFFFAOYSA-N,CC1CC(C)C2C(C1)CC1C(C3CCC(CCCC4CCCC4)CC3)CCCC12,10.1016/j.bmc.2016.07.028,27485602,1,False,False,pending_dual_review,eligible_for_primary_evidence_review,
BDB-50187588,50187588,CCCCn1c(=O)c2c(nc3n2CCCN3c2ccc(OCCN3CCCCC3)cc2)n(CCCC)c1=O,DJMAOAZZXABOFN-UHFFFAOYSA-N,CC1CC(C)C2C(C1)CC1C(C3CCC(CCCC4CCCCC4)CC3)CCCC12,10.1016/j.bmc.2016.07.028,27485602,1,False,False,pending_dual_review,eligible_for_primary_evidence_review,
BDB-50187670,50187670,Cc1ccc(Nc2nc3ccccc3c3nc(C4CCCC4)[nH]c23)cc1,FHLIAQGQHFKJLO-UHFFFAOYSA-N,C1CCC(CC2CC3CCCCC3C3CC(C4CCCC4)CC23)CC1,10.1021/jm060086s,16722654,1,False,False,pending_dual_review,eligible_for_primary_evidence_review,
BDB-50188542,50188542,CCCn1c(=O)c2[nH]c(-c3cnn(Cc4cccc(Cl)c4F)c3)nc2n(CCC)c1=O,GIBLVHBJGYMTSZ-UHFFFAOYSA-N,CC1CC(C)C2CC(C3CCC(CC4CCCCC4)C3)CC2C1,10.1021/jm051268+,16759111,1,False,False,pending_dual_review,eligible_for_primary_evidence_review,
BDB-50188543,50188543,CCCn1c(=O)c2[nH]c(-c3cnn(Cc4cccc(OC)c4)c3)nc2n(CCC)c1=O,RUBSVJWXHRWCSY-UHFFFAOYSA-N,CC1CC(C)C2CC(C3CCC(CC4CCCCC4)C3)CC2C1,10.1021/jm051268+,16759111,1,False,False,pending_dual_review,eligible_for_primary_evidence_review,
BDB-50188544,50188544,CCCn1c(=O)c2[nH]c(-c3cnn(CCc4ccccc4)c3)nc2n(CCC)c1=O,KIQOQKNHDYBUDJ-UHFFFAOYSA-N,CC1CC(C)C2CC(C3CCC(CCC4CCCCC4)C3)CC2C1,10.1021/jm051268+,16759111,1,False,False,pending_dual_review,eligible_for_primary_evidence_review,
BDB-50188545,50188545,CCCn1c(=O)c2[nH]c(-c3cnn(Cc4ccccc4OC)c3)nc2n(CCC)c1=O,BXQRCUSBUDNKKE-UHFFFAOYSA-N,CC1CC(C)C2CC(C3CCC(CC4CCCCC4)C3)CC2C1,10.1021/jm051268+,16759111,1,False,False,pending_dual_review,eligible_for_primary_evidence_review,
BDB-50188546,50188546,CCCn1c(=O)c2[nH]c(-c3cnn(Cc4ccccc4C)c3)nc2n(CCC)c1=O,CURJJPJNMIVODA-UHFFFAOYSA-N,CC1CC(C)C2CC(C3CCC(CC4CCCCC4)C3)CC2C1,10.1021/jm051268+,16759111,1,False,False,pending_dual_review,eligible_for_primary_evidence_review,
BDB-50188547,50188547,CCn1c(=O)c2[nH]c(-c3cnn(Cc4cccc(F)c4)c3)nc2n(CC)c1=O,FBGQLIIOHSZUSW-UHFFFAOYSA-N,CC1CC(C)C2CC(C3CCC(CC4CCCCC4)C3)CC2C1,10.1021/jm051268+,16759111,1,False,False,pending_dual_review,eligible_for_primary_evidence_review,
BDB-50188548,50188548,CCCn1c(=O)c2[nH]c(-c3cnn(Cc4ccc(C(F)(F)F)cc4)c3)nc2n(CCC)c1=O,HKRQXRVFKQBLQK-UHFFFAOYSA-N,CC1CC(C)C2CC(C3CCC(CC4CCCCC4)C3)CC2C1,10.1021/jm051268+,16759111,1,False,False,pending_dual_review,eligible_for_primary_evidence_review,
BDB-50188549,50188549,CC(C)Cn1c(=O)c2[nH]c(-c3cnn(Cc4cccc(F)c4)c3)nc2n(CC(C)C)c1=O,JFDKUGGNCNTTKG-UHFFFAOYSA-N,CC1CC(C)C2CC(C3CCC(CC4CCCCC4)C3)CC2C1,10.1021/jm051268+,16759111,1,False,False,pending_dual_review,eligible_for_primary_evidence_review,
BDB-50188550,50188550,CC(C)Cn1c(=O)c2[nH]c(-c3cnn(Cc4ccccc4)c3)nc2n(CC(C)C)c1=O,RGGJMTLJEXSCMP-UHFFFAOYSA-N,CC1CC(C)C2CC(C3CCC(CC4CCCCC4)C3)CC2C1,10.1021/jm051268+,16759111,1,False,False,pending_dual_review,eligible_for_primary_evidence_review,
BDB-50188551,50188551,CCCn1c(=O)c2[nH]c(-c3cnn(Cc4cc(Cl)ccc4Cl)c3)nc2n(CCC)c1=O,ZTLBDXCSPFQWAK-UHFFFAOYSA-N,CC1CC(C)C2CC(C3CCC(CC4CCCCC4)C3)CC2C1,10.1021/jm051268+,16759111,1,False,False,pending_dual_review,eligible_for_primary_evidence_review,
BDB-50188552,50188552,CCCn1c(=O)c2[nH]c(-c3cnn(Cc4ccccc4Cl)c3)nc2n(CCC)c1=O,ARWUBYOBJLESLG-UHFFFAOYSA-N,CC1CC(C)C2CC(C3CCC(CC4CCCCC4)C3)CC2C1,10.1021/jm051268+,16759111,1,False,False,pending_dual_review,eligible_for_primary_evidence_review,
BDB-50188553,50188553,CCn1c(=O)c2[nH]c(-c3cnn(Cc4ccccc4)c3)nc2n(CC)c1=O,GBLDSVSFGPIOEY-UHFFFAOYSA-N,CC1CC(C)C2CC(C3CCC(CC4CCCCC4)C3)CC2C1,10.1021/jm051268+,16759111,1,False,False,pending_dual_review,eligible_for_primary_evidence_review,
BDB-50188555,50188555,CC(C)Cn1c(=O)c2[nH]c(-c3cnn(Cc4cccc(C(F)(F)F)c4)c3)nc2n(CC(C)C)c1=O,PTIXDWKOEDXQSV-UHFFFAOYSA-N,CC1CC(C)C2CC(C3CCC(CC4CCCCC4)C3)CC2C1,10.1021/jm051268+,16759111,1,False,False,pending_dual_review,eligible_for_primary_evidence_review,
BDB-50188558,50188558,CCCn1c(=O)c2[nH]c(-c3cnn(Cc4ccccc4F)c3)nc2n(CCC)c1=O,IFKRZKUTYVNSLN-UHFFFAOYSA-N,CC1CC(C)C2CC(C3CCC(CC4CCCCC4)C3)CC2C1,10.1021/jm051268+,16759111,1,False,False,pending_dual_review,eligible_for_primary_evidence_review,
BDB-50188559,50188559,CCCn1c(=O)c2[nH]c(-c3cnn(Cc4ccc(Cl)cc4)c3)nc2n(CCC)c1=O,YOLKEFKOWBQNMM-UHFFFAOYSA-N,CC1CC(C)C2CC(C3CCC(CC4CCCCC4)C3)CC2C1,10.1021/jm051268+,16759111,1,False,False,pending_dual_review,eligible_for_primary_evidence_review,
BDB-50188560,50188560,CCCn1c(=O)c2[nH]c(-c3cnn(-c4ccccc4)c3)nc2n(CCC)c1=O,XHAWSVGLZHETMF-UHFFFAOYSA-N,CC1CC(C)C2CC(C3CCC(C4CCCCC4)C3)CC2C1,10.1021/jm051268+,16759111,1,False,False,pending_dual_review,eligible_for_primary_evidence_review,
BDB-50188564,50188564,CCCCn1c(=O)c2[nH]c(-c3cnn(Cc4ccccc4)c3)nc2n(CCCC)c1=O,KTFZMFONLBKWAM-UHFFFAOYSA-N,CC1CC(C)C2CC(C3CCC(CC4CCCCC4)C3)CC2C1,10.1021/jm051268+,16759111,1,False,False,pending_dual_review,eligible_for_primary_evidence_review,
BDB-50188565,50188565,CCCn1c(=O)c2[nH]c(-c3cnn(Cc4cccc(C)c4F)c3)nc2n(CCC)c1=O,OPFGSHJNMXTVDA-UHFFFAOYSA-N,CC1CC(C)C2CC(C3CCC(CC4CCCCC4)C3)CC2C1,10.1021/jm051268+,16759111,1,False,False,pending_dual_review,eligible_for_primary_evidence_review,
BDB-50188566,50188566,CCCn1c(=O)c2[nH]c(-c3cnn(CCCc4ccccc4)c3)nc2n(CCC)c1=O,VPXWPRCQVKGDRF-UHFFFAOYSA-N,CC1CC(C)C2CC(C3CCC(CCCC4CCCCC4)C3)CC2C1,10.1021/jm051268+,16759111,1,False,False,pending_dual_review,eligible_for_primary_evidence_review,
BDB-50188570,50188570,CCCn1c(=O)c2[nH]c(-c3cnn(Cc4cccc(Cl)c4)c3)nc2n(CCC)c1=O,BHVNIIMPUODVIW-UHFFFAOYSA-N,CC1CC(C)C2CC(C3CCC(CC4CCCCC4)C3)CC2C1,10.1021/jm051268+,16759111,1,False,False,pending_dual_review,eligible_for_primary_evidence_review,
BDB-50188572,50188572,Cn1c(=O)c2[nH]c(-c3cnn(Cc4ccccc4)c3)nc2n(C)c1=O,MCZMFSIUZOSVRA-UHFFFAOYSA-N,CC1CC(C)C2CC(C3CCC(CC4CCCCC4)C3)CC2C1,10.1021/jm051268+,16759111,1,False,False,pending_dual_review,eligible_for_primary_evidence_review,
BDB-50188573,50188573,CCCn1c(=O)c2[nH]c(-c3cnn(Cc4ccc(C)cc4)c3)nc2n(CCC)c1=O,FHTHVMUNIOLZFP-UHFFFAOYSA-N,CC1CC(C)C2CC(C3CCC(CC4CCCCC4)C3)CC2C1,10.1021/jm051268+,16759111,1,False,False,pending_dual_review,eligible_for_primary_evidence_review,
BDB-50188574,50188574,CCCn1c(=O)c2[nH]c(-c3cnn(Cc4ccc(F)c(F)c4)c3)nc2n(CCC)c1=O,PFFIRNYRICYMOH-UHFFFAOYSA-N,CC1CC(C)C2CC(C3CCC(CC4CCCCC4)C3)CC2C1,10.1021/jm051268+,16759111,1,False,False,pending_dual_review,eligible_for_primary_evidence_review,
BDB-50188575,50188575,CCCn1c(=O)c2[nH]c(-c3cnn(Cc4cccc(C)c4)c3)nc2n(CCC)c1=O,ZGEGHWWAMJAODB-UHFFFAOYSA-N,CC1CC(C)C2CC(C3CCC(CC4CCCCC4)C3)CC2C1,10.1021/jm051268+,16759111,1,False,False,pending_dual_review,eligible_for_primary_evidence_review,
BDB-50188576,50188576,CCCn1c(=O)c2[nH]c(-c3cnn(Cc4ccc(OC)cc4)c3)nc2n(CCC)c1=O,NKPLNJOYETWKDI-UHFFFAOYSA-N,CC1CC(C)C2CC(C3CCC(CC4CCCCC4)C3)CC2C1,10.1021/jm051268+,16759111,1,False,False,pending_dual_review,eligible_for_primary_evidence_review,
BDB-50188578,50188578,Cn1c(=O)c2[nH]c(-c3cnn(Cc4cccc(C(F)(F)F)c4)c3)nc2n(C)c1=O,BXOBNALLJPAQHL-UHFFFAOYSA-N,CC1CC(C)C2CC(C3CCC(CC4CCCCC4)C3)CC2C1,10.1021/jm051268+,16759111,1,False,False,pending_dual_review,eligible_for_primary_evidence_review,
BDB-50188579,50188579,CCCn1c(=O)c2[nH]c(-c3cnn(Cc4ccc(F)cc4)c3)nc2n(CCC)c1=O,XTKLYAIJKXTSJD-UHFFFAOYSA-N,CC1CC(C)C2CC(C3CCC(CC4CCCCC4)C3)CC2C1,10.1021/jm051268+,16759111,1,False,False,pending_dual_review,eligible_for_primary_evidence_review,
BDB-50188583,50188583,CCn1c(=O)c2[nH]c(-c3cnn(Cc4cccc(C(F)(F)F)c4)c3)nc2n(CC)c1=O,PJJLCMDBCYNWAQ-UHFFFAOYSA-N,CC1CC(C)C2CC(C3CCC(CC4CCCCC4)C3)CC2C1,10.1021/jm051268+,16759111,1,False,False,pending_dual_review,eligible_for_primary_evidence_review,
BDB-50188585,50188585,CCCn1c(=O)c2[nH]c(-c3cnn(Cc4ccccc4C(F)(F)F)c3)nc2n(CCC)c1=O,BVUSWIYHJIKWTL-UHFFFAOYSA-N,CC1CC(C)C2CC(C3CCC(CC4CCCCC4)C3)CC2C1,10.1021/jm051268+,16759111,1,False,False,pending_dual_review,eligible_for_primary_evidence_review,
BDB-50189054,50189054,COc1ccc(Nc2nc3c(N4CCC[C@H]4CO)ncnc3s2)cc1,UTPNFCKIISZMII-LBPRGKRZSA-N,C1CCC(CC2CC3CCCC(C4CCCC4)C3C2)CC1,10.1021/acs.jmedchem.6b00552,27227326,1,False,False,pending_dual_review,eligible_for_primary_evidence_review,
BDB-50189057,50189057,O=[N+]([O-])c1ccc(Nc2nc3c(N4CCCC4)ncnc3s2)cc1,BGOMRRIRVJFVFH-UHFFFAOYSA-N,C1CCC(CC2CC3CCCC(C4CCCC4)C3C2)CC1,10.1021/acs.jmedchem.6b00552,27227326,1,False,False,pending_dual_review,eligible_for_primary_evidence_review,
BDB-50189062,50189062,Fc1cccc(F)c1Nc1nc2c(Cl)ncnc2s1,ZUGXGYFPBNSZEH-UHFFFAOYSA-N,C1CCC(CC2CC3CCCCC3C2)CC1,10.1021/acs.jmedchem.6b00552,27227326,1,False,False,pending_dual_review,eligible_for_primary_evidence_review,
BDB-50189063,50189063,CCN(CC)c1ncnc2sc(Nc3ccc(Cl)cc3)nc12,LCWHOXGVDBIAJN-UHFFFAOYSA-N,C1CCC(CC2CC3CCCCC3C2)CC1,10.1021/acs.jmedchem.6b00552,27227326,1,False,False,pending_dual_review,eligible_for_primary_evidence_review,
BDB-50189064,50189064,Clc1ncnc2sc(Nc3cccc(Br)c3)nc12,ZHQDCGTZBYXLJT-UHFFFAOYSA-N,C1CCC(CC2CC3CCCCC3C2)CC1,10.1021/acs.jmedchem.6b00552,27227326,1,False,False,pending_dual_review,eligible_for_primary_evidence_review,
BDB-50189066,50189066,COc1cc(Nc2nc3c(Cl)ncnc3s2)cc(OC)c1OC,NIQZYMYTVFSKRC-UHFFFAOYSA-N,C1CCC(CC2CC3CCCCC3C2)CC1,10.1021/acs.jmedchem.6b00552,27227326,1,False,False,pending_dual_review,eligible_for_primary_evidence_review,
BDB-50189090,50189090,Cc1ccc(Nc2nc3c(Cl)ncnc3s2)cc1,XJXOZVKBZZJUHT-UHFFFAOYSA-N,C1CCC(CC2CC3CCCCC3C2)CC1,10.1021/acs.jmedchem.6b00552,27227326,1,False,False,pending_dual_review,eligible_for_primary_evidence_review,
BDB-50189098,50189098,CCN(CC)c1ncnc2sc(Nc3ccccc3)nc12,FDONJOSUHNVAFF-UHFFFAOYSA-N,C1CCC(CC2CC3CCCCC3C2)CC1,10.1021/acs.jmedchem.6b00552,27227326,1,False,False,pending_dual_review,eligible_for_primary_evidence_review,
BDB-50189100,50189100,CN(C)c1ncnc2sc(Nc3ccccc3)nc12,FWAWUUVYNDMIAO-UHFFFAOYSA-N,C1CCC(CC2CC3CCCCC3C2)CC1,10.1021/acs.jmedchem.6b00552,27227326,1,False,False,pending_dual_review,eligible_for_primary_evidence_review,
BDB-50189101,50189101,Clc1ccc(Nc2nc3c(Cl)ncnc3s2)cc1,HQIACZUVSXRGGU-UHFFFAOYSA-N,C1CCC(CC2CC3CCCCC3C2)CC1,10.1021/acs.jmedchem.6b00552,27227326,1,False,False,pending_dual_review,eligible_for_primary_evidence_review,
BDB-50189175,50189175,S=C(NCc1ccccc1)N(Cc1ccccc1)c1nc2c(Cl)ncnc2s1,GMRJTVNCPZHTOX-UHFFFAOYSA-N,CC(CCC1CCCCC1)C(CC1CCCCC1)C1CC2CCCCC2C1,10.1021/acs.jmedchem.6b00552,27227326,1,False,False,pending_dual_review,eligible_for_primary_evidence_review,
BDB-50189178,50189178,Clc1ncnc2sc(Nc3ccccc3)nc12,NYPFZLVPIOCYGQ-UHFFFAOYSA-N,C1CCC(CC2CC3CCCCC3C2)CC1,10.1021/acs.jmedchem.6b00552,27227326,1,False,False,pending_dual_review,eligible_for_primary_evidence_review,
BDB-50189179,50189179,COc1ccc(Nc2nc3c(Cl)ncnc3s2)cc1,KGFDYSUSOUEZEF-UHFFFAOYSA-N,C1CCC(CC2CC3CCCCC3C2)CC1,10.1021/acs.jmedchem.6b00552,27227326,1,False,False,pending_dual_review,eligible_for_primary_evidence_review,
BDB-50189807,50189807,COc1ccc(-n2nc3c(NC(=O)c4ccccc4)nc4ccccc4n3c2=O)cc1,URGSNTSTFBCWKA-UHFFFAOYSA-N,CC(CC1CC2CCCCC2C2C(C)C(C3CCCCC3)CC12)C1CCCCC1,10.1021/jm060373w,16789747,1,False,False,pending_dual_review,eligible_for_primary_evidence_review,
BDB-50189809,50189809,CC(=O)Nc1nc2c(N)cccc2n2c(=O)n(-c3ccccc3)nc12,KTKFGKLOHICPDE-UHFFFAOYSA-N,CC1C(C2CCCCC2)CC2CCC3CCCCC3C21,10.1021/jm060373w,16789747,2,False,False,pending_dual_review,eligible_for_primary_evidence_review,
BDB-50189810,50189810,O=C(Nc1nc2ccccc2n2c(=O)n(-c3ccccc3)nc12)C(c1ccccc1)c1ccccc1,LIKNBEXRGCISBC-UHFFFAOYSA-N,CC(CC1CC2CCCCC2C2C(C)C(C3CCCCC3)CC12)C(C1CCCCC1)C1CCCCC1,10.1021/jm060373w,16789747,1,False,False,pending_dual_review,eligible_for_primary_evidence_review,
BDB-50189811,50189811,COc1ccc(-n2nc3c(NC(C)=O)nc4c(N)cccc4n3c2=O)cc1,AJAKSDKKOWTRGD-UHFFFAOYSA-N,CC1C(C2CCCCC2)CC2CCC3CCCCC3C21,10.1021/jm060373w,16789747,1,False,False,pending_dual_review,eligible_for_primary_evidence_review,
BDB-50189812,50189812,COc1ccc(-n2nc3c(N(C(=O)c4ccccc4)C(=O)c4ccccc4)nc4ccccc4n3c2=O)cc1,GTRCYAYRRCMTDF-UHFFFAOYSA-N,CC(C1CCCCC1)C(C(C)C1CCCCC1)C1CC2CCCCC2C2C(C)C(C3CCCCC3)CC12,10.1021/jm060373w,16789747,1,False,False,pending_dual_review,eligible_for_primary_evidence_review,
BDB-50189817,50189817,Nc1cccc2c1nc(NC(=O)C(c1ccccc1)c1ccccc1)c1nn(-c3ccccc3)c(=O)n12,CVTMECIYXVPNLC-UHFFFAOYSA-N,CC(CC1CC2CCCCC2C2C(C)C(C3CCCCC3)CC12)C(C1CCCCC1)C1CCCCC1,10.1021/jm060373w,16789747,1,False,False,pending_dual_review,eligible_for_primary_evidence_review,
BDB-50189819,50189819,Nc1cccc2c1nc(NC(=O)c1ccccc1)c1nn(-c3ccccc3)c(=O)n12,UNGYPXFMYYJLOR-UHFFFAOYSA-N,CC(CC1CC2CCCCC2C2C(C)C(C3CCCCC3)CC12)C1CCCCC1,10.1021/jm060373w,16789747,1,False,False,pending_dual_review,eligible_for_primary_evidence_review,
BDB-50190699,50190699,Cn1c(=O)c2[nH]c(-c3ccc(S(=O)(=O)NCCc4ccccc4)cc3)nc2n(C)c1=O,BQORHOPXTSANCX-UHFFFAOYSA-N,CC1CC(C)C2CC(C3CCC(C(C)(C)CCCC4CCCCC4)CC3)CC2C1,10.1021/jm060277v,16821798,1,False,False,pending_dual_review,eligible_for_primary_evidence_review,
BDB-50190702,50190702,CCCn1c(=O)[nH]c2nc(-c3ccc(S(=O)(=O)NCCc4ccccc4)cc3)[nH]c2c1=O,UZYVMMMONZXOCT-UHFFFAOYSA-N,CC1CC(C)C2CC(C3CCC(C(C)(C)CCCC4CCCCC4)CC3)CC2C1,10.1021/jm060277v,16821798,1,False,False,pending_dual_review,eligible_for_primary_evidence_review,
BDB-50194811,50194811,Cc1ccc(-c2cc(-c3ccccc3)nc(N)c2C#N)cc1,ADSZRHDJWBZORK-UHFFFAOYSA-N,C1CCC(C2CCCC(C3CCCCC3)C2)CC1,10.1016/j.bmcl.2006.08.116,16971117,1,False,False,pending_dual_review,eligible_for_primary_evidence_review,
BDB-50194812,50194812,COc1cccc(-c2cc(C(F)(F)F)nc(NCc3ccc(F)cc3)n2)c1,MZTFCUSRGDDALU-UHFFFAOYSA-N,C1CCC(CCC2CCCC(C3CCCCC3)C2)CC1,10.1016/j.bmcl.2006.08.116,16971117,1,False,False,pending_dual_review,eligible_for_primary_evidence_review,
BDB-50194814,50194814,N#Cc1c(-c2ccc(F)cc2)cc(-c2ccccc2)nc1N,BEDLZHWQNOIFFN-UHFFFAOYSA-N,C1CCC(C2CCCC(C3CCCCC3)C2)CC1,10.1016/j.bmcl.2006.08.116,16971117,1,False,False,pending_dual_review,eligible_for_primary_evidence_review,
BDB-50194815,50194815,CCSc1nc(N)nc(-c2ccccc2)n1,UMHVGNHYSDRNNN-UHFFFAOYSA-N,C1CCC(C2CCCCC2)CC1,10.1016/j.bmcl.2006.08.116,16971117,1,False,False,pending_dual_review,eligible_for_primary_evidence_review,
BDB-50194816,50194816,Fc1ccc(CNc2nc(-c3ccccc3)cc(C(F)(F)F)n2)cc1,SVNVSTDRFRAKND-UHFFFAOYSA-N,C1CCC(CCC2CCCC(C3CCCCC3)C2)CC1,10.1016/j.bmcl.2006.08.116,16971117,1,False,False,pending_dual_review,eligible_for_primary_evidence_review,
BDB-50194817,50194817,N#Cc1c(-c2ccccc2Cl)cc(-c2ccccc2)nc1N,DOTFDSKMEYTLRC-UHFFFAOYSA-N,C1CCC(C2CCCC(C3CCCCC3)C2)CC1,10.1016/j.bmcl.2006.08.116,16971117,1,False,False,pending_dual_review,eligible_for_primary_evidence_review,
BDB-50194818,50194818,COc1ccc(-c2cccc(-c3nc(N)nc(SC)n3)c2)cn1,ZEZVHWWBCFDUHN-UHFFFAOYSA-N,C1CCC(C2CCCC(C3CCCCC3)C2)CC1,10.1016/j.bmcl.2006.08.116,16971117,1,False,False,pending_dual_review,eligible_for_primary_evidence_review,
BDB-50194819,50194819,N#Cc1c(-c2ccc(Cl)cc2)cc(-c2ccccc2Cl)nc1N,PPNTZGRFYNKJDB-UHFFFAOYSA-N,C1CCC(C2CCCC(C3CCCCC3)C2)CC1,10.1016/j.bmcl.2006.08.116,16971117,1,False,False,pending_dual_review,eligible_for_primary_evidence_review,
BDB-50194820,50194820,N#Cc1c(-c2ccc(Cl)c(Cl)c2)cc(-c2cccnc2)nc1N,GYJDRNKSYOJANZ-UHFFFAOYSA-N,C1CCC(C2CCCC(C3CCCCC3)C2)CC1,10.1016/j.bmcl.2006.08.116,16971117,1,False,False,pending_dual_review,eligible_for_primary_evidence_review,
BDB-50194821,50194821,CCOc1cc(-c2cc(-c3ccc(O)cc3)nc(N)c2C#N)ccc1O,IWPRRVSKUNQSTO-UHFFFAOYSA-N,C1CCC(C2CCCC(C3CCCCC3)C2)CC1,10.1016/j.bmcl.2006.08.116,16971117,1,False,False,pending_dual_review,eligible_for_primary_evidence_review,
BDB-50194822,50194822,COc1cc(-c2cc(-c3ccc(O)cc3)nc(N)c2C#N)ccc1O,WQBPXJSWOBGZJK-UHFFFAOYSA-N,C1CCC(C2CCCC(C3CCCCC3)C2)CC1,10.1016/j.bmcl.2006.08.116,16971117,1,False,False,pending_dual_review,eligible_for_primary_evidence_review,
BDB-50194823,50194823,N#Cc1c(-c2ccc(Cl)cc2)cc(-c2ccccc2)nc1N,DTFPADSQKJTDTO-UHFFFAOYSA-N,C1CCC(C2CCCC(C3CCCCC3)C2)CC1,10.1016/j.bmcl.2006.08.116,16971117,1,False,False,pending_dual_review,eligible_for_primary_evidence_review,
BDB-50194824,50194824,CSc1nc(N)nc(-c2cccc(-c3ccc4[nH]ccc4c3)c2)n1,LXETVWABBHSXHN-UHFFFAOYSA-N,C1CCC(C2CCCC(C3CCC4CCCC4C3)C2)CC1,10.1016/j.bmcl.2006.08.116,16971117,1,False,False,pending_dual_review,eligible_for_primary_evidence_review,
BDB-50194825,50194825,N#Cc1c(-c2ccc(F)cc2)cc(C2CC2)nc1N,QPYANFLUOHWHOF-UHFFFAOYSA-N,C1CCC(C2CCCC(C3CC3)C2)CC1,10.1016/j.bmcl.2006.08.116,16971117,1,False,False,pending_dual_review,eligible_for_primary_evidence_review,
BDB-50194826,50194826,N#Cc1c(N)nc2c(c1-c1ccc(F)cc1)CCC2,ODNMTXWVAZKNSM-UHFFFAOYSA-N,C1CCC(C2CCCC3CCCC32)CC1,10.1016/j.bmcl.2006.08.116,16971117,1,False,False,pending_dual_review,eligible_for_primary_evidence_review,
BDB-50194827,50194827,Fc1ccc(CNc2nc(-c3ccc(Cl)cc3)cc(C(F)(F)F)n2)cc1,ZXRJQUVTVUVZRP-UHFFFAOYSA-N,C1CCC(CCC2CCCC(C3CCCCC3)C2)CC1,10.1016/j.bmcl.2006.08.116,16971117,1,False,False,pending_dual_review,eligible_for_primary_evidence_review,
BDB-50196538,50196538,OCc1cnn(-c2nc(Nc3cnccn3)c3ncn([C@@H]4O[C@H](CO)[C@@H](O)[C@H]4O)c3n2)c1,QUYKWNNCIUPGEA-IWCJZZDYSA-N,C1CCC(CC2CC(C3CCCC3)CC3C(C4CCCC4)CCC23)CC1,10.1016/j.bmcl.2006.09.065,17045477,1,False,False,pending_dual_review,eligible_for_primary_evidence_review,
BDB-50196540,50196540,OCc1cnn(-c2nc(Nc3ccccn3)c3ncn([C@@H]4O[C@H](CO)[C@@H](O)[C@H]4O)c3n2)c1,VHBCKPOOXBXORR-XKLVTHTNSA-N,C1CCC(CC2CC(C3CCCC3)CC3C(C4CCCC4)CCC23)CC1,10.1016/j.bmcl.2006.09.065,17045477,1,False,False,pending_dual_review,eligible_for_primary_evidence_review,
BDB-50196544,50196544,OCc1cnn(-c2nc(Nc3ncc4ccccc4n3)c3ncn([C@@H]4O[C@H](CO)[C@@H](O)[C@H]4O)c3n2)c1,JTJKCSSYQFNNON-WVSUBDOOSA-N,C1CCC2CC(CC3CC(C4CCCC4)CC4C(C5CCCC5)CCC34)CCC2C1,10.1016/j.bmcl.2006.09.065,17045477,1,False,False,pending_dual_review,eligible_for_primary_evidence_review,
BDB-50196545,50196545,CNC(=O)c1cnn(-c2nc(N[C@H]3CCCO3)c3ncn([C@@H]4O[C@H](CO)[C@@H](O)[C@H]4O)c3n2)c1,LCYKPFSTUQZFII-GBUDDTMKSA-N,C1CCC(CC2CC(C3CCCC3)CC3C(C4CCCC4)CCC23)C1,10.1016/j.bmcl.2006.09.065,17045477,1,False,False,pending_dual_review,eligible_for_primary_evidence_review,
BDB-50196551,50196551,Cc1ccc(Nc2nc(-n3cc(CO)cn3)nc3c2ncn3[C@@H]2O[C@H](CO)[C@@H](O)[C@H]2O)cc1,FFXMREHKIUCCAM-WVSUBDOOSA-N,C1CCC(CC2CC(C3CCCC3)CC3C(C4CCCC4)CCC23)CC1,10.1016/j.bmcl.2006.09.065,17045477,1,False,False,pending_dual_review,eligible_for_primary_evidence_review,
BDB-50196552,50196552,CCOC(=O)c1cnn(-c2nc(N[C@H]3CCCO3)c3ncn([C@@H]4O[C@H](CO)[C@@H](O)[C@H]4O)c3n2)c1,QOUQHQPJIVDJRV-AJKMGBEJSA-N,C1CCC(CC2CC(C3CCCC3)CC3C(C4CCCC4)CCC23)C1,10.1016/j.bmcl.2006.09.065,17045477,1,False,False,pending_dual_review,eligible_for_primary_evidence_review,
BDB-50196561,50196561,OCc1cnn(-c2nc(Nc3ccncc3)c3ncn([C@@H]4O[C@H](CO)[C@@H](O)[C@H]4O)c3n2)c1,PIOQPIHAFHAILU-SCFUHWHPSA-N,C1CCC(CC2CC(C3CCCC3)CC3C(C4CCCC4)CCC23)CC1,10.1016/j.bmcl.2006.09.065,17045477,1,False,False,pending_dual_review,eligible_for_primary_evidence_review,
BDB-50196571,50196571,OCc1cnn(-c2nc(Nc3ccc4ccccc4n3)c3ncn([C@@H]4O[C@H](CO)[C@@H](O)[C@H]4O)c3n2)c1,SRIBBZYPMCZTHH-CIVUBGFFSA-N,C1CCC2CC(CC3CC(C4CCCC4)CC4C(C5CCCC5)CCC34)CCC2C1,10.1016/j.bmcl.2006.09.065,17045477,1,False,False,pending_dual_review,eligible_for_primary_evidence_review,
BDB-50196572,50196572,CCNC(=O)c1cnn(-c2nc(N[C@H]3CCCO3)c3ncn([C@@H]4O[C@H](CO)[C@@H](O)[C@H]4O)c3n2)c1,DAAJKUPTRGODPS-FSVZYJJUSA-N,C1CCC(CC2CC(C3CCCC3)CC3C(C4CCCC4)CCC23)C1,10.1016/j.bmcl.2006.09.065,17045477,1,False,False,pending_dual_review,eligible_for_primary_evidence_review,
BDB-50199271,50199271,CCCCNC(=O)[C@H]1CC[C@H](c2nc3c(=O)n(CCC)c(=O)n(CCC)c3[nH]2)CC1,VNIAELPLZNPYDE-WKILWMFISA-N,CC1CC(C)C2CC(C3CCCCC3)CC2C1,10.1021/jm0605381,17125264,1,False,False,pending_dual_review,eligible_for_primary_evidence_review,
BDB-50199275,50199275,CCCn1c(=O)c2[nH]c([C@]34CC[C@](C(=O)N5CCC(C(=O)O)CC5)(CC3)CC4)nc2n(CCC)c1=O,RZGMWSOSODPDDA-WMPKNSHKSA-N,CC1CC(C)C2CC(C34CCC(C(C)C5CCCCC5)(CC3)CC4)CC2C1,10.1021/jm0605381,17125264,1,False,False,pending_dual_review,eligible_for_primary_evidence_review,
BDB-50199277,50199277,CCCn1c(=O)c2nc([C@H]3CC[C@H](COCc4ccccc4)CC3)[nH]c2n(CCC)c1=O,LIHIDLZRLXNKCU-MXVIHJGJSA-N,CC1CC(C)C2CC(C3CCC(CCCC4CCCCC4)CC3)CC2C1,10.1021/jm0605381,17125264,1,False,False,pending_dual_review,eligible_for_primary_evidence_review,
BDB-50199278,50199278,CCCn1c(=O)c2[nH]c([C@H]3CC[C@H](CO)CC3)nc2n(CCC)c1=O,HHQNZNMFDUUTOQ-JOCQHMNTSA-N,CC1CC(C)C2CC(C3CCCCC3)CC2C1,10.1021/jm0605381,17125264,1,False,False,pending_dual_review,eligible_for_primary_evidence_review,
BDB-50199279,50199279,CCCn1c(=O)c2[nH]c([C@H]3CC[C@H](NC(=O)OCc4ccccc4)CC3)nc2n(CCC)c1=O,GNKVWLPYAHCCPN-WGSAOQKQSA-N,CC(CCC1CCCCC1)CC1CCC(C2CC3CC(C)CC(C)C3C2)CC1,10.1021/jm0605381,17125264,1,False,False,pending_dual_review,eligible_for_primary_evidence_review,
BDB-50199283,50199283,CCCn1c(=O)c2nc([C@H]3CC[C@H](C(=O)NCCN(C)C)CC3)[nH]c2n(CCC)c1=O,TXELAPVVYAWXKZ-WKILWMFISA-N,CC1CC(C)C2CC(C3CCCCC3)CC2C1,10.1021/jm0605381,17125264,1,False,False,pending_dual_review,eligible_for_primary_evidence_review,
BDB-50199289,50199289,CCCn1c2nc(C34CCC(O)(CC3)CC4)nc-2c2n(c1=O)C[C@@H](CC)N2,WYHPLEBRFOHMGR-JYMLRBTQSA-N,CC1CC2CC(C34CCC(CC3)CC4)CC2C2CCCC12,10.1021/jm060539t,17125265,1,False,False,pending_dual_review,eligible_for_primary_evidence_review,
BDB-50199290,50199290,CCCn1c2nc(C34CCC(O)(CC3)CC4)nc-2c2n(c1=O)C[C@@H](C(C)C)N2,GPQFQBLUSJCIFV-YJPTXTSQSA-N,CC1CC2CC(C34CCC(CC3)CC4)CC2C2CCCC12,10.1021/jm060539t,17125265,1,False,False,pending_dual_review,eligible_for_primary_evidence_review,
BDB-50199295,50199295,CCCn1c2nc(C34CCC(CCC(=O)O)(CC3)CC4)nc-2c2n(c1=O)C[C@@H](C(C)C)N2,FYWDHMLGEXYCSD-JEACLXLTSA-N,CC1CC2CC(C34CCC(CC3)CC4)CC2C2CCCC12,10.1021/jm060539t,17125265,1,False,False,pending_dual_review,eligible_for_primary_evidence_review,
BDB-50199454,50199454,CC(C)[C@H](Nc1nc(Cl)nc2c1ncn2[C@H]1[C@H](O)[C@H](O)[C@]2(CO)C[C@H]12)C1CC1,PSZUVLHNNPZVCD-ADZAWSABSA-N,C1CC(CCC2CC2)C2CCC(C3CCC4CC43)C2C1,10.1021/acs.jmedchem.6b01183,27933810,1,False,False,pending_dual_review,eligible_for_primary_evidence_review,
BDB-50199456,50199456,CCC(CC)Nc1nc(Cl)nc2c1ncn2[C@H]1[C@H](O)[C@H](O)[C@]2(CO)C[C@H]12,JXWXIBSNAFCXJB-RFFHHDCGSA-N,C1CCC2C(C1)CCC2C1CCC2CC21,10.1021/acs.jmedchem.6b01183,27933810,1,False,False,pending_dual_review,eligible_for_primary_evidence_review,
BDB-50199457,50199457,CC[C@@H](Nc1nc(Cl)nc2c1ncn2[C@H]1[C@H](O)[C@H](O)[C@]2(CO)C[C@H]12)C1CC1,UOHJOIXAJSMMCH-KJZWVPOSSA-N,C1CC(CCC2CC2)C2CCC(C3CCC4CC43)C2C1,10.1021/acs.jmedchem.6b01183,27933810,1,False,False,pending_dual_review,eligible_for_primary_evidence_review,
BDB-50199459,50199459,CC(C)[C@@H](Nc1nc(Cl)nc2c1ncn2[C@H]1[C@H](O)[C@H](O)[C@]2(CO)C[C@H]12)C1CC1,PSZUVLHNNPZVCD-XRPRFISDSA-N,C1CC(CCC2CC2)C2CCC(C3CCC4CC43)C2C1,10.1021/acs.jmedchem.6b01183,27933810,1,False,False,pending_dual_review,eligible_for_primary_evidence_review,
BDB-50199460,50199460,OC[C@@]12C[C@@H]1[C@@H](n1cnc3c(N[C@H](C4CCC4)C4CC4)nc(Cl)nc31)[C@H](O)[C@@H]2O,YLEQGEOHZFVIAR-QZUDQQPUSA-N,C1CC(C(CC2CCCC3C2CCC3C2CCC3CC32)C2CC2)C1,10.1021/acs.jmedchem.6b01183,27933810,1,False,False,pending_dual_review,eligible_for_primary_evidence_review,
BDB-50199461,50199461,OC[C@@]12C[C@@H]1[C@@H](n1cnc3c(N[C@@H](C4CCC4)C4CC4)nc(Cl)nc31)[C@H](O)[C@@H]2O,YLEQGEOHZFVIAR-OHTVDBCQSA-N,C1CC(C(CC2CCCC3C2CCC3C2CCC3CC32)C2CC2)C1,10.1021/acs.jmedchem.6b01183,27933810,1,False,False,pending_dual_review,eligible_for_primary_evidence_review,
BDB-50199462,50199462,CCOC(=O)[C@@]12C[C@@H]1[C@@H](n1cnc3c(NC(C4CC4)C4CC4)nc(Cl)nc31)[C@H](O)[C@@H]2O,IRHYVDDJDDMRKD-QNEDUEMWSA-N,C1CC(CC(C2CC2)C2CC2)C2CCC(C3CCC4CC43)C2C1,10.1021/acs.jmedchem.6b01183|10.1021/acs.jmedchem.8b01662,27933810|30605331,2,False,False,pending_dual_review,eligible_for_primary_evidence_review,
BDB-50199463,50199463,CNC(=O)[C@@]12C[C@@H]1[C@@H](n1cnc3c(NC(C4CC4)C4CC4)nc(Cl)nc31)[C@H](O)[C@@H]2O,PWANAKRSKQRVSS-QKZATRHHSA-N,C1CC(CC(C2CC2)C2CC2)C2CCC(C3CCC4CC43)C2C1,10.1021/acs.jmedchem.6b01183|10.1021/acs.jmedchem.8b01662,27933810|30605331,2,False,False,pending_dual_review,eligible_for_primary_evidence_review,
BDB-50199464,50199464,OC[C@@]12C[C@@H]1[C@@H](n1cnc3c(NC(C4CC4)C4CC4)nc(Cl)nc31)[C@H](O)[C@@H]2O,HOGXFHNYQVRCAK-DRYZDSLUSA-N,C1CC(CC(C2CC2)C2CC2)C2CCC(C3CCC4CC43)C2C1,10.1021/acs.jmedchem.6b01183,27933810,1,False,False,pending_dual_review,eligible_for_primary_evidence_review,
BDB-50199473,50199473,CC[C@H](Nc1nc(Cl)nc2c1ncn2[C@H]1[C@H](O)[C@H](O)[C@]2(CO)C[C@H]12)C1CC1,UOHJOIXAJSMMCH-OUTBHYKGSA-N,C1CC(CCC2CC2)C2CCC(C3CCC4CC43)C2C1,10.1021/acs.jmedchem.6b01183,27933810,1,False,False,pending_dual_review,eligible_for_primary_evidence_review,
BDB-50199984,50199984,COc1ccc(Cl)c(CNc2nc(-n3cc(CC4CCCC4)nn3)nc3c2ncn3[C@@H]2O[C@H](CO)[C@@H](O)[C@H]2O)c1,FSJVLFODYBZABL-PTGPVQHPSA-N,C1CCC(CCC2CC(C3CCC(CC4CCCC4)C3)CC3C(C4CCCC4)CCC23)CC1,10.1021/jm0608208,17149867,1,False,False,pending_dual_review,eligible_for_primary_evidence_review,
BDB-50200980,50200980,COc1cccc2c(C(=O)N[C@H]3CCCc4cccnc43)nc(N)nc12,NHKVTQFWIUYQBM-ZDUSSCGKSA-N,CC(CC1CCCC2CCCCC21)C1CCCC2CCCCC21,10.1021/acsmedchemlett.6b00407,27994726,2,False,False,pending_dual_review,eligible_for_primary_evidence_review,
BDB-50200981,50200981,COc1cccc2c(C(=O)NCc3cccc(C4CCC4)n3)nc(N)nc12,GJNGFJWIAZMTNC-UHFFFAOYSA-N,CC(CCC1CCCC(C2CCC2)C1)C1CCCC2CCCCC21,10.1021/acsmedchemlett.6b00407,27994726,2,False,False,pending_dual_review,eligible_for_primary_evidence_review,
BDB-50200982,50200982,CC(C)OCc1cccc(CNC(=O)c2nc(N)nc3c(F)cccc23)n1,GWKXOGQGYRPLDL-UHFFFAOYSA-N,CC(CCC1CCCCC1)C1CCCC2CCCCC21,10.1021/acsmedchemlett.6b00407,27994726,1,False,False,pending_dual_review,eligible_for_primary_evidence_review,
BDB-50200983,50200983,Nc1nc(C(=O)NCc2cccc(CO)n2)c2cccc(F)c2n1,PPOKTFIYGXDKBM-UHFFFAOYSA-N,CC(CCC1CCCCC1)C1CCCC2CCCCC21,10.1021/acsmedchemlett.6b00407,27994726,2,False,False,pending_dual_review,eligible_for_primary_evidence_review,
BDB-50200984,50200984,COc1cccc2c(C(=O)NCc3cccc(C(C)(C)O)n3)nc(N)nc12,YSQYIDLYPHAUDH-UHFFFAOYSA-N,CC(CCC1CCCCC1)C1CCCC2CCCCC21,10.1021/acsmedchemlett.6b00407,27994726,2,False,False,pending_dual_review,eligible_for_primary_evidence_review,
BDB-50200985,50200985,[2H]C([2H])(NC(=O)c1nc(N)nc2c(OC)cccc12)c1cccc(C([2H])([2H])c2cncc(OCCOC)c2)n1,BVKYBOZVLITWKN-WDVOAUESSA-N,CC(CCC1CCCC(CC2CCCCC2)C1)C1CCCC2CCCCC21,10.1021/acsmedchemlett.6b00407,27994726,2,False,False,pending_dual_review,eligible_for_primary_evidence_review,
BDB-50200986,50200986,COc1cccc2c(C(=O)NCc3cccc(COC4CCCC4)n3)nc(N)nc12,DMMOMDAFEVHKEJ-UHFFFAOYSA-N,CC(CCC1CCCC(CCC2CCCC2)C1)C1CCCC2CCCCC21,10.1021/acsmedchemlett.6b00407,27994726,2,False,False,pending_dual_review,eligible_for_primary_evidence_review,
BDB-50200987,50200987,COc1cccnc1CNC(=O)c1nc(N)nc2c(OC)cccc12,GZDCMHGJKCFMFF-UHFFFAOYSA-N,CC(CCC1CCCCC1)C1CCCC2CCCCC21,10.1021/acsmedchemlett.6b00407,27994726,2,False,False,pending_dual_review,eligible_for_primary_evidence_review,
BDB-50200988,50200988,COc1cccc(CNC(=O)c2nc(N)nc3c(OC)cccc23)n1,FFQXVWCDSUWPDY-UHFFFAOYSA-N,CC(CCC1CCCCC1)C1CCCC2CCCCC21,10.1021/acsmedchemlett.6b00407,27994726,2,False,False,pending_dual_review,eligible_for_primary_evidence_review,
BDB-50200989,50200989,COc1cccc2c(C(=O)NCc3cccc(C(F)(F)F)n3)nc(N)nc12,STWRXRRGWBYXJK-UHFFFAOYSA-N,CC(CCC1CCCCC1)C1CCCC2CCCCC21,10.1021/acsmedchemlett.6b00407,27994726,2,False,False,pending_dual_review,eligible_for_primary_evidence_review,
BDB-50201006,50201006,COc1cccc2c(C(=O)NCc3cccc(C(C)C)n3)nc(N)nc12,IOEDOSMYTXBJMB-UHFFFAOYSA-N,CC(CCC1CCCCC1)C1CCCC2CCCCC21,10.1021/acsmedchemlett.6b00407,27994726,2,False,False,pending_dual_review,eligible_for_primary_evidence_review,
BDB-50201007,50201007,COc1cccc2c(C(=O)NCc3cccc(Cc4cccnc4)n3)nc(N)nc12,PRBWHEZLZLJYIT-UHFFFAOYSA-N,CC(CCC1CCCC(CC2CCCCC2)C1)C1CCCC2CCCCC21,10.1021/acsmedchemlett.6b00407,27994726,2,False,False,pending_dual_review,eligible_for_primary_evidence_review,
BDB-50201008,50201008,COc1ccc(CNC(=O)c2nc(N)nc3c(OC)cccc23)nc1,MDOJLXHRFIJLOH-UHFFFAOYSA-N,CC(CCC1CCCCC1)C1CCCC2CCCCC21,10.1021/acsmedchemlett.6b00407,27994726,2,False,False,pending_dual_review,eligible_for_primary_evidence_review,
BDB-50201009,50201009,COc1cccc2c(C(=O)NCc3cccc(CO)n3)nc(N)nc12,KRGXVVXVTOBVEQ-UHFFFAOYSA-N,CC(CCC1CCCCC1)C1CCCC2CCCCC21,10.1021/acsmedchemlett.6b00407,27994726,2,False,False,pending_dual_review,eligible_for_primary_evidence_review,
BDB-50201016,50201016,COc1cccc2c(C(=O)NCc3cccc(F)n3)nc(N)nc12,DRQYVTXYDZCVNL-UHFFFAOYSA-N,CC(CCC1CCCCC1)C1CCCC2CCCCC21,10.1021/acsmedchemlett.6b00407,27994726,2,False,False,pending_dual_review,eligible_for_primary_evidence_review,
BDB-50201017,50201017,COc1cccc2c(C(=O)NCc3cccc(C)n3)nc(N)nc12,WUJOWMFJRDCSTK-UHFFFAOYSA-N,CC(CCC1CCCCC1)C1CCCC2CCCCC21,10.1021/acsmedchemlett.6b00407,27994726,2,False,False,pending_dual_review,eligible_for_primary_evidence_review,
BDB-50201018,50201018,COc1ccc(C(C)(C)O)nc1CNC(=O)c1nc(N)nc2c(OC)cccc12,DGSWVYQKSODKLK-UHFFFAOYSA-N,CC(CCC1CCCCC1)C1CCCC2CCCCC21,10.1021/acsmedchemlett.6b00407,27994726,1,False,False,pending_dual_review,eligible_for_primary_evidence_review,
BDB-50201019,50201019,COc1cccc2c(C(=O)NCc3cccc(COc4ccccc4F)n3)nc(N)nc12,UJNRKSMTNRVTLT-UHFFFAOYSA-N,CC(CCC1CCCC(CCC2CCCCC2)C1)C1CCCC2CCCCC21,10.1021/acsmedchemlett.6b00407,27994726,2,False,False,pending_dual_review,eligible_for_primary_evidence_review,
BDB-50201020,50201020,COc1cccc2c(C(=O)NCc3nc(C(C)(C)O)ccc3C)nc(N)nc12,XMPIJYCSTJDUJC-UHFFFAOYSA-N,CC(CCC1CCCCC1)C1CCCC2CCCCC21,10.1021/acsmedchemlett.6b00407,27994726,2,False,False,pending_dual_review,eligible_for_primary_evidence_review,
BDB-50202564,50202564,CCNC(=O)[C@H]1O[C@@H](n2cnc3c(NNC(=O)c4ccc(C)s4)nc(Cl)nc32)[C@H](O)[C@@H]1O,BQVUMSDCPMEXQG-HBGPKNEHSA-N,CC(CCC1CCCC2C(C3CCCC3)CCC12)C1CCCC1,10.1021/jm061170a,17228880,1,False,False,pending_dual_review,eligible_for_primary_evidence_review,
BDB-50202565,50202565,CCNC(=O)[C@H]1O[C@@H](n2cnc3c(NNC(=O)c4cccs4)nc(Cl)nc32)[C@H](O)[C@@H]1O,CSKVVANOKXZDLX-QUIZZNFMSA-N,CC(CCC1CCCC2C(C3CCCC3)CCC12)C1CCCC1,10.1021/jm061170a,17228880,1,False,False,pending_dual_review,eligible_for_primary_evidence_review,
BDB-50202566,50202566,CCNC(=O)[C@H]1O[C@@H](n2cnc3c(NNC(=O)c4sccc4C)nc(Cl)nc32)[C@H](O)[C@@H]1O,CMHQDWHZIUMRGC-VZVWNTEVSA-N,CC(CCC1CCCC2C(C3CCCC3)CCC12)C1CCCC1,10.1021/jm061170a,17228880,1,False,False,pending_dual_review,eligible_for_primary_evidence_review,
BDB-50202568,50202568,CCNC(=O)[C@H]1O[C@@H](n2cnc3c(NNC(=O)c4ccsc4)nc(Cl)nc32)[C@H](O)[C@@H]1O,FPOAHNFPEOZSEI-QUIZZNFMSA-N,CC(CCC1CCCC2C(C3CCCC3)CCC12)C1CCCC1,10.1021/jm061170a,17228880,1,False,False,pending_dual_review,eligible_for_primary_evidence_review,
BDB-50202570,50202570,CCNC(=O)[C@H]1O[C@@H](n2cnc3c(NNC(=O)c4ccco4)ncnc32)[C@H](O)[C@@H]1O,DNDONDMNEQXUBC-HBGPKNEHSA-N,CC(CCC1CCCC2C(C3CCCC3)CCC12)C1CCCC1,10.1021/jm061170a,17228880,1,False,False,pending_dual_review,eligible_for_primary_evidence_review,
BDB-50202571,50202571,CCNC(=O)[C@H]1O[C@@H](n2cnc3c(NNC(=O)c4ccc(C)o4)ncnc32)[C@H](O)[C@@H]1O,RWTMPPMBCQQZDS-CVXDAYKESA-N,CC(CCC1CCCC2C(C3CCCC3)CCC12)C1CCCC1,10.1021/jm061170a,17228880,1,False,False,pending_dual_review,eligible_for_primary_evidence_review,
BDB-50202572,50202572,CCNC(=O)[C@H]1O[C@@H](n2cnc3c(NNC(=O)c4ccc[nH]4)nc(Cl)nc32)[C@H](O)[C@@H]1O,WAQLHFURODPEIW-QUIZZNFMSA-N,CC(CCC1CCCC2C(C3CCCC3)CCC12)C1CCCC1,10.1021/jm061170a,17228880,1,False,False,pending_dual_review,eligible_for_primary_evidence_review,
BDB-50202574,50202574,CCNC(=O)[C@H]1O[C@@H](n2cnc3c(NNC(=O)c4ccc(Br)o4)ncnc32)[C@H](O)[C@@H]1O,PHIWKNTWYPRCIC-HBGPKNEHSA-N,CC(CCC1CCCC2C(C3CCCC3)CCC12)C1CCCC1,10.1021/jm061170a,17228880,1,False,False,pending_dual_review,eligible_for_primary_evidence_review,
BDB-50202575,50202575,CCNC(=O)[C@H]1O[C@@H](n2cnc3c(NNC(=O)Cc4cccs4)nc(Cl)nc32)[C@H](O)[C@@H]1O,MXNGBNYQJCQGEV-PFHKOEEOSA-N,CC(CCC1CCCC2C(C3CCCC3)CCC12)CC1CCCC1,10.1021/jm061170a,17228880,1,False,False,pending_dual_review,eligible_for_primary_evidence_review,
BDB-50202577,50202577,CCNC(=O)[C@H]1O[C@@H](n2cnc3c(NNC(=O)c4ccco4)nc(Cl)nc32)[C@H](O)[C@@H]1O,DFPSZIXWSYGGAH-QUIZZNFMSA-N,CC(CCC1CCCC2C(C3CCCC3)CCC12)C1CCCC1,10.1021/jm061170a,17228880,1,False,False,pending_dual_review,eligible_for_primary_evidence_review,
BDB-50202578,50202578,CCNC(=O)[C@H]1O[C@@H](n2cnc3c(NNC(=O)c4ccc(C)s4)ncnc32)[C@H](O)[C@@H]1O,JYAGDMDKAMZIDG-CVXDAYKESA-N,CC(CCC1CCCC2C(C3CCCC3)CCC12)C1CCCC1,10.1021/jm061170a,17228880,1,False,False,pending_dual_review,eligible_for_primary_evidence_review,
BDB-50202983,50202983,COC(C)COc1ccc(N2CCN(CCn3ncc4c3nc(N)n3nc(-c5ccco5)nc43)CC2)cc1,ZWJJTHCAVQUSER-UHFFFAOYSA-N,C1CCC(C2CCC(CCC3CCC4C3CCC3CC(C5CCCC5)CC34)CC2)CC1,10.1016/j.bmcl.2006.11.083,17236762,1,False,False,pending_dual_review,eligible_for_primary_evidence_review,
BDB-50202984,50202984,N#Cc1ccc(N2CCN(CCn3ncc4c3nc(N)n3nc(-c5ccco5)nc43)CC2)cc1,AMQSMIIKKZMQPJ-UHFFFAOYSA-N,C1CCC(C2CCC(CCC3CCC4C3CCC3CC(C5CCCC5)CC34)CC2)CC1,10.1016/j.bmcl.2006.11.083,17236762,1,False,False,pending_dual_review,eligible_for_primary_evidence_review,
BDB-50202985,50202985,Nc1nc2c(cnn2CCN2CCN(c3ccc(F)c(F)c3F)CC2)c2nc(-c3ccco3)nn12,NCRDZJIYEHKXFL-UHFFFAOYSA-N,C1CCC(C2CCC(CCC3CCC4C3CCC3CC(C5CCCC5)CC34)CC2)CC1,10.1016/j.bmcl.2006.11.083,17236762,1,False,False,pending_dual_review,eligible_for_primary_evidence_review,
BDB-50202987,50202987,CCOc1ccc(N2CCN(CCn3ncc4c3nc(N)n3nc(-c5ccco5)nc43)CC2)cc1,IOSLXICJNAAKOP-UHFFFAOYSA-N,C1CCC(C2CCC(CCC3CCC4C3CCC3CC(C5CCCC5)CC34)CC2)CC1,10.1016/j.bmcl.2006.11.083,17236762,1,False,False,pending_dual_review,eligible_for_primary_evidence_review,
BDB-50202988,50202988,Nc1nc2c(cnn2CCN2CCN(c3ccc(F)c(F)c3)CC2)c2nc(-c3ccco3)nn12,RCNYJKOBBCTAOW-UHFFFAOYSA-N,C1CCC(C2CCC(CCC3CCC4C3CCC3CC(C5CCCC5)CC34)CC2)CC1,10.1016/j.bmcl.2006.11.083,17236762,1,False,False,pending_dual_review,eligible_for_primary_evidence_review,
BDB-50202989,50202989,COCCCOc1ccc(N2CCN(CCn3ncc4c3nc(N)n3nc(-c5ccco5)nc43)CC2)cc1,OPCANNJURSZTNC-UHFFFAOYSA-N,C1CCC(C2CCC(CCC3CCC4C3CCC3CC(C5CCCC5)CC34)CC2)CC1,10.1016/j.bmcl.2006.11.083,17236762,1,False,False,pending_dual_review,eligible_for_primary_evidence_review,
BDB-50202990,50202990,Nc1nc2c(cnn2CCN2CCN(c3ccc(F)cc3F)CC2)c2nc(-c3ccco3)nn12,JZAMQDDHRXHDFR-UHFFFAOYSA-N,C1CCC(C2CCC(CCC3CCC4C3CCC3CC(C5CCCC5)CC34)CC2)CC1,10.1016/j.bmcl.2006.11.083,17236762,1,False,False,pending_dual_review,eligible_for_primary_evidence_review,
BDB-50202991,50202991,COCCOc1ccc(N2CCN(CCn3ncc4c3nc(N)n3nc(-c5ccco5)nc43)CC2)c(F)c1,ZQHMDORXGVCDDX-UHFFFAOYSA-N,C1CCC(C2CCC(CCC3CCC4C3CCC3CC(C5CCCC5)CC34)CC2)CC1,10.1016/j.bmcl.2006.11.083,17236762,1,False,False,pending_dual_review,eligible_for_primary_evidence_review,
BDB-50202992,50202992,Nc1nc2c(cnn2CCN2CCN(c3ccc(F)cc3)CC2)c2nc(-c3ccco3)nn12,JZQKRTMACNZFTG-UHFFFAOYSA-N,C1CCC(C2CCC(CCC3CCC4C3CCC3CC(C5CCCC5)CC34)CC2)CC1,10.1016/j.bmcl.2006.11.083,17236762,1,False,False,pending_dual_review,eligible_for_primary_evidence_review,
BDB-50202993,50202993,Nc1nc2c(cnn2CCN2CCN(c3ccccc3)CC2)c2nc(-c3ccco3)nn12,WFWHDQGOIJIVSG-UHFFFAOYSA-N,C1CCC(C2CCC(CCC3CCC4C3CCC3CC(C5CCCC5)CC34)CC2)CC1,10.1016/j.bmcl.2006.11.083,17236762,1,False,False,pending_dual_review,eligible_for_primary_evidence_review,
BDB-50202994,50202994,Nc1nc2c(cnn2CCN2CCN(c3ccc(Cl)cc3)CC2)c2nc(-c3ccco3)nn12,DCQGWYFDBJKNRW-UHFFFAOYSA-N,C1CCC(C2CCC(CCC3CCC4C3CCC3CC(C5CCCC5)CC34)CC2)CC1,10.1016/j.bmcl.2006.11.083,17236762,1,False,False,pending_dual_review,eligible_for_primary_evidence_review,
BDB-50202995,50202995,C[S+]([O-])COc1ccc(N2CCN(CCn3ncc4c3nc(N)n3nc(-c5ccco5)nc43)CC2)cc1,CNARRPQTMNYNBF-UHFFFAOYSA-N,C1CCC(C2CCC(CCC3CCC4C3CCC3CC(C5CCCC5)CC34)CC2)CC1,10.1016/j.bmcl.2006.11.083,17236762,1,False,False,pending_dual_review,eligible_for_primary_evidence_review,
BDB-50202996,50202996,Nc1nc2c(cnn2CCN2CCN(c3ccccc3F)CC2)c2nc(-c3ccco3)nn12,GOGLCSDPHFNNNE-UHFFFAOYSA-N,C1CCC(C2CCC(CCC3CCC4C3CCC3CC(C5CCCC5)CC34)CC2)CC1,10.1016/j.bmcl.2006.11.083,17236762,1,False,False,pending_dual_review,eligible_for_primary_evidence_review,
BDB-50202997,50202997,Nc1nc2c(cnn2CCN2CCN(c3ccc(O)cc3)CC2)c2nc(-c3ccco3)nn12,IKQDPYIPJVIVST-UHFFFAOYSA-N,C1CCC(C2CCC(CCC3CCC4C3CCC3CC(C5CCCC5)CC34)CC2)CC1,10.1016/j.bmcl.2006.11.083|10.1021/ml300397j,17236762|24900549,2,False,False,pending_dual_review,eligible_for_primary_evidence_review,
BDB-50202998,50202998,Nc1nc2c(cnn2CCN2CCN(c3ccc(OCCO)cc3)CC2)c2nc(-c3ccco3)nn12,MDXHGHFPTDKASR-UHFFFAOYSA-N,C1CCC(C2CCC(CCC3CCC4C3CCC3CC(C5CCCC5)CC34)CC2)CC1,10.1016/j.bmcl.2006.11.083|10.1021/ml300397j,17236762|24900549,2,False,False,pending_dual_review,eligible_for_primary_evidence_review,
BDB-50202999,50202999,Nc1nc2c(cnn2CCN2CCN(c3c(F)cc(F)cc3F)CC2)c2nc(-c3ccco3)nn12,JUBAYSLJFPEAFH-UHFFFAOYSA-N,C1CCC(C2CCC(CCC3CCC4C3CCC3CC(C5CCCC5)CC34)CC2)CC1,10.1016/j.bmcl.2006.11.083,17236762,1,False,False,pending_dual_review,eligible_for_primary_evidence_review,
BDB-50203000,50203000,Nc1nc2c(cnn2CCN2CCN(c3ccc(OCCOC4CC4)cc3)CC2)c2nc(-c3ccco3)nn12,VCXBXZUMBAYIBB-UHFFFAOYSA-N,C(CCC1CCC(C2CCC(CCC3CCC4C3CCC3CC(C5CCCC5)CC34)CC2)CC1)CC1CC1,10.1016/j.bmcl.2006.11.083,17236762,1,False,False,pending_dual_review,eligible_for_primary_evidence_review,
BDB-50203001,50203001,CC(=O)COc1ccc(N2CCN(CCn3ncc4c3nc(N)n3nc(-c5ccco5)nc43)CC2)cc1,KKQZXVHOWDIROP-UHFFFAOYSA-N,C1CCC(C2CCC(CCC3CCC4C3CCC3CC(C5CCCC5)CC34)CC2)CC1,10.1016/j.bmcl.2006.11.083,17236762,1,False,False,pending_dual_review,eligible_for_primary_evidence_review,
BDB-50204233,50204233,CCn1c(=O)c2c(nc(COc3ccc(OC)cc3)n2C)n(CC)c1=O,NCBQIYWBAQBESW-UHFFFAOYSA-N,CC1CC(C)C2CC(CCC3CCCCC3)CC2C1,,34695776,1,False,False,pending_dual_review,eligible_for_primary_evidence_review,
BDB-50205279,50205279,c1ccc(-c2cc(-c3ccccc3)c3nc[nH]c3n2)cc1,JRQCVLBKLGJDMI-UHFFFAOYSA-N,C1CCC(C2CC3CCCC3C(C3CCCCC3)C2)CC1,10.1021/jm0607956,17300165,1,False,False,pending_dual_review,eligible_for_primary_evidence_review,
BDB-50205280,50205280,CC(C)Cc1nc2c(-c3ccccc3)cc(-c3ccccc3)nc2[nH]1,PPFWSQNEFCXMGP-UHFFFAOYSA-N,C1CCC(C2CC3CCCC3C(C3CCCCC3)C2)CC1,10.1021/jm0607956,17300165,1,False,False,pending_dual_review,eligible_for_primary_evidence_review,
BDB-50205281,50205281,CC(C)c1nc2c(-c3ccccc3)cc(-c3ccccc3)nc2[nH]1,REXYMDQLBZWOMA-UHFFFAOYSA-N,C1CCC(C2CC3CCCC3C(C3CCCCC3)C2)CC1,10.1021/jm0607956,17300165,1,False,False,pending_dual_review,eligible_for_primary_evidence_review,
BDB-50205282,50205282,O=c1[nH]c2nc(-c3ccccc3)cc(-c3ccccc3)c2[nH]1,SHTZPAWLYJASHR-UHFFFAOYSA-N,CC1CC2CC(C3CCCCC3)CC(C3CCCCC3)C2C1,10.1021/jm0607956,17300165,1,False,False,pending_dual_review,eligible_for_primary_evidence_review,
BDB-50205283,50205283,c1ccc(-c2cc(-c3ccccc3)c3nc(C4CCCCC4)[nH]c3n2)cc1,DXBBMCIVYYJMJC-UHFFFAOYSA-N,C1CCC(C2CC3CC(C4CCCCC4)CC3C(C3CCCCC3)C2)CC1,10.1021/jm0607956,17300165,1,False,False,pending_dual_review,eligible_for_primary_evidence_review,
BDB-50205284,50205284,CCc1nc2c(-c3ccccc3)cc(-c3ccccc3)nc2[nH]1,PMDYRFYZMJGDQY-UHFFFAOYSA-N,C1CCC(C2CC3CCCC3C(C3CCCCC3)C2)CC1,10.1021/jm0607956,17300165,1,False,False,pending_dual_review,eligible_for_primary_evidence_review,
BDB-50205285,50205285,CCC(CC)c1nc2c(-c3ccccc3)cc(-c3ccccc3)nc2[nH]1,GPQRSDCKVYJMOH-UHFFFAOYSA-N,C1CCC(C2CC3CCCC3C(C3CCCCC3)C2)CC1,10.1021/jm0607956,17300165,1,False,False,pending_dual_review,eligible_for_primary_evidence_review,
BDB-50205287,50205287,Cc1nc2c(-c3ccccc3)cc(-c3ccccc3)nc2[nH]1,HKDKOLLILMBGNN-UHFFFAOYSA-N,C1CCC(C2CC3CCCC3C(C3CCCCC3)C2)CC1,10.1021/jm0607956,17300165,1,False,False,pending_dual_review,eligible_for_primary_evidence_review,
BDB-50205289,50205289,CC(C)(C)c1nc2c(-c3ccccc3)cc(-c3ccccc3)nc2[nH]1,LYZUCUIUVUYBJL-UHFFFAOYSA-N,C1CCC(C2CC3CCCC3C(C3CCCCC3)C2)CC1,10.1021/jm0607956,17300165,1,False,False,pending_dual_review,eligible_for_primary_evidence_review,
BDB-50205290,50205290,CCCc1nc2c(-c3ccccc3)cc(-c3ccccc3)nc2[nH]1,DBBRCPJIWFJBPI-UHFFFAOYSA-N,C1CCC(C2CC3CCCC3C(C3CCCCC3)C2)CC1,10.1021/jm0607956,17300165,1,False,False,pending_dual_review,eligible_for_primary_evidence_review,
BDB-50205696,50205696,CONc1nc(C#Cc2ccc(C)cc2)nc2c1ncn2[C@@H]1O[C@H](CO)[C@@H](O)[C@H]1O,QEUCNKIJAMGFSL-AEVYOOLXSA-N,C1CCC(CCC2CCC3CCC(C4CCCC4)C3C2)CC1,10.1021/jm060963u,17309246,1,False,False,pending_dual_review,eligible_for_primary_evidence_review,
BDB-50205697,50205697,CONc1nc(C#Cc2ccccn2)nc2c1ncn2[C@@H]1O[C@H](CO)[C@@H](O)[C@H]1O,CMMXTSNUEHRJEY-XKLVTHTNSA-N,C1CCC(CCC2CCC3CCC(C4CCCC4)C3C2)CC1,10.1021/jm060963u,17309246,1,False,False,pending_dual_review,eligible_for_primary_evidence_review,
BDB-50205698,50205698,CCNC(=O)[C@H]1O[C@@H](n2cnc3c(NOC)nc(C#Cc4ccccc4)nc32)[C@H](O)[C@@H]1O,BYBYINLXVNEFCP-GRXQJBFDSA-N,C1CCC(CCC2CCC3CCC(C4CCCC4)C3C2)CC1,10.1021/jm060963u,17309246,1,False,False,pending_dual_review,eligible_for_primary_evidence_review,
BDB-50205700,50205700,CONc1nc(C#Cc2ccc(F)cc2)nc2c1ncn2[C@@H]1O[C@H](CO)[C@@H](O)[C@H]1O,IEVVENMHWBPFQV-BGIGGGFGSA-N,C1CCC(CCC2CCC3CCC(C4CCCC4)C3C2)CC1,10.1021/jm060963u,17309246,1,False,False,pending_dual_review,eligible_for_primary_evidence_review,
BDB-50205701,50205701,CONc1nc(C#Cc2ccccc2)nc2c1ncn2[C@@H]1O[C@@H](CO)[C@@H](O)[C@H]1O,GWYJBOYUQUUQGN-GCUGWZBJSA-N,C1CCC(CCC2CCC3CCC(C4CCCC4)C3C2)CC1,10.1021/jm060963u,17309246,1,False,False,pending_dual_review,eligible_for_primary_evidence_review,
BDB-50205702,50205702,CONc1nc(C#Cc2ccc(C(C)=O)cc2)nc2c1ncn2[C@@H]1O[C@H](CO)[C@@H](O)[C@H]1O,MPFGTODTMYCUJG-HAXDFEGKSA-N,C1CCC(CCC2CCC3CCC(C4CCCC4)C3C2)CC1,10.1021/jm060963u,17309246,1,False,False,pending_dual_review,eligible_for_primary_evidence_review,
BDB-50205704,50205704,CCNC(=O)[C@H]1O[C@@H](n2cnc3c(NOC)nc(C#Cc4ccccn4)nc32)[C@H](O)[C@@H]1O,PJCIYBMNOHBKGY-KSVNGYGVSA-N,C1CCC(CCC2CCC3CCC(C4CCCC4)C3C2)CC1,10.1021/jm060963u,17309246,1,False,False,pending_dual_review,eligible_for_primary_evidence_review,
BDB-50205707,50205707,CONc1nc(C#CC2CCCCC2O)nc2c1ncn2[C@@H]1O[C@H](CO)[C@@H](O)[C@H]1O,FEYPBAUWNQTFHW-GEPILXKISA-N,C1CCC(CCC2CCC3CCC(C4CCCC4)C3C2)CC1,10.1021/jm060963u,17309246,1,False,False,pending_dual_review,eligible_for_primary_evidence_review,
BDB-50205708,50205708,CCCCCc1ccc(C#Cc2nc(NOC)c3ncn([C@@H]4O[C@H](CO)[C@@H](O)[C@H]4O)c3n2)cc1,SQMZMNPGRAKQJD-FGSUIDRYSA-N,C1CCC(CCC2CCC3CCC(C4CCCC4)C3C2)CC1,10.1021/jm060963u,17309246,1,False,False,pending_dual_review,eligible_for_primary_evidence_review,
BDB-50205709,50205709,Nc1nc(C#Cc2ccccc2)nc2c1ncn2[C@@H]1O[C@H](CO)[C@@H](O)[C@H]1O,BARJSNBJYYNDDG-XKLVTHTNSA-N,C1CCC(CCC2CCC3CCC(C4CCCC4)C3C2)CC1,10.1016/j.bmc.2010.09.038|10.1016/j.ejmech.2021.113607|10.1021/jm060963u,17309246|20943397|34171656,3,False,False,pending_dual_review,eligible_for_primary_evidence_review,
BDB-50205710,50205710,CNC(=O)[C@H]1O[C@@H](n2cnc3c(NOC)nc(C#Cc4ccccc4)nc32)[C@H](O)[C@@H]1O,AVTOZWUEVSSUNP-KSVNGYGVSA-N,C1CCC(CCC2CCC3CCC(C4CCCC4)C3C2)CC1,10.1021/jm060963u|10.1021/jm900754g,17309246|19839592,2,False,False,pending_dual_review,eligible_for_primary_evidence_review,
BDB-50205711,50205711,CONc1nc(C#Cc2ccc(OC)cc2)nc2c1ncn2[C@@H]1O[C@H](CO)[C@@H](O)[C@H]1O,MZYNTNQYNANXII-AEVYOOLXSA-N,C1CCC(CCC2CCC3CCC(C4CCCC4)C3C2)CC1,10.1021/jm060963u,17309246,1,False,False,pending_dual_review,eligible_for_primary_evidence_review,
BDB-50205712,50205712,CCCCCc1ccc(C#Cc2nc(NOC)c3ncn([C@@H]4O[C@H](C(=O)NCC)[C@@H](O)[C@H]4O)c3n2)cc1,QNYOBYKULUANIU-IMIIHFCZSA-N,C1CCC(CCC2CCC3CCC(C4CCCC4)C3C2)CC1,10.1021/jm060963u,17309246,1,False,False,pending_dual_review,eligible_for_primary_evidence_review,
BDB-50205713,50205713,CNC(=O)[C@H]1O[C@@H](n2cnc3c(NOC)nc(C#Cc4ccc(C)cc4)nc32)[C@H](O)[C@@H]1O,RBUDYDKBCPJISI-GRXQJBFDSA-N,C1CCC(CCC2CCC3CCC(C4CCCC4)C3C2)CC1,10.1021/jm060963u,17309246,1,False,False,pending_dual_review,eligible_for_primary_evidence_review,
BDB-50205714,50205714,CNC(=O)[C@H]1O[C@@H](n2cnc3c(NOC)nc(C#Cc4ccc(C(C)=O)cc4)nc32)[C@H](O)[C@@H]1O,VGHWQWQBYNQEDX-RQXXJAGISA-N,C1CCC(CCC2CCC3CCC(C4CCCC4)C3C2)CC1,10.1021/jm060963u,17309246,1,False,False,pending_dual_review,eligible_for_primary_evidence_review,
BDB-50205716,50205716,CCNC(=O)[C@H]1O[C@@H](n2cnc3c(NOC)nc(C#Cc4ccc(C)cc4)nc32)[C@H](O)[C@@H]1O,KPJPDMWJONEJFH-RQXXJAGISA-N,C1CCC(CCC2CCC3CCC(C4CCCC4)C3C2)CC1,10.1021/jm060963u,17309246,1,False,False,pending_dual_review,eligible_for_primary_evidence_review,
BDB-50205718,50205718,CCNC(=O)[C@H]1O[C@@H](n2cnc3c(NOC)nc(C#Cc4ccc(C(C)=O)cc4)nc32)[C@H](O)[C@@H]1O,PBMGVMMGAHJOMZ-QPXQOZNCSA-N,C1CCC(CCC2CCC3CCC(C4CCCC4)C3C2)CC1,10.1021/jm060963u,17309246,1,False,False,pending_dual_review,eligible_for_primary_evidence_review,
BDB-50205720,50205720,CCNC(=O)[C@H]1O[C@@H](n2cnc3c(NOC)nc(C#Cc4ccc(F)cc4)nc32)[C@H](O)[C@@H]1O,AHXLSRFNPIOZKZ-GRXQJBFDSA-N,C1CCC(CCC2CCC3CCC(C4CCCC4)C3C2)CC1,10.1021/jm060963u,17309246,1,False,False,pending_dual_review,eligible_for_primary_evidence_review,
BDB-50205721,50205721,CONc1nc(C#Cc2ccncc2)nc2c1ncn2[C@@H]1O[C@H](CO)[C@@H](O)[C@H]1O,NZIZYIGAKAUPPW-XKLVTHTNSA-N,C1CCC(CCC2CCC3CCC(C4CCCC4)C3C2)CC1,10.1021/jm060963u,17309246,1,False,False,pending_dual_review,eligible_for_primary_evidence_review,
BDB-50205722,50205722,CNC(=O)[C@H]1O[C@@H](n2cnc3c(NOC)nc(C#Cc4ccc(F)cc4)nc32)[C@H](O)[C@@H]1O,ONKUERGTTKQFGY-KSVNGYGVSA-N,C1CCC(CCC2CCC3CCC(C4CCCC4)C3C2)CC1,10.1021/jm060963u|10.1021/jm900754g,17309246|19839592,2,False,False,pending_dual_review,eligible_for_primary_evidence_review,
BDB-50205723,50205723,CONc1nc(C#Cc2cccc(C(F)(F)F)c2)nc2c1ncn2[C@@H]1O[C@H](CO)[C@@H](O)[C@H]1O,MJKYCZALEBGGSJ-BGIGGGFGSA-N,C1CCC(CCC2CCC3CCC(C4CCCC4)C3C2)CC1,10.1021/jm060963u,17309246,1,False,False,pending_dual_review,eligible_for_primary_evidence_review,
BDB-50205725,50205725,CONc1nc(C#Cc2cccnc2)nc2c1ncn2[C@@H]1O[C@H](CO)[C@@H](O)[C@H]1O,XQAKVNKMDSEKNH-XKLVTHTNSA-N,C1CCC(CCC2CCC3CCC(C4CCCC4)C3C2)CC1,10.1021/jm060963u,17309246,1,False,False,pending_dual_review,eligible_for_primary_evidence_review,
BDB-50205726,50205726,CONc1nc(C#Cc2ccc(CC#N)cc2)nc2c1ncn2[C@@H]1O[C@H](CO)[C@@H](O)[C@H]1O,VVTWSQHPMAGHEJ-HAXDFEGKSA-N,C1CCC(CCC2CCC3CCC(C4CCCC4)C3C2)CC1,10.1021/jm060963u,17309246,1,False,False,pending_dual_review,eligible_for_primary_evidence_review,
BDB-50205727,50205727,CCCCCc1ccc(C#Cc2nc(NOC)c3ncn([C@@H]4O[C@H](C(=O)NC)[C@@H](O)[C@H]4O)c3n2)cc1,LLIROBBEBWFIPT-UGCAPWQASA-N,C1CCC(CCC2CCC3CCC(C4CCCC4)C3C2)CC1,10.1021/jm060963u,17309246,1,False,False,pending_dual_review,eligible_for_primary_evidence_review,
BDB-50205728,50205728,CONc1nc(C#Cc2ccc(C(N)=O)cc2)nc2c1ncn2[C@@H]1O[C@H](CO)[C@@H](O)[C@H]1O,FTCVSTIHSVFDEB-VXHCAWKWSA-N,C1CCC(CCC2CCC3CCC(C4CCCC4)C3C2)CC1,10.1021/jm060963u,17309246,1,False,False,pending_dual_review,eligible_for_primary_evidence_review,
BDB-50205729,50205729,CNC(=O)[C@H]1O[C@@H](n2cnc3c(NOC)nc(C#Cc4ccccn4)nc32)[C@H](O)[C@@H]1O,MYYKMRQUGDDSHS-QCUYGVNKSA-N,C1CCC(CCC2CCC3CCC(C4CCCC4)C3C2)CC1,10.1021/jm060963u|10.1021/jm900754g,17309246|19839592,2,False,False,pending_dual_review,eligible_for_primary_evidence_review,
BDB-50207817,50207817,Oc1c(Br)cc2[nH]c3cnccc3c2c1Br,UNIUKKWPGRGSRQ-UHFFFAOYSA-N,C1CCC2C(C1)CC1CCCCC12,10.1016/j.bmc.2007.02.043|10.1016/j.bmc.2008.01.041,17350268|18262425,2,False,False,pending_dual_review,eligible_for_primary_evidence_review,
BDB-50208784,50208784,Nc1nc(OCCc2ccc3ccccc3c2)nc2c1ncn2[C@@H]1O[C@H](CO)[C@@H](O)[C@H]1O,LCDBQJZQQFLFGG-QTQZEZTPSA-N,C(CC1CCC2CCCCC2C1)CC1CCC2CCC(C3CCCC3)C2C1,10.1021/jm061278q,17378544,1,False,False,pending_dual_review,eligible_for_primary_evidence_review,
BDB-50208792,50208792,Nc1nc(OCCCCc2ccccc2)nc2c1ncn2[C@@H]1O[C@H](CO)[C@@H](O)[C@H]1O,VZCKGCMWUBEJIH-NVQRDWNXSA-N,C1CCC(CCCCCC2CCC3CCC(C4CCCC4)C3C2)CC1,10.1021/jm061278q,17378544,1,False,False,pending_dual_review,eligible_for_primary_evidence_review,
BDB-50208793,50208793,C[C@@H](CCOc1nc(N)c2ncn([C@@H]3O[C@H](CO)[C@@H](O)[C@H]3O)c2n1)c1ccccc1,SMVWSEWROWANMH-KFAHYOAQSA-N,C1CCC(CCCCC2CCC3CCC(C4CCCC4)C3C2)CC1,10.1021/jm061278q,17378544,1,False,False,pending_dual_review,eligible_for_primary_evidence_review,
BDB-50208800,50208800,Nc1nc(OCCc2cccs2)nc2c1ncn2[C@@H]1O[C@H](CO)[C@@H](O)[C@H]1O,BVOKQKZIUWGDTK-SDBHATRESA-N,C1CCC(CCCC2CCC3CCC(C4CCCC4)C3C2)C1,10.1021/jm061278q,17378544,1,False,False,pending_dual_review,eligible_for_primary_evidence_review,
BDB-50208806,50208806,Nc1nc(OCCc2cc[nH]c2)nc2c1ncn2[C@@H]1O[C@H](CO)[C@@H](O)[C@H]1O,OBDCLFIHFXHMSJ-SDBHATRESA-N,C1CCC(CCCC2CCC3CCC(C4CCCC4)C3C2)C1,10.1021/jm061278q,17378544,1,False,False,pending_dual_review,eligible_for_primary_evidence_review,
BDB-50208810,50208810,Nc1nc(OCCCc2ccccc2)nc2c1ncn2[C@@H]1O[C@H](CO)[C@@H](O)[C@H]1O,UDWLAWJOABGYPL-SCFUHWHPSA-N,C1CCC(CCCCC2CCC3CCC(C4CCCC4)C3C2)CC1,10.1021/jm061278q,17378544,1,False,False,pending_dual_review,eligible_for_primary_evidence_review,
BDB-50208811,50208811,Cc1ccc(S(=O)(=O)n2c(CCOc3nc(N)c4ncn([C@@H]5O[C@H](CO)[C@@H](O)[C@H]5O)c4n3)cc3ccccc32)cc1,ZJDAEJJMDHYEGB-HUBRGWSESA-N,CC(C)(C1CCCCC1)C1C(CCCC2CCC3CCC(C4CCCC4)C3C2)CC2CCCCC21,10.1021/jm061278q,17378544,1,False,False,pending_dual_review,eligible_for_primary_evidence_review,
BDB-50208812,50208812,Nc1nc(OCCc2cc3ccccc3[nH]2)nc2c1ncn2[C@@H]1O[C@H](CO)[C@@H](O)[C@H]1O,VWETWISDPZSJHC-NVQRDWNXSA-N,C(CC1CC2CCCCC2C1)CC1CCC2CCC(C3CCCC3)C2C1,10.1021/jm061278q,17378544,1,False,False,pending_dual_review,eligible_for_primary_evidence_review,
BDB-50208813,50208813,Cc1ccc(S(=O)(=O)n2cc(CCOc3nc(N)c4ncn([C@@H]5O[C@H](CO)[C@@H](O)[C@H]5O)c4n3)c3ccccc32)cc1,XLGOPZUMYJVFMX-HUBRGWSESA-N,CC(C)(C1CCCCC1)C1CC(CCCC2CCC3CCC(C4CCCC4)C3C2)C2CCCCC21,10.1021/jm061278q,17378544,1,False,False,pending_dual_review,eligible_for_primary_evidence_review,
BDB-50208815,50208815,Nc1nc(OCCc2ccsc2)nc2c1ncn2[C@@H]1O[C@H](CO)[C@@H](O)[C@H]1O,OISMCBJDQAPTCF-SDBHATRESA-N,C1CCC(CCCC2CCC3CCC(C4CCCC4)C3C2)C1,10.1021/jm061278q,17378544,1,False,False,pending_dual_review,eligible_for_primary_evidence_review,
BDB-50210799,50210799,Nc1ncc(-c2ccnc(C3CC3)c2)c(-c2ccccc2)n1,PMEKDWVZCIEDTG-UHFFFAOYSA-N,C1CCC(C2CCCCC2C2CCCC(C3CC3)C2)CC1,10.1016/j.ejmech.2016.09.081,27718474,1,False,False,pending_dual_review,eligible_for_primary_evidence_review,
BDB-50210814,50210814,Nc1ncc(-c2ccc3ccccc3c2)c(-c2ccccc2)n1,OLHJFBKEAWWWSM-UHFFFAOYSA-N,C1CCC(C2CCCCC2C2CCC3CCCCC3C2)CC1,10.1016/j.ejmech.2016.09.081,27718474,1,False,False,pending_dual_review,eligible_for_primary_evidence_review,
BDB-50210817,50210817,O[C@H]1CC[C@H](Nc2ncc(-c3ccnc(C4CC4)c3)c(-c3ccccc3)n2)CC1,VSMIUNBJXCLEKD-MXVIHJGJSA-N,C1CCC(CC2CCC(C3CCCC(C4CC4)C3)C(C3CCCCC3)C2)CC1,10.1016/j.ejmech.2016.09.081,27718474,1,False,False,pending_dual_review,eligible_for_primary_evidence_review,
BDB-50210818,50210818,O[C@H]1CC[C@H](Nc2ncc(-c3ccc4ccccc4c3)c(-c3ccccc3)n2)CC1,ZQDPBVRIRZFYKQ-YHBQERECSA-N,C1CCC(CC2CCC(C3CCC4CCCCC4C3)C(C3CCCCC3)C2)CC1,10.1016/j.ejmech.2016.09.081|10.1021/acs.jmedchem.1c01636,27718474|35068155,2,False,False,pending_dual_review,eligible_for_primary_evidence_review,
BDB-50211077,50211077,Nc1nc(NCCc2ccc(O)c(O)c2)nc2sc(-c3ccco3)nc12,KLLJKZAKUJQFQR-UHFFFAOYSA-N,C1CCC(CCCC2CCC3CC(C4CCCC4)CC3C2)CC1,10.1021/acs.jmedchem.6b01068,27933962,1,False,False,pending_dual_review,eligible_for_primary_evidence_review,
BDB-50211080,50211080,Nc1nc(NCCCc2ccccc2)nc2sc(-c3ccco3)nc12,MSBBAXWACYQBNB-UHFFFAOYSA-N,C1CCC(CCCCC2CCC3CC(C4CCCC4)CC3C2)CC1,10.1021/acs.jmedchem.6b01068,27933962,1,False,False,pending_dual_review,eligible_for_primary_evidence_review,
BDB-50211082,50211082,COc1cccc(CCNc2nc(N)c3nc(-c4ccco4)sc3n2)c1,MTOYSMRCARGHKF-UHFFFAOYSA-N,C1CCC(CCCC2CCC3CC(C4CCCC4)CC3C2)CC1,10.1021/acs.jmedchem.6b01068,27933962,1,False,False,pending_dual_review,eligible_for_primary_evidence_review,
BDB-50211083,50211083,Nc1nc(Nc2ccccc2)nc2sc(-c3ccco3)nc12,YEXYVRKJKQADJF-UHFFFAOYSA-N,C1CCC(CC2CCC3CC(C4CCCC4)CC3C2)CC1,10.1021/acs.jmedchem.6b01068,27933962,1,False,False,pending_dual_review,eligible_for_primary_evidence_review,
BDB-50211089,50211089,Nc1nc(NCc2cccc(F)c2)nc2sc(-c3ccco3)nc12,BUZWUSFZQKOOOY-UHFFFAOYSA-N,C1CCC(CCC2CCC3CC(C4CCCC4)CC3C2)CC1,10.1021/acs.jmedchem.6b01068,27933962,1,False,False,pending_dual_review,eligible_for_primary_evidence_review,
BDB-50211092,50211092,COc1ccc(CCNc2nc(N)c3nc(-c4ccco4)sc3n2)cc1OC,MRNAGDNRGKXOJA-UHFFFAOYSA-N,C1CCC(CCCC2CCC3CC(C4CCCC4)CC3C2)CC1,10.1021/acs.jmedchem.6b01068,27933962,1,False,False,pending_dual_review,eligible_for_primary_evidence_review,
BDB-50211095,50211095,Nc1nc(NCCc2cccc(O)c2)nc2sc(-c3ccco3)nc12,BPJQHNKRHLCRCJ-UHFFFAOYSA-N,C1CCC(CCCC2CCC3CC(C4CCCC4)CC3C2)CC1,10.1021/acs.jmedchem.6b01068,27933962,1,False,False,pending_dual_review,eligible_for_primary_evidence_review,
BDB-50212798,50212798,COc1ccccc1CN1CCCn2c1nc1c2c(=O)n(C)c(=O)n1C,IREYKMZFYCQRKW-UHFFFAOYSA-N,CC1CC(C)C2C(C1)CC1C(CC3CCCCC3)CCCC12,10.1016/j.bmc.2007.04.018,17499511,1,False,False,pending_dual_review,eligible_for_primary_evidence_review,
BDB-50212816,50212816,Cn1c(=O)c2c(nc3n2CCCN3Cc2cccc(Cl)c2)n(C)c1=O,DBKCMQYLIZAYNU-UHFFFAOYSA-N,CC1CC(C)C2C(C1)CC1C(CC3CCCCC3)CCCC12,10.1016/j.bmc.2013.09.044|10.1016/j.bmc.2019.02.004,24139167|30808606,2,False,False,pending_dual_review,eligible_for_primary_evidence_review,
BDB-50218916,50218916,COc1cccc(-n2cc3c(n2)c(N)nc2ccccc23)c1,POCGSYFXHADFKF-UHFFFAOYSA-N,C1CCC(C2CC3CCC4CCCCC4C3C2)CC1,10.1021/jm070123v,17665891,1,False,False,pending_dual_review,eligible_for_primary_evidence_review,
BDB-50218919,50218919,Cc1cccc(-n2cc3c(n2)c(NC(=O)c2ccccc2)nc2ccccc23)c1,OJHDOIIUJLKKAH-UHFFFAOYSA-N,CC(CC1CC2CCCCC2C2CC(C3CCCCC3)CC12)C1CCCCC1,10.1016/j.bmc.2008.10.018|10.1021/jm070123v,17665891|18996701,2,False,False,pending_dual_review,eligible_for_primary_evidence_review,
BDB-50218922,50218922,O=c1[nH]c2ccccc2c2cn(-c3ccccc3)nc12,ISMLHIIGSRUCOQ-UHFFFAOYSA-N,CC1CC2CCCCC2C2CC(C3CCCCC3)CC12,10.1021/jm000936i,10956220,1,False,False,pending_dual_review,eligible_for_primary_evidence_review,
BDB-50218924,50218924,CC(=O)Nc1nc2ccccc2c2cn(-c3ccc(C)cc3)nc12,NJHFXFSXKRPREQ-UHFFFAOYSA-N,C1CCC(C2CC3CCC4CCCCC4C3C2)CC1,10.1021/jm070123v,17665891,1,False,False,pending_dual_review,eligible_for_primary_evidence_review,
BDB-50221691,50221691,Cn1c(=O)c2c(nc3n2CCCN3CCc2c[nH]c3ccccc23)n(C)c1=O,PUJKERUFRDZALE-UHFFFAOYSA-N,CC1CC(C)C2C(C1)CC1C(CCC3CCC4CCCCC43)CCCC12,10.1016/j.bmc.2007.07.051,17827019,1,False,False,pending_dual_review,eligible_for_primary_evidence_review,
BDB-50224345,50224345,Nc1nc2ccccc2n2c(=O)c(-c3ccccc3)nn12,USSBTWZTAKFRRE-UHFFFAOYSA-N,CC1C(C2CCCCC2)CC2CCC3CCCCC3C21,10.1021/jm0708376,17927167,1,False,False,pending_dual_review,eligible_for_primary_evidence_review,
BDB-50224346,50224346,O=C(Nc1ccccc1)Nc1nc2ccccc2n2c(=O)c(-c3ccccc3)nn12,BVOVJLLRSXDRRX-UHFFFAOYSA-N,CC(CC1CCCCC1)CC1CC2CCCCC2C2C(C)C(C3CCCCC3)CC12,10.1021/jm0708376,17927167,1,False,False,pending_dual_review,eligible_for_primary_evidence_review,
BDB-50224347,50224347,COc1ccc(-c2nn3c(N)nc4ccccc4n3c2=O)cc1,IOWNKKZIDUUCQI-UHFFFAOYSA-N,CC1C(C2CCCCC2)CC2CCC3CCCCC3C21,10.1021/jm0708376,17927167,1,False,False,pending_dual_review,eligible_for_primary_evidence_review,
BDB-50224349,50224349,Cc1ccc(-c2nn3c(N)nc4ccccc4n3c2=O)cc1,MBVAHTVJNPQBIQ-UHFFFAOYSA-N,CC1C(C2CCCCC2)CC2CCC3CCCCC3C21,10.1021/jm0708376,17927167,1,False,False,pending_dual_review,eligible_for_primary_evidence_review,
BDB-50224350,50224350,Nc1nc2ccc(Cl)cc2n2c(=O)c(-c3ccccc3)nn12,LEOMMCGIZNQEEE-UHFFFAOYSA-N,CC1C(C2CCCCC2)CC2CCC3CCCCC3C21,10.1021/jm0708376,17927167,1,False,False,pending_dual_review,eligible_for_primary_evidence_review,
BDB-50224353,50224353,O=C(Nc1nc2ccccc2n2c(=O)c(-c3ccccc3)nn12)c1ccccc1,OFDQIHUVLITVFQ-UHFFFAOYSA-N,CC(CC1CC2CCCCC2C2C(C)C(C3CCCCC3)CC12)C1CCCCC1,10.1021/jm0708376,17927167,1,False,False,pending_dual_review,eligible_for_primary_evidence_review,
BDB-50224354,50224354,O=C(c1ccccc1)N(C(=O)c1ccccc1)c1nc2ccccc2n2c(=O)c(-c3ccccc3)nn12,CQAIQADUPVBHNR-UHFFFAOYSA-N,CC(C1CCCCC1)C(C(C)C1CCCCC1)C1CC2CCCCC2C2C(C)C(C3CCCCC3)CC12,10.1021/jm0708376,17927167,1,False,False,pending_dual_review,eligible_for_primary_evidence_review,
BDB-50224356,50224356,Nc1nc2ccccc2n2c(=O)c(-c3ccc(Cl)cc3)nn12,DHIGIWGZMLKLAP-UHFFFAOYSA-N,CC1C(C2CCCCC2)CC2CCC3CCCCC3C21,10.1021/jm0708376,17927167,1,False,False,pending_dual_review,eligible_for_primary_evidence_review,
BDB-50224357,50224357,Nc1nc2ccccc2n2c(=O)c(-c3ccc(F)cc3)nn12,AWWNWZTXVQGOOY-UHFFFAOYSA-N,CC1C(C2CCCCC2)CC2CCC3CCCCC3C21,10.1021/jm0708376,17927167,1,False,False,pending_dual_review,eligible_for_primary_evidence_review,
BDB-50224359,50224359,COc1ccc(NC(=O)Nc2nc3ccccc3n3c(=O)c(-c4ccccc4)nn23)cc1,VNUYVLKBYPHRDX-UHFFFAOYSA-N,CC(CC1CCCCC1)CC1CC2CCCCC2C2C(C)C(C3CCCCC3)CC12,10.1021/jm0708376,17927167,1,False,False,pending_dual_review,eligible_for_primary_evidence_review,
BDB-50224361,50224361,Nc1nc2ccc(Cl)cc2n2c(=O)c(-c3ccc(Cl)cc3)nn12,QEKAHUYYWSNHDY-UHFFFAOYSA-N,CC1C(C2CCCCC2)CC2CCC3CCCCC3C21,10.1021/jm0708376,17927167,1,False,False,pending_dual_review,eligible_for_primary_evidence_review,
BDB-50224362,50224362,O=C(NCc1ccccc1)Nc1nc2ccccc2n2c(=O)c(-c3ccccc3)nn12,IKFMGYMYHCOEEV-UHFFFAOYSA-N,CC(CCC1CCCCC1)CC1CC2CCCCC2C2C(C)C(C3CCCCC3)CC12,10.1021/jm0708376,17927167,1,False,False,pending_dual_review,eligible_for_primary_evidence_review,
BDB-50224363,50224363,Cc1ccc(-c2nn3c(N)nc4ccc(Cl)cc4n3c2=O)cc1,LBRGGYSEOQRMNO-UHFFFAOYSA-N,CC1C(C2CCCCC2)CC2CCC3CCCCC3C21,10.1021/jm0708376,17927167,1,False,False,pending_dual_review,eligible_for_primary_evidence_review,
BDB-50224365,50224365,O=C(Nc1cccc(Cl)c1)Nc1nc2ccccc2n2c(=O)c(-c3ccccc3)nn12,YKKWZIMOHYFXIC-UHFFFAOYSA-N,CC(CC1CCCCC1)CC1CC2CCCCC2C2C(C)C(C3CCCCC3)CC12,10.1021/jm0708376,17927167,1,False,False,pending_dual_review,eligible_for_primary_evidence_review,
BDB-50225880,50225880,CC(C)(C)OC(=O)N1[C@H]2CC[C@H]1[C@H](Nc1ncnc3c1ncn3[C@@H]1O[C@H](CO)[C@@H](O)[C@H]1O)C2,ISLWREAINDUHKQ-BBYQXYBISA-N,C1CCC(C2CCC3C(CC4CC5CCC4C5)CCCC23)C1,10.1016/j.bmcl.2007.10.028,17967536,1,False,False,pending_dual_review,eligible_for_primary_evidence_review,
BDB-50225883,50225883,OC[C@H]1O[C@@H](n2cnc3c(NC4CC5CCC4N5)ncnc32)[C@H](O)[C@@H]1O,JRIDKZJMYUERAT-NNBIHLJJSA-N,C1CCC(C2CCC3C(CC4CC5CCC4C5)CCCC23)C1,10.1016/j.bmcl.2007.10.028,17967536,1,False,False,pending_dual_review,eligible_for_primary_evidence_review,
BDB-50227332,50227332,CCCn1c(=O)c2nc(-c3ccccc3)[nH]c2n(CCC)c1=O,CLIGSMOZKDCDRZ-UHFFFAOYSA-N,CC1CC(C)C2CC(C3CCCCC3)CC2C1,10.1021/jm00398a020,3346878,1,False,False,pending_dual_review,eligible_for_primary_evidence_review,
BDB-50227333,50227333,CCCn1c(=O)c2nc(-c3ccc(OCC(=O)NCCc4c[nH]cn4)cc3O)[nH]c2n(CCC)c1=O,JDLLEUBYAVRSGM-UHFFFAOYSA-N,CC(CCCC1CCCC1)CCC1CCC(C2CC3CC(C)CC(C)C3C2)CC1,10.1021/jm00398a020,3346878,1,False,False,pending_dual_review,eligible_for_primary_evidence_review,
BDB-50227334,50227334,CCCn1c(=O)c2nc(-c3ccc(OCC(=O)NCCc4ccc(O)cc4)cc3O)[nH]c2n(CCC)c1=O,OEJNOJIZQSPNFJ-UHFFFAOYSA-N,CC(CCCC1CCCCC1)CCC1CCC(C2CC3CC(C)CC(C)C3C2)CC1,10.1021/jm00398a020,3346878,1,False,False,pending_dual_review,eligible_for_primary_evidence_review,
BDB-50227335,50227335,CCCn1c(=O)c2nc(-c3ccc(C(=O)NCC(=O)OC)cc3)[nH]c2n(CCC)c1=O,UOIXJRYIIPHICY-UHFFFAOYSA-N,CC1CC(C)C2CC(C3CCCCC3)CC2C1,10.1021/jm00398a020,3346878,1,False,False,pending_dual_review,eligible_for_primary_evidence_review,
BDB-50227336,50227336,CCCn1c(=O)c2nc(-c3ccc(OCC(=O)OCC)cc3O)[nH]c2n(CCC)c1=O,GPDXZHGXVOKLDK-UHFFFAOYSA-N,CC1CC(C)C2CC(C3CCCCC3)CC2C1,10.1021/jm00398a020,3346878,1,False,False,pending_dual_review,eligible_for_primary_evidence_review,
BDB-50227338,50227338,CCCn1c(=O)c2nc(-c3ccc(OCC(=O)NCCN)cc3O)[nH]c2n(CCC)c1=O,CDWZBPYGZCAVHX-UHFFFAOYSA-N,CC1CC(C)C2CC(C3CCCCC3)CC2C1,10.1021/jm00398a020,3346878,1,False,False,pending_dual_review,eligible_for_primary_evidence_review,
BDB-50227339,50227339,CCCn1c(=O)c2nc(-c3ccc(OCC(N)=O)cc3O)[nH]c2n(CCC)c1=O,KMGFLGAECJIANY-UHFFFAOYSA-N,CC1CC(C)C2CC(C3CCCCC3)CC2C1,10.1021/jm00398a020,3346878,1,False,False,pending_dual_review,eligible_for_primary_evidence_review,
BDB-50227340,50227340,CCCn1c(=O)c2nc(-c3ccc(O)cc3)[nH]c2n(CCC)c1=O,GLDYYZLOHBXJBU-UHFFFAOYSA-N,CC1CC(C)C2CC(C3CCCCC3)CC2C1,10.1021/jm00398a020,3346878,1,False,False,pending_dual_review,eligible_for_primary_evidence_review,
BDB-50227341,50227341,CCCn1c(=O)c2nc(-c3ccc(OCC(=O)NCCN(C)C)cc3O)[nH]c2n(CCC)c1=O,UQRQSJYXOHDRGH-UHFFFAOYSA-N,CC1CC(C)C2CC(C3CCCCC3)CC2C1,10.1021/jm00398a020,3346878,1,False,False,pending_dual_review,eligible_for_primary_evidence_review,
BDB-50227342,50227342,CCCn1c(=O)c2nc(C3CCNCC3)[nH]c2n(CCC)c1=O,SZFXJYHWUVQHOF-UHFFFAOYSA-N,CC1CC(C)C2CC(C3CCCCC3)CC2C1,10.1021/jm00398a020,3346878,1,False,False,pending_dual_review,eligible_for_primary_evidence_review,
BDB-50228500,50228500,Cn1c(-c2ccccc2)nc2c(N)ncnc21,AWQBXXOPENTNRG-UHFFFAOYSA-N,C1CCC(C2CC3CCCCC3C2)CC1,10.1016/j.ejmech.2018.03.067,29614417,1,False,False,pending_dual_review,eligible_for_primary_evidence_review,
BDB-50231590,50231590,CCCn1c(Oc2cccnc2C)nc2nc(C3CCCC3)[nH]c2c1=O,POQLXHUEHZSOCW-UHFFFAOYSA-N,CC1CC(CC2CCCCC2)CC2CC(C3CCCC3)CC12,10.1016/j.bmc.2017.02.029,28238512,1,False,False,pending_dual_review,eligible_for_primary_evidence_review,
BDB-50232044,50232044,CCCn1c(=O)c2[nH]c(-c3cnn(CC4CC(=O)N(c5ccc(C(F)(F)F)cc5)C4)c3)nc2n(CCC)c1=O,LRXHNPHXVUPZBD-UHFFFAOYSA-N,CC1CC(C)C2CC(C3CCC(CC4CC(C)C(C5CCCCC5)C4)C3)CC2C1,10.1016/j.ejmech.2016.11.007,27842891,1,False,False,pending_dual_review,eligible_for_primary_evidence_review,
BDB-50232045,50232045,CCCn1c(=O)c2[nH]c(-c3cnn(CC4CC(=O)N(c5ccc(F)cc5)C4)c3)nc2n(CC)c1=O,GXVKDCNQDTTWDB-UHFFFAOYSA-N,CC1CC(C)C2CC(C3CCC(CC4CC(C)C(C5CCCCC5)C4)C3)CC2C1,10.1016/j.ejmech.2016.11.007,27842891,1,False,False,pending_dual_review,eligible_for_primary_evidence_review,
BDB-50232047,50232047,CCCn1c(=O)c2[nH]c(-c3cnn(CC4CC(=O)N(c5ccc(C(F)(F)F)cc5)C4)c3)nc2n(CC)c1=O,VTWJQIYQJKMCSP-UHFFFAOYSA-N,CC1CC(C)C2CC(C3CCC(CC4CC(C)C(C5CCCCC5)C4)C3)CC2C1,10.1016/j.ejmech.2016.11.007,27842891,1,False,False,pending_dual_review,eligible_for_primary_evidence_review,
BDB-50232048,50232048,CCCn1c(=O)c2[nH]c(-c3cnn(CC4CCN(c5ccc(OC(F)(F)F)cc5)C4=O)c3)nc2n(CCC)c1=O,NRRYCEINQLPTLE-UHFFFAOYSA-N,CC1CC(C)C2CC(C3CCC(CC4CCC(C5CCCCC5)C4C)C3)CC2C1,10.1016/j.ejmech.2016.11.007,27842891,1,False,False,pending_dual_review,eligible_for_primary_evidence_review,
BDB-50232049,50232049,CCCn1c(=O)c2[nH]c(-c3cnn(CC(=O)N4CCN(c5cccc(C(F)(F)F)c5)CC4)c3)nc2n(CCC)c1=O,FTYUKYLDBALLID-UHFFFAOYSA-N,CC1CC(C)C2CC(C3CCC(CC(C)C4CCC(C5CCCCC5)CC4)C3)CC2C1,10.1016/j.ejmech.2016.11.007,27842891,1,False,False,pending_dual_review,eligible_for_primary_evidence_review,
BDB-50232050,50232050,CCCn1c(=O)c2[nH]c(-c3ccc(OCC4CC(=O)N(c5ccc(C(F)(F)F)cc5)C4)nc3)nc2n(CCC)c1=O,BZMGFDQWTZVROK-UHFFFAOYSA-N,CC1CC(C)C2CC(C3CCC(CCC4CC(C)C(C5CCCCC5)C4)CC3)CC2C1,10.1016/j.ejmech.2016.11.007,27842891,1,False,False,pending_dual_review,eligible_for_primary_evidence_review,
BDB-50232051,50232051,CCCn1c(=O)c2[nH]c(-c3cnn(CC4CC(=O)N(c5ccc(OC)cc5)C4)c3)nc2n(CC)c1=O,WQMYRNFZGIEUNQ-UHFFFAOYSA-N,CC1CC(C)C2CC(C3CCC(CC4CC(C)C(C5CCCCC5)C4)C3)CC2C1,10.1016/j.ejmech.2016.11.007,27842891,1,False,False,pending_dual_review,eligible_for_primary_evidence_review,
BDB-50232081,50232081,CCCn1c(=O)c2[nH]c(-c3cc(OCC4CC(=O)N(c5ccc(C(F)(F)F)cc5)C4)no3)nc2n(CCC)c1=O,JXBFQNLEXOSTHP-UHFFFAOYSA-N,CC1CC(C)C2CC(C3CCC(CCC4CC(C)C(C5CCCCC5)C4)C3)CC2C1,10.1016/j.ejmech.2016.11.007,27842891,1,False,False,pending_dual_review,eligible_for_primary_evidence_review,
BDB-50233076,50233076,CCCn1c(=O)c2[nH]c(-c3cnn(Cc4cccc(F)c4)c3)nc2n(CCC)c1=O,NJXVKVMVLZPERB-UHFFFAOYSA-N,CC1CC(C)C2CC(C3CCC(CC4CCCCC4)C3)CC2C1,10.1016/j.bmcl.2008.01.008|10.1021/jm051268+,16759111|18226896,2,False,False,pending_dual_review,eligible_for_primary_evidence_review,
BDB-50233081,50233081,CCCn1c(=O)c2[nH]c(-c3cnn(Cc4ccccc4)c3)nc2n(CCC)c1=O,IWZAITCKZZQXCV-UHFFFAOYSA-N,CC1CC(C)C2CC(C3CCC(CC4CCCCC4)C3)CC2C1,10.1016/j.bmcl.2008.01.008|10.1021/jm051268+,16759111|18226896,2,False,False,pending_dual_review,eligible_for_primary_evidence_review,
BDB-50233082,50233082,CCCn1c(=O)c2[nH]c(-c3cnn(Cc4cccc(C(F)(F)F)c4)c3)nc2n(CCC)c1=O,IDMQLXNSDSLNNR-UHFFFAOYSA-N,CC1CC(C)C2CC(C3CCC(CC4CCCCC4)C3)CC2C1,10.1016/j.bmcl.2008.01.008|10.1021/jm051268+,16759111|18226896,2,False,False,pending_dual_review,eligible_for_primary_evidence_review,
BDB-50233084,50233084,CCCCn1c(=O)[nH]c2nc(-c3cnn(Cc4ccccc4)c3)[nH]c2c1=O,KWOQGNHDXLJPBS-UHFFFAOYSA-N,CC1CC(C)C2CC(C3CCC(CC4CCCCC4)C3)CC2C1,10.1016/j.bmcl.2008.01.008,18226896,1,False,False,pending_dual_review,eligible_for_primary_evidence_review,
BDB-50233087,50233087,O=c1[nH]c2nc(-c3cnn(Cc4ccccc4)c3)[nH]c2c(=O)n1CC1CC1,RYWZIMZRPYRIOR-UHFFFAOYSA-N,CC1CC2CC(C3CCC(CC4CCCCC4)C3)CC2C(C)C1CC1CC1,10.1016/j.bmcl.2008.01.008,18226896,1,False,False,pending_dual_review,eligible_for_primary_evidence_review,
BDB-50233091,50233091,CCCn1c(=O)c2[nH]c(-c3cnn(Cc4cc(-c5ccccc5)on4)c3)nc2n(CCC)c1=O,QHQXJNOXMJZDGX-UHFFFAOYSA-N,CC1CC(C)C2CC(C3CCC(CC4CCC(C5CCCCC5)C4)C3)CC2C1,10.1016/j.bmcl.2005.10.002|10.1016/j.bmcl.2008.01.008,16275090|18226896,2,False,False,pending_dual_review,eligible_for_primary_evidence_review,
BDB-50233098,50233098,CCn1c(=O)[nH]c2nc(-c3cnn(Cc4ccccc4)c3)[nH]c2c1=O,PAZHIGAJOKRYPV-UHFFFAOYSA-N,CC1CC(C)C2CC(C3CCC(CC4CCCCC4)C3)CC2C1,10.1016/j.bmcl.2008.01.008,18226896,1,False,False,pending_dual_review,eligible_for_primary_evidence_review,
BDB-50233099,50233099,O=c1[nH]c2nc(-c3cnn(Cc4cccc(F)c4)c3)[nH]c2c(=O)n1CC1CC1,MPEVYLSAXRNPKT-UHFFFAOYSA-N,CC1CC2CC(C3CCC(CC4CCCCC4)C3)CC2C(C)C1CC1CC1,10.1016/j.bmcl.2008.01.008,18226896,1,False,False,pending_dual_review,eligible_for_primary_evidence_review,
BDB-50233101,50233101,CCCn1c(=O)[nH]c2nc(-c3cnn(Cc4cccc(F)c4)c3)[nH]c2c1=O,ZIRDIKJQVSWMQR-UHFFFAOYSA-N,CC1CC(C)C2CC(C3CCC(CC4CCCCC4)C3)CC2C1,10.1016/j.bmcl.2008.01.008,18226896,1,False,False,pending_dual_review,eligible_for_primary_evidence_review,
BDB-50233109,50233109,CCCn1c(=O)c2[nH]c(-c3cnn(Cc4noc(-c5ccccc5)n4)c3)nc2n(CCC)c1=O,FUKUTZINQOQZRW-UHFFFAOYSA-N,CC1CC(C)C2CC(C3CCC(CC4CCC(C5CCCCC5)C4)C3)CC2C1,10.1016/j.bmcl.2005.10.002|10.1016/j.bmcl.2008.01.008,16275090|18226896,2,False,False,pending_dual_review,eligible_for_primary_evidence_review,
BDB-50236738,50236738,CCCn1c(=O)c2[nH]c(-c3cnn(Cc4cccc(C(F)(F)F)c4)c3)nc2n(CC)c1=O,KOYXXLLNCXWUNF-UHFFFAOYSA-N,CC1CC(C)C2CC(C3CCC(CC4CCCCC4)C3)CC2C1,10.1021/jm7014815|10.1021/jm900413e,18321039|19569717,2,False,False,pending_dual_review,eligible_for_primary_evidence_review,
BDB-50236760,50236760,Cn1c(=O)c2[nH]c(-c3cnn(Cc4cccc(F)c4)c3)nc2n(C)c1=O,HDWMDKHMNFXXDV-UHFFFAOYSA-N,CC1CC(C)C2CC(C3CCC(CC4CCCCC4)C3)CC2C1,10.1021/jm051268+,16759111,1,False,False,pending_dual_review,eligible_for_primary_evidence_review,
BDB-50237065,50237065,Cc1cc(C)n(-c2cc(NC(=O)COc3cccc(CN)c3)nc(-c3ccc(C)o3)n2)n1,RFVFHMYNJHWNDI-UHFFFAOYSA-N,CC(CCC1CCCCC1)CC1CC(C2CCCC2)CC(C2CCCC2)C1,10.1016/j.bmcl.2008.02.032,18329269,2,False,False,pending_dual_review,eligible_for_primary_evidence_review,
BDB-50237067,50237067,COc1cc(CN(C)C)ccc1OCC(=O)Nc1cc(-n2nc(C)cc2C)nc(-c2ccc(C)o2)n1,VDDMGPIPCZFWJX-UHFFFAOYSA-N,CC(CCC1CCCCC1)CC1CC(C2CCCC2)CC(C2CCCC2)C1,10.1016/j.bmcl.2008.02.032,18329269,1,False,False,pending_dual_review,eligible_for_primary_evidence_review,
BDB-50237068,50237068,COc1ccc(OCC(=O)Nc2cc(-n3nc(C)cc3C)nc(-c3ccc(C)o3)n2)c(CN(C)C)c1,DDKRPWSDORFUBF-UHFFFAOYSA-N,CC(CCC1CCCCC1)CC1CC(C2CCCC2)CC(C2CCCC2)C1,10.1016/j.bmcl.2008.02.032,18329269,1,False,False,pending_dual_review,eligible_for_primary_evidence_review,
BDB-50237069,50237069,Cc1ccc(-c2nc(NC(=O)CCc3ccccc3F)cc(-c3nccs3)n2)o1,OECFCZUHCVYOCI-UHFFFAOYSA-N,CC(CCC1CCCCC1)CC1CC(C2CCCC2)CC(C2CCCC2)C1,10.1016/j.bmcl.2008.02.032,18329269,1,False,False,pending_dual_review,eligible_for_primary_evidence_review,
BDB-50237070,50237070,Cc1ccc(-c2nc(NC(=O)COc3ccccc3F)cc(-c3nccs3)n2)o1,OUSRTLFULTUCSU-UHFFFAOYSA-N,CC(CCC1CCCCC1)CC1CC(C2CCCC2)CC(C2CCCC2)C1,10.1016/j.bmcl.2008.02.032,18329269,1,False,False,pending_dual_review,eligible_for_primary_evidence_review,
BDB-50237071,50237071,Cc1cc(C)nc(OCC(=O)Nc2cc(-n3nc(C)cc3C)nc(-c3ccc(C)o3)n2)n1,VWYLETALEOIPPS-UHFFFAOYSA-N,CC(CCC1CCCCC1)CC1CC(C2CCCC2)CC(C2CCCC2)C1,10.1016/j.bmcl.2008.02.032,18329269,1,False,False,pending_dual_review,eligible_for_primary_evidence_review,
BDB-50237072,50237072,Cc1cc(OCC(=O)Nc2cc(-n3nc(C)cc3C)nc(-c3ccc(C)o3)n2)cc(C)n1,HZUKSEBFKWBMBQ-UHFFFAOYSA-N,CC(CCC1CCCCC1)CC1CC(C2CCCC2)CC(C2CCCC2)C1,10.1016/j.bmcl.2008.02.032,18329269,1,False,False,pending_dual_review,eligible_for_primary_evidence_review,
BDB-50237073,50237073,Cc1ccc(-c2nc(NC(=O)COc3ccccc3)cc(-c3nccs3)n2)o1,AIBOKCZKYWCPKJ-UHFFFAOYSA-N,CC(CCC1CCCCC1)CC1CC(C2CCCC2)CC(C2CCCC2)C1,10.1016/j.bmcl.2008.02.032,18329269,1,False,False,pending_dual_review,eligible_for_primary_evidence_review,
BDB-50237074,50237074,Cc1cc(C)n(-c2cc(NC(=O)COc3ccccc3CCN3CCOCC3)nc(-c3ccc(C)o3)n2)n1,NJNUNXVUFLFRNF-UHFFFAOYSA-N,CC(CCC1CCCCC1CCC1CCCCC1)CC1CC(C2CCCC2)CC(C2CCCC2)C1,10.1016/j.bmcl.2008.02.032,18329269,1,False,False,pending_dual_review,eligible_for_primary_evidence_review,
BDB-50237075,50237075,COc1cc(OCC(=O)Nc2cc(-n3nc(C)cc3C)nc(-c3ccc(C)o3)n2)ccc1CN(C)C,GIBQHQPXEUZCCB-UHFFFAOYSA-N,CC(CCC1CCCCC1)CC1CC(C2CCCC2)CC(C2CCCC2)C1,10.1016/j.bmcl.2008.02.032,18329269,1,False,False,pending_dual_review,eligible_for_primary_evidence_review,
BDB-50237076,50237076,Cc1cc(C)n(-c2cc(NC(=O)COc3cc(F)cc(CN(C)C)c3)nc(-c3ccc(C)o3)n2)n1,XHZNAIPWEJMXIP-UHFFFAOYSA-N,CC(CCC1CCCCC1)CC1CC(C2CCCC2)CC(C2CCCC2)C1,10.1016/j.bmcl.2008.02.032,18329269,1,False,False,pending_dual_review,eligible_for_primary_evidence_review,
BDB-50237077,50237077,Cc1ccc(-c2nc(NC(=O)COc3cccc(Cl)c3)cc(-c3nccs3)n2)o1,AGJUEHKKCLPMSY-UHFFFAOYSA-N,CC(CCC1CCCCC1)CC1CC(C2CCCC2)CC(C2CCCC2)C1,10.1016/j.bmcl.2008.02.032,18329269,1,False,False,pending_dual_review,eligible_for_primary_evidence_review,
BDB-50237078,50237078,CCNCc1cccc(OCC(=O)Nc2cc(-n3nc(C)cc3C)nc(-c3ccc(C)o3)n2)c1,JBRWEJMXORBYNB-UHFFFAOYSA-N,CC(CCC1CCCCC1)CC1CC(C2CCCC2)CC(C2CCCC2)C1,10.1016/j.bmcl.2008.02.032,18329269,2,False,False,pending_dual_review,eligible_for_primary_evidence_review,
BDB-50237079,50237079,Cc1ccc(-c2nc(NC(=O)COc3cccc(C#N)c3)cc(-c3nccs3)n2)o1,BTRDGDNHKGWPRJ-UHFFFAOYSA-N,CC(CCC1CCCCC1)CC1CC(C2CCCC2)CC(C2CCCC2)C1,10.1016/j.bmcl.2008.02.032,18329269,1,False,False,pending_dual_review,eligible_for_primary_evidence_review,
BDB-50237080,50237080,Cc1ccc(OCC(=O)Nc2cc(-c3nccs3)nc(-c3ccc(C)o3)n2)cc1,WLQRARSNWWFZFK-UHFFFAOYSA-N,CC(CCC1CCCCC1)CC1CC(C2CCCC2)CC(C2CCCC2)C1,10.1016/j.bmcl.2008.02.032,18329269,1,False,False,pending_dual_review,eligible_for_primary_evidence_review,
BDB-50237081,50237081,O=C(COc1cccc(F)c1)Nc1cc(-c2nccs2)nc(-c2ccccn2)n1,QBFLDEDJGUPRBZ-UHFFFAOYSA-N,CC(CCC1CCCCC1)CC1CC(C2CCCCC2)CC(C2CCCC2)C1,10.1016/j.bmcl.2008.02.032,18329269,1,False,False,pending_dual_review,eligible_for_primary_evidence_review,
BDB-50237082,50237082,Cc1cc(C)n(-c2cc(NC(=O)COc3ccc(CN(C)C)cc3)nc(-c3ccc(C)o3)n2)n1,IPVNHQWAYBEVDL-UHFFFAOYSA-N,CC(CCC1CCCCC1)CC1CC(C2CCCC2)CC(C2CCCC2)C1,10.1016/j.bmcl.2008.02.032,18329269,1,False,False,pending_dual_review,eligible_for_primary_evidence_review,
BDB-50237083,50237083,CCN(C)Cc1cccc(OCC(=O)Nc2cc(-n3nc(C)cc3C)nc(-c3ccc(C)o3)n2)c1,DIUIGJUQYDIXDX-UHFFFAOYSA-N,CC(CCC1CCCCC1)CC1CC(C2CCCC2)CC(C2CCCC2)C1,10.1016/j.bmcl.2008.02.032,18329269,2,False,False,pending_dual_review,eligible_for_primary_evidence_review,
BDB-50237084,50237084,Cc1cc(C)n(-c2cc(NC(=O)COc3cccc(CCN(C)C)c3)nc(-c3ccc(C)o3)n2)n1,BIBQUPCUOFIXEG-UHFFFAOYSA-N,CC(CCC1CCCCC1)CC1CC(C2CCCC2)CC(C2CCCC2)C1,10.1016/j.bmcl.2008.02.032,18329269,1,False,False,pending_dual_review,eligible_for_primary_evidence_review,
BDB-50237085,50237085,Cc1cc(C)n(-c2cc(NC(=O)COc3ccccc3CN(C)C)nc(-c3ccc(C)o3)n2)n1,XDIDHYHAQWZUJJ-UHFFFAOYSA-N,CC(CCC1CCCCC1)CC1CC(C2CCCC2)CC(C2CCCC2)C1,10.1016/j.bmcl.2008.02.032,18329269,1,False,False,pending_dual_review,eligible_for_primary_evidence_review,
BDB-50237086,50237086,Cc1cc(C)n(-c2cc(NC(=O)COc3cc(F)cc(CN4CCOCC4)c3)nc(-c3ccc(C)o3)n2)n1,UAMWVBDBNFYGKK-UHFFFAOYSA-N,CC(CCC1CCCC(CC2CCCCC2)C1)CC1CC(C2CCCC2)CC(C2CCCC2)C1,10.1016/j.bmcl.2008.02.032,18329269,1,False,False,pending_dual_review,eligible_for_primary_evidence_review,
BDB-50237087,50237087,Cc1cc(C)n(-c2cc(NC(=O)COc3cccc(F)c3)nc(-c3ccc(C)o3)n2)n1,OJFQBKZROTVGHM-UHFFFAOYSA-N,CC(CCC1CCCCC1)CC1CC(C2CCCC2)CC(C2CCCC2)C1,10.1016/j.bmcl.2008.02.032,18329269,1,False,False,pending_dual_review,eligible_for_primary_evidence_review,
BDB-50237088,50237088,Cc1ccc(OCC(=O)Nc2cc(-n3nc(C)cc3C)nc(-c3ccc(C)o3)n2)c(CN(C)C)c1,JRSBOEXRHWTTLU-UHFFFAOYSA-N,CC(CCC1CCCCC1)CC1CC(C2CCCC2)CC(C2CCCC2)C1,10.1016/j.bmcl.2008.02.032,18329269,1,False,False,pending_dual_review,eligible_for_primary_evidence_review,
BDB-50237090,50237090,N#Cc1cccc(OCC(=O)Nc2cc(-c3nccs3)nc(-c3ccccn3)n2)c1,GYOCQXVVGOKQNM-UHFFFAOYSA-N,CC(CCC1CCCCC1)CC1CC(C2CCCCC2)CC(C2CCCC2)C1,10.1016/j.bmcl.2008.02.032,18329269,1,False,False,pending_dual_review,eligible_for_primary_evidence_review,
BDB-50237091,50237091,Cc1ccc(-c2nc(NC(=O)COc3cccc(F)c3)cc(-c3nccs3)n2)o1,RAECGVDQYJTWQW-UHFFFAOYSA-N,CC(CCC1CCCCC1)CC1CC(C2CCCC2)CC(C2CCCC2)C1,10.1016/j.bmcl.2008.02.032,18329269,1,False,False,pending_dual_review,eligible_for_primary_evidence_review,
BDB-50237092,50237092,COc1cccc(CN(C)C)c1OCC(=O)Nc1cc(-n2nc(C)cc2C)nc(-c2ccc(C)o2)n1,VXQXNOLFVCYRIO-UHFFFAOYSA-N,CC(CCC1CCCCC1)CC1CC(C2CCCC2)CC(C2CCCC2)C1,10.1016/j.bmcl.2008.02.032,18329269,1,False,False,pending_dual_review,eligible_for_primary_evidence_review,
BDB-50237093,50237093,Cc1cc(C)n(-c2cc(NC(=O)COc3cccc(CCN4CCOCC4)c3)nc(-c3ccc(C)o3)n2)n1,FLJKEYOWOUCFNJ-UHFFFAOYSA-N,CC(CCC1CCCC(CCC2CCCCC2)C1)CC1CC(C2CCCC2)CC(C2CCCC2)C1,10.1016/j.bmcl.2008.02.032,18329269,1,False,False,pending_dual_review,eligible_for_primary_evidence_review,
BDB-50237094,50237094,Cc1cc(C)n(-c2cc(NC(=O)COc3cc(F)cc(CN4CCCC4)c3)nc(-c3ccc(C)o3)n2)n1,ZLNPFHQZLBUZIW-UHFFFAOYSA-N,CC(CCC1CCCC(CC2CCCC2)C1)CC1CC(C2CCCC2)CC(C2CCCC2)C1,10.1016/j.bmcl.2008.02.032,18329269,1,False,False,pending_dual_review,eligible_for_primary_evidence_review,
BDB-50237095,50237095,Cc1cc(C)n(-c2cc(NC(=O)COc3cccc(CN4CCOCC4)c3)nc(-c3ccc(C)o3)n2)n1,IAGBEEXFLABXGI-UHFFFAOYSA-N,CC(CCC1CCCC(CC2CCCCC2)C1)CC1CC(C2CCCC2)CC(C2CCCC2)C1,10.1016/j.bmcl.2008.02.032,18329269,1,False,False,pending_dual_review,eligible_for_primary_evidence_review,
BDB-50237772,50237772,CNC(=O)[C@H]1[Se][C@@H](n2cnc3c(N[C@@H]4C[C@H]4c4ccccc4)ncnc32)[C@H](O)[C@@H]1O,RYCMKNGQAIESMF-OKLOZOLHSA-N,C1CCC(C2CC2CC2CCCC3C(C4CCCC4)CCC23)CC1,10.1021/acs.jmedchem.7b00241,28380296,1,False,False,pending_dual_review,eligible_for_primary_evidence_review,
BDB-50237789,50237789,CNC(=O)[C@H]1[Se][C@@H](n2cnc3c(NCc4ccc5ccccc5c4)ncnc32)[C@H](O)[C@@H]1O,IYLDAMOUTMJQCF-RQXXJAGISA-N,C1CCC2CC(CCC3CCCC4C(C5CCCC5)CCC34)CCC2C1,10.1021/acs.jmedchem.7b00241,28380296,1,False,False,pending_dual_review,eligible_for_primary_evidence_review,
BDB-50238382,50238382,Nc1nc(-c2ccc(OCc3ccccc3)cc2)cn2c(=O)n(-c3ccccc3)nc12,KKJMQBKYGSOHGL-UHFFFAOYSA-N,CC1C2CC(C3CCC(CCC4CCCCC4)CC3)CCC2CC1C1CCCCC1,10.1021/acs.jmedchem.7b00457,28590753,1,False,False,pending_dual_review,eligible_for_primary_evidence_review,
BDB-50238391,50238391,Cc1cn2c(=O)n(-c3ccc(O)cc3)nc2c(N)n1,AJSWBABABMMWJK-UHFFFAOYSA-N,CC1C2CCCCC2CC1C1CCCCC1,10.1021/acs.jmedchem.7b00457,28590753,1,False,False,pending_dual_review,eligible_for_primary_evidence_review,
BDB-50238394,50238394,COc1ccc(-n2nc3c(N)nc(C)cn3c2=O)cc1,JXUQLDZBZUFVAH-UHFFFAOYSA-N,CC1C2CCCCC2CC1C1CCCCC1,10.1021/acs.jmedchem.7b00457,28590753,1,False,False,pending_dual_review,eligible_for_primary_evidence_review,
BDB-50238405,50238405,O=c1[nH]c(-c2cccc(O)c2)cn2c(=O)n(-c3ccccc3)nc12,AHVNOYSSTVMABS-UHFFFAOYSA-N,CC1CC(C2CCCCC2)CC2C(C)C(C3CCCCC3)CC12,10.1021/acs.jmedchem.7b00457,28590753,1,False,False,pending_dual_review,eligible_for_primary_evidence_review,
BDB-50238406,50238406,O=c1[nH]c(-c2ccccc2)cn2c(=O)n(-c3ccc(O)cc3)nc12,KXUTUXRBHLNIBK-UHFFFAOYSA-N,CC1CC(C2CCCCC2)CC2C(C)C(C3CCCCC3)CC12,10.1021/acs.jmedchem.7b00457,28590753,1,False,False,pending_dual_review,eligible_for_primary_evidence_review,
BDB-50238408,50238408,Cc1cn2c(=O)n(-c3ccccc3)nc2c(N)n1,OFXMYZIDKDABBC-UHFFFAOYSA-N,CC1C2CCCCC2CC1C1CCCCC1,10.1021/acs.jmedchem.7b00457,28590753,1,False,False,pending_dual_review,eligible_for_primary_evidence_review,
BDB-50238409,50238409,Nc1ccc(-n2nc3c(=O)[nH]c(-c4ccccc4)cn3c2=O)cc1,QSOUUAMNAQVKHV-UHFFFAOYSA-N,CC1CC(C2CCCCC2)CC2C(C)C(C3CCCCC3)CC12,10.1021/acs.jmedchem.7b00457,28590753,1,False,False,pending_dual_review,eligible_for_primary_evidence_review,
BDB-50239026,50239026,Nc1nc(-c2ccco2)c2c[nH]nc2n1,YRICNFHNUJTOMF-UHFFFAOYSA-N,C1CCC(C2CCCC3CCCC32)C1,10.1016/j.bmcl.2008.03.072,18411049,1,False,False,pending_dual_review,eligible_for_primary_evidence_review,
BDB-50239028,50239028,Nc1nc(-c2ccco2)c2cc[nH]c2n1,YOPVCNSOKMOXST-UHFFFAOYSA-N,C1CCC(C2CCCC3CCCC32)C1,10.1016/j.bmcl.2008.03.072,18411049,1,False,False,pending_dual_review,eligible_for_primary_evidence_review,
BDB-50239041,50239041,Nc1nc(-c2ccco2)c2[nH]cnc2n1,JZSMPSCWNAYWOI-UHFFFAOYSA-N,C1CCC(C2CCCC3CCCC32)C1,10.1016/j.bmcl.2008.03.072,18411049,1,False,False,pending_dual_review,eligible_for_primary_evidence_review,
BDB-50240851,50240851,Nc1ncnc2c1nc(Br)n2Cc1ccccc1,OUPAEJUFVKPEHM-UHFFFAOYSA-N,C1CCC(CC2CCC3CCCCC32)CC1,10.1016/j.bmc.2009.02.030,19282184,1,False,False,pending_dual_review,eligible_for_primary_evidence_review,
BDB-50241444,50241444,CCCn1c(=O)c2[nH]c(-c3ccc(OCC(=O)N4CCN(Cc5ccccc5)CC4)cc3)cc2n(CCC)c1=O,GOZZQPGHJOJDJZ-UHFFFAOYSA-N,CC1CC(C)C2CC(C3CCC(CCC(C)C4CCC(CC5CCCCC5)CC4)CC3)CC2C1,10.1016/j.bmc.2008.01.002|10.1016/j.bmc.2008.09.067,18226909|18938084,2,False,False,pending_dual_review,eligible_for_primary_evidence_review,
BDB-50247443,50247443,Cc1cc(C)cc(-c2nc(Nc3ccc(Cl)cc3F)c3ncn([C@@H]4O[C@H](Cn5nc(C)cc5C)[C@@H](O)[C@H]4O)c3n2)c1,QKIBRDGEKNXZLL-UQCYUJMQSA-N,C1CCC(CC2CC(C3CCCCC3)CC3C(C4CCC(CC5CCCC5)C4)CCC23)CC1,10.1021/acs.jmedchem.7b01399,29257884,1,False,False,pending_dual_review,eligible_for_primary_evidence_review,
BDB-50247444,50247444,Cc1cc(C)cc(-c2nc(N[C@@H]3CCOC3)c3ncn([C@@H]4O[C@H](Cn5nc(C)cc5C)[C@@H](O)[C@H]4O)c3n2)c1,CWUDAMBCZRRAOY-MCALZIHLSA-N,C1CCC(C2CC(CC3CCCC3)C3CCC(C4CCC(CC5CCCC5)C4)C3C2)CC1,10.1021/acs.jmedchem.7b01399,29257884,1,False,False,pending_dual_review,eligible_for_primary_evidence_review,
BDB-50247445,50247445,Cc1cc(C)cc(-c2nc(NC3CC4CCC3C4)c3ncn([C@@H]4O[C@H](Cn5nc(C)cc5C)[C@@H](O)[C@H]4O)c3n2)c1,DYGLUVUVCNVFNM-JWMPSBNMSA-N,C1CCC(C2CC(CC3CC4CCC3C4)C3CCC(C4CCC(CC5CCCC5)C4)C3C2)CC1,10.1021/acs.jmedchem.7b01399,29257884,1,False,False,pending_dual_review,eligible_for_primary_evidence_review,
BDB-50247447,50247447,Cc1cc(C)n(C[C@H]2O[C@@H](n3cnc4c(Nc5ccc(Cl)cc5F)ncnc43)[C@H](O)[C@@H]2O)n1,GBUQCJFFLQLKRJ-QTQZEZTPSA-N,C1CCC(CC2CCCC3C2CCC3C2CCC(CC3CCCC3)C2)CC1,10.1021/acs.jmedchem.7b01399,29257884,1,False,False,pending_dual_review,eligible_for_primary_evidence_review,
BDB-50247448,50247448,Cc1cc(C)n(C[C@H]2O[C@@H](n3cnc4c(N[C@@H]5CCOC5)ncnc43)[C@H](O)[C@@H]2O)n1,GGKFOSNIHINDFM-BYMDKACISA-N,C1CCC(CC2CCC(C3CCC4C(CC5CCCC5)CCCC43)C2)C1,10.1021/acs.jmedchem.7b01399,29257884,1,False,False,pending_dual_review,eligible_for_primary_evidence_review,
BDB-50247449,50247449,Cc1cc(C)n(C[C@H]2O[C@@H](n3cnc4c(NC5CC6CCC5C6)nc(Cl)nc43)[C@H](O)[C@@H]2O)n1,CXQNHVMLQKJWTA-YTUIEBAKSA-N,C1CCC(CC2CCC(C3CCC4C(CC5CC6CCC5C6)CCCC34)C2)C1,10.1021/acs.jmedchem.7b01399,29257884,1,False,False,pending_dual_review,eligible_for_primary_evidence_review,
BDB-50247450,50247450,Cc1cc(C)n(C[C@H]2O[C@@H](n3cnc4c(NC5CC6CCC5C6)ncnc43)[C@H](O)[C@@H]2O)n1,AXUXZTJPDQPAER-VNLDLUEJSA-N,C1CCC(CC2CCC(C3CCC4C(CC5CC6CCC5C6)CCCC34)C2)C1,10.1021/acs.jmedchem.7b01399,29257884,1,False,False,pending_dual_review,eligible_for_primary_evidence_review,
BDB-50247451,50247451,Cc1cc(C)n(C[C@H]2O[C@@H](n3cnc4c(NC5CCCC5)ncnc43)[C@H](O)[C@@H]2O)n1,KMOXXFGVTZFHKZ-WVSUBDOOSA-N,C1CCC(CC2CCC(C3CCC4C(CC5CCCC5)CCCC43)C2)C1,10.1021/acs.jmedchem.7b01399,29257884,1,False,False,pending_dual_review,eligible_for_primary_evidence_review,
BDB-50247454,50247454,Cc1cc(C)n(C[C@H]2O[C@@H](n3cnc4c(NC5CCCC5)nc(Cl)nc43)[C@H](O)[C@@H]2O)n1,ZMXUTGGKOIFFBD-NVQRDWNXSA-N,C1CCC(CC2CCC(C3CCC4C(CC5CCCC5)CCCC43)C2)C1,10.1021/acs.jmedchem.7b01399,29257884,1,False,False,pending_dual_review,eligible_for_primary_evidence_review,
BDB-50247456,50247456,Cc1cc(C)cc(-c2nc(NC3CCCC3)c3ncn([C@@H]4O[C@H](Cn5nc(C)cc5C)[C@@H](O)[C@H]4O)c3n2)c1,JTOBORUICCTILQ-WBMMKZCBSA-N,C1CCC(C2CC(CC3CCCC3)C3CCC(C4CCC(CC5CCCC5)C4)C3C2)CC1,10.1021/acs.jmedchem.7b01399,29257884,1,False,False,pending_dual_review,eligible_for_primary_evidence_review,
BDB-50247458,50247458,Cc1cc(C)n(C[C@H]2O[C@@H](n3cnc4c(N[C@@H]5CCOC5)nc(Cl)nc43)[C@H](O)[C@@H]2O)n1,RBFWIGCXCSBGDT-AJKMGBEJSA-N,C1CCC(CC2CCC(C3CCC4C(CC5CCCC5)CCCC43)C2)C1,10.1021/acs.jmedchem.7b01399,29257884,1,False,False,pending_dual_review,eligible_for_primary_evidence_review,
BDB-50247931,50247931,COc1cccc(-n2c(=O)n(Cc3c(F)cccc3F)c3cnc(Nc4cccnc4)nc32)c1,QDPZITDRBFKRTK-UHFFFAOYSA-N,CC1C(CC2CCCCC2)C2CCC(CC3CCCCC3)CC2C1C1CCCCC1,10.1016/j.bmcl.2009.01.042,19181527,1,False,False,pending_dual_review,eligible_for_primary_evidence_review,
BDB-50247932,50247932,COc1cccc(-n2c(=O)n(Cc3c(F)cccc3F)c3cnc(NCCN4CCOCC4)nc32)c1,HNYZOGALKPMEFC-UHFFFAOYSA-N,CC1C(CC2CCCCC2)C2CCC(CCCC3CCCCC3)CC2C1C1CCCCC1,10.1016/j.bmcl.2009.01.042,19181527,1,False,False,pending_dual_review,eligible_for_primary_evidence_review,
BDB-50247933,50247933,COc1cccc(-n2c(=O)n(Cc3c(F)cccc3F)c3cnc(NCCN(C)C)nc32)c1,XCQIPBNUWFIJMO-UHFFFAOYSA-N,CC1C(CC2CCCCC2)C2CCCCC2C1C1CCCCC1,10.1016/j.bmcl.2009.01.042,19181527,1,False,False,pending_dual_review,eligible_for_primary_evidence_review,
BDB-50247934,50247934,COc1cccc(-n2c(=O)n(Cc3c(F)cccc3F)c3cnc(NCCc4cccs4)nc32)c1,LYNYVXYEWWSYMQ-UHFFFAOYSA-N,CC1C(CC2CCCCC2)C2CCC(CCCC3CCCC3)CC2C1C1CCCCC1,10.1016/j.bmcl.2009.01.042,19181527,1,False,False,pending_dual_review,eligible_for_primary_evidence_review,
BDB-50248262,50248262,COc1cccc(-n2c(=O)n(Cc3ccccc3OC)c3cnc(NC4CC4)nc32)c1,AQEXTJMLDIXPHI-UHFFFAOYSA-N,CC1C(CC2CCCCC2)C2CCC(CC3CC3)CC2C1C1CCCCC1,10.1016/j.bmcl.2009.01.042,19181527,1,False,False,pending_dual_review,eligible_for_primary_evidence_review,
BDB-50248263,50248263,COc1ccccc1Cn1c(=O)n(-c2ccccc2OC)c2nc(NC3CC3)ncc21,PHUGVOFIFNJFOY-UHFFFAOYSA-N,CC1C(CC2CCCCC2)C2CCC(CC3CC3)CC2C1C1CCCCC1,10.1016/j.bmcl.2009.01.042,19181527,1,False,False,pending_dual_review,eligible_for_primary_evidence_review,
BDB-50248264,50248264,COc1ccccc1Cn1c(=O)n(-c2ccccc2)c2nc(NC3CC3)ncc21,QLZMJSSRSSLWQS-UHFFFAOYSA-N,CC1C(CC2CCCCC2)C2CCC(CC3CC3)CC2C1C1CCCCC1,10.1016/j.bmcl.2009.01.042,19181527,1,False,False,pending_dual_review,eligible_for_primary_evidence_review,
BDB-50248265,50248265,COc1cc(OC)cc(-n2c(=O)n(Cc3ccccc3OC)c3cnc(NC4CC4)nc32)c1,RRWHVBZACLTBHL-UHFFFAOYSA-N,CC1C(CC2CCCCC2)C2CCC(CC3CC3)CC2C1C1CCCCC1,10.1016/j.bmcl.2009.01.042,19181527,1,False,False,pending_dual_review,eligible_for_primary_evidence_review,
BDB-50248317,50248317,COc1ccccc1Cn1c(=O)n(-c2cccc(F)c2)c2nc(NC3CC3)ncc21,QKENJSZXIDEZOZ-UHFFFAOYSA-N,CC1C(CC2CCCCC2)C2CCC(CC3CC3)CC2C1C1CCCCC1,10.1016/j.bmcl.2009.01.042,19181527,1,False,False,pending_dual_review,eligible_for_primary_evidence_review,
BDB-50248318,50248318,COc1ccccc1Cn1c(=O)n(-c2cccc(C)c2)c2nc(NC3CC3)ncc21,NFNDSYDEZWGWHU-UHFFFAOYSA-N,CC1C(CC2CCCCC2)C2CCC(CC3CC3)CC2C1C1CCCCC1,10.1016/j.bmcl.2009.01.042,19181527,1,False,False,pending_dual_review,eligible_for_primary_evidence_review,
BDB-50248319,50248319,COc1ccccc1Cn1c(=O)n(-c2cccc(OC(F)(F)F)c2)c2nc(NC3CC3)ncc21,OTFTWNAYKJBJDD-UHFFFAOYSA-N,CC1C(CC2CCCCC2)C2CCC(CC3CC3)CC2C1C1CCCCC1,10.1016/j.bmcl.2009.01.042,19181527,1,False,False,pending_dual_review,eligible_for_primary_evidence_review,
BDB-50248320,50248320,COc1ccccc1Cn1c(=O)n(-c2cccc(C#N)c2)c2nc(NC3CC3)ncc21,FJOFZPIYAYYCHF-UHFFFAOYSA-N,CC1C(CC2CCCCC2)C2CCC(CC3CC3)CC2C1C1CCCCC1,10.1016/j.bmcl.2009.01.042,19181527,1,False,False,pending_dual_review,eligible_for_primary_evidence_review,
BDB-50248378,50248378,COc1cccc(Cn2c(=O)n(Cc3ccccc3OC)c3cnc(NC4CC4)nc32)c1,SWMYSPAKTVHYON-UHFFFAOYSA-N,CC1C(CC2CCCCC2)C2CCC(CC3CC3)CC2C1CC1CCCCC1,10.1016/j.bmcl.2009.01.042,19181527,1,False,False,pending_dual_review,eligible_for_primary_evidence_review,
BDB-50248379,50248379,COc1cccc(-n2c(=O)n(Cc3ccccc3)c3cnc(NC4CC4)nc32)c1,OPVBKOIUVGIMIB-UHFFFAOYSA-N,CC1C(CC2CCCCC2)C2CCC(CC3CC3)CC2C1C1CCCCC1,10.1016/j.bmcl.2009.01.042,19181527,1,False,False,pending_dual_review,eligible_for_primary_evidence_review,
BDB-50248380,50248380,COc1cccc(-n2c(=O)n(Cc3ccccc3F)c3cnc(NC4CC4)nc32)c1,CFVOANGXCJDVRN-UHFFFAOYSA-N,CC1C(CC2CCCCC2)C2CCC(CC3CC3)CC2C1C1CCCCC1,10.1016/j.bmcl.2009.01.042,19181527,1,False,False,pending_dual_review,eligible_for_primary_evidence_review,
BDB-50248381,50248381,COc1cccc(-n2c(=O)n(Cc3ccccc3Cl)c3cnc(NC4CC4)nc32)c1,XOAHRUXRHCAEGD-UHFFFAOYSA-N,CC1C(CC2CCCCC2)C2CCC(CC3CC3)CC2C1C1CCCCC1,10.1016/j.bmcl.2009.01.042,19181527,1,False,False,pending_dual_review,eligible_for_primary_evidence_review,
BDB-50248433,50248433,COc1cccc(-n2c(=O)n(Cc3c(F)cccc3F)c3cnc(NC4CC4)nc32)c1,DJEOUFPKQANXEL-UHFFFAOYSA-N,CC1C(CC2CCCCC2)C2CCC(CC3CC3)CC2C1C1CCCCC1,10.1016/j.bmcl.2009.01.042,19181527,1,False,False,pending_dual_review,eligible_for_primary_evidence_review,
BDB-50248434,50248434,COc1cccc(-n2c(=O)n(Cc3c(F)cccc3OC)c3cnc(NC4CC4)nc32)c1,QCPZDWSHEPNHDV-UHFFFAOYSA-N,CC1C(CC2CCCCC2)C2CCC(CC3CC3)CC2C1C1CCCCC1,10.1016/j.bmcl.2009.01.042,19181527,1,False,False,pending_dual_review,eligible_for_primary_evidence_review,
BDB-50248435,50248435,COc1cccc(-n2c(=O)n(C(C)c3ccccc3)c3cnc(NC4CC4)nc32)c1,YVTRRGUYCMDLRM-UHFFFAOYSA-N,CC1C(CC2CCCCC2)C2CCC(CC3CC3)CC2C1C1CCCCC1,10.1016/j.bmcl.2009.01.042,19181527,1,False,False,pending_dual_review,eligible_for_primary_evidence_review,
BDB-50248436,50248436,COc1cccc(-n2c(=O)n(C)c3cnc(NC4CC4)nc32)c1,AJRRIEGYRSNLNQ-UHFFFAOYSA-N,CC1CC2CCC(CC3CC3)CC2C1C1CCCCC1,10.1016/j.bmcl.2009.01.042,19181527,1,False,False,pending_dual_review,eligible_for_primary_evidence_review,
BDB-50248477,50248477,COc1cccc(-n2c(=O)n(-c3ccccc3OC)c3cnc(NC4CC4)nc32)c1,UIPGYPFXNHMJOO-UHFFFAOYSA-N,CC1C(C2CCCCC2)C2CCC(CC3CC3)CC2C1C1CCCCC1,10.1016/j.bmcl.2009.01.042,19181527,1,False,False,pending_dual_review,eligible_for_primary_evidence_review,
BDB-50248478,50248478,CNc1ncc2c(n1)n(-c1cccc(OC)c1)c(=O)n2Cc1c(F)cccc1F,ZGPSYEBKBSDPDD-UHFFFAOYSA-N,CC1C(CC2CCCCC2)C2CCCCC2C1C1CCCCC1,10.1016/j.bmcl.2009.01.042,19181527,1,False,False,pending_dual_review,eligible_for_primary_evidence_review,
BDB-50248479,50248479,CCNc1ncc2c(n1)n(-c1cccc(OC)c1)c(=O)n2Cc1c(F)cccc1F,GBWIHBQNJASNMP-UHFFFAOYSA-N,CC1C(CC2CCCCC2)C2CCCCC2C1C1CCCCC1,10.1016/j.bmcl.2009.01.042,19181527,1,False,False,pending_dual_review,eligible_for_primary_evidence_review,
BDB-50248480,50248480,COc1cccc(-n2c(=O)n(Cc3c(F)cccc3F)c3cnc(NC(C)C)nc32)c1,NKRRZFOQPKVEPI-UHFFFAOYSA-N,CC1C(CC2CCCCC2)C2CCCCC2C1C1CCCCC1,10.1016/j.bmcl.2009.01.042,19181527,1,False,False,pending_dual_review,eligible_for_primary_evidence_review,
BDB-50248526,50248526,COc1cccc(-n2c(=O)n(Cc3c(F)cccc3F)c3cnc(NCc4ccccc4)nc32)c1,NPLCYSYGICENHP-UHFFFAOYSA-N,CC1C(CC2CCCCC2)C2CCC(CCC3CCCCC3)CC2C1C1CCCCC1,10.1016/j.bmcl.2009.01.042,19181527,1,False,False,pending_dual_review,eligible_for_primary_evidence_review,
BDB-50248527,50248527,COCCNc1ncc2c(n1)n(-c1cccc(OC)c1)c(=O)n2Cc1c(F)cccc1F,JVPIASFXOWDRKZ-UHFFFAOYSA-N,CC1C(CC2CCCCC2)C2CCCCC2C1C1CCCCC1,10.1016/j.bmcl.2009.01.042,19181527,1,False,False,pending_dual_review,eligible_for_primary_evidence_review,
BDB-50248528,50248528,COc1cccc(-n2c(=O)n(Cc3c(F)cccc3F)c3cnc(NC4CCCC4)nc32)c1,HKQRSTRNUGFONN-UHFFFAOYSA-N,CC1C(CC2CCCCC2)C2CCC(CC3CCCC3)CC2C1C1CCCCC1,10.1016/j.bmcl.2009.01.042,19181527,1,False,False,pending_dual_review,eligible_for_primary_evidence_review,
BDB-50248529,50248529,COc1cccc(-n2c(=O)n(Cc3c(F)cccc3F)c3cnc(NCC4CC4)nc32)c1,FUIDWXLLDCWFBC-UHFFFAOYSA-N,CC1C(CC2CCCCC2)C2CCC(CCC3CC3)CC2C1C1CCCCC1,10.1016/j.bmcl.2009.01.042,19181527,1,False,False,pending_dual_review,eligible_for_primary_evidence_review,
BDB-50248575,50248575,COc1cccc(-n2c(=O)n(Cc3c(F)cccc3F)c3cnc(NCc4ccccn4)nc32)c1,VEKSDEIRAJKHPH-UHFFFAOYSA-N,CC1C(CC2CCCCC2)C2CCC(CCC3CCCCC3)CC2C1C1CCCCC1,10.1016/j.bmcl.2009.01.042,19181527,1,False,False,pending_dual_review,eligible_for_primary_evidence_review,
BDB-50248576,50248576,COc1cccc(-n2c(=O)n(Cc3c(F)cccc3F)c3cnc(NCc4ccncc4)nc32)c1,CPCBVGFLWLFBQV-UHFFFAOYSA-N,CC1C(CC2CCCCC2)C2CCC(CCC3CCCCC3)CC2C1C1CCCCC1,10.1016/j.bmcl.2009.01.042,19181527,1,False,False,pending_dual_review,eligible_for_primary_evidence_review,
BDB-50248577,50248577,COc1cccc(-n2c(=O)n(Cc3c(F)cccc3F)c3cnc(NCc4cccnc4)nc32)c1,PWTFTDKHCOVKRN-UHFFFAOYSA-N,CC1C(CC2CCCCC2)C2CCC(CCC3CCCCC3)CC2C1C1CCCCC1,10.1016/j.bmcl.2009.01.042,19181527,1,False,False,pending_dual_review,eligible_for_primary_evidence_review,
BDB-50248578,50248578,COc1cccc(-n2c(=O)n(Cc3c(F)cccc3F)c3cnc(NCCc4ccccn4)nc32)c1,UPPCVKRCEALPST-UHFFFAOYSA-N,CC1C(CC2CCCCC2)C2CCC(CCCC3CCCCC3)CC2C1C1CCCCC1,10.1016/j.bmcl.2009.01.042,19181527,1,False,False,pending_dual_review,eligible_for_primary_evidence_review,
BDB-50251139,50251139,Cc1cc2c(c(C)c1O)c1ccncc1n2C,JCDJPCUBMGHYGU-UHFFFAOYSA-N,C1CCC2C(C1)CC1CCCCC12,10.1016/j.bmc.2008.01.041,18262425,1,False,False,pending_dual_review,eligible_for_primary_evidence_review,
BDB-50251146,50251146,Cc1cc2[nH]c3cccnc3c2c(C)c1O,ISLNUDFCPIKSRK-UHFFFAOYSA-N,C1CCC2C(C1)CC1CCCCC12,10.1016/j.bmc.2008.01.041,18262425,1,False,False,pending_dual_review,eligible_for_primary_evidence_review,
BDB-50251147,50251147,Cc1cc2c(c(C)c1O)c1ncccc1n2C,HGIQNBUVVTWBSJ-UHFFFAOYSA-N,C1CCC2C(C1)CC1CCCCC12,10.1016/j.bmc.2008.01.041,18262425,1,False,False,pending_dual_review,eligible_for_primary_evidence_review,
BDB-50254363,50254363,Nc1nc2c(cnn2Cc2ccc(C3(C(F)(F)F)N=N3)cc2)c2nc(-c3ccco3)nn12,VAYQKEYCXMQZCA-UHFFFAOYSA-N,C1CCC(C2CC3CCC4C(CC5CCC(C6CC6)CC5)CCC4C3C2)C1,10.1021/acsmedchemlett.7b00138,28626529,1,False,False,pending_dual_review,eligible_for_primary_evidence_review,
BDB-50254384,50254384,Nc1nc2nn(Cc3ccc(C4(C(F)(F)F)N=N4)cc3)cc2c2nc(-c3ccco3)nn12,ANWWWKOQQLXOIX-UHFFFAOYSA-N,C1CCC(C2CC3CCC4CC(CC5CCC(C6CC6)CC5)CC4C3C2)C1,10.1021/acsmedchemlett.7b00138,28626529,1,False,False,pending_dual_review,eligible_for_primary_evidence_review,
BDB-50255989,50255989,COCCN(CCc1ccc(F)cc1)c1cc2nc(-c3ccco3)nn2c(N)n1,DRSVRQWWPXZVHQ-UHFFFAOYSA-N,C1CCC(CCCC2CCC3CC(C4CCCC4)CC3C2)CC1,10.1016/j.bmcl.2008.11.075,19109019,1,False,False,pending_dual_review,eligible_for_primary_evidence_review,
BDB-50255990,50255990,COc1ccc(CCOc2cc3nc(-c4ccco4)nn3c(N)n2)cc1,XDSYJFDIMNNMSV-UHFFFAOYSA-N,C1CCC(CCCC2CCC3CC(C4CCCC4)CC3C2)CC1,10.1016/j.bmcl.2008.11.075,19109019,1,False,False,pending_dual_review,eligible_for_primary_evidence_review,
BDB-50255991,50255991,COc1ccc(CCNc2cc3nc(-c4ccco4)nn3c(N)n2)cc1,ZEOUTVYYOAHJLX-UHFFFAOYSA-N,C1CCC(CCCC2CCC3CC(C4CCCC4)CC3C2)CC1,10.1016/j.bmcl.2008.11.075,19109019,1,False,False,pending_dual_review,eligible_for_primary_evidence_review,
BDB-50255992,50255992,COc1ccc(CCN(C)c2cc3nc(-c4ccco4)nn3c(N)n2)cc1,RBQYAFLPTGRBET-UHFFFAOYSA-N,C1CCC(CCCC2CCC3CC(C4CCCC4)CC3C2)CC1,10.1016/j.bmcl.2008.11.075,19109019,1,False,False,pending_dual_review,eligible_for_primary_evidence_review,
BDB-50256019,50256019,COc1ccc(CCSc2cc3nc(-c4ccco4)nn3c(N)n2)cc1,ZXCVHJXQJJLILE-UHFFFAOYSA-N,C1CCC(CCCC2CCC3CC(C4CCCC4)CC3C2)CC1,10.1016/j.bmcl.2008.11.075,19109019,1,False,False,pending_dual_review,eligible_for_primary_evidence_review,
BDB-50256090,50256090,COc1ccc(CCCc2cc3nc(-c4ccco4)nn3c(N)n2)cc1,BPYGIENYELRRQQ-UHFFFAOYSA-N,C1CCC(CCCC2CCC3CC(C4CCCC4)CC3C2)CC1,10.1016/j.bmcl.2008.11.075,19109019,1,False,False,pending_dual_review,eligible_for_primary_evidence_review,
BDB-50256091,50256091,COc1ccc(CN(C)c2cc3nc(-c4ccco4)nn3c(N)n2)cc1,YXQPLYXKTAAKSE-UHFFFAOYSA-N,C1CCC(CCC2CCC3CC(C4CCCC4)CC3C2)CC1,10.1016/j.bmcl.2008.11.075,19109019,1,False,False,pending_dual_review,eligible_for_primary_evidence_review,
BDB-50256092,50256092,COc1ccc(CCCN(C)c2cc3nc(-c4ccco4)nn3c(N)n2)cc1,WVJKOONXHGNBES-UHFFFAOYSA-N,C1CCC(CCCCC2CCC3CC(C4CCCC4)CC3C2)CC1,10.1016/j.bmcl.2008.11.075,19109019,1,False,False,pending_dual_review,eligible_for_primary_evidence_review,
BDB-50256093,50256093,CN(CCc1ccc(F)cc1)c1cc2nc(-c3ccco3)nn2c(N)n1,XTCCFIPHLQWJJQ-UHFFFAOYSA-N,C1CCC(CCCC2CCC3CC(C4CCCC4)CC3C2)CC1,10.1016/j.bmcl.2008.11.075,19109019,1,False,False,pending_dual_review,eligible_for_primary_evidence_review,
BDB-50256094,50256094,CCN(CCc1ccc(F)cc1)c1cc2nc(-c3ccco3)nn2c(N)n1,ROCACWRRIUHWHQ-UHFFFAOYSA-N,C1CCC(CCCC2CCC3CC(C4CCCC4)CC3C2)CC1,10.1016/j.bmcl.2008.11.075,19109019,1,False,False,pending_dual_review,eligible_for_primary_evidence_review,
BDB-50256145,50256145,Nc1nc(OCCN2CCN(c3ccc(F)cc3F)CC2)cc2nc(-c3ccco3)nn12,PCMOYYLIFWTHMQ-UHFFFAOYSA-N,C1CCC(C2CCC(CCCC3CCC4CC(C5CCCC5)CC4C3)CC2)CC1,10.1016/j.bmcl.2008.11.075,19109019,1,False,False,pending_dual_review,eligible_for_primary_evidence_review,
BDB-50256146,50256146,COCCOc1ccc(N2CCN(CCOc3cc4nc(-c5ccco5)nn4c(N)n3)CC2)cc1,DGVJNXSWZDSPKV-UHFFFAOYSA-N,C1CCC(C2CCC(CCCC3CCC4CC(C5CCCC5)CC4C3)CC2)CC1,10.1016/j.bmcl.2008.11.075,19109019,1,False,False,pending_dual_review,eligible_for_primary_evidence_review,
BDB-50256147,50256147,Nc1nc(SCCN2CCN(c3ccc(F)cc3F)CC2)cc2nc(-c3ccco3)nn12,LYXDJHZUOCYFAP-UHFFFAOYSA-N,C1CCC(C2CCC(CCCC3CCC4CC(C5CCCC5)CC4C3)CC2)CC1,10.1016/j.bmcl.2008.11.075,19109019,1,False,False,pending_dual_review,eligible_for_primary_evidence_review,
BDB-50256148,50256148,COCCOc1ccc(N2CCN(CCSc3cc4nc(-c5ccco5)nn4c(N)n3)CC2)cc1,JAAZMFLAXXMDNB-UHFFFAOYSA-N,C1CCC(C2CCC(CCCC3CCC4CC(C5CCCC5)CC4C3)CC2)CC1,10.1016/j.bmcl.2008.11.075,19109019,1,False,False,pending_dual_review,eligible_for_primary_evidence_review,
BDB-50256201,50256201,COCCOc1ccc(N2CCN(CCNc3cc4nc(-c5ccco5)nn4c(N)n3)CC2)cc1,KQDOPPPFRYWNIG-UHFFFAOYSA-N,C1CCC(C2CCC(CCCC3CCC4CC(C5CCCC5)CC4C3)CC2)CC1,10.1016/j.bmcl.2008.11.075,19109019,1,False,False,pending_dual_review,eligible_for_primary_evidence_review,
BDB-50256202,50256202,COCCOc1ccc(N2CCN(CCN(C)c3cc4nc(-c5ccco5)nn4c(N)n3)CC2)cc1,WFIRIJPVGZUJGN-UHFFFAOYSA-N,C1CCC(C2CCC(CCCC3CCC4CC(C5CCCC5)CC4C3)CC2)CC1,10.1016/j.bmcl.2008.11.075,19109019,1,False,False,pending_dual_review,eligible_for_primary_evidence_review,
BDB-50256298,50256298,CCN(CCN1CCN(c2ccc(F)cc2F)CC1)c1cc2nc(-c3ccco3)nn2c(N)n1,NNNNMFPJHIXPES-UHFFFAOYSA-N,C1CCC(C2CCC(CCCC3CCC4CC(C5CCCC5)CC4C3)CC2)CC1,10.1016/j.bmcl.2008.11.075,19109019,1,False,False,pending_dual_review,eligible_for_primary_evidence_review,
BDB-50256299,50256299,CCN(CCN1CCN(c2ccc(OCCOC)cc2)CC1)c1cc2nc(-c3ccco3)nn2c(N)n1,KBIMGEJHWYCQBO-UHFFFAOYSA-N,C1CCC(C2CCC(CCCC3CCC4CC(C5CCCC5)CC4C3)CC2)CC1,10.1016/j.bmcl.2008.11.075,19109019,1,False,False,pending_dual_review,eligible_for_primary_evidence_review,
BDB-50256300,50256300,COCCN(CCN1CCN(c2ccc(F)cc2F)CC1)c1cc2nc(-c3ccco3)nn2c(N)n1,IBTJXZMYRPSUKB-UHFFFAOYSA-N,C1CCC(C2CCC(CCCC3CCC4CC(C5CCCC5)CC4C3)CC2)CC1,10.1016/j.bmcl.2008.11.075,19109019,1,False,False,pending_dual_review,eligible_for_primary_evidence_review,
BDB-50256301,50256301,COCCOc1ccc(N2CCN(CCN(CCOC)c3cc4nc(-c5ccco5)nn4c(N)n3)CC2)cc1,YZQMIVUZSCWMIB-UHFFFAOYSA-N,C1CCC(C2CCC(CCCC3CCC4CC(C5CCCC5)CC4C3)CC2)CC1,10.1016/j.bmcl.2008.11.075,19109019,1,False,False,pending_dual_review,eligible_for_primary_evidence_review,
BDB-50256362,50256362,Nc1nc(N(CCN2CCN(c3ccc(F)cc3F)CC2)CC2CC2)cc2nc(-c3ccco3)nn12,UUUUCFGJWJWDEN-UHFFFAOYSA-N,C1CCC(C2CCC(CCC(CC3CC3)C3CCC4CC(C5CCCC5)CC4C3)CC2)CC1,10.1016/j.bmcl.2008.11.075,19109019,1,False,False,pending_dual_review,eligible_for_primary_evidence_review,
BDB-50256363,50256363,COCCOc1ccc(N2CCN(CCN(CC3CC3)c3cc4nc(-c5ccco5)nn4c(N)n3)CC2)cc1,DKTSTJQGCYJNIY-UHFFFAOYSA-N,C1CCC(C2CCC(CCC(CC3CC3)C3CCC4CC(C5CCCC5)CC4C3)CC2)CC1,10.1016/j.bmcl.2008.11.075,19109019,1,False,False,pending_dual_review,eligible_for_primary_evidence_review,
BDB-50256364,50256364,COCCOc1ccc(N2CCN(CCOc3cc4nc(-c5ccc(Cl)o5)nn4c(N)n3)CC2)cc1,KJQHWCLBOHLQRT-UHFFFAOYSA-N,C1CCC(C2CCC(CCCC3CCC4CC(C5CCCC5)CC4C3)CC2)CC1,10.1016/j.bmcl.2008.11.075,19109019,1,False,False,pending_dual_review,eligible_for_primary_evidence_review,
BDB-50256416,50256416,COCCOc1ccc(N2CCN(CCN(C)c3cc4nc(-c5ccccc5)nn4c(N)n3)CC2)cc1,FSXLVZDXMKYYFE-UHFFFAOYSA-N,C1CCC(C2CCC(CCCC3CCC4CC(C5CCCCC5)CC4C3)CC2)CC1,10.1016/j.bmcl.2008.11.075,19109019,1,False,False,pending_dual_review,eligible_for_primary_evidence_review,
BDB-50256418,50256418,COCCOc1ccc(N2CCN(CCN(C)c3cc4nc(-c5cccc(C#N)c5)nn4c(N)n3)CC2)cc1,CALAGWXXGJLXKE-UHFFFAOYSA-N,C1CCC(C2CCC(CCCC3CCC4CC(C5CCCCC5)CC4C3)CC2)CC1,10.1016/j.bmcl.2008.11.075,19109019,1,False,False,pending_dual_review,eligible_for_primary_evidence_review,
BDB-50256419,50256419,CN(CCN1CCN(c2ccc(F)cc2F)CC1)c1cc2nc(-c3cnco3)nn2c(N)n1,IOXYCIDLLJVUPF-UHFFFAOYSA-N,C1CCC(C2CCC(CCCC3CCC4CC(C5CCCC5)CC4C3)CC2)CC1,10.1016/j.bmcl.2008.11.075,19109019,1,False,False,pending_dual_review,eligible_for_primary_evidence_review,
BDB-50256492,50256492,Cc1nccnc1-c1nc2cc(N(C)CCN3CCN(c4ccc(F)cc4F)CC3)nc(N)n2n1,KNLVCUBRKZFOEV-UHFFFAOYSA-N,C1CCC(C2CCC(CCCC3CCC4CC(C5CCCCC5)CC4C3)CC2)CC1,10.1016/j.bmcl.2008.11.075,19109019,1,False,False,pending_dual_review,eligible_for_primary_evidence_review,
BDB-50256842,50256842,Cn1c(Br)nc2c(N)ncnc21,ICJDGKILGBQWGF-UHFFFAOYSA-N,C1CCC2CCCC2C1,10.1016/j.bmc.2009.02.030|10.1016/j.ejmech.2013.10.006,19282184|24189496,2,False,False,pending_dual_review,eligible_for_primary_evidence_review,
BDB-50256843,50256843,CCn1cnc2ncnc(N)c21,HCTWNRRHYBYREK-UHFFFAOYSA-N,C1CCC2CCCC2C1,10.1016/j.bmc.2009.02.030,19282184,1,False,False,pending_dual_review,eligible_for_primary_evidence_review,
BDB-50256890,50256890,CCn1c(Br)nc2c(N)ncnc21,GACDSQLJMZANKT-UHFFFAOYSA-N,C1CCC2CCCC2C1,10.1016/j.bmc.2009.02.030|10.1016/j.ejmech.2013.10.006,19282184|24189496,2,False,False,pending_dual_review,eligible_for_primary_evidence_review,
BDB-50256891,50256891,CCCn1cnc2c(N)ncnc21,QTULKOMMYIUZQD-UHFFFAOYSA-N,C1CCC2CCCC2C1,10.1016/j.bmc.2009.02.030,19282184,1,False,False,pending_dual_review,eligible_for_primary_evidence_review,
BDB-50256892,50256892,CCCn1cnc2ncnc(N)c21,RKILQGBFRKICCA-UHFFFAOYSA-N,C1CCC2CCCC2C1,10.1016/j.bmc.2009.02.030,19282184,1,False,False,pending_dual_review,eligible_for_primary_evidence_review,
BDB-50256893,50256893,CCCn1c(Br)nc2c(N)ncnc21,ATNWURROUOXVHM-UHFFFAOYSA-N,C1CCC2CCCC2C1,10.1016/j.bmc.2009.02.030|10.1016/j.ejmech.2013.10.006,19282184|24189496,2,False,False,pending_dual_review,eligible_for_primary_evidence_review,
BDB-50256894,50256894,CC(C)n1cnc2ncnc(N)c21,WAPXYHTXSGPYEX-UHFFFAOYSA-N,C1CCC2CCCC2C1,10.1016/j.bmc.2009.02.030,19282184,1,False,False,pending_dual_review,eligible_for_primary_evidence_review,
BDB-50256895,50256895,CC(C)n1c(Br)nc2c(N)ncnc21,AFKIJCJUVRTHPD-UHFFFAOYSA-N,C1CCC2CCCC2C1,10.1016/j.bmc.2009.02.030,19282184,1,False,False,pending_dual_review,eligible_for_primary_evidence_review,
BDB-50256896,50256896,CCC(C)n1cnc2c(N)ncnc21,WUUGZXPFGNZPJO-UHFFFAOYSA-N,C1CCC2CCCC2C1,10.1016/j.bmc.2009.02.030,19282184,1,False,False,pending_dual_review,eligible_for_primary_evidence_review,
BDB-50256898,50256898,CCC(C)n1c(Br)nc2c(N)ncnc21,HDNHXVSBLXMYPH-UHFFFAOYSA-N,C1CCC2CCCC2C1,10.1016/j.bmc.2009.02.030,19282184,1,False,False,pending_dual_review,eligible_for_primary_evidence_review,
BDB-50256951,50256951,CCCCn1cnc2c(N)ncnc21,BKXMJMZKKNIYRD-UHFFFAOYSA-N,C1CCC2CCCC2C1,10.1016/j.bmc.2009.02.030,19282184,1,False,False,pending_dual_review,eligible_for_primary_evidence_review,
BDB-50256952,50256952,Nc1ncnc2c1nc(Br)n2C1CCCCC1,IVKXIMVGTFMPDF-UHFFFAOYSA-N,C1CCC(C2CCC3CCCCC32)CC1,10.1016/j.bmc.2009.02.030,19282184,1,False,False,pending_dual_review,eligible_for_primary_evidence_review,
BDB-50256953,50256953,CCCCn1c(Br)nc2c(N)ncnc21,FKNNQOCJLMQVAV-UHFFFAOYSA-N,C1CCC2CCCC2C1,10.1016/j.bmc.2009.02.030,19282184,1,False,False,pending_dual_review,eligible_for_primary_evidence_review,
BDB-50256954,50256954,C=CCCn1cnc2c(N)ncnc21,LMZZJSTVOIDJFV-UHFFFAOYSA-N,C1CCC2CCCC2C1,10.1016/j.bmc.2009.02.030,19282184,1,False,False,pending_dual_review,eligible_for_primary_evidence_review,
BDB-50256955,50256955,C=CCCn1c(Br)nc2c(N)ncnc21,PZPGDJLTSOBNOR-UHFFFAOYSA-N,C1CCC2CCCC2C1,10.1016/j.bmc.2009.02.030,19282184,1,False,False,pending_dual_review,eligible_for_primary_evidence_review,
BDB-50256998,50256998,Nc1ncnc2c1ncn2C1CC1,QKMZACGKMJHVSI-UHFFFAOYSA-N,C1CCC2C(C1)CCC2C1CC1,10.1016/j.bmc.2009.02.030,19282184,1,False,False,pending_dual_review,eligible_for_primary_evidence_review,
BDB-50256999,50256999,C=CCn1c(Br)nc2c(N)ncnc21,RSFSQISQTSQYRO-UHFFFAOYSA-N,C1CCC2CCCC2C1,10.1016/j.bmc.2009.02.030,19282184,1,False,False,pending_dual_review,eligible_for_primary_evidence_review,
BDB-50257000,50257000,Nc1ncnc2c1ncn2C1CCC1,JGFAEEKLMAWINF-UHFFFAOYSA-N,C1CCC2C(C1)CCC2C1CCC1,10.1016/j.bmc.2009.02.030,19282184,1,False,False,pending_dual_review,eligible_for_primary_evidence_review,
BDB-50257001,50257001,Nc1ncnc2c1nc(Br)n2C1CCC1,ODVHXPRTEZXIFW-UHFFFAOYSA-N,C1CCC2C(C1)CCC2C1CCC1,10.1016/j.bmc.2009.02.030,19282184,1,False,False,pending_dual_review,eligible_for_primary_evidence_review,
BDB-50257025,50257025,O=c1n(-c2ccccc2)nc2c(NC3CCCCC3)nc3ncccc3n12,JIBITRQNBXVGNX-UHFFFAOYSA-N,CC1C(C2CCCCC2)CC2C(CC3CCCCC3)CC3CCCCC3C12,10.1021/jm8014876,19301821,1,False,False,pending_dual_review,eligible_for_primary_evidence_review,
BDB-50257026,50257026,O=c1n(-c2ccccc2)nc2c(NC3CCCC3)nc3ncccc3n12,NWDKFYOWSMUWPD-UHFFFAOYSA-N,CC1C(C2CCCCC2)CC2C(CC3CCCC3)CC3CCCCC3C12,10.1021/jm8014876,19301821,1,False,False,pending_dual_review,eligible_for_primary_evidence_review,
BDB-50257028,50257028,O=C(Nc1nc2ncccc2n2c(=O)n(-c3ccccc3)nc12)c1ccccc1,AAGFKZWKWAMJNP-UHFFFAOYSA-N,CC(CC1CC2CCCCC2C2C(C)C(C3CCCCC3)CC12)C1CCCCC1,10.1021/jm8014876,19301821,1,False,False,pending_dual_review,eligible_for_primary_evidence_review,
BDB-50257052,50257052,Nc1ncnc2c1ncn2CCCO,BLZBVHFRNUTFCH-UHFFFAOYSA-N,C1CCC2CCCC2C1,10.1016/j.bmc.2009.02.030,19282184,1,False,False,pending_dual_review,eligible_for_primary_evidence_review,
BDB-50257054,50257054,Nc1ncnc2c1nc(Br)n2CCCO,MUZYIFHIQGFDMZ-UHFFFAOYSA-N,C1CCC2CCCC2C1,10.1016/j.bmc.2009.02.030|10.1016/j.ejmech.2013.10.006,19282184|24189496,2,False,False,pending_dual_review,eligible_for_primary_evidence_review,
BDB-50257055,50257055,C[C@H](O)Cn1cnc2c(N)ncnc21,MJZYTEBKXLVLMY-YFKPBYRVSA-N,C1CCC2CCCC2C1,10.1016/j.bmc.2009.02.030,19282184,1,False,False,pending_dual_review,eligible_for_primary_evidence_review,
BDB-50257057,50257057,CC(O)Cn1c(Br)nc2c(N)ncnc21,MMKXSEBGGSBLDX-UHFFFAOYSA-N,C1CCC2CCCC2C1,10.1016/j.bmc.2009.02.030,19282184,1,False,False,pending_dual_review,eligible_for_primary_evidence_review,
BDB-50257072,50257072,O=C(Cc1ccccc1)Nc1nc2ncccc2n2c(=O)n(-c3ccccc3)nc12,PWWAJFDRORIJNJ-UHFFFAOYSA-N,CC(CC1CCCCC1)CC1CC2CCCCC2C2C(C)C(C3CCCCC3)CC12,10.1021/jm8014876,19301821,1,False,False,pending_dual_review,eligible_for_primary_evidence_review,
BDB-50257096,50257096,Nc1ncnc2c1nc(Br)n2CC(O)CO,XXTHNUCUAMMCPB-UHFFFAOYSA-N,C1CCC2CCCC2C1,10.1016/j.bmc.2009.02.030,19282184,1,False,False,pending_dual_review,eligible_for_primary_evidence_review,
BDB-50257097,50257097,Nc1ncnc2c1ncn2CCc1ccccc1,MALQBKDZBRRFOM-UHFFFAOYSA-N,C1CCC(CCC2CCC3CCCCC32)CC1,10.1016/j.bmc.2009.02.030,19282184,1,False,False,pending_dual_review,eligible_for_primary_evidence_review,
BDB-50257098,50257098,Nc1ncnc2c1nc(Br)n2CCc1ccccc1,LQIMXMMBTNEKMZ-UHFFFAOYSA-N,C1CCC(CCC2CCC3CCCCC32)CC1,10.1016/j.bmc.2009.02.030,19282184,1,False,False,pending_dual_review,eligible_for_primary_evidence_review,
BDB-50258672,50258672,Cn1c(=O)c2[nH]c(-c3ccc(COC(=O)Nc4ccsc4)cc3)cc2n(C)c1=O,CRYQUEMGJRNSNJ-UHFFFAOYSA-N,CC(CCC1CCC(C2CC3CC(C)CC(C)C3C2)CC1)CC1CCCC1,10.1016/j.bmc.2009.03.062,19398343,1,False,False,pending_dual_review,eligible_for_primary_evidence_review,
BDB-50258673,50258673,Cn1c(=O)c2[nH]c(-c3ccc(COC(=O)Nc4cccs4)cc3)cc2n(C)c1=O,ZTRBFDUAYZURAP-UHFFFAOYSA-N,CC(CCC1CCC(C2CC3CC(C)CC(C)C3C2)CC1)CC1CCCC1,10.1016/j.bmc.2009.03.062,19398343,1,False,False,pending_dual_review,eligible_for_primary_evidence_review,
BDB-50258675,50258675,Cn1c(=O)c2[nH]c(-c3ccc(COC(=O)Nc4ccco4)cc3)cc2n(C)c1=O,DHQDIUVNRWLRII-UHFFFAOYSA-N,CC(CCC1CCC(C2CC3CC(C)CC(C)C3C2)CC1)CC1CCCC1,10.1016/j.bmc.2009.03.062,19398343,1,False,False,pending_dual_review,eligible_for_primary_evidence_review,
BDB-50258708,50258708,Cn1c(=O)c2[nH]c(-c3ccc(COC(=O)NCc4ccccc4)cc3)cc2n(C)c1=O,YZEXEMPZEBDEMA-UHFFFAOYSA-N,CC(CCC1CCCCC1)CCC1CCC(C2CC3CC(C)CC(C)C3C2)CC1,10.1016/j.bmc.2009.03.062,19398343,1,False,False,pending_dual_review,eligible_for_primary_evidence_review,
BDB-50258735,50258735,CCCn1c(=O)c2[nH]c(-c3ccc(COC(=O)Nc4ccsc4)cc3)cc2n(CCC)c1=O,ZJTIXYQQMNXUGZ-UHFFFAOYSA-N,CC(CCC1CCC(C2CC3CC(C)CC(C)C3C2)CC1)CC1CCCC1,10.1016/j.bmc.2009.03.062,19398343,1,False,False,pending_dual_review,eligible_for_primary_evidence_review,
BDB-50258736,50258736,CCCn1c(=O)c2[nH]c(-c3ccc(COC(=O)Nc4cccs4)cc3)cc2n(CCC)c1=O,ZIVCMLMRRUTDPN-UHFFFAOYSA-N,CC(CCC1CCC(C2CC3CC(C)CC(C)C3C2)CC1)CC1CCCC1,10.1016/j.bmc.2009.03.062,19398343,1,False,False,pending_dual_review,eligible_for_primary_evidence_review,
BDB-50258762,50258762,CCCn1c(=O)c2[nH]c(-c3ccc(COC(=O)Nc4ccon4)cc3)cc2n(CCC)c1=O,LXNNIFUVBOKDQQ-UHFFFAOYSA-N,CC(CCC1CCC(C2CC3CC(C)CC(C)C3C2)CC1)CC1CCCC1,10.1016/j.bmc.2009.03.062,19398343,1,False,False,pending_dual_review,eligible_for_primary_evidence_review,
BDB-50258763,50258763,CCCn1c(=O)c2[nH]c(-c3ccc(COC(=O)Nc4ccn[nH]4)cc3)cc2n(CCC)c1=O,CEGVPHFDDXVRAO-UHFFFAOYSA-N,CC(CCC1CCC(C2CC3CC(C)CC(C)C3C2)CC1)CC1CCCC1,10.1016/j.bmc.2009.03.062,19398343,1,False,False,pending_dual_review,eligible_for_primary_evidence_review,
BDB-50258876,50258876,COc1cccc(-c2cc(NC(C)=O)nc(-c3cccc(OC)c3OC)c2)c1OC,VONDKCCTQLLMFX-UHFFFAOYSA-N,C1CCC(C2CCCC(C3CCCCC3)C2)CC1,10.1021/acs.jmedchem.7b00860,28792759,1,False,False,pending_dual_review,eligible_for_primary_evidence_review,
BDB-50262049,50262049,CC(C)(C)OC(=O)N1CCN(c2cccc(-c3cc4nc(-c5ccco5)nn4c(N)n3)c2)CC1,GKLYMUYQJHOIPF-UHFFFAOYSA-N,C1CCC(C2CCCC(C3CCC4CC(C5CCCC5)CC4C3)C2)CC1,10.1021/jm701594y,18637670,1,False,False,pending_dual_review,eligible_for_primary_evidence_review,
BDB-50262150,50262150,Nc1nc(CN[C@H]2CCCN2Cc2ccnc(Cl)c2)nc2nc(-c3ccco3)nn12,CQNPTEQAAAOVKX-MRXNPFEDSA-N,C1CCC(CC2CCCC2CCC2CCC3CC(C4CCCC4)CC3C2)CC1,10.1021/jm701594y,18637670,1,False,False,pending_dual_review,eligible_for_primary_evidence_review,
BDB-50262266,50262266,N#Cc1c(-c2ccc3c(c2)OCO3)cc(-c2ccco2)nc1N,BSDPUVBSSGQTGP-UHFFFAOYSA-N,C1CCC(C2CCCC(C3CCC4CCCC4C3)C2)C1,10.1021/jm701594y,18637670,1,False,False,pending_dual_review,eligible_for_primary_evidence_review,
BDB-50262323,50262323,N#Cc1c(-c2ccccc2)cc(-c2ccccc2)nc1N,YFQVSTNNJZZYLY-UHFFFAOYSA-N,C1CCC(C2CCCC(C3CCCCC3)C2)CC1,10.1021/jm701594y,18637670,1,False,False,pending_dual_review,eligible_for_primary_evidence_review,
BDB-50262324,50262324,COc1ccc(-c2cc(-c3ccccc3)nc(N)c2C#N)cc1OC,OKJMBTUNNYZOMY-UHFFFAOYSA-N,C1CCC(C2CCCC(C3CCCCC3)C2)CC1,10.1021/jm701594y,18637670,1,False,False,pending_dual_review,eligible_for_primary_evidence_review,
BDB-50262326,50262326,N#Cc1c(-c2cccc(OC(F)(F)F)c2)cc(-c2ccccc2)nc1N,IVNSNCNXTPPQFV-UHFFFAOYSA-N,C1CCC(C2CCCC(C3CCCCC3)C2)CC1,10.1021/jm701594y,18637670,1,False,False,pending_dual_review,eligible_for_primary_evidence_review,
BDB-50262386,50262386,Cc1cccc(-c2cc(-c3ccccc3)nc(N)c2C#N)c1,UQMCAXCQKMLISS-UHFFFAOYSA-N,C1CCC(C2CCCC(C3CCCCC3)C2)CC1,10.1021/jm701594y,18637670,1,False,False,pending_dual_review,eligible_for_primary_evidence_review,
BDB-50264169,50264169,COc1ccc(OC)c(CNc2nc(Cl)nc3c2ncn3[C@H]2[C@H](O)[C@H](O)[C@@H]3C[C@@H]32)c1,YQPCMZCRQXUVAU-GHVWTTSJSA-N,C1CCC(CCC2CCCC3C2CCC3C2CCC3CC32)CC1,10.1016/j.bmc.2008.08.007,18752961,1,False,False,pending_dual_review,eligible_for_primary_evidence_review,
BDB-50264170,50264170,COc1ccc(O)c(CNc2nc(Cl)nc3c2ncn3[C@H]2[C@H](O)[C@H](O)[C@@H]3C[C@@H]32)c1,DVJBTFRGRNLCBG-WUFOEMFESA-N,C1CCC(CCC2CCCC3C2CCC3C2CCC3CC32)CC1,10.1016/j.bmc.2008.08.007,18752961,1,False,False,pending_dual_review,eligible_for_primary_evidence_review,
BDB-50264171,50264171,O[C@@H]1[C@H](O)[C@@H]2C[C@@H]2[C@H]1n1cnc2c(N[C@H]3C[C@@H]3c3ccccc3)nc(Cl)nc21,ZGLFUGCOCLZCQG-XWAOVWAASA-N,C1CCC(C2CC2CC2CCCC3C2CCC3C2CCC3CC32)CC1,10.1016/j.bmc.2008.08.007,18752961,1,False,False,pending_dual_review,eligible_for_primary_evidence_review,
BDB-50264213,50264213,O[C@@H]1[C@H](O)[C@@H]2C[C@@H]2[C@H]1n1cnc2c(NCc3cccc(I)c3)nc(Cl)nc21,GSPXPSPDVBRJRV-JHOKLZQASA-N,C1CCC(CCC2CCCC3C2CCC3C2CCC3CC32)CC1,10.1016/j.bmc.2008.08.007|10.1021/jm900426g,18752961|19499950,2,False,False,pending_dual_review,eligible_for_primary_evidence_review,
BDB-50264214,50264214,O[C@@H]1[C@H](O)[C@@H]2C[C@@H]2[C@H]1n1cnc2c(NCc3cccc(Cl)c3)nc(Cl)nc21,JDKVLAUQQJFNTK-JHOKLZQASA-N,C1CCC(CCC2CCCC3C2CCC3C2CCC3CC32)CC1,10.1016/j.bmc.2008.08.007|10.1021/acs.jmedchem.6b01183|10.1021/jm900426g,18752961|19499950|27933810,3,False,False,pending_dual_review,eligible_for_primary_evidence_review,
BDB-50264215,50264215,O[C@@H]1[C@H](O)[C@@H]2C[C@@H]2[C@H]1n1cnc2c(NCc3cccc(Br)c3)nc(Cl)nc21,JUPXOEIJARYGJE-JHOKLZQASA-N,C1CCC(CCC2CCCC3C2CCC3C2CCC3CC32)CC1,10.1016/j.bmc.2008.08.007|10.1021/jm900426g,18752961|19499950,2,False,False,pending_dual_review,eligible_for_primary_evidence_review,
BDB-50264216,50264216,O[C@@H]1[C@H](O)[C@@H]2C[C@@H]2[C@H]1n1cnc2c(NCc3cccc4ccccc34)nc(Cl)nc21,BOTLKWAQAFJQRW-KFXXHRTLSA-N,C1CCC2C(C1)CCCC2CCC1CCCC2C1CCC2C1CCC2CC21,10.1016/j.bmc.2008.08.007,18752961,1,False,False,pending_dual_review,eligible_for_primary_evidence_review,
BDB-50264830,50264830,Nc1ccc(Nc2nc(-c3ccccc3)nc3c2nnn3Cc2ccccc2)cc1,YLYRPYGRRKBVPO-UHFFFAOYSA-N,C1CCC(CC2CC(C3CCCCC3)CC3C(CC4CCCCC4)CCC23)CC1,10.1016/j.ejmech.2007.10.021,18045744,2,False,False,pending_dual_review,eligible_for_primary_evidence_review,
BDB-50264831,50264831,O=C(Nc1ccc(F)cc1)Nc1ccc(Nc2nc(-c3ccccc3)nc3c2nnn3Cc2ccccc2)cc1,OLHVMYLPYPPJJK-UHFFFAOYSA-N,CC(CC1CCCCC1)CC1CCC(CC2CC(C3CCCCC3)CC3C(CC4CCCCC4)CCC23)CC1,10.1021/jm4011669,24164628,1,False,False,pending_dual_review,eligible_for_primary_evidence_review,
BDB-50265408,50265408,O=[N+]([O-])c1ccc(Nc2nc(-c3ccccc3)nc3c2ncn3Cc2ccccc2)cc1,AQQCBPZYBVKEFU-UHFFFAOYSA-N,C1CCC(CC2CC(C3CCCCC3)CC3C(CC4CCCCC4)CCC23)CC1,10.1016/j.ejmech.2007.10.021,18045744,1,False,False,pending_dual_review,eligible_for_primary_evidence_review,
BDB-50265409,50265409,Nc1ccc(Nc2nc(-c3ccccc3)nc3c2ncn3Cc2ccccc2)cc1,RVUVWWRSIWGIQQ-UHFFFAOYSA-N,C1CCC(CC2CC(C3CCCCC3)CC3C(CC4CCCCC4)CCC23)CC1,10.1016/j.ejmech.2007.10.021,18045744,2,False,False,pending_dual_review,eligible_for_primary_evidence_review,
BDB-50265896,50265896,Cc1ccc(-n2nc(C)c3cnc(-c4ccc([C@H]5C[C@@H]5C(=O)O)cc4F)cc32)nc1,HTAFDYZRIYQJFP-SJORKVTESA-N,C1CCC(C2CCC3CCC(C4CCC(C5CC5)CC4)CC32)CC1,10.1021/acs.jmedchem.7b00210,28374589,1,False,False,pending_dual_review,eligible_for_primary_evidence_review,
BDB-50265986,50265986,CC(=O)N1CCC(Nc2nc(-c3ccco3)c(C(=O)c3ccccc3)s2)CC1,IOGXGBJVAXMMAH-UHFFFAOYSA-N,CC(C1CCCCC1)C1CC(CC2CCCCC2)CC1C1CCCC1,10.1016/j.bmcl.2008.11.066,19059776,1,False,False,pending_dual_review,eligible_for_primary_evidence_review,
BDB-50266018,50266018,O=C(c1ccccc1)c1sc(NC2CCN(Cc3ccccc3F)CC2)nc1-c1ccco1,HVKJEQVCCNXTHI-UHFFFAOYSA-N,CC(C1CCCCC1)C1CC(CC2CCC(CC3CCCCC3)CC2)CC1C1CCCC1,10.1016/j.bmcl.2008.11.066,19059776,1,False,False,pending_dual_review,eligible_for_primary_evidence_review,
BDB-50266019,50266019,O=C(c1ccccc1)c1sc(NCc2ccc(F)c(F)c2)nc1-c1ccco1,PJBOAYIIKGMTMD-UHFFFAOYSA-N,CC(C1CCCCC1)C1CC(CCC2CCCCC2)CC1C1CCCC1,10.1016/j.bmcl.2008.11.066,19059776,1,False,False,pending_dual_review,eligible_for_primary_evidence_review,
BDB-50266020,50266020,O=C(c1ccccc1)c1sc(NCc2ccco2)nc1-c1ccco1,LLLDLOJFFPPLKI-UHFFFAOYSA-N,CC(C1CCCCC1)C1CC(CCC2CCCC2)CC1C1CCCC1,10.1016/j.bmcl.2008.11.066,19059776,1,False,False,pending_dual_review,eligible_for_primary_evidence_review,
BDB-50266021,50266021,O=C(c1ccccc1)c1sc(NCc2cccs2)nc1-c1ccco1,IYYGANUHKCRQPE-UHFFFAOYSA-N,CC(C1CCCCC1)C1CC(CCC2CCCC2)CC1C1CCCC1,10.1016/j.bmcl.2008.11.066,19059776,1,False,False,pending_dual_review,eligible_for_primary_evidence_review,
BDB-50266022,50266022,O=C(c1ccccc1)c1sc(NCCc2ccc3c(c2)OCO3)nc1-c1ccco1,ORZFUSWWXUVGND-UHFFFAOYSA-N,CC(C1CCCCC1)C1CC(CCCC2CCC3CCCC3C2)CC1C1CCCC1,10.1016/j.bmcl.2008.11.066,19059776,1,False,False,pending_dual_review,eligible_for_primary_evidence_review,
BDB-50266052,50266052,O=C(c1ccccc1)c1sc(NCCCc2ccccc2)nc1-c1ccco1,VZEXLUMZSFKUJP-UHFFFAOYSA-N,CC(C1CCCCC1)C1CC(CCCCC2CCCCC2)CC1C1CCCC1,10.1016/j.bmcl.2008.11.066,19059776,1,False,False,pending_dual_review,eligible_for_primary_evidence_review,
BDB-50266054,50266054,CN(Cc1ccccc1)c1nc(-c2ccco2)c(C(=O)c2ccccc2)s1,HGFUXSJCWBETFB-UHFFFAOYSA-N,CC(C1CCCCC1)C1CC(CCC2CCCCC2)CC1C1CCCC1,10.1016/j.bmcl.2008.11.066,19059776,1,False,False,pending_dual_review,eligible_for_primary_evidence_review,
BDB-50266055,50266055,CN(Cc1ccco1)c1nc(-c2ccco2)c(C(=O)c2ccccc2)s1,DKICFZCZJPNDET-UHFFFAOYSA-N,CC(C1CCCCC1)C1CC(CCC2CCCC2)CC1C1CCCC1,10.1016/j.bmcl.2008.11.066,19059776,1,False,False,pending_dual_review,eligible_for_primary_evidence_review,
BDB-50266084,50266084,O=C(c1ccccc1)c1sc(N(Cc2ccccc2)Cc2ccco2)nc1-c1ccco1,UXTNNVIYBQKXOL-UHFFFAOYSA-N,CC(C1CCCCC1)C1CC(C(CC2CCCCC2)CC2CCCC2)CC1C1CCCC1,10.1016/j.bmcl.2008.11.066,19059776,1,False,False,pending_dual_review,eligible_for_primary_evidence_review,
BDB-50266086,50266086,O=C(c1ccccc1)c1sc(N(CCc2cccs2)Cc2ccccc2)nc1-c1ccco1,CODZQUKWDQBJNQ-UHFFFAOYSA-N,CC(C1CCCCC1)C1CC(C(CCC2CCCC2)CC2CCCCC2)CC1C1CCCC1,10.1016/j.bmcl.2008.11.066,19059776,1,False,False,pending_dual_review,eligible_for_primary_evidence_review,
BDB-50266384,50266384,CC(=O)Nc1cc(N2CCc3ccccc3C2)nc(-n2nc(C)cc2C)n1,BJIHXFIZELWLCM-UHFFFAOYSA-N,C1CCC(C2CCCC(C3CCC4CCCCC4C3)C2)C1,10.1021/jm800908d,19140664,1,False,False,pending_dual_review,eligible_for_primary_evidence_review,
BDB-50266472,50266472,CC(=O)Nc1cc(N2CCC[C@@H]2COc2ccccn2)nc(-n2nc(C)cc2C)n1,MDXHAAVALMQUQH-QGZVFWFLSA-N,C1CCC(CCC2CCCC2C2CCCC(C3CCCC3)C2)CC1,10.1021/jm800908d,19140664,1,False,False,pending_dual_review,eligible_for_primary_evidence_review,
BDB-50266473,50266473,CC(=O)Nc1cc(N2CCC[C@H]2COc2ccccn2)nc(-n2nc(C)cc2C)n1,MDXHAAVALMQUQH-KRWDZBQOSA-N,C1CCC(CCC2CCCC2C2CCCC(C3CCCC3)C2)CC1,10.1021/jm800908d,19140664,1,False,False,pending_dual_review,eligible_for_primary_evidence_review,
BDB-50267395,50267395,O[C@@H]1[C@H](O)[C@@H](CCl)O[C@H]1n1cnc2c(NC3CC4CCC3C4)ncnc21,PVJGDYDNVNCGBT-STHLEMNDSA-N,C1CCC(C2CCC3C(CC4CC5CCC4C5)CCCC23)C1,10.1021/jm801456g,19317449,1,False,False,pending_dual_review,eligible_for_primary_evidence_review,
BDB-50267396,50267396,O[C@@H]1[C@H](O)[C@@H](CCl)O[C@H]1n1cnc2c(NC3CC4CCC3C4)nc(Cl)nc21,JCAVHDDDZIXFHB-NNBIHLJJSA-N,C1CCC(C2CCC3C(CC4CC5CCC4C5)CCCC23)C1,10.1021/jm801456g,19317449,1,False,False,pending_dual_review,eligible_for_primary_evidence_review,
BDB-50267475,50267475,C[C@@]1(O)[C@H](O)[C@@H](CCl)O[C@H]1n1cnc2c(NC3CC4CCC3C4)ncnc21,KJRVCYQOURUJNS-JCGITXMQSA-N,C1CCC(C2CCC3C(CC4CC5CCC4C5)CCCC23)C1,10.1021/jm801456g,19317449,1,False,False,pending_dual_review,eligible_for_primary_evidence_review,
BDB-50267476,50267476,C[C@@]1(O)[C@H](O)[C@@H](CCl)O[C@H]1n1cnc2c(NC3CC4CCC3C4)nc(Cl)nc21,MCWKNNFERCKYEZ-JJSDLRPOSA-N,C1CCC(C2CCC3C(CC4CC5CCC4C5)CCCC23)C1,10.1021/jm801456g,19317449,1,False,False,pending_dual_review,eligible_for_primary_evidence_review,
BDB-50267477,50267477,O[C@@H]1[C@H](O)[C@@H](CSc2ccccc2F)O[C@H]1n1cnc2c(NC3CCCC3)ncnc21,SKEFGDREBIAUKI-HAXDFEGKSA-N,C1CCC(CCC2CCC(C3CCC4C(CC5CCCC5)CCCC43)C2)CC1,10.1021/jm801456g,19317449,1,False,False,pending_dual_review,eligible_for_primary_evidence_review,
BDB-50267478,50267478,O[C@@H]1[C@H](O)[C@@H](CSc2ccccc2F)O[C@H]1n1cnc2c(NC3CCCC3)nc(Cl)nc21,XRENBVUKDQUOEX-AEVYOOLXSA-N,C1CCC(CCC2CCC(C3CCC4C(CC5CCCC5)CCCC43)C2)CC1,10.1021/jm801456g,19317449,1,False,False,pending_dual_review,eligible_for_primary_evidence_review,
BDB-50267574,50267574,O[C@@H]1[C@H](O)[C@@H](CSc2ccccc2F)O[C@H]1n1cnc2c(NC3CCOC3)ncnc21,XFBWHONCPLPUJK-OFGIKRIPSA-N,C1CCC(CCC2CCC(C3CCC4C(CC5CCCC5)CCCC43)C2)CC1,10.1021/jm801456g,19317449,1,False,False,pending_dual_review,eligible_for_primary_evidence_review,
BDB-50267575,50267575,C[C@@]1(O)[C@H](O)[C@@H](CO)O[C@H]1n1cnc2c(NC3CC4CCC3C4)ncnc21,CYNWVQQNSGCUDM-JCGITXMQSA-N,C1CCC(C2CCC3C(CC4CC5CCC4C5)CCCC23)C1,10.1021/jm801456g,19317449,1,False,False,pending_dual_review,eligible_for_primary_evidence_review,
BDB-50267576,50267576,C[C@@]1(O)[C@H](O)[C@@H](CO)O[C@H]1n1cnc2c(NC3CC4CCC3C4)nc(Cl)nc21,RCXQAUDRRQGKAP-JJSDLRPOSA-N,C1CCC(C2CCC3C(CC4CC5CCC4C5)CCCC23)C1,10.1021/jm801456g,19317449,1,False,False,pending_dual_review,eligible_for_primary_evidence_review,
BDB-50267577,50267577,OC[C@H]1O[C@@H](n2cnc3c(NC4CC5CCC4C5)ncnc32)[C@H](O)[C@@H]1O,YKPCEENRZZBDMC-STHLEMNDSA-N,C1CCC(C2CCC3C(CC4CC5CCC4C5)CCCC23)C1,10.1021/jm801456g,19317449,1,False,False,pending_dual_review,eligible_for_primary_evidence_review,
BDB-50267578,50267578,OC[C@H]1O[C@@H](n2cnc3c(NC4CC5CCC4C5)nc(Cl)nc32)[C@H](O)[C@@H]1O,AEOCPQUDPJKEQV-NNBIHLJJSA-N,C1CCC(C2CCC3C(CC4CC5CCC4C5)CCCC23)C1,10.1021/jm801456g,19317449,1,False,False,pending_dual_review,eligible_for_primary_evidence_review,
BDB-50268084,50268084,Cn1c(=O)c2[nH]c(-c3ccc(OC(C)(C)C(=O)N4CCN(c5nc6cc(Cl)ccc6s5)CC4)cc3)nc2n(C)c1=O,YSTDMWZJVOJXPJ-UHFFFAOYSA-N,CC1CC(C)C2CC(C3CCC(CCC(C)C4CCC(C5CC6CCCCC6C5)CC4)CC3)CC2C1,10.1021/jm900413e,19569717,1,False,False,pending_dual_review,eligible_for_primary_evidence_review,
BDB-50268108,50268108,CCn1c(=O)[nH]c2nc(-c3ccc(S(=O)(=O)N4CCN(Cc5ccccc5)CC4)cc3)[nH]c2c1=O,WCNLWPYBWVTRQC-UHFFFAOYSA-N,CC1CC(C)C2CC(C3CCC(C(C)(C)C4CCC(CC5CCCCC5)CC4)CC3)CC2C1,10.1021/jm900413e,19569717,1,False,False,pending_dual_review,eligible_for_primary_evidence_review,
BDB-50268109,50268109,CCn1c(=O)[nH]c2nc(-c3ccc(S(=O)(=O)N4CCN(Cc5ccc(Cl)cc5)CC4)cc3)[nH]c2c1=O,GSATYLREJDABHH-UHFFFAOYSA-N,CC1CC(C)C2CC(C3CCC(C(C)(C)C4CCC(CC5CCCCC5)CC4)CC3)CC2C1,10.1021/jm900413e,19569717,1,False,False,pending_dual_review,eligible_for_primary_evidence_review,
BDB-50268110,50268110,CCCn1c(=O)[nH]c2nc(-c3ccc(S(=O)(=O)N4CCN(Cc5cccc(Cl)c5)CC4)cc3)[nH]c2c1=O,XGGZNUZGXSDCLP-UHFFFAOYSA-N,CC1CC(C)C2CC(C3CCC(C(C)(C)C4CCC(CC5CCCCC5)CC4)CC3)CC2C1,10.1021/jm900413e,19569717,1,False,False,pending_dual_review,eligible_for_primary_evidence_review,
BDB-50268129,50268129,CCCn1c(=O)[nH]c2nc(-c3ccc(S(=O)(=O)N4CCN(Cc5ccc(Cl)cc5)CC4)cc3)[nH]c2c1=O,JQZJACVYMPKVDS-UHFFFAOYSA-N,CC1CC(C)C2CC(C3CCC(C(C)(C)C4CCC(CC5CCCCC5)CC4)CC3)CC2C1,10.1021/jm900413e,19569717,1,False,False,pending_dual_review,eligible_for_primary_evidence_review,
BDB-50268131,50268131,CCn1c(=O)[nH]c2nc(-c3ccc(S(=O)(=O)N4CCN(Cc5ccc(F)cc5)CC4)cc3)[nH]c2c1=O,AQZAJVBRYMBFPK-UHFFFAOYSA-N,CC1CC(C)C2CC(C3CCC(C(C)(C)C4CCC(CC5CCCCC5)CC4)CC3)CC2C1,10.1021/jm900413e,19569717,1,False,False,pending_dual_review,eligible_for_primary_evidence_review,
BDB-50268149,50268149,CCn1c(=O)[nH]c2nc(-c3ccc(S(=O)(=O)N4CCN(Cc5cccc(F)c5)CC4)cc3)[nH]c2c1=O,GLENVIZFDNPZHM-UHFFFAOYSA-N,CC1CC(C)C2CC(C3CCC(C(C)(C)C4CCC(CC5CCCCC5)CC4)CC3)CC2C1,10.1021/jm900413e,19569717,1,False,False,pending_dual_review,eligible_for_primary_evidence_review,
BDB-50268150,50268150,CCCn1c(=O)[nH]c2nc(-c3ccc(S(=O)(=O)N4CCN(Cc5cccc(F)c5)CC4)cc3)[nH]c2c1=O,BUGBHBGTCARRNY-UHFFFAOYSA-N,CC1CC(C)C2CC(C3CCC(C(C)(C)C4CCC(CC5CCCCC5)CC4)CC3)CC2C1,10.1021/jm900413e,19569717,1,False,False,pending_dual_review,eligible_for_primary_evidence_review,
BDB-50268151,50268151,CCn1c(=O)[nH]c2nc(-c3ccc(S(=O)(=O)N4CCN(Cc5ccc(C(F)(F)F)cc5)CC4)cc3)[nH]c2c1=O,PGUVAKMIEAFDEA-UHFFFAOYSA-N,CC1CC(C)C2CC(C3CCC(C(C)(C)C4CCC(CC5CCCCC5)CC4)CC3)CC2C1,10.1021/jm900413e,19569717,1,False,False,pending_dual_review,eligible_for_primary_evidence_review,
BDB-50268163,50268163,CCCn1c(=O)[nH]c2nc(-c3ccc(S(=O)(=O)N4CCN(Cc5ccc(C(F)(F)F)cc5)CC4)cc3)[nH]c2c1=O,RHBLXAUMNGSRMA-UHFFFAOYSA-N,CC1CC(C)C2CC(C3CCC(C(C)(C)C4CCC(CC5CCCCC5)CC4)CC3)CC2C1,10.1021/jm900413e,19569717,1,False,False,pending_dual_review,eligible_for_primary_evidence_review,
BDB-50268164,50268164,CCn1c(=O)[nH]c2nc(-c3ccc(S(=O)(=O)N4CCN(Cc5cccc(C(F)(F)F)c5)CC4)cc3)[nH]c2c1=O,UUDWOTHIXFRLKP-UHFFFAOYSA-N,CC1CC(C)C2CC(C3CCC(C(C)(C)C4CCC(CC5CCCCC5)CC4)CC3)CC2C1,10.1021/jm900413e,19569717,1,False,False,pending_dual_review,eligible_for_primary_evidence_review,
BDB-50268165,50268165,CCCn1c(=O)[nH]c2nc(-c3ccc(S(=O)(=O)N4CCN(Cc5cccc(C(F)(F)F)c5)CC4)cc3)[nH]c2c1=O,DXXSLNCEWQRJBH-UHFFFAOYSA-N,CC1CC(C)C2CC(C3CCC(C(C)(C)C4CCC(CC5CCCCC5)CC4)CC3)CC2C1,10.1021/jm900413e,19569717,1,False,False,pending_dual_review,eligible_for_primary_evidence_review,
BDB-50268182,50268182,CCn1c(=O)[nH]c2nc(-c3ccc(S(=O)(=O)N4CCN(Cc5ccc(OC)cc5)CC4)cc3)[nH]c2c1=O,OIWHCIKNHXITSN-UHFFFAOYSA-N,CC1CC(C)C2CC(C3CCC(C(C)(C)C4CCC(CC5CCCCC5)CC4)CC3)CC2C1,10.1021/jm900413e,19569717,1,False,False,pending_dual_review,eligible_for_primary_evidence_review,
BDB-50268209,50268209,CCCn1c(=O)[nH]c2nc(-c3ccc(S(=O)(=O)N4CCN(Cc5ccc(OC)cc5)CC4)cc3)[nH]c2c1=O,JRKZOGRRHIRUCN-UHFFFAOYSA-N,CC1CC(C)C2CC(C3CCC(C(C)(C)C4CCC(CC5CCCCC5)CC4)CC3)CC2C1,10.1021/jm900413e,19569717,1,False,False,pending_dual_review,eligible_for_primary_evidence_review,
BDB-50268210,50268210,CCn1c(=O)[nH]c2nc(-c3ccc(S(=O)(=O)N4CCN(Cc5ccc6c(c5)OCO6)CC4)cc3)[nH]c2c1=O,ODKIIRGGBWEQPE-UHFFFAOYSA-N,CC1CC(C)C2CC(C3CCC(C(C)(C)C4CCC(CC5CCC6CCCC6C5)CC4)CC3)CC2C1,10.1021/jm900413e,19569717,1,False,False,pending_dual_review,eligible_for_primary_evidence_review,
BDB-50268211,50268211,CCCn1c(=O)[nH]c2nc(-c3ccc(S(=O)(=O)N4CCN(Cc5ccc6c(c5)OCO6)CC4)cc3)[nH]c2c1=O,LKQSGKOYMDGWTQ-UHFFFAOYSA-N,CC1CC(C)C2CC(C3CCC(C(C)(C)C4CCC(CC5CCC6CCCC6C5)CC4)CC3)CC2C1,10.1021/jm900413e,19569717,1,False,False,pending_dual_review,eligible_for_primary_evidence_review,
BDB-50268231,50268231,CCn1c(=O)[nH]c2nc(-c3ccc(S(=O)(=O)N4CCN(c5ccc(Cl)cc5)CC4)cc3)[nH]c2c1=O,DLYJSXYMPVWHJA-UHFFFAOYSA-N,CC1CC(C)C2CC(C3CCC(C(C)(C)C4CCC(C5CCCCC5)CC4)CC3)CC2C1,10.1021/jm900413e,19569717,1,False,False,pending_dual_review,eligible_for_primary_evidence_review,
BDB-50268245,50268245,CCCn1c(=O)[nH]c2nc(-c3ccc(S(=O)(=O)N4CCN(c5ccc(OC)cc5)CC4)cc3)[nH]c2c1=O,YOEBEGRTAQZAOC-UHFFFAOYSA-N,CC1CC(C)C2CC(C3CCC(C(C)(C)C4CCC(C5CCCCC5)CC4)CC3)CC2C1,10.1021/jm900413e,19569717,1,False,False,pending_dual_review,eligible_for_primary_evidence_review,
BDB-50268247,50268247,CCCn1c(=O)[nH]c2nc(-c3ccc(S(=O)(=O)N4CCN(CCc5ccccc5)CC4)cc3)[nH]c2c1=O,UOSGXUGKZYRNKU-UHFFFAOYSA-N,CC1CC(C)C2CC(C3CCC(C(C)(C)C4CCC(CCC5CCCCC5)CC4)CC3)CC2C1,10.1021/jm900413e,19569717,1,False,False,pending_dual_review,eligible_for_primary_evidence_review,
BDB-50268257,50268257,CCCn1c(=O)[nH]c2nc(-c3ccc(S(=O)(=O)NC4CCN(Cc5ccccc5)CC4)cc3)[nH]c2c1=O,XBLGRIMBLMBXMW-UHFFFAOYSA-N,CC1CC(C)C2CC(C3CCC(C(C)(C)CC4CCC(CC5CCCCC5)CC4)CC3)CC2C1,10.1021/jm900413e,19569717,1,False,False,pending_dual_review,eligible_for_primary_evidence_review,
BDB-50271536,50271536,O=C(NCc1ccccc1)Nc1nc2ccccc2n2c(=O)n(-c3ccccc3)nc12,VIBOPLGOAIYGMR-UHFFFAOYSA-N,CC(CCC1CCCCC1)CC1CC2CCCCC2C2C(C)C(C3CCCCC3)CC12,10.1016/j.bmc.2008.04.039,18468446,1,False,False,pending_dual_review,eligible_for_primary_evidence_review,
BDB-50271617,50271617,CCn1nc(-c2nccs2)c2sccc2c1=O,KISDKGDLWNPSGL-UHFFFAOYSA-N,CC1CCC(C2CCCC2)C2CCCC12,10.1016/j.bmcl.2018.03.086,29627261,1,False,False,pending_dual_review,eligible_for_primary_evidence_review,
BDB-50271639,50271639,CCn1nc(-c2ccccn2)c2sccc2c1=O,GQDNVOFENRCWJW-UHFFFAOYSA-N,CC1CCC(C2CCCCC2)C2CCCC12,10.1016/j.bmcl.2018.03.086,29627261,1,False,False,pending_dual_review,eligible_for_primary_evidence_review,
BDB-50271642,50271642,O=c1[nH]nc(-c2nccs2)c2sccc12,AUQHNAQGJBULMA-UHFFFAOYSA-N,CC1CCC(C2CCCC2)C2CCCC12,10.1016/j.bmcl.2018.03.086,29627261,1,False,False,pending_dual_review,eligible_for_primary_evidence_review,
BDB-50271654,50271654,CCc1nn(CC)c(=O)c2cc(-c3ccccc3)sc12,YTOXEQYGGZQABN-UHFFFAOYSA-N,CC1CCCC2CC(C3CCCCC3)CC12,10.1016/j.bmcl.2018.03.086,29627261,1,False,False,pending_dual_review,eligible_for_primary_evidence_review,
BDB-50272032,50272032,COc1ccc(-n2nc3c(NC(=O)c4ccncc4)nc4ccccc4n3c2=O)cc1,OTBVDTOGBXZBSN-UHFFFAOYSA-N,CC(CC1CC2CCCCC2C2C(C)C(C3CCCCC3)CC12)C1CCCCC1,10.1016/j.bmc.2008.04.039,18468446,1,False,False,pending_dual_review,eligible_for_primary_evidence_review,
BDB-50272033,50272033,O=C(Nc1nc2ccccc2n2c(=O)n(-c3ccccc3)nc12)c1ccncc1,WUBKOFOYQBUNOS-UHFFFAOYSA-N,CC(CC1CC2CCCCC2C2C(C)C(C3CCCCC3)CC12)C1CCCCC1,10.1016/j.bmc.2008.04.039,18468446,1,False,False,pending_dual_review,eligible_for_primary_evidence_review,
BDB-50273309,50273309,CCCn1c(=O)c2[nH]c(-c3ccc(C(=O)O)cc3)c(O)c2n(CCC)c1=O,UIZNDBWZKQAOFG-UHFFFAOYSA-N,CC1CC(C)C2CC(C3CCCCC3)CC2C1,10.1016/j.bmc.2008.09.067,18938084,1,False,False,pending_dual_review,eligible_for_primary_evidence_review,
BDB-50273312,50273312,CCCn1c(=O)c2[nH]c(-c3ccc(OCC(=O)N4CCN(Cc5ccccc5)CC4)cc3)c(O)c2n(CCC)c1=O,REAPVGFCEFRXCU-UHFFFAOYSA-N,CC1CC(C)C2CC(C3CCC(CCC(C)C4CCC(CC5CCCCC5)CC4)CC3)CC2C1,10.1016/j.bmc.2008.09.067,18938084,1,False,False,pending_dual_review,eligible_for_primary_evidence_review,
BDB-50273800,50273800,Cc1ccc(-c2cc3c([nH]2)c(=O)n(C)c(=O)n3C)cc1,BBFPHHUPBWYLHO-UHFFFAOYSA-N,CC1CC(C)C2CC(C3CCCCC3)CC2C1,10.1016/j.bmc.2008.09.067,18938084,1,False,False,pending_dual_review,eligible_for_primary_evidence_review,
BDB-50273802,50273802,Cn1c(=O)c2[nH]c(-c3ccccc3)c(O)c2n(C)c1=O,JYLPPQVMEIEYRY-UHFFFAOYSA-N,CC1CC(C)C2CC(C3CCCCC3)CC2C1,10.1016/j.bmc.2008.09.067,18938084,1,False,False,pending_dual_review,eligible_for_primary_evidence_review,
BDB-50273804,50273804,Cc1ccc(-c2[nH]c3c(=O)n(C)c(=O)n(C)c3c2O)cc1,OEJGMOSOPQXTQZ-UHFFFAOYSA-N,CC1CC(C)C2CC(C3CCCCC3)CC2C1,10.1016/j.bmc.2008.09.067,18938084,1,False,False,pending_dual_review,eligible_for_primary_evidence_review,
BDB-50273837,50273837,Cn1c(=O)c2[nH]c(-c3ccc(S(C)(=O)=O)cc3)c(O)c2n(C)c1=O,BAABOJCRZGIFMQ-UHFFFAOYSA-N,CC1CC(C)C2CC(C3CCCCC3)CC2C1,10.1016/j.bmc.2008.09.067,18938084,1,False,False,pending_dual_review,eligible_for_primary_evidence_review,
BDB-50273839,50273839,CCCn1c(=O)c2[nH]c(-c3ccccc3)c(O)c2n(CCC)c1=O,WMMQZUWLDBUPNK-UHFFFAOYSA-N,CC1CC(C)C2CC(C3CCCCC3)CC2C1,10.1016/j.bmc.2008.09.067,18938084,1,False,False,pending_dual_review,eligible_for_primary_evidence_review,
BDB-50273840,50273840,CCCn1c(=O)c2[nH]c(-c3ccc(C)cc3)cc2n(CCC)c1=O,IGLCQZYYKLFMKH-UHFFFAOYSA-N,CC1CC(C)C2CC(C3CCCCC3)CC2C1,10.1016/j.bmc.2008.09.067,18938084,1,False,False,pending_dual_review,eligible_for_primary_evidence_review,
BDB-50273841,50273841,CCCn1c(=O)c2c(cc(-c3ccc(C)cc3)n2O)n(CCC)c1=O,RDEZSVZHKUMXND-UHFFFAOYSA-N,CC1CC(C)C2CC(C3CCCCC3)CC2C1,10.1016/j.bmc.2008.09.067,18938084,1,False,False,pending_dual_review,eligible_for_primary_evidence_review,
BDB-50273874,50273874,CCCn1c(=O)c2[nH]c(-c3ccc(C)cc3)c(O)c2n(CCC)c1=O,BNELMEAZEDYOSZ-UHFFFAOYSA-N,CC1CC(C)C2CC(C3CCCCC3)CC2C1,10.1016/j.bmc.2008.09.067,18938084,1,False,False,pending_dual_review,eligible_for_primary_evidence_review,
BDB-50273875,50273875,CCCn1c(=O)c2[nH]c(-c3ccc(N)cc3)cc2n(CCC)c1=O,RMSSXSBXRYYMDR-UHFFFAOYSA-N,CC1CC(C)C2CC(C3CCCCC3)CC2C1,10.1016/j.bmc.2008.09.067,18938084,1,False,False,pending_dual_review,eligible_for_primary_evidence_review,
BDB-50273876,50273876,CCCn1c(=O)c2c(cc(-c3ccc(N)cc3)n2O)n(CCC)c1=O,FWQLXYWLYBRNKT-UHFFFAOYSA-N,CC1CC(C)C2CC(C3CCCCC3)CC2C1,10.1016/j.bmc.2008.09.067,18938084,1,False,False,pending_dual_review,eligible_for_primary_evidence_review,
BDB-50273877,50273877,CCCn1c(=O)c2[nH]c(-c3ccc(N)cc3)c(O)c2n(CCC)c1=O,CONRYLOMRLYYJO-UHFFFAOYSA-N,CC1CC(C)C2CC(C3CCCCC3)CC2C1,10.1016/j.bmc.2008.09.067,18938084,1,False,False,pending_dual_review,eligible_for_primary_evidence_review,
BDB-50273878,50273878,CCCn1c(=O)c2[nH]c(-c3ccc(O)cc3)cc2n(CCC)c1=O,XWRHBZNLOGEVRQ-UHFFFAOYSA-N,CC1CC(C)C2CC(C3CCCCC3)CC2C1,10.1016/j.bmc.2008.09.067,18938084,1,False,False,pending_dual_review,eligible_for_primary_evidence_review,
BDB-50273905,50273905,CCCn1c(=O)c2c(cc(-c3ccc(O)cc3)n2O)n(CCC)c1=O,ZJZZCFUGJJVKFL-UHFFFAOYSA-N,CC1CC(C)C2CC(C3CCCCC3)CC2C1,10.1016/j.bmc.2008.09.067,18938084,1,False,False,pending_dual_review,eligible_for_primary_evidence_review,
BDB-50273906,50273906,CCCn1c(=O)c2[nH]c(-c3ccc(O)cc3)c(O)c2n(CCC)c1=O,GIJJQIHNYYXMID-UHFFFAOYSA-N,CC1CC(C)C2CC(C3CCCCC3)CC2C1,10.1016/j.bmc.2008.09.067,18938084,1,False,False,pending_dual_review,eligible_for_primary_evidence_review,
BDB-50273907,50273907,CCCn1c(=O)c2[nH]c(-c3ccc(OC)cc3)cc2n(CCC)c1=O,SERGQABLLZFSEN-UHFFFAOYSA-N,CC1CC(C)C2CC(C3CCCCC3)CC2C1,10.1016/j.bmc.2008.09.067,18938084,1,False,False,pending_dual_review,eligible_for_primary_evidence_review,
BDB-50273908,50273908,CCCn1c(=O)c2c(cc(-c3ccc(OC)cc3)n2O)n(CCC)c1=O,QPSOLTWXZHKGRP-UHFFFAOYSA-N,CC1CC(C)C2CC(C3CCCCC3)CC2C1,10.1016/j.bmc.2008.09.067,18938084,1,False,False,pending_dual_review,eligible_for_primary_evidence_review,
BDB-50273909,50273909,CCCn1c(=O)c2[nH]c(-c3ccc(OC)cc3)c(O)c2n(CCC)c1=O,XSRGCPIJIJNURP-UHFFFAOYSA-N,CC1CC(C)C2CC(C3CCCCC3)CC2C1,10.1016/j.bmc.2008.09.067,18938084,1,False,False,pending_dual_review,eligible_for_primary_evidence_review,
BDB-50273954,50273954,CCCn1c(=O)c2[nH]c(-c3ccc(C(C)=O)cc3)c(O)c2n(CCC)c1=O,VZTHCZZPPWXYJE-UHFFFAOYSA-N,CC1CC(C)C2CC(C3CCCCC3)CC2C1,10.1016/j.bmc.2008.09.067,18938084,1,False,False,pending_dual_review,eligible_for_primary_evidence_review,
BDB-50273955,50273955,CCCn1c(=O)c2[nH]c(-c3ccc([N+](=O)[O-])cc3)c(O)c2n(CCC)c1=O,AFHXIAFLVQWNGJ-UHFFFAOYSA-N,CC1CC(C)C2CC(C3CCCCC3)CC2C1,10.1016/j.bmc.2008.09.067,18938084,1,False,False,pending_dual_review,eligible_for_primary_evidence_review,
BDB-50273956,50273956,CCCn1c(=O)c2[nH]c(-c3ccc(S(C)(=O)=O)cc3)c(O)c2n(CCC)c1=O,SIHIKPJYUGIIGL-UHFFFAOYSA-N,CC1CC(C)C2CC(C3CCCCC3)CC2C1,10.1016/j.bmc.2008.09.067,18938084,1,False,False,pending_dual_review,eligible_for_primary_evidence_review,
BDB-50273957,50273957,CCCn1c(=O)c2[nH]c(-c3ccc(S(C)(=O)=O)cc3)c(O)c2n(C)c1=O,KUPQOGCWMSZCTA-UHFFFAOYSA-N,CC1CC(C)C2CC(C3CCCCC3)CC2C1,10.1016/j.bmc.2008.09.067,18938084,1,False,False,pending_dual_review,eligible_for_primary_evidence_review,
BDB-50274074,50274074,C[C@@H]1Oc2ccc(Nc3ncnc4c3oc3ccccc34)cc2NC1=O,DKRKGVPEEBGRFA-JTQLQIEISA-N,CC1CCC2CCC(CC3CCCC4C5CCCCC5CC34)CC2C1,10.1021/acs.jmedchem.8b00204,29792714,1,False,False,pending_dual_review,eligible_for_primary_evidence_review,
BDB-50275612,50275612,Nc1nc(NCc2cccs2)nc2sc(-c3cnccn3)nc12,CMLKEDYTLQARSM-UHFFFAOYSA-N,C1CCC(C2CC3CCC(CCC4CCCC4)CC3C2)CC1,10.1016/j.bmc.2018.05.048,29880250,1,False,False,pending_dual_review,eligible_for_primary_evidence_review,
BDB-50275630,50275630,COc1cccc(CNc2nc(N)c3nc(-c4cnccn4)sc3n2)c1,JEQYLMOXQUQBSR-UHFFFAOYSA-N,C1CCC(CCC2CCC3CC(C4CCCCC4)CC3C2)CC1,10.1016/j.bmc.2018.05.048,29880250,1,False,False,pending_dual_review,eligible_for_primary_evidence_review,
BDB-50275633,50275633,Nc1nc(NCc2ccccc2)nc2sc(-c3ccccc3)nc12,BMOKUKWSLKUAHZ-UHFFFAOYSA-N,C1CCC(CCC2CCC3CC(C4CCCCC4)CC3C2)CC1,10.1016/j.bmc.2018.05.048,29880250,1,False,False,pending_dual_review,eligible_for_primary_evidence_review,
BDB-50275636,50275636,COc1ccccc1CNc1nc(N)c2nc(-c3cnccn3)sc2n1,CWJBGKDKRPFHJM-UHFFFAOYSA-N,C1CCC(CCC2CCC3CC(C4CCCCC4)CC3C2)CC1,10.1016/j.bmc.2018.05.048,29880250,1,False,False,pending_dual_review,eligible_for_primary_evidence_review,
BDB-50275637,50275637,Cc1nc2c(N)nc(Nc3ccccc3)nc2s1,JXMVGWKOLQYAPP-UHFFFAOYSA-N,C1CCC(CC2CCC3CCCC3C2)CC1,10.1016/j.bmc.2018.05.048,29880250,1,False,False,pending_dual_review,eligible_for_primary_evidence_review,
BDB-50275669,50275669,Cc1nc2c(N)nc(NCc3cccs3)nc2s1,FAQMPXZLGHDHHK-UHFFFAOYSA-N,C1CCC(CCC2CCC3CCCC3C2)C1,10.1016/j.bmc.2018.05.048,29880250,1,False,False,pending_dual_review,eligible_for_primary_evidence_review,
BDB-50275803,50275803,CC(=O)Nc1cc(-c2cccc(OC3CCN(C)C3)c2)nc(-n2nc(C)cc2C)n1,KWXCLKIPZNZLAX-UHFFFAOYSA-N,C1CCC(CC2CCCC(C3CCCC(C4CCCC4)C3)C2)C1,10.1016/j.bmcl.2008.09.048,18835161,1,False,False,pending_dual_review,eligible_for_primary_evidence_review,
BDB-50275856,50275856,CCN1CCC(Oc2cccc(-c3cc(NC(C)=O)nc(-n4nc(C)cc4C)n3)c2)C1,QKABAKISDAYKRP-UHFFFAOYSA-N,C1CCC(CC2CCCC(C3CCCC(C4CCCC4)C3)C2)C1,10.1016/j.bmcl.2008.09.048,18835161,1,False,False,pending_dual_review,eligible_for_primary_evidence_review,
BDB-50275857,50275857,CC(=O)Nc1cc(-c2cccc(OC3CCN(C(C)C)C3)c2)nc(-n2nc(C)cc2C)n1,UAVPYOCGCXNBPX-UHFFFAOYSA-N,C1CCC(CC2CCCC(C3CCCC(C4CCCC4)C3)C2)C1,10.1016/j.bmcl.2008.09.048,18835161,1,False,False,pending_dual_review,eligible_for_primary_evidence_review,
BDB-50275858,50275858,CC(=O)Nc1cc(-c2cccc(OC3CCN(C)CC3)c2)nc(-n2nc(C)cc2C)n1,SUAVPMVHEWSQAQ-UHFFFAOYSA-N,C1CCC(CC2CCCC(C3CCCC(C4CCCC4)C3)C2)CC1,10.1016/j.bmcl.2008.09.048,18835161,1,False,False,pending_dual_review,eligible_for_primary_evidence_review,
BDB-50275859,50275859,CC(=O)Nc1cc(-c2cccc(OC3CCCN(C)C3)c2)nc(-n2nc(C)cc2C)n1,UUVIEOWDBDXRFC-UHFFFAOYSA-N,C1CCC(CC2CCCC(C3CCCC(C4CCCC4)C3)C2)CC1,10.1016/j.bmcl.2008.09.048,18835161,1,False,False,pending_dual_review,eligible_for_primary_evidence_review,
BDB-50275912,50275912,CC(=O)Nc1cc(-c2cccc(O[C@@H]3CCN(C)C3)c2)nc(-n2nc(C)cc2C)n1,KWXCLKIPZNZLAX-LJQANCHMSA-N,C1CCC(CC2CCCC(C3CCCC(C4CCCC4)C3)C2)C1,10.1016/j.bmcl.2008.09.048,18835161,1,False,False,pending_dual_review,eligible_for_primary_evidence_review,
BDB-50275913,50275913,CC(=O)Nc1cc(-c2cccc(O[C@H]3CCN(C)C3)c2)nc(-n2nc(C)cc2C)n1,KWXCLKIPZNZLAX-IBGZPJMESA-N,C1CCC(CC2CCCC(C3CCCC(C4CCCC4)C3)C2)C1,10.1016/j.bmcl.2008.09.048,18835161,1,False,False,pending_dual_review,eligible_for_primary_evidence_review,
BDB-50275914,50275914,CC(=O)Nc1cc(-c2cccc(CO[C@@H]3CCN(C)C3)c2)nc(-n2nc(C)cc2C)n1,HQGPRKKHKJMXJP-HXUWFJFHSA-N,C1CCC(CCC2CCCC(C3CCCC(C4CCCC4)C3)C2)C1,10.1016/j.bmcl.2008.09.048,18835161,1,False,False,pending_dual_review,eligible_for_primary_evidence_review,
BDB-50275915,50275915,CC(=O)Nc1cc(-c2cccc(CO[C@H]3CCN(C)C3)c2)nc(-n2nc(C)cc2C)n1,HQGPRKKHKJMXJP-FQEVSTJZSA-N,C1CCC(CCC2CCCC(C3CCCC(C4CCCC4)C3)C2)C1,10.1016/j.bmcl.2008.09.048,18835161,1,False,False,pending_dual_review,eligible_for_primary_evidence_review,
BDB-50275961,50275961,CC(=O)Nc1cc(-c2cc(F)cc(OC3CCN(C)C3)c2)nc(-n2nc(C)cc2C)n1,KNRXPSXSKMZADD-UHFFFAOYSA-N,C1CCC(CC2CCCC(C3CCCC(C4CCCC4)C3)C2)C1,10.1016/j.bmcl.2008.09.048,18835161,1,False,False,pending_dual_review,eligible_for_primary_evidence_review,
BDB-50275962,50275962,CC(=O)Nc1cc(-c2cc(F)cc(O[C@@H]3CCN(C)C3)c2)nc(-n2nc(C)cc2C)n1,KNRXPSXSKMZADD-GOSISDBHSA-N,C1CCC(CC2CCCC(C3CCCC(C4CCCC4)C3)C2)C1,10.1016/j.bmcl.2008.09.048,18835161,1,False,False,pending_dual_review,eligible_for_primary_evidence_review,
BDB-50275963,50275963,CC(=O)Nc1cc(-c2cc(F)cc(O[C@H]3CCN(C)C3)c2)nc(-n2nc(C)cc2C)n1,KNRXPSXSKMZADD-SFHVURJKSA-N,C1CCC(CC2CCCC(C3CCCC(C4CCCC4)C3)C2)C1,10.1016/j.bmcl.2008.09.048,18835161,1,False,False,pending_dual_review,eligible_for_primary_evidence_review,
BDB-50276162,50276162,Nc1ccccc1C(=O)Nc1nc(-c2ccccc2)nc2c1nnn2Cc1ccccc1,BNDHVTSLDFBAQM-UHFFFAOYSA-N,CC(CC1CC(C2CCCCC2)CC2C(CC3CCCCC3)CCC12)C1CCCCC1,10.1016/j.bmc.2009.01.060,19230680,1,False,False,pending_dual_review,eligible_for_primary_evidence_review,
BDB-50276243,50276243,Nc1nc(-c2ccccc2)nc2c1nnn2Cc1ccccc1,MYSWGJASKRUDKS-UHFFFAOYSA-N,C1CCC(CC2CCC3CCC(C4CCCCC4)CC32)CC1,10.1016/j.bmc.2009.01.060,19230680,1,False,False,pending_dual_review,eligible_for_primary_evidence_review,
BDB-50276707,50276707,O=C(Nc1nc(-c2ccccc2)nc2c1nnn2Cc1ccccc1)C1CC1,WSMWGDVMRLIBMG-UHFFFAOYSA-N,CC(CC1CC(C2CCCCC2)CC2C(CC3CCCCC3)CCC12)C1CC1,10.1016/j.bmc.2009.01.060,19230680,1,False,False,pending_dual_review,eligible_for_primary_evidence_review,
BDB-50276769,50276769,O=C(Nc1nc(-c2ccccc2)nc2c1nnn2Cc1ccccc1)C1CCC1,ZTUKRFQGSSQYMK-UHFFFAOYSA-N,CC(CC1CC(C2CCCCC2)CC2C(CC3CCCCC3)CCC12)C1CCC1,10.1016/j.bmc.2009.01.060,19230680,1,False,False,pending_dual_review,eligible_for_primary_evidence_review,
BDB-50276772,50276772,O=C(Nc1nc(-c2ccccc2)nc2c1nnn2Cc1ccccc1)c1cccs1,SNIUMEAFFOTCJB-UHFFFAOYSA-N,CC(CC1CC(C2CCCCC2)CC2C(CC3CCCCC3)CCC12)C1CCCC1,10.1016/j.bmc.2009.01.060,19230680,1,False,False,pending_dual_review,eligible_for_primary_evidence_review,
BDB-50276866,50276866,O=C(Nc1nc(-c2ccccc2)nc2c1nnn2Cc1ccccc1)c1ccco1,VXGZBOSUACBNQN-UHFFFAOYSA-N,CC(CC1CC(C2CCCCC2)CC2C(CC3CCCCC3)CCC12)C1CCCC1,10.1016/j.bmc.2009.01.060,19230680,1,False,False,pending_dual_review,eligible_for_primary_evidence_review,
BDB-50276867,50276867,O=C(Nc1nc(-c2ccccc2)nc2c1nnn2Cc1ccccc1)c1ccoc1,OAYBQPUDGNXPCF-UHFFFAOYSA-N,CC(CC1CC(C2CCCCC2)CC2C(CC3CCCCC3)CCC12)C1CCCC1,10.1016/j.bmc.2009.01.060,19230680,1,False,False,pending_dual_review,eligible_for_primary_evidence_review,
BDB-50279420,50279420,COc1cc(-c2nc3c([nH]2)c(=O)n(C)c(=O)n3C)ccc1OCCN1CCOCC1,SLGNGDDFVGQQPR-UHFFFAOYSA-N,CC1CC(C)C2CC(C3CCC(CCCC4CCCCC4)CC3)CC2C1,10.1016/j.ejmech.2008.10.017,19036477,1,False,False,pending_dual_review,eligible_for_primary_evidence_review,
BDB-50279421,50279421,COc1cc(-c2nc3c([nH]2)c(=O)n(C)c(=O)n3C)ccc1OCCN1CCCC1,VUNGHUKQQDSODO-UHFFFAOYSA-N,CC1CC(C)C2CC(C3CCC(CCCC4CCCC4)CC3)CC2C1,10.1016/j.ejmech.2008.10.017,19036477,1,False,False,pending_dual_review,eligible_for_primary_evidence_review,
BDB-50279422,50279422,COc1ccc(-c2nc3c([nH]2)c(=O)n(C)c(=O)n3C)cc1OCCN(C)C,LJHZZECIHXGADH-UHFFFAOYSA-N,CC1CC(C)C2CC(C3CCCCC3)CC2C1,10.1016/j.ejmech.2008.10.017,19036477,1,False,False,pending_dual_review,eligible_for_primary_evidence_review,
BDB-50279423,50279423,CCN(CC)CCOc1cc(-c2nc3c([nH]2)c(=O)n(C)c(=O)n3C)ccc1OC,HPJQLBQUFRMPSW-UHFFFAOYSA-N,CC1CC(C)C2CC(C3CCCCC3)CC2C1,10.1016/j.ejmech.2008.10.017,19036477,1,False,False,pending_dual_review,eligible_for_primary_evidence_review,
BDB-50279424,50279424,COc1ccc(-c2nc3c([nH]2)c(=O)n(C)c(=O)n3C)cc1OCCN1CCCCC1,NTDYXYFTOQZJNU-UHFFFAOYSA-N,CC1CC(C)C2CC(C3CCCC(CCCC4CCCCC4)C3)CC2C1,10.1016/j.ejmech.2008.10.017,19036477,1,False,False,pending_dual_review,eligible_for_primary_evidence_review,
BDB-50279444,50279444,COc1ccc(-c2nc3c([nH]2)c(=O)n(C)c(=O)n3C)cc1OCCN1CCOCC1,OIJSJSOMTZSQNV-UHFFFAOYSA-N,CC1CC(C)C2CC(C3CCCC(CCCC4CCCCC4)C3)CC2C1,10.1016/j.ejmech.2008.10.017,19036477,1,False,False,pending_dual_review,eligible_for_primary_evidence_review,
BDB-50279445,50279445,CN(C)CCOc1cccc(-c2nc3c([nH]2)c(=O)n(C)c(=O)n3C)c1,FVYQSAAJAMSFPH-UHFFFAOYSA-N,CC1CC(C)C2CC(C3CCCCC3)CC2C1,10.1016/j.ejmech.2008.10.017,19036477,1,False,False,pending_dual_review,eligible_for_primary_evidence_review,
BDB-50279446,50279446,CCN(CC)CCOc1cccc(-c2nc3c([nH]2)c(=O)n(C)c(=O)n3C)c1,JLZWWVVRMVULIU-UHFFFAOYSA-N,CC1CC(C)C2CC(C3CCCCC3)CC2C1,10.1016/j.ejmech.2008.10.017,19036477,1,False,False,pending_dual_review,eligible_for_primary_evidence_review,
BDB-50279447,50279447,Cn1c(=O)c2[nH]c(-c3cccc(OCCN4CCCCC4)c3)nc2n(C)c1=O,ZVUMUCRNXOYIMA-UHFFFAOYSA-N,CC1CC(C)C2CC(C3CCCC(CCCC4CCCCC4)C3)CC2C1,10.1016/j.ejmech.2008.10.017,19036477,1,False,False,pending_dual_review,eligible_for_primary_evidence_review,
BDB-50279448,50279448,Cn1c(=O)c2[nH]c(-c3cccc(OCCN4CCOCC4)c3)nc2n(C)c1=O,DKGCSVKNSVZVMO-UHFFFAOYSA-N,CC1CC(C)C2CC(C3CCCC(CCCC4CCCCC4)C3)CC2C1,10.1016/j.ejmech.2008.10.017,19036477,1,False,False,pending_dual_review,eligible_for_primary_evidence_review,
BDB-50279464,50279464,Cn1c(=O)c2[nH]c(-c3cccc(OCCN4CCCC4)c3)nc2n(C)c1=O,XQDUFOCVAIJNAY-UHFFFAOYSA-N,CC1CC(C)C2CC(C3CCCC(CCCC4CCCC4)C3)CC2C1,10.1016/j.ejmech.2008.10.017,19036477,1,False,False,pending_dual_review,eligible_for_primary_evidence_review,
BDB-50279730,50279730,COc1cc(-c2nc3c([nH]2)c(=O)n(C)c(=O)n3C)ccc1OCCN(C)C,SVMXCMXOKKBEET-UHFFFAOYSA-N,CC1CC(C)C2CC(C3CCCCC3)CC2C1,10.1016/j.ejmech.2008.10.017,19036477,1,False,False,pending_dual_review,eligible_for_primary_evidence_review,
BDB-50279731,50279731,CCN(CC)CCOc1ccc(-c2nc3c([nH]2)c(=O)n(C)c(=O)n3C)cc1OC,BLIXJOMEXWRBCB-UHFFFAOYSA-N,CC1CC(C)C2CC(C3CCCCC3)CC2C1,10.1016/j.ejmech.2008.10.017,19036477,1,False,False,pending_dual_review,eligible_for_primary_evidence_review,
BDB-50279732,50279732,COc1cc(-c2nc3c([nH]2)c(=O)n(C)c(=O)n3C)ccc1OCCN1CCCCC1,UDUDPDCSVFAFFL-UHFFFAOYSA-N,CC1CC(C)C2CC(C3CCC(CCCC4CCCCC4)CC3)CC2C1,10.1016/j.ejmech.2008.10.017,19036477,1,False,False,pending_dual_review,eligible_for_primary_evidence_review,
BDB-50294512,50294512,Nc1nc(NC(=O)c2ccccc2)c([N+](=O)[O-])c(-c2ccco2)n1,IQQSYONWTRBBJS-UHFFFAOYSA-N,CC(CC1CCCC(C2CCCC2)C1)C1CCCCC1,10.1016/j.bmcl.2009.03.142,19362836,1,False,False,pending_dual_review,eligible_for_primary_evidence_review,
BDB-50294513,50294513,Nc1nc(NC(=O)c2ccncc2)c([N+](=O)[O-])c(-c2ccco2)n1,YZIOCHRRGPPQFP-UHFFFAOYSA-N,CC(CC1CCCC(C2CCCC2)C1)C1CCCCC1,10.1016/j.bmcl.2009.03.142,19362836,1,False,False,pending_dual_review,eligible_for_primary_evidence_review,
BDB-50294514,50294514,Nc1nc(NC(=O)c2ccccc2F)c([N+](=O)[O-])c(-c2ccco2)n1,NMWQGSJOLWAPEH-UHFFFAOYSA-N,CC(CC1CCCC(C2CCCC2)C1)C1CCCCC1,10.1016/j.bmcl.2009.03.142,19362836,1,False,False,pending_dual_review,eligible_for_primary_evidence_review,
BDB-50294515,50294515,COc1ccccc1C(=O)Nc1nc(N)nc(-c2ccco2)c1[N+](=O)[O-],WJAZVKMCXZWOKB-UHFFFAOYSA-N,CC(CC1CCCC(C2CCCC2)C1)C1CCCCC1,10.1016/j.bmcl.2009.03.142,19362836,1,False,False,pending_dual_review,eligible_for_primary_evidence_review,
BDB-50294516,50294516,Nc1nc(NC(=O)c2ccccc2OC(F)(F)F)c([N+](=O)[O-])c(-c2ccco2)n1,YJSHFVYHZMYBJH-UHFFFAOYSA-N,CC(CC1CCCC(C2CCCC2)C1)C1CCCCC1,10.1016/j.bmcl.2009.03.142,19362836,1,False,False,pending_dual_review,eligible_for_primary_evidence_review,
BDB-50294517,50294517,Nc1nc(NC(=O)c2cccnc2)c([N+](=O)[O-])c(-c2ccco2)n1,KRFMWHLMAJRMIN-UHFFFAOYSA-N,CC(CC1CCCC(C2CCCC2)C1)C1CCCCC1,10.1016/j.bmcl.2009.03.142,19362836,1,False,False,pending_dual_review,eligible_for_primary_evidence_review,
BDB-50294518,50294518,COc1ccccc1CC(=O)Nc1nc(N)nc(-c2ccco2)c1[N+](=O)[O-],IJFHXPZGVLQVJF-UHFFFAOYSA-N,CC(CC1CCCCC1)CC1CCCC(C2CCCC2)C1,10.1016/j.bmcl.2009.03.142,19362836,1,False,False,pending_dual_review,eligible_for_primary_evidence_review,
BDB-50294519,50294519,Nc1nc(C(=O)NCc2ccc(F)cc2)cc(-c2ccco2)n1,DHGGCNFXSNHTEV-UHFFFAOYSA-N,CC(CCC1CCCCC1)C1CCCC(C2CCCC2)C1,10.1016/j.bmcl.2009.03.142,19362836,1,False,False,pending_dual_review,eligible_for_primary_evidence_review,
BDB-50294520,50294520,Nc1nc(C(=O)NCc2ccc(Cl)cc2)cc(-c2ccco2)n1,BAMQMWONHGJLCT-UHFFFAOYSA-N,CC(CCC1CCCCC1)C1CCCC(C2CCCC2)C1,10.1016/j.bmcl.2009.03.142,19362836,1,False,False,pending_dual_review,eligible_for_primary_evidence_review,
BDB-50294521,50294521,COc1ccc(CNC(=O)c2cc(-c3ccco3)nc(N)n2)cc1,CDDXHEXCVIPIRC-UHFFFAOYSA-N,CC(CCC1CCCCC1)C1CCCC(C2CCCC2)C1,10.1016/j.bmcl.2009.03.142,19362836,1,False,False,pending_dual_review,eligible_for_primary_evidence_review,
BDB-50294522,50294522,Nc1nc(C(=O)NCc2ccncc2)cc(-c2ccco2)n1,OVPOEJWCXDGJTP-UHFFFAOYSA-N,CC(CCC1CCCCC1)C1CCCC(C2CCCC2)C1,10.1016/j.bmcl.2009.03.142,19362836,1,False,False,pending_dual_review,eligible_for_primary_evidence_review,
BDB-50294523,50294523,Nc1nc(C(=O)NCc2ccco2)cc(-c2ccco2)n1,HZOFOCBNKICMLZ-UHFFFAOYSA-N,CC(CCC1CCCC1)C1CCCC(C2CCCC2)C1,10.1016/j.bmcl.2009.03.142,19362836,1,False,False,pending_dual_review,eligible_for_primary_evidence_review,
BDB-50294524,50294524,Nc1nc(C(=O)NCc2cccc(CO)n2)cc(-c2ccco2)n1,ZTIHSTWZEUPKPF-UHFFFAOYSA-N,CC(CCC1CCCCC1)C1CCCC(C2CCCC2)C1,10.1016/j.bmcl.2009.03.142,19362836,1,False,False,pending_dual_review,eligible_for_primary_evidence_review,
BDB-50295947,50295947,CCCOc1cnc2c(c1)[nH]c1c(=O)n(CCC)c(=O)n(CCC)c12,FROWSYLVSFMXMF-UHFFFAOYSA-N,CC1CC(C)C2CC3CCCCC3C2C1,10.1016/j.bmc.2009.05.036,19481943,1,False,False,pending_dual_review,eligible_for_primary_evidence_review,
BDB-50295948,50295948,CCCOc1cncc2[nH]c3c(=O)n(CCC)c(=O)n(CCC)c3c12,LMDJIXVWEXHGAT-UHFFFAOYSA-N,CC1CC(C)C2CC3CCCCC3C2C1,10.1016/j.bmc.2009.05.036,19481943,1,False,False,pending_dual_review,eligible_for_primary_evidence_review,
BDB-50295949,50295949,CCCn1c(=O)c2[nH]c3cccnc3c2n(CCC)c1=O,RAUCYLZBLWPEFM-UHFFFAOYSA-N,CC1CC(C)C2CC3CCCCC3C2C1,10.1016/j.bmc.2009.05.036,19481943,1,False,False,pending_dual_review,eligible_for_primary_evidence_review,
BDB-50295950,50295950,Cn1c(=O)c2[nH]c3cccnc3c2n(C)c1=O,DTSCLFDGIVWOGR-UHFFFAOYSA-N,CC1CC(C)C2CC3CCCCC3C2C1,10.1016/j.bmc.2009.05.036,19481943,1,False,False,pending_dual_review,eligible_for_primary_evidence_review,
BDB-50295951,50295951,CCCn1c(=O)c2[nH]c3cnccc3c2n(CCC)c1=O,JVKLADVBMSHKIA-UHFFFAOYSA-N,CC1CC(C)C2CC3CCCCC3C2C1,10.1016/j.bmc.2009.05.036,19481943,1,False,False,pending_dual_review,eligible_for_primary_evidence_review,
BDB-50295952,50295952,Cn1c(=O)c2[nH]c3cnccc3c2n(C)c1=O,RMTZWBNOVKUCRQ-UHFFFAOYSA-N,CC1CC(C)C2CC3CCCCC3C2C1,10.1016/j.bmc.2009.05.036,19481943,1,False,False,pending_dual_review,eligible_for_primary_evidence_review,
BDB-50298493,50298493,COc1ccc(CC(=O)Nc2nc3nn(CCCc4ccccc4)cc3c3nc(-c4ccco4)nn23)cc1,COTKHURBAYVFIM-UHFFFAOYSA-N,CC(CC1CCCCC1)CC1CC2CC(CCCC3CCCCC3)CC2C2CC(C3CCCC3)CC12,10.1016/j.bmc.2009.05.038,19501513,1,False,False,pending_dual_review,eligible_for_primary_evidence_review,
BDB-50298494,50298494,O=C(COc1ccc(Cl)cc1)Nc1nc2nn(CCc3ccccc3)cc2c2nc(-c3ccco3)nn12,NFPYWBMZBCSKTO-UHFFFAOYSA-N,CC(CCC1CCCCC1)CC1CC2CC(CCC3CCCCC3)CC2C2CC(C3CCCC3)CC12,10.1016/j.bmc.2009.05.038,19501513,1,False,False,pending_dual_review,eligible_for_primary_evidence_review,
BDB-50298495,50298495,CC(C)CCn1cc2c(nc(NC(=O)COc3ccc(Cl)cc3)n3nc(-c4ccco4)nc23)n1,AELXUYMSGIUIDF-UHFFFAOYSA-N,CC(CCC1CCCCC1)CC1CC2CCCC2C2CC(C3CCCC3)CC12,10.1016/j.bmc.2009.05.038,19501513,1,False,False,pending_dual_review,eligible_for_primary_evidence_review,
BDB-50298496,50298496,COc1ccc(CC(=O)Nc2nc3nn(CCC(C)C)cc3c3nc(-c4ccco4)nn23)cc1,VFQCDIMXSQNEPN-UHFFFAOYSA-N,CC(CC1CCCCC1)CC1CC2CCCC2C2CC(C3CCCC3)CC12,10.1016/j.bmc.2009.05.038,19501513,1,False,False,pending_dual_review,eligible_for_primary_evidence_review,
BDB-50298497,50298497,Cn1cc2c(nc(NC(=O)COc3ccccc3)n3nc(-c4ccco4)nc23)n1,GIZJFZFSTGLKAS-UHFFFAOYSA-N,CC(CCC1CCCCC1)CC1CC2CCCC2C2CC(C3CCCC3)CC12,10.1016/j.bmc.2009.05.038,19501513,1,False,False,pending_dual_review,eligible_for_primary_evidence_review,
BDB-50298498,50298498,CCCCn1cc2c(nc(NC(=O)Cc3ccc4ccccc4c3)n3nc(-c4ccco4)nc23)n1,VLWKGKLLSDSKFZ-UHFFFAOYSA-N,CC(CC1CCC2CCCCC2C1)CC1CC2CCCC2C2CC(C3CCCC3)CC12,10.1016/j.bmc.2009.05.038,19501513,1,False,False,pending_dual_review,eligible_for_primary_evidence_review,
BDB-50298499,50298499,CC(C)CCn1cc2c(nc(NC(=O)Cc3ccsc3)n3nc(-c4ccco4)nc23)n1,YXNHZEGLDMXIMZ-UHFFFAOYSA-N,CC(CC1CCCC1)CC1CC2CCCC2C2CC(C3CCCC3)CC12,10.1016/j.bmc.2009.05.038,19501513,1,False,False,pending_dual_review,eligible_for_primary_evidence_review,
BDB-50298500,50298500,CC(C)CCn1cc2c(nc(NC(=O)Cc3cccs3)n3nc(-c4ccco4)nc23)n1,VQTCVICDZZKIIH-UHFFFAOYSA-N,CC(CC1CCCC1)CC1CC2CCCC2C2CC(C3CCCC3)CC12,10.1016/j.bmc.2009.05.038,19501513,1,False,False,pending_dual_review,eligible_for_primary_evidence_review,
BDB-50298501,50298501,CCn1cc2c(nc(NC(=O)C(c3ccccc3)c3ccccc3)n3nc(-c4ccco4)nc23)n1,GFLQNZHMVJDODR-UHFFFAOYSA-N,CC(CC1CC2CCCC2C2CC(C3CCCC3)CC12)C(C1CCCCC1)C1CCCCC1,10.1016/j.bmc.2009.05.038,19501513,1,False,False,pending_dual_review,eligible_for_primary_evidence_review,
BDB-50298502,50298502,COc1ccc(NC(=O)Nc2nc3nn(Cc4cccc5ccccc45)cc3c3nc(-c4ccco4)nn23)cc1,VLHYTYIUFKCLLE-UHFFFAOYSA-N,CC(CC1CCCCC1)CC1CC2CC(CC3CCCC4CCCCC43)CC2C2CC(C3CCCC3)CC12,10.1016/j.bmc.2009.05.038,19501513,1,False,False,pending_dual_review,eligible_for_primary_evidence_review,
BDB-50298503,50298503,O=C(Nc1cccc(Cl)c1)Nc1nc2nn(CCc3c(Br)cc(Br)cc3Br)cc2c2nc(-c3ccco3)nn12,SSKMNRNNTQWAQF-UHFFFAOYSA-N,CC(CC1CCCCC1)CC1CC2CC(CCC3CCCCC3)CC2C2CC(C3CCCC3)CC12,10.1016/j.bmc.2009.05.038,19501513,1,False,False,pending_dual_review,eligible_for_primary_evidence_review,
BDB-50298504,50298504,COc1ccc(NC(=O)Nc2nc3nn(CCc4c(Br)cc(Br)cc4Br)cc3c3nc(-c4ccco4)nn23)cc1,BXTWOLBSTCDPCZ-UHFFFAOYSA-N,CC(CC1CCCCC1)CC1CC2CC(CCC3CCCCC3)CC2C2CC(C3CCCC3)CC12,10.1016/j.bmc.2009.05.038,19501513,1,False,False,pending_dual_review,eligible_for_primary_evidence_review,
BDB-50298505,50298505,CSc1c2c(nc(NC(=O)Cc3ccc(OCC(C)C)cc3)n3nc(-c4ccco4)nc23)nn1C,VCTPZHKFJDMZMU-UHFFFAOYSA-N,CC(CC1CCCCC1)CC1CC2CCCC2C2CC(C3CCCC3)CC12,10.1016/j.bmc.2009.05.038,19501513,1,False,False,pending_dual_review,eligible_for_primary_evidence_review,
BDB-50298506,50298506,Nc1nc2c(cnn2CCCc2ccc3c(c2)O[C@@H](C(=O)O)O3)c2nc(-c3ccco3)nn12,AFOOOKGSRGDTCL-FQEVSTJZSA-N,C1CCC(C2CC3CCC4C(CCCC5CCC6CCCC6C5)CCC4C3C2)C1,10.1016/j.bmc.2009.05.038,19501513,1,False,False,pending_dual_review,eligible_for_primary_evidence_review,
BDB-50298507,50298507,CCOC(=O)[C@H]1Oc2ccc(CCCn3ncc4c3nc(N)n3nc(-c5ccco5)nc43)cc2O1,HLYUSSPLIJFDJS-QFIPXVFZSA-N,C1CCC(C2CC3CCC4C(CCCC5CCC6CCCC6C5)CCC4C3C2)C1,10.1016/j.bmc.2009.05.038,19501513,1,False,False,pending_dual_review,eligible_for_primary_evidence_review,
BDB-50298508,50298508,Nc1nc2c(cnn2CCCc2ccc3c(c2S(=O)(=O)O)OCO3)c2nc(-c3ccco3)nn12,VVUWVVNIYXRXJX-UHFFFAOYSA-N,C1CCC(C2CC3CCC4C(CCCC5CCC6CCCC6C5)CCC4C3C2)C1,10.1016/j.bmc.2009.05.038,19501513,1,False,False,pending_dual_review,eligible_for_primary_evidence_review,
BDB-50298509,50298509,O=C(Cc1ccc(-c2ccccc2)cc1)Nc1nc2nn(CCCc3ccccc3)cc2c2nc(-c3ccco3)nn12,FPCTUKFYWXDOAK-UHFFFAOYSA-N,CC(CC1CCC(C2CCCCC2)CC1)CC1CC2CC(CCCC3CCCCC3)CC2C2CC(C3CCCC3)CC12,10.1016/j.bmc.2009.05.038,19501513,1,False,False,pending_dual_review,eligible_for_primary_evidence_review,
BDB-50298510,50298510,O=C(Cc1c(Cl)cccc1Cl)Nc1nc2nn(CCCc3ccccc3)cc2c2nc(-c3ccco3)nn12,SZEMNKQDKREGQR-UHFFFAOYSA-N,CC(CC1CCCCC1)CC1CC2CC(CCCC3CCCCC3)CC2C2CC(C3CCCC3)CC12,10.1016/j.bmc.2009.05.038,19501513,1,False,False,pending_dual_review,eligible_for_primary_evidence_review,
BDB-50298511,50298511,O=C(COc1ccc(Cl)cc1)Nc1nc2nn(CCCc3ccccc3)cc2c2nc(-c3ccco3)nn12,GJKDVRRUKCQKHE-UHFFFAOYSA-N,CC(CCC1CCCCC1)CC1CC2CC(CCCC3CCCCC3)CC2C2CC(C3CCCC3)CC12,10.1016/j.bmc.2009.05.038,19501513,1,False,False,pending_dual_review,eligible_for_primary_evidence_review,
BDB-50298512,50298512,O=C(Cc1ccc(Cl)cc1)Nc1nc2nn(CCCc3ccccc3)cc2c2nc(-c3ccco3)nn12,MNELWFLAKYOMKX-UHFFFAOYSA-N,CC(CC1CCCCC1)CC1CC2CC(CCCC3CCCCC3)CC2C2CC(C3CCCC3)CC12,10.1016/j.bmc.2009.05.038,19501513,1,False,False,pending_dual_review,eligible_for_primary_evidence_review,
BDB-50298513,50298513,O=C(Cc1cccc(Cl)c1)Nc1nc2nn(CCCc3ccccc3)cc2c2nc(-c3ccco3)nn12,SYESLDXKRRTBBZ-UHFFFAOYSA-N,CC(CC1CCCCC1)CC1CC2CC(CCCC3CCCCC3)CC2C2CC(C3CCCC3)CC12,10.1016/j.bmc.2009.05.038,19501513,1,False,False,pending_dual_review,eligible_for_primary_evidence_review,
BDB-50298514,50298514,O=C(Cc1ccc2ccccc2c1)Nc1nc2nn(CCCc3ccccc3)cc2c2nc(-c3ccco3)nn12,AFUJBRCTPIZSNN-UHFFFAOYSA-N,CC(CC1CCC2CCCCC2C1)CC1CC2CC(CCCC3CCCCC3)CC2C2CC(C3CCCC3)CC12,10.1016/j.bmc.2009.05.038,19501513,1,False,False,pending_dual_review,eligible_for_primary_evidence_review,
BDB-50298515,50298515,O=C(Nc1nc2nn(CCCc3ccccc3)cc2c2nc(-c3ccco3)nn12)C(c1ccccc1)c1ccccc1,DQISRGLAFBOHSH-UHFFFAOYSA-N,CC(CC1CC2CC(CCCC3CCCCC3)CC2C2CC(C3CCCC3)CC12)C(C1CCCCC1)C1CCCCC1,10.1016/j.bmc.2009.05.038,19501513,1,False,False,pending_dual_review,eligible_for_primary_evidence_review,
BDB-50298516,50298516,O=C(Cc1ccc(F)cc1)Nc1nc2nn(CCCc3ccccc3)cc2c2nc(-c3ccco3)nn12,TWQZDHMGTHQJOG-UHFFFAOYSA-N,CC(CC1CCCCC1)CC1CC2CC(CCCC3CCCCC3)CC2C2CC(C3CCCC3)CC12,10.1016/j.bmc.2009.05.038,19501513,1,False,False,pending_dual_review,eligible_for_primary_evidence_review,
BDB-50298517,50298517,Cn1cc2c(nc(NC(=O)Cc3c(Cl)cccc3Cl)n3nc(-c4ccco4)nc23)n1,AFSNHUCXKASIMR-UHFFFAOYSA-N,CC(CC1CCCCC1)CC1CC2CCCC2C2CC(C3CCCC3)CC12,10.1016/j.bmc.2009.05.038,19501513,1,False,False,pending_dual_review,eligible_for_primary_evidence_review,
BDB-50298518,50298518,CC(C)CCn1cc2c(nc(NC(=O)Cc3c(Cl)cccc3Cl)n3nc(-c4ccco4)nc23)n1,BUPUMUMUABAVNX-UHFFFAOYSA-N,CC(CC1CCCCC1)CC1CC2CCCC2C2CC(C3CCCC3)CC12,10.1016/j.bmc.2009.05.038,19501513,1,False,False,pending_dual_review,eligible_for_primary_evidence_review,
BDB-50298519,50298519,Cn1cc2c(nc(NC(=O)Cc3ccc(F)cc3)n3nc(-c4ccco4)nc23)n1,MFEDLIMXIUUSEO-UHFFFAOYSA-N,CC(CC1CCCCC1)CC1CC2CCCC2C2CC(C3CCCC3)CC12,10.1016/j.bmc.2009.05.038,19501513,1,False,False,pending_dual_review,eligible_for_primary_evidence_review,
BDB-50298520,50298520,CC(C)CCn1cc2c(nc(NC(=O)Cc3ccc(F)cc3)n3nc(-c4ccco4)nc23)n1,UCHRKGKTCKLHMV-UHFFFAOYSA-N,CC(CC1CCCCC1)CC1CC2CCCC2C2CC(C3CCCC3)CC12,10.1016/j.bmc.2009.05.038,19501513,1,False,False,pending_dual_review,eligible_for_primary_evidence_review,
BDB-50298521,50298521,CC(C)CCn1cc2c(nc(NC(=O)Cc3ccc(C(F)(F)F)cc3)n3nc(-c4ccco4)nc23)n1,ZLVKAFAJRCAQAS-UHFFFAOYSA-N,CC(CC1CCCCC1)CC1CC2CCCC2C2CC(C3CCCC3)CC12,10.1016/j.bmc.2009.05.038,19501513,1,False,False,pending_dual_review,eligible_for_primary_evidence_review,
BDB-50298522,50298522,O=C(Cc1cccc(Cl)c1)Nc1nc2nn(CCc3ccccc3)cc2c2nc(-c3ccco3)nn12,NTKJQGBWJRLWPG-UHFFFAOYSA-N,CC(CC1CCCCC1)CC1CC2CC(CCC3CCCCC3)CC2C2CC(C3CCCC3)CC12,10.1016/j.bmc.2009.05.038,19501513,1,False,False,pending_dual_review,eligible_for_primary_evidence_review,
BDB-50298523,50298523,CC(C)CCn1cc2c(nc(NC(=O)Cc3ccc(Cl)cc3)n3nc(-c4ccco4)nc23)n1,KASKCLZTEOJTOF-UHFFFAOYSA-N,CC(CC1CCCCC1)CC1CC2CCCC2C2CC(C3CCCC3)CC12,10.1016/j.bmc.2009.05.038,19501513,1,False,False,pending_dual_review,eligible_for_primary_evidence_review,
BDB-50298524,50298524,CC(C)CCn1cc2c(nc(NC(=O)Cc3cccc(Cl)c3)n3nc(-c4ccco4)nc23)n1,YNOOWRUDBQSIPX-UHFFFAOYSA-N,CC(CC1CCCCC1)CC1CC2CCCC2C2CC(C3CCCC3)CC12,10.1016/j.bmc.2009.05.038,19501513,1,False,False,pending_dual_review,eligible_for_primary_evidence_review,
BDB-50298525,50298525,Cn1cc2c(nc(NC(=O)COc3ccc(Cl)cc3)n3nc(-c4ccco4)nc23)n1,LTBIZNONWUAKEZ-UHFFFAOYSA-N,CC(CCC1CCCCC1)CC1CC2CCCC2C2CC(C3CCCC3)CC12,10.1016/j.bmc.2009.05.038,19501513,1,False,False,pending_dual_review,eligible_for_primary_evidence_review,
BDB-50298526,50298526,CCCCn1cc2c(nc(NC(=O)Cc3ccsc3)n3nc(-c4ccco4)nc23)n1,BWVWAUCUOBLJRU-UHFFFAOYSA-N,CC(CC1CCCC1)CC1CC2CCCC2C2CC(C3CCCC3)CC12,10.1016/j.bmc.2009.05.038,19501513,1,False,False,pending_dual_review,eligible_for_primary_evidence_review,
BDB-50298527,50298527,CCCCn1cc2c(nc(NC(=O)Cc3cccs3)n3nc(-c4ccco4)nc23)n1,RGMFJNIWCNZAIC-UHFFFAOYSA-N,CC(CC1CCCC1)CC1CC2CCCC2C2CC(C3CCCC3)CC12,10.1016/j.bmc.2009.05.038,19501513,1,False,False,pending_dual_review,eligible_for_primary_evidence_review,
BDB-50298528,50298528,Cn1cc2c(nc(NC(=O)Cc3ccc(C(F)(F)F)cc3)n3nc(-c4ccco4)nc23)n1,WHPZFJZIANMYCZ-UHFFFAOYSA-N,CC(CC1CCCCC1)CC1CC2CCCC2C2CC(C3CCCC3)CC12,10.1016/j.bmc.2009.05.038,19501513,1,False,False,pending_dual_review,eligible_for_primary_evidence_review,
BDB-50298529,50298529,CCCCn1cc2c(nc(NC(=O)Cc3cccc4ccccc34)n3nc(-c4ccco4)nc23)n1,IHCCZGZWMAXCAY-UHFFFAOYSA-N,CC(CC1CCCC2CCCCC21)CC1CC2CCCC2C2CC(C3CCCC3)CC12,10.1016/j.bmc.2009.05.038,19501513,1,False,False,pending_dual_review,eligible_for_primary_evidence_review,
BDB-50298530,50298530,CCCn1cc2c(nc(NC(=O)Cc3ccc4ccccc4c3)n3nc(-c4ccco4)nc23)n1,JEQYPTSYIYWQSD-UHFFFAOYSA-N,CC(CC1CCC2CCCCC2C1)CC1CC2CCCC2C2CC(C3CCCC3)CC12,10.1016/j.bmc.2009.05.038,19501513,1,False,False,pending_dual_review,eligible_for_primary_evidence_review,
BDB-50298531,50298531,CCCn1cc2c(nc(NC(=O)Cc3cccc4ccccc34)n3nc(-c4ccco4)nc23)n1,RNDOSOMHDANIOO-UHFFFAOYSA-N,CC(CC1CCCC2CCCCC21)CC1CC2CCCC2C2CC(C3CCCC3)CC12,10.1016/j.bmc.2009.05.038,19501513,1,False,False,pending_dual_review,eligible_for_primary_evidence_review,
BDB-50298532,50298532,Cn1cc2c(nc(NC(=O)Cc3cccc4ccccc34)n3nc(-c4ccco4)nc23)n1,CLBNKLILBCVMBG-UHFFFAOYSA-N,CC(CC1CCCC2CCCCC21)CC1CC2CCCC2C2CC(C3CCCC3)CC12,10.1016/j.bmc.2009.05.038,19501513,1,False,False,pending_dual_review,eligible_for_primary_evidence_review,
BDB-50298533,50298533,Cn1cc2c(nc(NC(=O)Cc3ccc4ccccc4c3)n3nc(-c4ccco4)nc23)n1,URTMGLWEEROVNL-UHFFFAOYSA-N,CC(CC1CCC2CCCCC2C1)CC1CC2CCCC2C2CC(C3CCCC3)CC12,10.1016/j.bmc.2009.05.038,19501513,1,False,False,pending_dual_review,eligible_for_primary_evidence_review,
BDB-50298534,50298534,Cn1cc2c(nc(NC(=O)Cc3ccsc3)n3nc(-c4ccco4)nc23)n1,FPXXLJCAHCXGGB-UHFFFAOYSA-N,CC(CC1CCCC1)CC1CC2CCCC2C2CC(C3CCCC3)CC12,10.1016/j.bmc.2009.05.038,19501513,1,False,False,pending_dual_review,eligible_for_primary_evidence_review,
BDB-50298535,50298535,Cn1cc2c(nc(NC(=O)Cc3cccs3)n3nc(-c4ccco4)nc23)n1,MAMZCDKFGXUXCZ-UHFFFAOYSA-N,CC(CC1CCCC1)CC1CC2CCCC2C2CC(C3CCCC3)CC12,10.1016/j.bmc.2009.05.038,19501513,1,False,False,pending_dual_review,eligible_for_primary_evidence_review,
BDB-50298536,50298536,CCn1cc2c(nc(NC(=O)Cc3cccs3)n3nc(-c4ccco4)nc23)n1,BSHVIZOMKDIGSF-UHFFFAOYSA-N,CC(CC1CCCC1)CC1CC2CCCC2C2CC(C3CCCC3)CC12,10.1016/j.bmc.2009.05.038,19501513,1,False,False,pending_dual_review,eligible_for_primary_evidence_review,
BDB-50298537,50298537,CCn1cc2c(nc(NC(=O)Cc3ccsc3)n3nc(-c4ccco4)nc23)n1,JCHVSBJSIWAJIF-UHFFFAOYSA-N,CC(CC1CCCC1)CC1CC2CCCC2C2CC(C3CCCC3)CC12,10.1016/j.bmc.2009.05.038,19501513,1,False,False,pending_dual_review,eligible_for_primary_evidence_review,
BDB-50298538,50298538,CCn1cc2c(nc(NC(=O)Cc3ccc4ccccc4c3)n3nc(-c4ccco4)nc23)n1,DLVDVUCRGYJHFL-UHFFFAOYSA-N,CC(CC1CCC2CCCCC2C1)CC1CC2CCCC2C2CC(C3CCCC3)CC12,10.1016/j.bmc.2009.05.038,19501513,1,False,False,pending_dual_review,eligible_for_primary_evidence_review,
BDB-50298539,50298539,CCn1cc2c(nc(NC(=O)Cc3cccc4ccccc34)n3nc(-c4ccco4)nc23)n1,ZRFQRPBTRKJNBA-UHFFFAOYSA-N,CC(CC1CCCC2CCCCC21)CC1CC2CCCC2C2CC(C3CCCC3)CC12,10.1016/j.bmc.2009.05.038,19501513,1,False,False,pending_dual_review,eligible_for_primary_evidence_review,
BDB-50298540,50298540,O=C(Cc1ccsc1)Nc1nc2nn(CCc3ccccc3)cc2c2nc(-c3ccco3)nn12,LRHLBUAJTSIOMS-UHFFFAOYSA-N,CC(CC1CCCC1)CC1CC2CC(CCC3CCCCC3)CC2C2CC(C3CCCC3)CC12,10.1016/j.bmc.2009.05.038,19501513,1,False,False,pending_dual_review,eligible_for_primary_evidence_review,
BDB-50298541,50298541,O=C(Cc1cccs1)Nc1nc2nn(CCc3ccccc3)cc2c2nc(-c3ccco3)nn12,AZLDXOUTWIDEOW-UHFFFAOYSA-N,CC(CC1CCCC1)CC1CC2CC(CCC3CCCCC3)CC2C2CC(C3CCCC3)CC12,10.1016/j.bmc.2009.05.038,19501513,1,False,False,pending_dual_review,eligible_for_primary_evidence_review,
BDB-50298542,50298542,O=C(Cc1ccc2ccccc2c1)Nc1nc2nn(CCc3ccccc3)cc2c2nc(-c3ccco3)nn12,SIKRTOIHCJZUGH-UHFFFAOYSA-N,CC(CC1CCC2CCCCC2C1)CC1CC2CC(CCC3CCCCC3)CC2C2CC(C3CCCC3)CC12,10.1016/j.bmc.2009.05.038,19501513,1,False,False,pending_dual_review,eligible_for_primary_evidence_review,
BDB-50298543,50298543,CC(C)CCn1cc2c(nc(NC(=O)Cc3ccc4ccccc4c3)n3nc(-c4ccco4)nc23)n1,KLGDQUYPDOFJCW-UHFFFAOYSA-N,CC(CC1CCC2CCCCC2C1)CC1CC2CCCC2C2CC(C3CCCC3)CC12,10.1016/j.bmc.2009.05.038,19501513,1,False,False,pending_dual_review,eligible_for_primary_evidence_review,
BDB-50298544,50298544,COc1ccc(CC(=O)Nc2nc3nn(C)cc3c3nc(-c4ccco4)nn23)cc1,HYCRJTFZZLBVSV-UHFFFAOYSA-N,CC(CC1CCCCC1)CC1CC2CCCC2C2CC(C3CCCC3)CC12,10.1016/j.bmc.2009.05.038,19501513,1,False,False,pending_dual_review,eligible_for_primary_evidence_review,
BDB-50298545,50298545,CCn1cc2c(nc(NC(=O)Cc3ccc(-c4ccccc4)cc3)n3nc(-c4ccco4)nc23)n1,JFIOINHSYJAPDF-UHFFFAOYSA-N,CC(CC1CCC(C2CCCCC2)CC1)CC1CC2CCCC2C2CC(C3CCCC3)CC12,10.1016/j.bmc.2009.05.038,19501513,1,False,False,pending_dual_review,eligible_for_primary_evidence_review,
BDB-50298546,50298546,Cn1cc2c(nc(NC(=O)Cc3ccc(Cl)cc3)n3nc(-c4ccco4)nc23)n1,CGEFGGKNDMRHFV-UHFFFAOYSA-N,CC(CC1CCCCC1)CC1CC2CCCC2C2CC(C3CCCC3)CC12,10.1016/j.bmc.2009.05.038,19501513,1,False,False,pending_dual_review,eligible_for_primary_evidence_review,
BDB-50298547,50298547,CCCn1cc2c(nc(NC(=O)Cc3ccc(-c4ccccc4)cc3)n3nc(-c4ccco4)nc23)n1,SDSLILQCWQPTPZ-UHFFFAOYSA-N,CC(CC1CCC(C2CCCCC2)CC1)CC1CC2CCCC2C2CC(C3CCCC3)CC12,10.1016/j.bmc.2009.05.038,19501513,1,False,False,pending_dual_review,eligible_for_primary_evidence_review,
BDB-50298548,50298548,CCCn1cc2c(nc(NC(=O)C(c3ccccc3)c3ccccc3)n3nc(-c4ccco4)nc23)n1,SPJOIESQTFYCRI-UHFFFAOYSA-N,CC(CC1CC2CCCC2C2CC(C3CCCC3)CC12)C(C1CCCCC1)C1CCCCC1,10.1016/j.bmc.2009.05.038,19501513,1,False,False,pending_dual_review,eligible_for_primary_evidence_review,
BDB-50298549,50298549,Cn1cc2c(nc(NC(=O)Cc3cccc(Cl)c3)n3nc(-c4ccco4)nc23)n1,CAEIDEVSQAUGPM-UHFFFAOYSA-N,CC(CC1CCCCC1)CC1CC2CCCC2C2CC(C3CCCC3)CC12,10.1016/j.bmc.2009.05.038,19501513,1,False,False,pending_dual_review,eligible_for_primary_evidence_review,
BDB-50298550,50298550,CCCCn1cc2c(nc(NC(=O)Cc3ccc(-c4ccccc4)cc3)n3nc(-c4ccco4)nc23)n1,ZGRPHXBYYFJHFB-UHFFFAOYSA-N,CC(CC1CCC(C2CCCCC2)CC1)CC1CC2CCCC2C2CC(C3CCCC3)CC12,10.1016/j.bmc.2009.05.038,19501513,1,False,False,pending_dual_review,eligible_for_primary_evidence_review,
BDB-50298551,50298551,CCCCn1cc2c(nc(NC(=O)C(c3ccccc3)c3ccccc3)n3nc(-c4ccco4)nc23)n1,KTDPNBIMPLZPCK-UHFFFAOYSA-N,CC(CC1CC2CCCC2C2CC(C3CCCC3)CC12)C(C1CCCCC1)C1CCCCC1,10.1016/j.bmc.2009.05.038,19501513,1,False,False,pending_dual_review,eligible_for_primary_evidence_review,
BDB-50298552,50298552,O=C(Cc1ccc(-c2ccccc2)cc1)Nc1nc2nn(CCc3ccccc3)cc2c2nc(-c3ccco3)nn12,PNOQQVSGIKLEDH-UHFFFAOYSA-N,CC(CC1CCC(C2CCCCC2)CC1)CC1CC2CC(CCC3CCCCC3)CC2C2CC(C3CCCC3)CC12,10.1016/j.bmc.2009.05.038,19501513,1,False,False,pending_dual_review,eligible_for_primary_evidence_review,
BDB-50298553,50298553,O=C(Nc1nc2nn(CCc3ccccc3)cc2c2nc(-c3ccco3)nn12)C(c1ccccc1)c1ccccc1,LWYRFEDQIGXNNB-UHFFFAOYSA-N,CC(CC1CC2CC(CCC3CCCCC3)CC2C2CC(C3CCCC3)CC12)C(C1CCCCC1)C1CCCCC1,10.1016/j.bmc.2009.05.038,19501513,1,False,False,pending_dual_review,eligible_for_primary_evidence_review,
BDB-50298554,50298554,CC(C)CCn1cc2c(nc(NC(=O)Cc3ccc(-c4ccccc4)cc3)n3nc(-c4ccco4)nc23)n1,RGWTYDHLECVCQV-UHFFFAOYSA-N,CC(CC1CCC(C2CCCCC2)CC1)CC1CC2CCCC2C2CC(C3CCCC3)CC12,10.1016/j.bmc.2009.05.038,19501513,1,False,False,pending_dual_review,eligible_for_primary_evidence_review,
BDB-50298555,50298555,CC(C)CCn1cc2c(nc(NC(=O)C(c3ccccc3)c3ccccc3)n3nc(-c4ccco4)nc23)n1,PGPVKUCEAXXSDX-UHFFFAOYSA-N,CC(CC1CC2CCCC2C2CC(C3CCCC3)CC12)C(C1CCCCC1)C1CCCCC1,10.1016/j.bmc.2009.05.038,19501513,1,False,False,pending_dual_review,eligible_for_primary_evidence_review,
BDB-50298556,50298556,Cn1cc2c(nc(NC(=O)Cc3ccc(-c4ccccc4)cc3)n3nc(-c4ccco4)nc23)n1,JKQXAKZVTHNFEB-UHFFFAOYSA-N,CC(CC1CCC(C2CCCCC2)CC1)CC1CC2CCCC2C2CC(C3CCCC3)CC12,10.1016/j.bmc.2009.05.038,19501513,1,False,False,pending_dual_review,eligible_for_primary_evidence_review,
BDB-50298557,50298557,Cn1cc2c(nc(NC(=O)C(c3ccccc3)c3ccccc3)n3nc(-c4ccco4)nc23)n1,ZIPKODOOTJSIEO-UHFFFAOYSA-N,CC(CC1CC2CCCC2C2CC(C3CCCC3)CC12)C(C1CCCCC1)C1CCCCC1,10.1016/j.bmc.2009.05.038,19501513,1,False,False,pending_dual_review,eligible_for_primary_evidence_review,
BDB-50298558,50298558,Nc1nc2nn(CCc3c(Br)cc(Br)cc3Br)cc2c2nc(-c3ccco3)nn12,JTTVRYLZSDQOTN-UHFFFAOYSA-N,C1CCC(CCC2CC3CCC4CC(C5CCCC5)CC4C3C2)CC1,10.1016/j.bmc.2009.05.038,19501513,1,False,False,pending_dual_review,eligible_for_primary_evidence_review,
BDB-50298559,50298559,C=Cn1cc2c(nc(NC(=O)Nc3ccc(OC)cc3)n3nc(-c4ccco4)nc23)n1,KXCITGYLZAKTNE-UHFFFAOYSA-N,CC(CC1CCCCC1)CC1CC2CCCC2C2CC(C3CCCC3)CC12,10.1016/j.bmc.2009.05.038,19501513,1,False,False,pending_dual_review,eligible_for_primary_evidence_review,
BDB-50299697,50299697,CNC(=O)[C@H]1O[C@@H](n2cnc3c(NC)nc(C#Cc4ccccn4)nc32)[C@H](O)[C@@H]1O,VICVZCMBYDYFRR-QCUYGVNKSA-N,C1CCC(CCC2CCC3CCC(C4CCCC4)C3C2)CC1,10.1021/jm900754g,19839592,1,False,False,pending_dual_review,eligible_for_primary_evidence_review,
BDB-50299698,50299698,CNc1nc(C#Cc2ccccc2)nc2c1ncn2[C@@H]1O[C@H](CO)[C@@H](O)[C@H]1O,QPMWMOJXQPUBBF-BGIGGGFGSA-N,C1CCC(CCC2CCC3CCC(C4CCCC4)C3C2)CC1,10.1016/j.bmc.2010.09.038,20943397,1,False,False,pending_dual_review,eligible_for_primary_evidence_review,
BDB-50299700,50299700,CNC(=O)[C@H]1O[C@@H](n2cnc3c(NOC)nc(C#Cc4ccc(OC)cc4)nc32)[C@H](O)[C@@H]1O,XYTDRWRAFKROSX-GRXQJBFDSA-N,C1CCC(CCC2CCC3CCC(C4CCCC4)C3C2)CC1,10.1021/jm900754g,19839592,1,False,False,pending_dual_review,eligible_for_primary_evidence_review,
BDB-50299701,50299701,CNC(=O)[C@H]1O[C@@H](n2cnc3c(NC)nc(C#Cc4ccccc4)nc32)[C@H](O)[C@@H]1O,PAFSPMXSTBOTSN-KSVNGYGVSA-N,C1CCC(CCC2CCC3CCC(C4CCCC4)C3C2)CC1,10.1021/jm900754g,19839592,1,False,False,pending_dual_review,eligible_for_primary_evidence_review,
BDB-50299702,50299702,CNC(=O)[C@H]1O[C@@H](n2cnc3c(NC)nc(C#Cc4ccc(OC)cc4)nc32)[C@H](O)[C@@H]1O,GWUTYPOQNDVGIT-GRXQJBFDSA-N,C1CCC(CCC2CCC3CCC(C4CCCC4)C3C2)CC1,10.1021/jm900754g,19839592,1,False,False,pending_dual_review,eligible_for_primary_evidence_review,
BDB-50299703,50299703,CNC(=O)[C@H]1O[C@@H](n2cnc3c(NC)nc(C#Cc4ccc(F)cc4)nc32)[C@H](O)[C@@H]1O,ANVULPCYYRRANV-KSVNGYGVSA-N,C1CCC(CCC2CCC3CCC(C4CCCC4)C3C2)CC1,10.1021/jm900754g,19839592,1,False,False,pending_dual_review,eligible_for_primary_evidence_review,
BDB-50300272,50300272,O[C@@H]1[C@H](O)[C@@H]2C[C@@H]2[C@H]1n1cnc2c(NC3CCCC3)nc(Cl)nc21,XORVGALEABYZRT-AMGFRPDHSA-N,C1CCC(CC2CCCC3C2CCC3C2CCC3CC32)C1,10.1021/jm900426g,19499950,1,False,False,pending_dual_review,eligible_for_primary_evidence_review,
BDB-50300273,50300273,O[C@@H]1[C@H](O)[C@@H]2C[C@@H]2[C@H]1n1cnc2c(NCc3cccc(I)c3)nc(F)nc21,MHFWPUAKMSPBGS-JHOKLZQASA-N,C1CCC(CCC2CCCC3C2CCC3C2CCC3CC32)CC1,10.1021/jm900426g,19499950,1,False,False,pending_dual_review,eligible_for_primary_evidence_review,
BDB-50300274,50300274,O[C@@H]1[C@H](O)[C@@H]2C[C@@H]2[C@H]1n1cnc2c(NCc3cccc(I)c3)ncnc21,FKPGTHMEASTRAW-USNPWTNRSA-N,C1CCC(CCC2CCCC3C2CCC3C2CCC3CC32)CC1,10.1021/jm900426g,19499950,1,False,False,pending_dual_review,eligible_for_primary_evidence_review,
BDB-50300275,50300275,O[C@@H]1[C@H](O)[C@@H]2C[C@@H]2[C@H]1n1cnc2c(NCc3cccc(Cl)c3)ncnc21,LMYUTZPVPBXDQP-USNPWTNRSA-N,C1CCC(CCC2CCCC3C2CCC3C2CCC3CC32)CC1,10.1021/jm900426g,19499950,1,False,False,pending_dual_review,eligible_for_primary_evidence_review,
BDB-50300278,50300278,CCN1C(=C/C=C/C=C/C2=[N+](CCCCCC(=O)NCCNC(=O)CCC#Cc3nc(NCc4cccc(Cl)c4)c4ncn([C@H]5[C@H](O)[C@H](O)[C@@]6(C(=O)NC)C[C@H]56)c4n3)c3ccccc3C2(C)C)C(C)(C)c2cc(S(=O)(=O)[O-])ccc21,BJRYADSSKIBSOD-HMXAIGQHSA-N,CC(CCCCCC1C(CCCCCC2CC3CCCCC3C2)CC2CCCCC21)CCCCC(C)CCCCC1CC(CCC2CCCCC2)C2CCC(C3CCC4CC43)C2C1,10.1021/jm900426g,19499950,1,False,False,pending_dual_review,eligible_for_primary_evidence_review,
BDB-50300281,50300281,CNC(=O)[C@]12C[C@@H]1[C@@H](n1cnc3c(NCc4cccc(Cl)c4)nc(C#CCCC(=O)NCCNCCN)nc31)[C@H](O)[C@@H]2O,NRUJZDKFSIKSAB-SDSNXHIZSA-N,C1CCC(CCC2CCCC3C2CCC3C2CCC3CC32)CC1,10.1021/jm900426g,19499950,1,False,False,pending_dual_review,eligible_for_primary_evidence_review,
BDB-50300282,50300282,CNC(=O)[C@]12C[C@@H]1[C@@H](n1cnc3c(NCc4cccc(Cl)c4)nc(C#CCCC(=O)NCCCCN)nc31)[C@H](O)[C@@H]2O,DIQKIIUQVZHRFM-SDSNXHIZSA-N,C1CCC(CCC2CCCC3C2CCC3C2CCC3CC32)CC1,10.1021/jm900426g,19499950,1,False,False,pending_dual_review,eligible_for_primary_evidence_review,
BDB-50300283,50300283,CNC(=O)[C@]12C[C@@H]1[C@@H](n1cnc3c(NCc4cccc(Cl)c4)nc(C#CCCC(=O)NCCCN)nc31)[C@H](O)[C@@H]2O,SRHHRFAGLLASFS-HRKXUHDCSA-N,C1CCC(CCC2CCCC3C2CCC3C2CCC3CC32)CC1,10.1021/jm900426g,19499950,1,False,False,pending_dual_review,eligible_for_primary_evidence_review,
BDB-50300284,50300284,CNC(=O)[C@]12C[C@@H]1[C@@H](n1cnc3c(NCc4cccc(Cl)c4)nc(C#CCCCCC(=O)NCCN)nc31)[C@H](O)[C@@H]2O,DLVLFJPARDPVFK-SDSNXHIZSA-N,C1CCC(CCC2CCCC3C2CCC3C2CCC3CC32)CC1,10.1021/jm900426g,19499950,1,False,False,pending_dual_review,eligible_for_primary_evidence_review,
BDB-50300286,50300286,CNC(=O)[C@]12C[C@@H]1[C@@H](n1cnc3c(NCc4cccc(Cl)c4)nc(C#CCCCCC(=O)OC)nc31)[C@H](O)[C@@H]2O,AANUKDYJZPKTKN-HRKXUHDCSA-N,C1CCC(CCC2CCCC3C2CCC3C2CCC3CC32)CC1,10.1021/jm900426g,19499950,1,False,False,pending_dual_review,eligible_for_primary_evidence_review,
BDB-50300287,50300287,CNC(=O)[C@]12C[C@@H]1[C@@H](n1cnc3c(NCc4cccc(Cl)c4)nc(C#CCCC(=O)NCCN)nc31)[C@H](O)[C@@H]2O,HCVSTBTWZKEPQM-DXTWCIHJSA-N,C1CCC(CCC2CCCC3C2CCC3C2CCC3CC32)CC1,10.1021/jm900426g,19499950,1,False,False,pending_dual_review,eligible_for_primary_evidence_review,
BDB-50300289,50300289,CNC(=O)[C@]12C[C@@H]1[C@@H](n1cnc3c(NCc4cccc(Cl)c4)nc(Cl)nc31)[C@H](O)[C@@H]2O,GAYWHRPOIWFKIF-KZOVSVDNSA-N,C1CCC(CCC2CCCC3C2CCC3C2CCC3CC32)CC1,10.1021/jm900426g,19499950,1,False,False,pending_dual_review,eligible_for_primary_evidence_review,
BDB-50300290,50300290,CNC(=O)[C@]12C[C@@H]1[C@@H](n1cnc3c(NCc4cccc(I)c4)ncnc31)[C@H](O)[C@@H]2O,USWIYPRHODPZSP-SFUGEZHDSA-N,C1CCC(CCC2CCCC3C2CCC3C2CCC3CC32)CC1,10.1021/jm900426g,19499950,1,False,False,pending_dual_review,eligible_for_primary_evidence_review,
BDB-50304633,50304633,O=C(NC1CCC1)[C@H]1S[C@@H](n2cnc3c(NCc4cccc(I)c4)ncnc32)[C@H](O)[C@@H]1O,PUEDTBNXXLQHND-GRXQJBFDSA-N,CC(CC1CCC1)C1CCC(C2CCC3C(CCC4CCCCC4)CCCC32)C1,10.1016/j.bmc.2009.10.011|10.1021/acs.jmedchem.7b00805,19879151|28799755,2,False,False,pending_dual_review,eligible_for_primary_evidence_review,
BDB-50304637,50304637,O=C(NC1CC1)[C@H]1S[C@@H](n2cnc3c(NCc4cccc(I)c4)ncnc32)[C@H](O)[C@@H]1O,QJASBJLIRRYHNM-KSVNGYGVSA-N,CC(CC1CC1)C1CCC(C2CCC3C(CCC4CCCCC4)CCCC32)C1,10.1016/j.bmc.2009.10.011|10.1021/acs.jmedchem.7b00805,19879151|28799755,2,False,False,pending_dual_review,eligible_for_primary_evidence_review,
BDB-50304639,50304639,O=C(NCC1CC1)[C@H]1S[C@@H](n2cnc3c(NCc4cccc(I)c4)ncnc32)[C@H](O)[C@@H]1O,WJGVCGYKHQZFKY-GRXQJBFDSA-N,CC(CCC1CC1)C1CCC(C2CCC3C(CCC4CCCCC4)CCCC32)C1,10.1016/j.bmc.2009.10.011|10.1021/acs.jmedchem.7b00805,19879151|28799755,2,False,False,pending_dual_review,eligible_for_primary_evidence_review,
BDB-50305655,50305655,Oc1cccc(-c2nc(N3CCCCC3)c3[nH]cnc3n2)c1,HBKAYDPFQWXZQU-UHFFFAOYSA-N,C1CCC(C2CC3CCCC3C(C3CCCCC3)C2)CC1,10.1016/j.bmc.2019.06.034,31280999,1,False,False,pending_dual_review,eligible_for_primary_evidence_review,
BDB-50306745,50306745,Nc1c(C(=O)c2ccccc2)oc2ccc(Br)cc12,SBFAYONAJFSEPC-UHFFFAOYSA-N,CC(C1CCCCC1)C1CC2CCCCC2C1,10.1021/jm901647p,20095623,1,False,False,pending_dual_review,eligible_for_primary_evidence_review,
BDB-50306747,50306747,Cc1ccc(N2C(=O)c3cccc(N)c3C2=O)cc1,LTZXDGYVXKFIET-UHFFFAOYSA-N,CC1C2CCCCC2C(C)C1C1CCCCC1,10.1021/jm901647p,20095623,1,False,False,pending_dual_review,eligible_for_primary_evidence_review,
BDB-50306748,50306748,COCCOC(=O)c1sc(N)c(C#N)c1C,XVHVVVPMLFCKAK-UHFFFAOYSA-N,C1CCCC1,10.1021/jm901647p,20095623,1,False,False,pending_dual_review,eligible_for_primary_evidence_review,
BDB-50306749,50306749,CC(=O)c1snc(Nc2cc(Cl)ccc2F)c1N,KLIZVPDYYLJXDY-UHFFFAOYSA-N,C1CCC(CC2CCCC2)CC1,10.1021/jm901647p,20095623,1,False,False,pending_dual_review,eligible_for_primary_evidence_review,
BDB-50306751,50306751,COc1ccc(-n2ccnc2SCC(=O)c2c(N)n(C3CC3)c(=O)[nH]c2=O)cc1,QOKWDAMRZRYQRP-UHFFFAOYSA-N,CC(CCC1CCCC1C1CCCCC1)C1CC(C2CC2)C(C)CC1C,10.1021/jm901647p,20095623,1,False,False,pending_dual_review,eligible_for_primary_evidence_review,
BDB-50306760,50306760,N#CC1=C(NC(=O)CSc2ncc(C#N)c(N)n2)SC2CCCCC12,UCRYJTLNUSLUAU-UHFFFAOYSA-N,CC(CCC1CCCCC1)CC1CC2CCCCC2C1,10.1021/jm901647p,20095623,1,False,False,pending_dual_review,eligible_for_primary_evidence_review,
BDB-50306766,50306766,COc1ccc(Cl)cc1Nc1nc(N)nc(-c2oc3ccccc3c2C)n1,ZGUMDHFSUKONRW-UHFFFAOYSA-N,C1CCC(CC2CCCC(C3CC4CCCCC4C3)C2)CC1,10.1021/jm200371q|10.1021/jm901647p,20095623|21615150,2,False,False,pending_dual_review,eligible_for_primary_evidence_review,
BDB-50306768,50306768,N#Cc1c(N)nc2c(oc3ccccc32)c1-c1ccccc1,UBWHQFNUKBGOMJ-UHFFFAOYSA-N,C1CCC(C2CCCC3C4CCCCC4CC23)CC1,10.1021/jm901647p,20095623,1,False,False,pending_dual_review,eligible_for_primary_evidence_review,
BDB-50306771,50306771,COc1ccc(N)c2c1C(=O)c1ccccc1C2=O,KXOGXZAXERYOTC-UHFFFAOYSA-N,CC1C2CCCCC2C(C)C2CCCCC12,10.1021/jm901647p,20095623,1,False,False,pending_dual_review,eligible_for_primary_evidence_review,
BDB-50306772,50306772,Nc1c(Sc2ccccc2)cc(Sc2ccccc2)c2c1C(=O)c1ccccc1C2=O,XAJKSCYRAOFPAT-UHFFFAOYSA-N,CC1C2CCCCC2C(C)C2C(CC3CCCCC3)CC(CC3CCCCC3)CC12,10.1021/jm901647p,20095623,1,False,False,pending_dual_review,eligible_for_primary_evidence_review,
BDB-50306773,50306773,Nc1c(Oc2ccccc2)ccc2c1C(=O)c1ccccc1C2=O,LTBODPBDLZJCLH-UHFFFAOYSA-N,CC1C2CCCCC2C(C)C2CC(CC3CCCCC3)CCC12,10.1021/jm901647p,20095623,1,False,False,pending_dual_review,eligible_for_primary_evidence_review,
BDB-50306775,50306775,CCCCNC(=O)c1cc(N)c2c(c1N)C(=O)c1ccccc1C2=O,VCZXXRSDLZIADZ-UHFFFAOYSA-N,CC1C2CCCCC2C(C)C2CCCCC12,10.1021/jm901647p,20095623,1,False,False,pending_dual_review,eligible_for_primary_evidence_review,
BDB-50306777,50306777,Nc1c(C(=O)Nc2nccs2)sc2nc3c(cc12)C(=O)CCC3,IWDKSIOHIYCOBV-UHFFFAOYSA-N,CC(CC1CCCC1)C1CC2CC3CCCC(C)C3CC2C1,10.1021/jm901647p,20095623,1,False,False,pending_dual_review,eligible_for_primary_evidence_review,
BDB-50306778,50306778,CCCc1ccc2c(N)c(C(=O)c3ccccc3)sc2n1,XDTQZQJBOIBLNS-UHFFFAOYSA-N,CC(C1CCCCC1)C1CC2CCCCC2C1,10.1021/jm901647p,20095623,1,False,False,pending_dual_review,eligible_for_primary_evidence_review,
BDB-50306780,50306780,CCc1nc2sc(C(=O)c3cccc(Cl)c3)c(N)c2cc1C,OYKDMDBNAMTRRH-UHFFFAOYSA-N,CC(C1CCCCC1)C1CC2CCCCC2C1,10.1021/jm901647p,20095623,1,False,False,pending_dual_review,eligible_for_primary_evidence_review,
BDB-50306785,50306785,Nc1c(C(=O)Nc2ccc(Cl)cc2)sc2ncccc12,QKRYNYLUWRPMNY-UHFFFAOYSA-N,CC(CC1CCCCC1)C1CC2CCCCC2C1,10.1021/jm901647p,20095623,1,False,False,pending_dual_review,eligible_for_primary_evidence_review,
BDB-50306786,50306786,Cc1cccc(NC2=C(N)C(=O)c3ccccc3C2=O)c1,REWOWOXSGLQOHC-UHFFFAOYSA-N,CC1CC(CC2CCCCC2)C(C)C2CCCCC12,10.1021/jm901647p,20095623,1,False,False,pending_dual_review,eligible_for_primary_evidence_review,
BDB-50306787,50306787,NC1=C(Nc2cccc(C(F)(F)F)c2)C(=O)c2ccccc2C1=O,GHCCRBAXZVOAEU-UHFFFAOYSA-N,CC1CC(CC2CCCCC2)C(C)C2CCCCC12,10.1021/jm901647p,20095623,1,False,False,pending_dual_review,eligible_for_primary_evidence_review,
BDB-50306788,50306788,CN1CCc2sc3nc(C(=O)Nc4ccc(F)cc4)c(N)cc3c2C1,CDSMNRLPPYSOGF-UHFFFAOYSA-N,CC(CC1CCCCC1)C1CCC2C(C1)CC1CCCCC12,10.1021/jm901647p,20095623,1,False,False,pending_dual_review,eligible_for_primary_evidence_review,
BDB-50306789,50306789,Cc1ccc(Nc2nc(N)nc(CN3C(=O)NC4(CCCCC4)C3=O)n2)cc1,LYSQKWDUPSIMCD-UHFFFAOYSA-N,CC1CC2(CCCCC2)C(C)C1CC1CCCC(CC2CCCCC2)C1,10.1021/jm901647p,20095623,1,False,False,pending_dual_review,eligible_for_primary_evidence_review,
BDB-50306790,50306790,Cc1ccc(Nc2nc(N)nc(CSC(C)C(=O)NCc3ccccc3Cl)n2)cc1,UGGYRZIPPNMWNE-UHFFFAOYSA-N,CC(CCCC1CCCC(CC2CCCCC2)C1)CCC1CCCCC1,10.1021/jm901647p,20095623,1,False,False,pending_dual_review,eligible_for_primary_evidence_review,
BDB-50306791,50306791,COc1ccc(Nc2nc(N)nc(CSc3nnc(N)s3)n2)cc1,SEBVWAFSMXRBNF-UHFFFAOYSA-N,C1CCC(CC2CCCC(CCC3CCCC3)C2)CC1,10.1021/jm901647p,20095623,1,False,False,pending_dual_review,eligible_for_primary_evidence_review,
BDB-50306792,50306792,Cc1ccc(Nc2nc(N)nc(CSCCO)n2)cc1,CWYUCBLNLMTDMO-UHFFFAOYSA-N,C1CCC(CC2CCCCC2)CC1,10.1021/jm901647p,20095623,1,False,False,pending_dual_review,eligible_for_primary_evidence_review,
BDB-50306793,50306793,Cc1ccc(Nc2nc(N)nc(CSC(C)C(=O)N3CCCCCC3)n2)cc1,OGMNEKWBQPVMET-UHFFFAOYSA-N,CC(CCCC1CCCC(CC2CCCCC2)C1)C1CCCCCC1,10.1021/jm901647p,20095623,1,False,False,pending_dual_review,eligible_for_primary_evidence_review,
BDB-50306797,50306797,Nc1nc(CSc2nnc(N)s2)nc(Nc2ccc(F)cc2)n1,ZZBZWSYDXUPJCT-UHFFFAOYSA-N,C1CCC(CC2CCCC(CCC3CCCC3)C2)CC1,10.1021/jm901647p,20095623,1,False,False,pending_dual_review,eligible_for_primary_evidence_review,
BDB-50308487,50308487,O=C(Nc1nc(-c2ccccc2)c(C(=O)c2ccccc2)s1)c1ccco1,IKMNLKQUUGRBCM-UHFFFAOYSA-N,CC(CC1CC(C2CCCCC2)C(C(C)C2CCCCC2)C1)C1CCCC1,10.1016/j.bmc.2010.01.072,20188574,1,False,False,pending_dual_review,eligible_for_primary_evidence_review,
BDB-50308491,50308491,Cc1ccc(C(=O)c2sc(NC(=O)c3ccccc3)nc2-c2ccccc2)cc1,DOTUNKPRWZJBPQ-UHFFFAOYSA-N,CC(CC1CC(C2CCCCC2)C(C(C)C2CCCCC2)C1)C1CCCCC1,10.1016/j.bmc.2010.01.072|10.1016/j.ejmech.2019.111879,20188574|31780082,2,False,False,pending_dual_review,eligible_for_primary_evidence_review,
BDB-50308507,50308507,OC1CCC(Nc2nc(-c3ccccc3)nc3[nH]ccc23)CC1,RBZNJGHIKXAKQE-UHFFFAOYSA-N,C1CCC(CC2CC(C3CCCCC3)CC3CCCC32)CC1,10.1016/j.bmc.2010.01.072,20188574,1,False,False,pending_dual_review,eligible_for_primary_evidence_review,
BDB-50308566,50308566,C=CCCCCCCCCCCOCCOCCOCCOCCOc1ccc(-c2nc3c([nH]2)c(=O)n(C)c(=O)n3C)cc1,VVFSRAIHBDLLMD-UHFFFAOYSA-N,CC1CC(C)C2CC(C3CCCCC3)CC2C1,10.1016/j.bmc.2010.02.014,20202853,1,False,False,pending_dual_review,eligible_for_primary_evidence_review,
BDB-50309781,50309781,CNC(=O)[C@@]12C[C@@H]1[C@@H](n1cnc3c(NCc4cccc(Cl)c4)nc(C#CCCCCc4cn(C56CC7CC(CC(C7)C5)C6)nn4)nc31)[C@H](O)[C@@H]2O,IMOUNXQRZGLBSG-DYHDFLJKSA-N,C1CCC(CCC2CC(CCCCCCC3CCC(C45CC6CC(CC(C6)C4)C5)C3)CC3C2CCC3C2CCC3CC32)CC1,10.1016/j.bmc.2009.12.018,20036562,1,False,False,pending_dual_review,eligible_for_primary_evidence_review,
BDB-50309783,50309783,CNC(=O)[C@@]12C[C@@H]1[C@@H](n1cnc3c(NCc4cccc(Cl)c4)nc(C#CCCCCc4cn(C(Br)C(=O)c5ccccc5)nn4)nc31)[C@H](O)[C@@H]2O,SJKQMHPNHNRFGL-IXWQHHIZSA-N,CC(CC1CCC(CCCCCCC2CC(CCC3CCCCC3)C3CCC(C4CCC5CC54)C3C2)C1)C1CCCCC1,10.1016/j.bmc.2009.12.018,20036562,1,False,False,pending_dual_review,eligible_for_primary_evidence_review,
BDB-50309784,50309784,CNC(=O)[C@@]12C[C@@H]1[C@@H](n1cnc3c(NCc4cccc(Cl)c4)nc(C#CCCCCc4cn(CCNC(C)=O)nn4)nc31)[C@H](O)[C@@H]2O,MSGUYHVTNUYYMV-IDFWRWHYSA-N,C(CCCC1CC(CCC2CCCCC2)C2CCC(C3CCC4CC43)C2C1)CCC1CCCC1,10.1016/j.bmc.2009.12.018,20036562,1,False,False,pending_dual_review,eligible_for_primary_evidence_review,
BDB-50309785,50309785,CNC(=O)[C@@]12C[C@@H]1[C@@H](n1cnc3c(NCc4cccc(Cl)c4)nc(C#CCCCCc4cn(CCCCN)nn4)nc31)[C@H](O)[C@@H]2O,YBWBPVDIYJGYAO-IDFWRWHYSA-N,C(CCCC1CC(CCC2CCCCC2)C2CCC(C3CCC4CC43)C2C1)CCC1CCCC1,10.1016/j.bmc.2009.12.018,20036562,1,False,False,pending_dual_review,eligible_for_primary_evidence_review,
BDB-50309786,50309786,CCN1/C(=C\C=C\C=C\C2=[N+](CCCCCC(=O)NCCNC(=O)CCC#Cc3nc(NCc4cccc(Cl)c4)c4ncn([C@H]5[C@H](O)[C@H](O)[C@]6(C(=O)NC)C[C@H]56)c4n3)c3ccc(S(=O)(=O)[O-])cc3C2(C)C)C(C)(C)c2cc(S(=O)(=O)O)ccc21,JZTKEWSGKUCOKF-ARJDYGHHSA-N,CC(CCCCCC1C(CCCCCC2CC3CCCCC3C2)CC2CCCCC21)CCCCC(C)CCCCC1CC(CCC2CCCCC2)C2CCC(C3CCC4CC43)C2C1,10.1016/j.bmc.2009.12.018,20036562,1,False,False,pending_dual_review,eligible_for_primary_evidence_review,
BDB-50309787,50309787,CNC(=O)[C@@]12C[C@@H]1[C@@H](n1cnc3c(NCc4cccc(Cl)c4)nc(C#CCCCCc4cn(-c5cccc([N+](=O)[O-])c5)nn4)nc31)[C@H](O)[C@@H]2O,VUMUJRMOLVNSCZ-HDFRBTCWSA-N,C1CCC(CCC2CC(CCCCCCC3CCC(C4CCCCC4)C3)CC3C2CCC3C2CCC3CC32)CC1,10.1016/j.bmc.2009.12.018,20036562,1,False,False,pending_dual_review,eligible_for_primary_evidence_review,
BDB-50309788,50309788,C#CCCCC#Cc1nc(NCc2cccc(Cl)c2)c2ncn([C@@H]3[C@H](O)[C@H](O)[C@]4(C(=O)NC)C[C@H]34)c2n1,PLOWTFYCKMBDSF-RSSFEWKTSA-N,C1CCC(CCC2CCCC3C2CCC3C2CCC3CC32)CC1,10.1016/j.bmc.2009.12.018,20036562,1,False,False,pending_dual_review,eligible_for_primary_evidence_review,
BDB-50309791,50309791,C#CCCCCC#Cc1nc(NCc2cccc(Cl)c2)c2ncn([C@H]3[C@H](O)[C@H](O)[C@]4(C(=O)NC)C[C@H]34)c2n1,VPFDYFVHIDPXMF-WANRRHMFSA-N,C1CCC(CCC2CCCC3C2CCC3C2CCC3CC32)CC1,10.1016/j.bmc.2009.12.018,20036562,1,False,False,pending_dual_review,eligible_for_primary_evidence_review,
BDB-50309792,50309792,CNC(=O)[C@@]12C[C@@H]1[C@@H](n1cnc3c(NCc4cccc(Cl)c4)nc(C#CCCCCc4cn(CCCCNC(C)=O)nn4)nc31)[C@H](O)[C@@H]2O,PPBMRSLAXYHEGD-HDFRBTCWSA-N,C(CCCC1CC(CCC2CCCCC2)C2CCC(C3CCC4CC43)C2C1)CCC1CCCC1,10.1016/j.bmc.2009.12.018,20036562,1,False,False,pending_dual_review,eligible_for_primary_evidence_review,
BDB-50309793,50309793,CNC(=O)[C@@]12C[C@@H]1[C@@H](n1cnc3c(NCc4cccc(Cl)c4)nc(C#CCCCCc4cn(-c5ccc(N)cc5)nn4)nc31)[C@H](O)[C@@H]2O,DJFFHKZRCZFCLV-HDFRBTCWSA-N,C1CCC(CCC2CC(CCCCCCC3CCC(C4CCCCC4)C3)CC3C2CCC3C2CCC3CC32)CC1,10.1016/j.bmc.2009.12.018,20036562,1,False,False,pending_dual_review,eligible_for_primary_evidence_review,
BDB-50312946,50312946,O=C(Nc1ccc(Br)c(-c2ccco2)n1)C1CC1,VBLOVSRAUWMBNG-UHFFFAOYSA-N,CC(CC1CCCC(C2CCCC2)C1)C1CC1,10.1016/j.bmcl.2010.01.045,20137946,1,False,False,pending_dual_review,eligible_for_primary_evidence_review,
BDB-50312947,50312947,N#Cc1ccc(NC(=O)C2CC2)nc1-c1ccco1,RWRIELQWXMXMNH-UHFFFAOYSA-N,CC(CC1CCCC(C2CCCC2)C1)C1CC1,10.1016/j.bmcl.2010.01.045,20137946,1,False,False,pending_dual_review,eligible_for_primary_evidence_review,
BDB-50312948,50312948,O=C(Nc1ccc(-c2nnn[nH]2)c(-c2ccco2)n1)C1CC1,GCPFMDAWQKGODS-UHFFFAOYSA-N,CC(CC1CCC(C2CCCC2)C(C2CCCC2)C1)C1CC1,10.1016/j.bmcl.2010.01.045,20137946,1,False,False,pending_dual_review,eligible_for_primary_evidence_review,
BDB-50312949,50312949,O=C(Nc1ccc(-c2ccncc2Cl)c(-c2ccco2)n1)C1CC1,NAEQLYJGLPELMV-UHFFFAOYSA-N,CC(CC1CCC(C2CCCCC2)C(C2CCCC2)C1)C1CC1,10.1016/j.bmcl.2010.01.045,20137946,1,False,False,pending_dual_review,eligible_for_primary_evidence_review,
BDB-50312950,50312950,O=C(Nc1ccc(-c2ccncc2F)c(-c2ccco2)n1)C1CC1,MZFJZVHTYGETAH-UHFFFAOYSA-N,CC(CC1CCC(C2CCCCC2)C(C2CCCC2)C1)C1CC1,10.1016/j.bmcl.2010.01.045,20137946,1,False,False,pending_dual_review,eligible_for_primary_evidence_review,
BDB-50312951,50312951,Cc1ccc(-c2nc(NC(=O)C3CC3)ccc2-c2ccncc2)o1,RVEDTGRGNVIZKZ-UHFFFAOYSA-N,CC(CC1CCC(C2CCCCC2)C(C2CCCC2)C1)C1CC1,10.1016/j.bmcl.2010.01.045,20137946,1,False,False,pending_dual_review,eligible_for_primary_evidence_review,
BDB-50312952,50312952,O=C(Nc1ccc(-c2ccncc2)c(-c2nccs2)n1)C1CC1,FJWNSNLNBIUZDY-UHFFFAOYSA-N,CC(CC1CCC(C2CCCCC2)C(C2CCCC2)C1)C1CC1,10.1016/j.bmcl.2010.01.045,20137946,1,False,False,pending_dual_review,eligible_for_primary_evidence_review,
BDB-50312953,50312953,O=C(Nc1ccc(-c2ccncc2)c(-c2cncs2)n1)C1CC1,RBIFOILYUCIGQJ-UHFFFAOYSA-N,CC(CC1CCC(C2CCCCC2)C(C2CCCC2)C1)C1CC1,10.1016/j.bmcl.2010.01.045,20137946,1,False,False,pending_dual_review,eligible_for_primary_evidence_review,
BDB-50312954,50312954,O=C(Nc1ccc(-c2ccncc2)c(-c2ncco2)n1)C1CC1,PFPDRUASIFTMIX-UHFFFAOYSA-N,CC(CC1CCC(C2CCCCC2)C(C2CCCC2)C1)C1CC1,10.1016/j.bmcl.2010.01.045,20137946,1,False,False,pending_dual_review,eligible_for_primary_evidence_review,
BDB-50312955,50312955,O=C(Nc1ccc(-c2ccncc2)c(-c2cnco2)n1)C1CC1,FKVPNOVTCOJFFH-UHFFFAOYSA-N,CC(CC1CCC(C2CCCCC2)C(C2CCCC2)C1)C1CC1,10.1016/j.bmcl.2010.01.045,20137946,1,False,False,pending_dual_review,eligible_for_primary_evidence_review,
BDB-50312956,50312956,O=C(Nc1ccc(-c2ccncc2)c(-c2cocn2)n1)C1CC1,HNWYHFGFPGBRAQ-UHFFFAOYSA-N,CC(CC1CCC(C2CCCCC2)C(C2CCCC2)C1)C1CC1,10.1016/j.bmcl.2010.01.045,20137946,1,False,False,pending_dual_review,eligible_for_primary_evidence_review,
BDB-50312957,50312957,O=C(Nc1ccc(-c2ccncc2)c(-n2cccn2)n1)C1CC1,VMGPVLWIPVWYKM-UHFFFAOYSA-N,CC(CC1CCC(C2CCCCC2)C(C2CCCC2)C1)C1CC1,10.1016/j.bmcl.2010.01.045,20137946,1,False,False,pending_dual_review,eligible_for_primary_evidence_review,
BDB-50312958,50312958,O=C(Nc1ccc(-c2ccncc2)c(-c2ccccc2F)n1)C1CC1,QUVRBMYDRIIHLI-UHFFFAOYSA-N,CC(CC1CCC(C2CCCCC2)C(C2CCCCC2)C1)C1CC1,10.1016/j.bmcl.2010.01.045,20137946,1,False,False,pending_dual_review,eligible_for_primary_evidence_review,
BDB-50312959,50312959,O=C(Nc1ccc(-c2ccncc2)c(-c2cccc(F)c2)n1)C1CC1,XTKWYENKGIRGAI-UHFFFAOYSA-N,CC(CC1CCC(C2CCCCC2)C(C2CCCCC2)C1)C1CC1,10.1016/j.bmcl.2010.01.045,20137946,1,False,False,pending_dual_review,eligible_for_primary_evidence_review,
BDB-50312961,50312961,O=C(Nc1ccc(-c2ccncc2)c(-c2ccc(F)cc2)n1)C1CC1,WNNJUBCDKKEQRA-UHFFFAOYSA-N,CC(CC1CCC(C2CCCCC2)C(C2CCCCC2)C1)C1CC1,10.1016/j.bmcl.2010.01.045,20137946,1,False,False,pending_dual_review,eligible_for_primary_evidence_review,
BDB-50312964,50312964,CC(=O)Nc1ccc(-c2ccncc2)c(-c2ccco2)n1,STFZQXRQDWXSGW-UHFFFAOYSA-N,C1CCC(C2CCCCC2C2CCCC2)CC1,10.1016/j.bmcl.2010.01.045,20137946,1,False,False,pending_dual_review,eligible_for_primary_evidence_review,
BDB-50312965,50312965,O=C(Nc1ccc(-c2ccncc2)c(-c2ccco2)n1)C1CC1,YMPAJVHRFFHIEA-UHFFFAOYSA-N,CC(CC1CCC(C2CCCCC2)C(C2CCCC2)C1)C1CC1,10.1016/j.bmcl.2010.01.045,20137946,1,False,False,pending_dual_review,eligible_for_primary_evidence_review,
BDB-50312966,50312966,O=C(Nc1ccc(-c2ccncn2)c(-c2ccco2)n1)C1CC1,QLBNYHQORUEQJE-UHFFFAOYSA-N,CC(CC1CCC(C2CCCCC2)C(C2CCCC2)C1)C1CC1,10.1016/j.bmcl.2010.01.045|10.1016/j.bmcl.2010.01.077,20137946|20138516,2,False,False,pending_dual_review,eligible_for_primary_evidence_review,
BDB-50312970,50312970,O=C(Nc1ccc(-c2ccncc2)c(-c2ccccn2)n1)C1CC1,OHTMLKHQLZWGCY-UHFFFAOYSA-N,CC(CC1CCC(C2CCCCC2)C(C2CCCCC2)C1)C1CC1,10.1016/j.bmcl.2010.01.045,20137946,1,False,False,pending_dual_review,eligible_for_primary_evidence_review,
BDB-50312971,50312971,O=C(Nc1ccc(-c2ccncc2)c(-c2cccnc2)n1)C1CC1,IXDJXWJKKWGXEB-UHFFFAOYSA-N,CC(CC1CCC(C2CCCCC2)C(C2CCCCC2)C1)C1CC1,10.1016/j.bmcl.2010.01.045,20137946,1,False,False,pending_dual_review,eligible_for_primary_evidence_review,
BDB-50312972,50312972,O=C(Nc1ccc(-c2ccncc2)c(-c2ccncc2)n1)C1CC1,YDGZTEVHLPBBGZ-UHFFFAOYSA-N,CC(CC1CCC(C2CCCCC2)C(C2CCCCC2)C1)C1CC1,10.1016/j.bmcl.2010.01.045,20137946,1,False,False,pending_dual_review,eligible_for_primary_evidence_review,
BDB-50313071,50313071,O=c1[nH]c(=O)c2cc(-c3ccncn3)c(-c3ccco3)nc2[nH]1,VYTAHRSDFGGCON-UHFFFAOYSA-N,CC1CC(C)C2CC(C3CCCCC3)C(C3CCCC3)CC2C1,10.1016/j.bmcl.2010.01.077,20138516,1,False,False,pending_dual_review,eligible_for_primary_evidence_review,
BDB-50313072,50313072,c1coc(-c2nc3[nH]ccc3cc2-c2ccncn2)c1,SDUHCRWJXFZMQH-UHFFFAOYSA-N,C1CCC(C2CC3CCCC3CC2C2CCCC2)CC1,10.1016/j.bmcl.2010.01.077,20138516,1,False,False,pending_dual_review,eligible_for_primary_evidence_review,
BDB-50313073,50313073,O=c1[nH][nH]c2nc(-c3ccco3)c(-c3ccncn3)cc12,ODIWALRZUVNYHC-UHFFFAOYSA-N,CC1CCC2CC(C3CCCC3)C(C3CCCCC3)CC12,10.1016/j.bmcl.2010.01.077,20138516,1,False,False,pending_dual_review,eligible_for_primary_evidence_review,
BDB-50313074,50313074,c1coc(-c2nc3nc[nH]c3cc2-c2ccncn2)c1,NDRMSISLKTZBKD-UHFFFAOYSA-N,C1CCC(C2CC3CCCC3CC2C2CCCC2)CC1,10.1016/j.bmcl.2010.01.077,20138516,1,False,False,pending_dual_review,eligible_for_primary_evidence_review,
BDB-50313075,50313075,c1coc(-c2nc3[nH]ncc3cc2-c2ccncn2)c1,FUZVDFCUPYVIEA-UHFFFAOYSA-N,C1CCC(C2CC3CCCC3CC2C2CCCC2)CC1,10.1016/j.bmcl.2010.01.077,20138516,1,False,False,pending_dual_review,eligible_for_primary_evidence_review,
BDB-50313076,50313076,Nc1n[nH]c2nc(-c3ccco3)c(-c3ccncn3)cc12,CUIYZPCLAYEKMZ-UHFFFAOYSA-N,C1CCC(C2CC3CCCC3CC2C2CCCC2)CC1,10.1016/j.bmcl.2010.01.077,20138516,1,False,False,pending_dual_review,eligible_for_primary_evidence_review,
BDB-50313077,50313077,Cn1c(=O)[nH]c2nc(-c3ccco3)c(-c3ccncn3)cc21,OWBPIGOKYQPEBA-UHFFFAOYSA-N,CC1CC2CC(C3CCCCC3)C(C3CCCC3)CC2C1,10.1016/j.bmcl.2010.01.077,20138516,1,False,False,pending_dual_review,eligible_for_primary_evidence_review,
BDB-50313078,50313078,O=c1[nH]c2cc(-c3ccncn3)c(-c3ccco3)nc2[nH]1,MKVQVZUHJKLKRR-UHFFFAOYSA-N,CC1CC2CC(C3CCCCC3)C(C3CCCC3)CC2C1,10.1016/j.bmcl.2010.01.077,20138516,1,False,False,pending_dual_review,eligible_for_primary_evidence_review,
BDB-50315542,50315542,S=c1sc2c(ncn3nc(-c4ccco4)nc23)n1-c1ccccc1,DTOKGNWGWMEHFP-UHFFFAOYSA-N,CC1CC2C3CC(C4CCCC4)CC3CCC2C1C1CCCCC1,10.1016/j.bmc.2010.02.048,20303771,1,False,False,pending_dual_review,eligible_for_primary_evidence_review,
BDB-50315543,50315543,Fc1ccc(-n2c(=S)sc3c2ncn2nc(-c4ccco4)nc32)cc1,VQKFHYCWGRTRIE-UHFFFAOYSA-N,CC1CC2C3CC(C4CCCC4)CC3CCC2C1C1CCCCC1,10.1016/j.bmc.2010.02.048,20303771,1,False,False,pending_dual_review,eligible_for_primary_evidence_review,
BDB-50315544,50315544,S=c1sc2c(ncn3nc(-c4ccco4)nc23)n1-c1ccc(Cl)cc1,PJHIANAJWSDAOF-UHFFFAOYSA-N,CC1CC2C3CC(C4CCCC4)CC3CCC2C1C1CCCCC1,10.1016/j.bmc.2010.02.048,20303771,1,False,False,pending_dual_review,eligible_for_primary_evidence_review,
BDB-50315545,50315545,S=c1sc2c(ncn3nc(-c4ccco4)nc23)n1-c1cccc(Cl)c1,ZECJRTTZUOTJLF-UHFFFAOYSA-N,CC1CC2C3CC(C4CCCC4)CC3CCC2C1C1CCCCC1,10.1016/j.bmc.2010.02.048,20303771,1,False,False,pending_dual_review,eligible_for_primary_evidence_review,
BDB-50315546,50315546,S=c1sc2c(ncn3nc(-c4ccco4)nc23)n1-c1ccccc1I,AQCYYAZSOFCFLZ-UHFFFAOYSA-N,CC1CC2C3CC(C4CCCC4)CC3CCC2C1C1CCCCC1,10.1016/j.bmc.2010.02.048,20303771,1,False,False,pending_dual_review,eligible_for_primary_evidence_review,
BDB-50315547,50315547,S=c1sc2c(ncn3nc(-c4ccco4)nc23)n1-c1ccc(I)cc1,QJCMFRSKBIEYMW-UHFFFAOYSA-N,CC1CC2C3CC(C4CCCC4)CC3CCC2C1C1CCCCC1,10.1016/j.bmc.2010.02.048,20303771,1,False,False,pending_dual_review,eligible_for_primary_evidence_review,
BDB-50315548,50315548,S=c1sc2c(ncn3nc(-c4ccco4)nc23)n1-c1cccc(I)c1,GCWWPUIDBLGEII-UHFFFAOYSA-N,CC1CC2C3CC(C4CCCC4)CC3CCC2C1C1CCCCC1,10.1016/j.bmc.2010.02.048,20303771,1,False,False,pending_dual_review,eligible_for_primary_evidence_review,
BDB-50315603,50315603,Nc1nc(Oc2ccccc2)nc2nc(-c3ccco3)nn12,ZQSNZROOZBSWNB-UHFFFAOYSA-N,C1CCC(CC2CCC3CC(C4CCCC4)CC3C2)CC1,10.1021/jm200371q,21615150,1,False,False,pending_dual_review,eligible_for_primary_evidence_review,
BDB-50315620,50315620,Cn1cc2c(nc(N)n3nc(-c4ccccc4)nc23)n1,QTXRPASVXQWVIQ-UHFFFAOYSA-N,C1CCC(C2CC3CCC4CCCC4C3C2)CC1,10.1021/jm100049f,20307065,1,False,False,pending_dual_review,eligible_for_primary_evidence_review,
BDB-50315621,50315621,Cn1cc2c(nc(N)n3nc(-c4ccc(F)cc4)nc23)n1,HNASIMBMXSXIHF-UHFFFAOYSA-N,C1CCC(C2CC3CCC4CCCC4C3C2)CC1,10.1021/jm100049f,20307065,1,False,False,pending_dual_review,eligible_for_primary_evidence_review,
BDB-50315622,50315622,Cn1cc2c(nc(N)n3nc(-c4ccc(Cl)cc4)nc23)n1,PITCNLCEBRHIAU-UHFFFAOYSA-N,C1CCC(C2CC3CCC4CCCC4C3C2)CC1,10.1021/jm100049f,20307065,1,False,False,pending_dual_review,eligible_for_primary_evidence_review,
BDB-50315623,50315623,Cn1cc2c(nc(N)n3nc(-c4ccc(Br)cc4)nc23)n1,MMSBEDKQYXATNO-UHFFFAOYSA-N,C1CCC(C2CC3CCC4CCCC4C3C2)CC1,10.1021/jm100049f,20307065,1,False,False,pending_dual_review,eligible_for_primary_evidence_review,
BDB-50315624,50315624,COc1ccc(-c2nc3c4cn(C)nc4nc(N)n3n2)cc1,CZTHOMSSFZEDSJ-UHFFFAOYSA-N,C1CCC(C2CC3CCC4CCCC4C3C2)CC1,10.1021/jm100049f,20307065,1,False,False,pending_dual_review,eligible_for_primary_evidence_review,
BDB-50315625,50315625,Cn1cc2c(nc(N)n3nc(-c4ccc([N+](=O)[O-])cc4)nc23)n1,SAAANUYWBMKBFR-UHFFFAOYSA-N,C1CCC(C2CC3CCC4CCCC4C3C2)CC1,10.1021/jm100049f,20307065,1,False,False,pending_dual_review,eligible_for_primary_evidence_review,
BDB-50315626,50315626,CCn1ncc2c1nc(N)n1nc(-c3ccc(Cl)cc3)nc21,WXXKMZHGBWNPMA-UHFFFAOYSA-N,C1CCC(C2CC3CCC4CCCC4C3C2)CC1,10.1021/jm100049f,20307065,1,False,False,pending_dual_review,eligible_for_primary_evidence_review,
BDB-50315627,50315627,CCn1cc2c(nc(N)n3nc(-c4ccc(Cl)cc4)nc23)n1,OLNGYGWNTPUKSR-UHFFFAOYSA-N,C1CCC(C2CC3CCC4CCCC4C3C2)CC1,10.1021/jm100049f,20307065,1,False,False,pending_dual_review,eligible_for_primary_evidence_review,
BDB-50315628,50315628,Nc1nc2nn(CCc3ccccc3)cc2c2nc(-c3ccccc3)nn12,PTHJOKZGPLNYAC-UHFFFAOYSA-N,C1CCC(CCC2CC3CCC4CC(C5CCCCC5)CC4C3C2)CC1,10.1021/jm100049f,20307065,1,False,False,pending_dual_review,eligible_for_primary_evidence_review,
BDB-50315629,50315629,Nc1nc2nn(CCc3ccccc3)cc2c2nc(-c3ccc(F)cc3)nn12,GMRHTQCCQOJVEP-UHFFFAOYSA-N,C1CCC(CCC2CC3CCC4CC(C5CCCCC5)CC4C3C2)CC1,10.1021/jm100049f,20307065,1,False,False,pending_dual_review,eligible_for_primary_evidence_review,
BDB-50315630,50315630,Nc1nc2nn(CCc3ccccc3)cc2c2nc(-c3ccc(Cl)cc3)nn12,PDDCXLRXZGFYCT-UHFFFAOYSA-N,C1CCC(CCC2CC3CCC4CC(C5CCCCC5)CC4C3C2)CC1,10.1021/jm100049f,20307065,1,False,False,pending_dual_review,eligible_for_primary_evidence_review,
BDB-50315632,50315632,COc1ccc(-c2nc3c4cn(CCc5ccccc5)nc4nc(N)n3n2)cc1,RWUVXOBBTQTDLL-UHFFFAOYSA-N,C1CCC(CCC2CC3CCC4CC(C5CCCCC5)CC4C3C2)CC1,10.1021/jm100049f,20307065,1,False,False,pending_dual_review,eligible_for_primary_evidence_review,
BDB-50315633,50315633,Cn1cc2c(nc(NC(=O)c3ccccc3)n3nc(-c4ccccc4)nc23)n1,UDLCSCAETZRITG-UHFFFAOYSA-N,CC(CC1CC2CCCC2C2CC(C3CCCCC3)CC12)C1CCCCC1,10.1021/jm100049f,20307065,1,False,False,pending_dual_review,eligible_for_primary_evidence_review,
BDB-50315641,50315641,O=C(Nc1nc2nn(CCc3ccccc3)cc2c2nc(-c3ccccc3)nn12)c1ccccc1,VSWCOBIDKGRDKM-UHFFFAOYSA-N,CC(CC1CC2CC(CCC3CCCCC3)CC2C2CC(C3CCCCC3)CC12)C1CCCCC1,10.1021/jm100049f,20307065,1,False,False,pending_dual_review,eligible_for_primary_evidence_review,
BDB-50315644,50315644,Cn1cc2c(nc(NC(=O)Cc3ccccc3)n3nc(-c4ccc(F)cc4)nc23)n1,VZVVPDLBYXFYCO-UHFFFAOYSA-N,CC(CC1CCCCC1)CC1CC2CCCC2C2CC(C3CCCCC3)CC12,10.1021/jm100049f,20307065,1,False,False,pending_dual_review,eligible_for_primary_evidence_review,
BDB-50315645,50315645,Cn1cc2c(nc(NC(=O)Cc3ccccc3)n3nc(-c4ccc(Cl)cc4)nc23)n1,SOLAKJOEVYUONT-UHFFFAOYSA-N,CC(CC1CCCCC1)CC1CC2CCCC2C2CC(C3CCCCC3)CC12,10.1021/jm100049f,20307065,1,False,False,pending_dual_review,eligible_for_primary_evidence_review,
BDB-50315648,50315648,Cn1cc2c(nc(NC(=O)Cc3ccccc3)n3nc(-c4ccc([N+](=O)[O-])cc4)nc23)n1,NSOPBBBAYUYNKP-UHFFFAOYSA-N,CC(CC1CCCCC1)CC1CC2CCCC2C2CC(C3CCCCC3)CC12,10.1021/jm100049f,20307065,1,False,False,pending_dual_review,eligible_for_primary_evidence_review,
BDB-50318241,50318241,Cc1cc(C)nc(NC(N)=NCCc2c[nH]c3ccc(F)cc23)n1,GBIINFPBTMFBRG-UHFFFAOYSA-N,C1CCC(CCCCCC2CCC3CCCCC23)CC1,10.1021/jm100240h,20405927,1,False,False,pending_dual_review,eligible_for_primary_evidence_review,
BDB-50318243,50318243,Cc1cc(C)nc(NC(N)=NCCc2ccsc2)n1,LXVWZMBWXBKEKY-UHFFFAOYSA-N,C1CCC(CCCCCC2CCCC2)CC1,10.1021/jm100240h,20405927,1,False,False,pending_dual_review,eligible_for_primary_evidence_review,
BDB-50318244,50318244,Cc1cccc(O[C@H](C)C(=O)Nc2nnc(-c3ccccc3)[nH]2)c1,KQPUYOYQNCUUHA-CYBMUJFWSA-N,CC(CCC1CCCCC1)CC1CCC(C2CCCCC2)C1,10.1021/jm100240h|10.1021/jm200371q|10.1021/ml300097g,20405927|21615150|23342198,3,False,False,pending_dual_review,eligible_for_primary_evidence_review,
BDB-50318245,50318245,Cc1cccc(Nc2nc3c([nH]2)c(=O)n(C)c(=O)n3C)c1,NPAYDNLZGGYUQY-UHFFFAOYSA-N,CC1CC(C)C2CC(CC3CCCCC3)CC2C1,10.1021/jm100240h,20405927,1,False,False,pending_dual_review,eligible_for_primary_evidence_review,
BDB-50318246,50318246,Cc1ccc2nc(Nc3nc(C)cc(C)n3)[nH]c2c1,CWLDORLSOHHAFW-UHFFFAOYSA-N,C1CCC(CC2CC3CCCCC3C2)CC1,10.1021/jm100240h,20405927,1,False,False,pending_dual_review,eligible_for_primary_evidence_review,
BDB-50318247,50318247,COc1ccc2c(c1)oc1c(-c3ccncc3)c(C#N)c(N)c(C#N)c12,MLEPCUGXUOCQMR-UHFFFAOYSA-N,C1CCC(C2CCCC3C4CCCCC4CC23)CC1,10.1021/jm100240h,20405927,1,False,False,pending_dual_review,eligible_for_primary_evidence_review,
BDB-50318248,50318248,NC(=NCCc1c[nH]c2ccccc12)Nc1ncccn1,RWEYERKZCOOCCP-UHFFFAOYSA-N,C1CCC(CCCCCC2CCC3CCCCC23)CC1,10.1021/jm100240h,20405927,1,False,False,pending_dual_review,eligible_for_primary_evidence_review,
BDB-50318249,50318249,CNc1ccccc1C(=O)NC(N)=Nc1nc(C)c2ccccc2n1,CNEIENPNCYIKIZ-UHFFFAOYSA-N,CC(CCCC1CCC2CCCCC2C1)C1CCCCC1,10.1021/jm100240h,20405927,1,False,False,pending_dual_review,eligible_for_primary_evidence_review,
BDB-50318250,50318250,COc1ccc(-c2cc(=O)[nH]c(Nc3ccccc3)n2)cc1OC,QGDVJEIIAUKMBX-UHFFFAOYSA-N,CC1CC(CC2CCCCC2)CC(C2CCCCC2)C1,10.1021/jm100240h,20405927,1,False,False,pending_dual_review,eligible_for_primary_evidence_review,
BDB-50318251,50318251,COc1ccc2c(CCN=C(N)Nc3nc(C)cc(C)n3)c[nH]c2c1,MBTYAIBNXXIOCM-UHFFFAOYSA-N,C1CCC(CCCCCC2CCC3CCCCC23)CC1,10.1021/jm100240h,20405927,1,False,False,pending_dual_review,eligible_for_primary_evidence_review,
BDB-50318267,50318267,COc1ccc(C(=O)Nc2nc(-c3ccccc3)nc3nn(C)cc23)cc1,YEHUDYLWUFJTMH-UHFFFAOYSA-N,CC(CC1CC(C2CCCCC2)CC2CCCC21)C1CCCCC1,10.1021/jm901785w,20408530,1,False,False,pending_dual_review,eligible_for_primary_evidence_review,
BDB-50318268,50318268,Cn1cc2c(NC(=O)c3ccccc3)nc(-c3ccccc3)nc2n1,QFBYVTZHJZITCY-UHFFFAOYSA-N,CC(CC1CC(C2CCCCC2)CC2CCCC21)C1CCCCC1,10.1021/jm901785w,20408530,1,False,False,pending_dual_review,eligible_for_primary_evidence_review,
BDB-50318270,50318270,O=C(Nc1nc(-c2ccccc2)nc2nn(Cc3ccccc3)cc12)c1ccccc1,ACNFYYUXBQGWQL-UHFFFAOYSA-N,CC(CC1CC(C2CCCCC2)CC2CC(CC3CCCCC3)CC21)C1CCCCC1,10.1021/jm901785w,20408530,1,False,False,pending_dual_review,eligible_for_primary_evidence_review,
BDB-50318273,50318273,Cn1cc2c(NC(=O)c3cccc(Cl)c3)nc(-c3ccccc3)nc2n1,FEQIWODQYSWOIJ-UHFFFAOYSA-N,CC(CC1CC(C2CCCCC2)CC2CCCC21)C1CCCCC1,10.1021/jm901785w,20408530,1,False,False,pending_dual_review,eligible_for_primary_evidence_review,
BDB-50318276,50318276,O=C(Nc1nc(-c2ccccc2)nc2nn(CCc3ccccc3)cc12)c1cccc(Cl)c1,NDYJYWOTTDGVPO-UHFFFAOYSA-N,CC(CC1CC(C2CCCCC2)CC2CC(CCC3CCCCC3)CC21)C1CCCCC1,10.1021/jm901785w,20408530,1,False,False,pending_dual_review,eligible_for_primary_evidence_review,
BDB-50318277,50318277,O=C(Nc1ccccc1)Nc1nc(-c2ccccc2)nc2nn(CCc3ccccc3)cc12,BDFZOHZGNDMMPH-UHFFFAOYSA-N,CC(CC1CCCCC1)CC1CC(C2CCCCC2)CC2CC(CCC3CCCCC3)CC12,10.1021/jm901785w,20408530,1,False,False,pending_dual_review,eligible_for_primary_evidence_review,
BDB-50318280,50318280,O=C(Nc1nc(-c2ccccc2)nc2nn(CCc3ccccc3)cc12)c1ccccc1,RYMBLKSWXYZCRJ-UHFFFAOYSA-N,CC(CC1CC(C2CCCCC2)CC2CC(CCC3CCCCC3)CC21)C1CCCCC1,10.1021/jm901785w,20408530,1,False,False,pending_dual_review,eligible_for_primary_evidence_review,
BDB-50318281,50318281,COc1ccc(C(=O)Nc2nc(-c3ccccc3)nc3nn(CCc4ccccc4)cc23)cc1,CKKXZLPWXCLBDA-UHFFFAOYSA-N,CC(CC1CC(C2CCCCC2)CC2CC(CCC3CCCCC3)CC21)C1CCCCC1,10.1021/jm901785w,20408530,1,False,False,pending_dual_review,eligible_for_primary_evidence_review,
BDB-50318286,50318286,O=C(Nc1ncnc2nn(Cc3ccccc3)cc12)c1cccc(Cl)c1,GNLKLLHCPPYDLC-UHFFFAOYSA-N,CC(CC1CCCC2CC(CC3CCCCC3)CC21)C1CCCCC1,10.1021/jm901785w,20408530,1,False,False,pending_dual_review,eligible_for_primary_evidence_review,
BDB-50321518,50321518,CCN(C(C)=O)c1ccc(OC)c2nc(NC(=O)c3ccnn3C)sc12,CPBGMRFHFZVCLS-UHFFFAOYSA-N,CC(CC1CC2CCCCC2C1)C1CCCC1,10.1016/j.bmcl.2010.05.056|10.1016/j.bmcl.2011.02.053,20541935|21388809,2,False,False,pending_dual_review,eligible_for_primary_evidence_review,
BDB-50321519,50321519,CCN(C(C)=O)c1ccc(OC)c2nc(NC(=O)c3cc[nH]c3)sc12,DJACUMHEINQBQI-UHFFFAOYSA-N,CC(CC1CC2CCCCC2C1)C1CCCC1,10.1016/j.bmcl.2010.05.056,20541935,1,False,False,pending_dual_review,eligible_for_primary_evidence_review,
BDB-50321521,50321521,CCN(C(C)=O)c1ccc(OC)c2nc(NC(=O)c3cnn(C)c3)sc12,FMPFRHFXEJRKAA-UHFFFAOYSA-N,CC(CC1CC2CCCCC2C1)C1CCCC1,10.1016/j.bmcl.2010.05.056,20541935,1,False,False,pending_dual_review,eligible_for_primary_evidence_review,
BDB-50321522,50321522,CCN(C(C)=O)c1ccc(OC)c2nc(NC(=O)c3cnn(Cc4cccc(C(F)(F)F)c4)c3)sc12,CEABWOSUDRMZCJ-UHFFFAOYSA-N,CC(CC1CC2CCCCC2C1)C1CCC(CC2CCCCC2)C1,10.1016/j.bmcl.2010.05.056|10.1016/j.bmcl.2011.02.053,20541935|21388809,2,False,False,pending_dual_review,eligible_for_primary_evidence_review,
BDB-50321523,50321523,CCN(C(C)=O)c1ccc(OC)c2nc(NC(=O)c3cnn(Cc4cccc(F)c4)c3)sc12,PSNVIISERJCVSC-UHFFFAOYSA-N,CC(CC1CC2CCCCC2C1)C1CCC(CC2CCCCC2)C1,10.1016/j.bmcl.2010.05.056,20541935,1,False,False,pending_dual_review,eligible_for_primary_evidence_review,
BDB-50321544,50321544,CCN(C(C)=O)c1ccc(OC)c2nc(NC(=O)c3ccc(CN4CCCC4=O)cc3)sc12,DLTPQCCVNJKPLX-UHFFFAOYSA-N,CC(CC1CC2CCCCC2C1)C1CCC(CC2CCCC2C)CC1,10.1016/j.bmcl.2010.05.056,20541935,1,False,False,pending_dual_review,eligible_for_primary_evidence_review,
BDB-50321545,50321545,CCN(C(C)=O)c1ccc(OC)c2nc(NC(=O)c3ccc(-n4ccnc4)cc3)sc12,HBQYNPRCIYIAKY-UHFFFAOYSA-N,CC(CC1CC2CCCCC2C1)C1CCC(C2CCCC2)CC1,10.1016/j.bmcl.2010.05.056,20541935,1,False,False,pending_dual_review,eligible_for_primary_evidence_review,
BDB-50321546,50321546,CCN(C(C)=O)c1ccc(OC)c2nc(NC(=O)c3ccc(-n4cnnn4)cc3)sc12,MUHRVLKUZLOTCU-UHFFFAOYSA-N,CC(CC1CC2CCCCC2C1)C1CCC(C2CCCC2)CC1,10.1016/j.bmcl.2010.05.056,20541935,1,False,False,pending_dual_review,eligible_for_primary_evidence_review,
BDB-50321547,50321547,CCN(C(C)=O)c1ccc(OC)c2nc(NC(=O)c3ccc(-n4cccn4)cc3)sc12,DCTGLEXAQPOGSB-UHFFFAOYSA-N,CC(CC1CC2CCCCC2C1)C1CCC(C2CCCC2)CC1,10.1016/j.bmcl.2010.05.056,20541935,1,False,False,pending_dual_review,eligible_for_primary_evidence_review,
BDB-50321548,50321548,CCN(C(C)=O)c1ccc(OC)c2nc(NC(=O)c3ccc(C(=O)N4CCCCC4)cc3)sc12,UUQDXDINAPCENI-UHFFFAOYSA-N,CC(CC1CC2CCCCC2C1)C1CCC(C(C)C2CCCCC2)CC1,10.1016/j.bmcl.2010.05.056,20541935,1,False,False,pending_dual_review,eligible_for_primary_evidence_review,
BDB-50321549,50321549,CCN(C(C)=O)c1ccc(OC)c2nc(NC(=O)c3ccc(C(=O)N4CCOCC4)cc3)sc12,VOHBXKQITRPFQM-UHFFFAOYSA-N,CC(CC1CC2CCCCC2C1)C1CCC(C(C)C2CCCCC2)CC1,10.1016/j.bmcl.2010.05.056,20541935,1,False,False,pending_dual_review,eligible_for_primary_evidence_review,
BDB-50321551,50321551,CCN(C(C)=O)c1ccc(OC)c2nc(NC(=O)c3ccc(C(=O)N4CCN(C)CC4)cc3)sc12,BOVYXBFNECREEB-UHFFFAOYSA-N,CC(CC1CC2CCCCC2C1)C1CCC(C(C)C2CCCCC2)CC1,10.1016/j.bmcl.2010.05.056,20541935,1,False,False,pending_dual_review,eligible_for_primary_evidence_review,
BDB-50321553,50321553,CCN(C(C)=O)c1ccc(OC)c2nc(NC(=O)c3ccc(C(=O)N4CCCC4)cc3)sc12,TZKGKCWVAXFPRZ-UHFFFAOYSA-N,CC(CC1CC2CCCCC2C1)C1CCC(C(C)C2CCCC2)CC1,10.1016/j.bmcl.2010.05.056,20541935,1,False,False,pending_dual_review,eligible_for_primary_evidence_review,
BDB-50324967,50324967,CCOC(=O)c1sc(NC(=O)c2ccco2)nc1-c1ccccc1,RGLCSVSNNAHOSL-UHFFFAOYSA-N,CC(CC1CCC(C2CCCCC2)C1)C1CCCC1,10.1016/j.bmcl.2010.06.138,20659802,1,False,False,pending_dual_review,eligible_for_primary_evidence_review,
BDB-50324968,50324968,CCCC(=O)c1sc(NC(=O)c2ccco2)nc1-c1ccccc1,FHLNGEZXUGAKSM-UHFFFAOYSA-N,CC(CC1CCC(C2CCCCC2)C1)C1CCCC1,10.1016/j.bmcl.2010.06.138,20659802,1,False,False,pending_dual_review,eligible_for_primary_evidence_review,
BDB-50324969,50324969,CCOCc1sc(NC(=O)c2ccco2)nc1-c1ccccc1,GQUGZFLBFPOQQC-UHFFFAOYSA-N,CC(CC1CCC(C2CCCCC2)C1)C1CCCC1,10.1016/j.bmcl.2010.06.138,20659802,1,False,False,pending_dual_review,eligible_for_primary_evidence_review,
BDB-50324970,50324970,Cc1nc(-c2sc(NC(=O)c3ccco3)nc2-c2ccccc2)no1,WVBMLCFPIVQVSC-UHFFFAOYSA-N,CC(CC1CC(C2CCCCC2)C(C2CCCC2)C1)C1CCCC1,10.1016/j.bmcl.2010.06.138,20659802,1,False,False,pending_dual_review,eligible_for_primary_evidence_review,
BDB-50324971,50324971,CC(=O)Nc1nc(-c2ccccc2)c(-c2noc(C)n2)s1,MBOQNIDBHUJTDE-UHFFFAOYSA-N,C1CCC(C2CCCC2C2CCCC2)CC1,10.1016/j.bmcl.2010.06.138,20659802,1,False,False,pending_dual_review,eligible_for_primary_evidence_review,
BDB-50324972,50324972,Cc1nc(-c2sc(NC(=O)C3CC3)nc2-c2ccccc2)no1,GINNJZRPRVSARM-UHFFFAOYSA-N,CC(CC1CC(C2CCCCC2)C(C2CCCC2)C1)C1CC1,10.1016/j.bmcl.2010.06.138,20659802,1,False,False,pending_dual_review,eligible_for_primary_evidence_review,
BDB-50324973,50324973,Cc1nc(-c2sc(NC(=O)CC(C)C)nc2-c2ccccc2)no1,HUQKHKNVVBHZSD-UHFFFAOYSA-N,C1CCC(C2CCCC2C2CCCC2)CC1,10.1016/j.bmcl.2010.06.138,20659802,1,False,False,pending_dual_review,eligible_for_primary_evidence_review,
BDB-50324974,50324974,Cc1nc(-c2sc(NC(=O)c3ccccc3)nc2-c2ccccc2)no1,GQSYOZRSKJHINW-UHFFFAOYSA-N,CC(CC1CC(C2CCCCC2)C(C2CCCC2)C1)C1CCCCC1,10.1016/j.bmcl.2010.06.138,20659802,1,False,False,pending_dual_review,eligible_for_primary_evidence_review,
BDB-50324975,50324975,Cc1nc(-c2sc(NC(=O)Cc3ccccc3)nc2-c2ccccc2)no1,BRLKYKRCBSWGPU-UHFFFAOYSA-N,CC(CC1CCCCC1)CC1CC(C2CCCCC2)C(C2CCCC2)C1,10.1016/j.bmcl.2010.06.138,20659802,1,False,False,pending_dual_review,eligible_for_primary_evidence_review,
BDB-50324976,50324976,O=C(Nc1nc(-c2ccccc2)c(-c2ncon2)s1)c1ccco1,GLTUZWSPKSCCFX-UHFFFAOYSA-N,CC(CC1CC(C2CCCCC2)C(C2CCCC2)C1)C1CCCC1,10.1016/j.bmcl.2010.06.138,20659802,1,False,False,pending_dual_review,eligible_for_primary_evidence_review,
BDB-50324977,50324977,O=C(Nc1nc(-c2ccccc2)c(-c2ncon2)s1)C1CC1,WBCDSCLOXKDRCV-UHFFFAOYSA-N,CC(CC1CC(C2CCCCC2)C(C2CCCC2)C1)C1CC1,10.1016/j.bmcl.2010.06.138,20659802,1,False,False,pending_dual_review,eligible_for_primary_evidence_review,
BDB-50324978,50324978,CC(C)CC(=O)Nc1nc(-c2ccccc2)c(-c2ncon2)s1,OZCSFIXYRIPWAT-UHFFFAOYSA-N,C1CCC(C2CCCC2C2CCCC2)CC1,10.1016/j.bmcl.2010.06.138,20659802,1,False,False,pending_dual_review,eligible_for_primary_evidence_review,
BDB-50324979,50324979,O=C(Nc1nc(-c2ccccc2)c(-c2ncon2)s1)c1ccccc1,DFUBNVFLZDNIPO-UHFFFAOYSA-N,CC(CC1CC(C2CCCCC2)C(C2CCCC2)C1)C1CCCCC1,10.1016/j.bmcl.2010.06.138,20659802,1,False,False,pending_dual_review,eligible_for_primary_evidence_review,
BDB-50324980,50324980,O=C(Cc1ccccc1)Nc1nc(-c2ccccc2)c(-c2ncon2)s1,ZIDYBSALYYKKJE-UHFFFAOYSA-N,CC(CC1CCCCC1)CC1CC(C2CCCCC2)C(C2CCCC2)C1,10.1016/j.bmcl.2010.06.138,20659802,1,False,False,pending_dual_review,eligible_for_primary_evidence_review,
BDB-50324981,50324981,Cc1noc(-c2sc(NC(=O)c3ccco3)nc2-c2ccccc2)n1,DLZCZGZCBOABLZ-UHFFFAOYSA-N,CC(CC1CC(C2CCCCC2)C(C2CCCC2)C1)C1CCCC1,10.1016/j.bmcl.2010.06.138,20659802,1,False,False,pending_dual_review,eligible_for_primary_evidence_review,
BDB-50324982,50324982,CC(=O)Nc1nc(-c2ccccc2)c(-c2nc(C)no2)s1,YTYHMGOWKQWFEY-UHFFFAOYSA-N,C1CCC(C2CCCC2C2CCCC2)CC1,10.1016/j.bmcl.2010.06.138,20659802,1,False,False,pending_dual_review,eligible_for_primary_evidence_review,
BDB-50324983,50324983,Cc1noc(-c2sc(NC(=O)C3CC3)nc2-c2ccccc2)n1,LEMHEWSZQBDQCZ-UHFFFAOYSA-N,CC(CC1CC(C2CCCCC2)C(C2CCCC2)C1)C1CC1,10.1016/j.bmcl.2010.06.138,20659802,1,False,False,pending_dual_review,eligible_for_primary_evidence_review,
BDB-50324984,50324984,Cc1noc(-c2sc(NC(=O)CC(C)C)nc2-c2ccccc2)n1,MLURKVCBYPYHPF-UHFFFAOYSA-N,C1CCC(C2CCCC2C2CCCC2)CC1,10.1016/j.bmcl.2010.06.138,20659802,1,False,False,pending_dual_review,eligible_for_primary_evidence_review,
BDB-50324985,50324985,Cc1noc(-c2sc(NC(=O)c3ccccc3)nc2-c2ccccc2)n1,VXICBIKGZNYPSZ-UHFFFAOYSA-N,CC(CC1CC(C2CCCCC2)C(C2CCCC2)C1)C1CCCCC1,10.1016/j.bmcl.2010.06.138,20659802,1,False,False,pending_dual_review,eligible_for_primary_evidence_review,
BDB-50324986,50324986,Cc1noc(-c2sc(NC(=O)Cc3ccccc3)nc2-c2ccccc2)n1,DNZVZJABDLWHPR-UHFFFAOYSA-N,CC(CC1CCCCC1)CC1CC(C2CCCCC2)C(C2CCCC2)C1,10.1016/j.bmcl.2010.06.138,20659802,1,False,False,pending_dual_review,eligible_for_primary_evidence_review,
BDB-50324987,50324987,CCn1nnc(-c2sc(NC(=O)c3ccco3)nc2-c2ccccc2)n1,SKRPIZKCJOMGQH-UHFFFAOYSA-N,CC(CC1CC(C2CCCCC2)C(C2CCCC2)C1)C1CCCC1,10.1016/j.bmcl.2010.06.138,20659802,1,False,False,pending_dual_review,eligible_for_primary_evidence_review,
BDB-50324988,50324988,CCn1nnc(-c2sc(NC(=O)C3CC3)nc2-c2ccccc2)n1,DIDLQFLXXMMQHA-UHFFFAOYSA-N,CC(CC1CC(C2CCCCC2)C(C2CCCC2)C1)C1CC1,10.1016/j.bmcl.2010.06.138,20659802,1,False,False,pending_dual_review,eligible_for_primary_evidence_review,
BDB-50324989,50324989,CCn1nnc(-c2sc(NC(=O)c3ccccc3)nc2-c2ccccc2)n1,IMAMCOZQSSMXKF-UHFFFAOYSA-N,CC(CC1CC(C2CCCCC2)C(C2CCCC2)C1)C1CCCCC1,10.1016/j.bmcl.2010.06.138,20659802,1,False,False,pending_dual_review,eligible_for_primary_evidence_review,
BDB-50324990,50324990,CCn1nnc(-c2sc(NC(=O)Cc3ccccc3)nc2-c2ccccc2)n1,KHMFSOLNZRDVII-UHFFFAOYSA-N,CC(CC1CCCCC1)CC1CC(C2CCCCC2)C(C2CCCC2)C1,10.1016/j.bmcl.2010.06.138,20659802,1,False,False,pending_dual_review,eligible_for_primary_evidence_review,
BDB-50324991,50324991,CCn1nnc(-c2sc(NC(=O)Cc3ccc(OC)c(OC)c3)nc2-c2ccccc2)n1,SZZOCASQZRDVMZ-UHFFFAOYSA-N,CC(CC1CCCCC1)CC1CC(C2CCCCC2)C(C2CCCC2)C1,10.1016/j.bmcl.2010.06.138,20659802,1,False,False,pending_dual_review,eligible_for_primary_evidence_review,
BDB-50324992,50324992,N#Cc1sc(NC(=O)c2ccco2)nc1-c1ccccc1,UKAVISSLHUEJAB-UHFFFAOYSA-N,CC(CC1CCC(C2CCCCC2)C1)C1CCCC1,10.1016/j.bmcl.2010.06.138,20659802,1,False,False,pending_dual_review,eligible_for_primary_evidence_review,
BDB-50327467,50327467,Nc1nc2c(cnn2CCCc2ccc(O/C=C/c3ccccc3)cc2)c2nc(-c3ccco3)nn12,KUNVXAIURIOCAY-SAPNQHFASA-N,C1CCC(CCCC2CCC(CCCC3CCC4C3CCC3CC(C5CCCC5)CC34)CC2)CC1,10.1016/j.bmcl.2010.08.021,20801028,1,False,False,pending_dual_review,eligible_for_primary_evidence_review,
BDB-50327468,50327468,Nc1nc2c(cnn2CCCc2ccc(OCCc3ccccc3)cc2)c2nc(-c3ccco3)nn12,MVXHTCZBUPZAOJ-UHFFFAOYSA-N,C1CCC(CCCC2CCC(CCCC3CCC4C3CCC3CC(C5CCCC5)CC34)CC2)CC1,10.1016/j.bmcl.2010.08.021,20801028,1,False,False,pending_dual_review,eligible_for_primary_evidence_review,
BDB-50329331,50329331,COCCCn1c(NC(=O)c2cccc(C#N)c2)nc2cc(C(=O)NCc3cccc(OC)c3)ccc21,ICADVVWCFGRFLR-UHFFFAOYSA-N,CC(CC1CC2CCC(C(C)CCC3CCCCC3)CC2C1)C1CCCCC1,10.1016/j.bmcl.2010.08.064,20869242,1,False,False,pending_dual_review,eligible_for_primary_evidence_review,
BDB-50329332,50329332,COCCCn1c(N)nc2cc(C(=O)NCc3cccc(OC)c3)ccc21,AMZVEZIEXWADNU-UHFFFAOYSA-N,CC(CCC1CCCCC1)C1CCC2CCCC2C1,10.1016/j.bmcl.2010.08.064,20869242,1,False,False,pending_dual_review,eligible_for_primary_evidence_review,
BDB-50329333,50329333,COCCCn1c(NC(=O)c2cccc(F)c2)nc2cc(C(=O)NCc3cccc(OC)c3)ccc21,BBDOSUQKJCSRRE-UHFFFAOYSA-N,CC(CC1CC2CCC(C(C)CCC3CCCCC3)CC2C1)C1CCCCC1,10.1016/j.bmcl.2010.08.064,20869242,1,False,False,pending_dual_review,eligible_for_primary_evidence_review,
BDB-50329334,50329334,COCCCn1c(NC(=O)c2cccc(Cl)c2)nc2cc(C(=O)NCc3cccc(OC)c3)ccc21,VKZRHUWTFCHAGN-UHFFFAOYSA-N,CC(CC1CC2CCC(C(C)CCC3CCCCC3)CC2C1)C1CCCCC1,10.1016/j.bmcl.2010.08.064,20869242,1,False,False,pending_dual_review,eligible_for_primary_evidence_review,
BDB-50329336,50329336,COCCCn1c(NC(=O)c2cccc(OC)c2)nc2cc(C(=O)NCc3cccc(OC)c3)ccc21,UOKXNLFDMGROKJ-UHFFFAOYSA-N,CC(CC1CC2CCC(C(C)CCC3CCCCC3)CC2C1)C1CCCCC1,10.1016/j.bmcl.2010.08.064,20869242,1,False,False,pending_dual_review,eligible_for_primary_evidence_review,
BDB-50329337,50329337,COCCCn1c(NC(=O)c2ccccc2Cl)nc2cc(C(=O)NCc3cccc(OC)c3)ccc21,LKIMEJFTFONMOG-UHFFFAOYSA-N,CC(CC1CC2CCC(C(C)CCC3CCCCC3)CC2C1)C1CCCCC1,10.1016/j.bmcl.2010.08.064,20869242,1,False,False,pending_dual_review,eligible_for_primary_evidence_review,
BDB-50329338,50329338,COCCCn1c(NC(=O)c2ccc(C#N)cc2)nc2cc(C(=O)NCc3cccc(OC)c3)ccc21,GZUJWWLJFFDFPG-UHFFFAOYSA-N,CC(CC1CC2CCC(C(C)CCC3CCCCC3)CC2C1)C1CCCCC1,10.1016/j.bmcl.2010.08.064,20869242,1,False,False,pending_dual_review,eligible_for_primary_evidence_review,
BDB-50329341,50329341,COCCCn1c(NC(=O)c2cccc(C#N)c2)nc2cc(C(=O)N3CCCCC3)ccc21,RKDAZSPDIDXDMI-UHFFFAOYSA-N,CC(CC1CC2CCC(C(C)C3CCCCC3)CC2C1)C1CCCCC1,10.1016/j.bmcl.2010.08.064,20869242,1,False,False,pending_dual_review,eligible_for_primary_evidence_review,
BDB-50329342,50329342,COCCCn1c(NC(=O)c2cccc(C#N)c2)nc2cc(C(=O)N3CCCCC3)cnc21,VIIZMGFLBGQTJB-UHFFFAOYSA-N,CC(CC1CC2CCC(C(C)C3CCCCC3)CC2C1)C1CCCCC1,10.1016/j.bmcl.2010.08.064,20869242,1,False,False,pending_dual_review,eligible_for_primary_evidence_review,
BDB-50329348,50329348,COCCCn1c(NC(=O)c2cccc(C#N)c2)nc2cc(C(=O)N3CCCC[C@H]3C)cnc21,RSUUBVNWOXRKNO-QGZVFWFLSA-N,CC(CC1CC2CCC(C(C)C3CCCCC3)CC2C1)C1CCCCC1,10.1016/j.bmcl.2010.08.064,20869242,1,False,False,pending_dual_review,eligible_for_primary_evidence_review,
BDB-50329349,50329349,COCCCn1c(NC(=O)c2cccc(C#N)c2)nc2cc(C(=O)N3CCCC[C@@H]3C)cnc21,RSUUBVNWOXRKNO-KRWDZBQOSA-N,CC(CC1CC2CCC(C(C)C3CCCCC3)CC2C1)C1CCCCC1,10.1016/j.bmcl.2010.08.064,20869242,1,False,False,pending_dual_review,eligible_for_primary_evidence_review,
BDB-50329350,50329350,Cn1c(NC(=O)c2cccc(C#N)c2)nc2cc(C(=O)N3CCCCC3)cnc21,ONCNWPWUTVFFGP-UHFFFAOYSA-N,CC(CC1CC2CCC(C(C)C3CCCCC3)CC2C1)C1CCCCC1,10.1016/j.bmcl.2010.08.064,20869242,1,False,False,pending_dual_review,eligible_for_primary_evidence_review,
BDB-50329351,50329351,CCCCCn1c(NC(=O)c2cccc(C#N)c2)nc2cc(C(=O)N3CCCCC3)cnc21,DKWNMYDVXCDZAI-UHFFFAOYSA-N,CC(CC1CC2CCC(C(C)C3CCCCC3)CC2C1)C1CCCCC1,10.1016/j.bmcl.2010.08.064,20869242,1,False,False,pending_dual_review,eligible_for_primary_evidence_review,
BDB-50329352,50329352,N#Cc1cccc(C(=O)Nc2nc3cc(C(=O)N4CCCCC4)cnc3n2CCCO)c1,ZVHIVGFNGBBJMU-UHFFFAOYSA-N,CC(CC1CC2CCC(C(C)C3CCCCC3)CC2C1)C1CCCCC1,10.1016/j.bmcl.2010.08.064,20869242,1,False,False,pending_dual_review,eligible_for_primary_evidence_review,
BDB-50329353,50329353,N#Cc1cccc(C(=O)Nc2nc3cc(C(=O)N4CCCCC4)cnc3n2C2CCOCC2)c1,ZWVWCKOJGDHDIG-UHFFFAOYSA-N,CC(CC1CC2CC(C(C)C3CCCCC3)CCC2C1C1CCCCC1)C1CCCCC1,10.1016/j.bmcl.2010.08.064,20869242,1,False,False,pending_dual_review,eligible_for_primary_evidence_review,
BDB-50329354,50329354,CC(=O)NCCn1c(NC(=O)c2cccc(C#N)c2)nc2cc(C(=O)N3CCCCC3)cnc21,AZCQIBQLGCJUFA-UHFFFAOYSA-N,CC(CC1CC2CCC(C(C)C3CCCCC3)CC2C1)C1CCCCC1,10.1016/j.bmcl.2010.08.064,20869242,1,False,False,pending_dual_review,eligible_for_primary_evidence_review,
BDB-50329355,50329355,COc1cccc(-n2c(NC(=O)c3cccc(C#N)c3)nc3cc(C(=O)N4CCCCC4)cnc32)c1,IKYDCWPNZBDRTP-UHFFFAOYSA-N,CC(CC1CC2CC(C(C)C3CCCCC3)CCC2C1C1CCCCC1)C1CCCCC1,10.1016/j.bmcl.2010.08.064,20869242,1,False,False,pending_dual_review,eligible_for_primary_evidence_review,
BDB-50329356,50329356,COc1ccc(Cn2c(NC(=O)c3cccc(C#N)c3)nc3cc(C(=O)N4CCCCC4)cnc32)cc1,LCFAEAFTUJEECB-UHFFFAOYSA-N,CC(CC1CC2CC(C(C)C3CCCCC3)CCC2C1CC1CCCCC1)C1CCCCC1,10.1016/j.bmcl.2010.08.064,20869242,1,False,False,pending_dual_review,eligible_for_primary_evidence_review,
BDB-50329357,50329357,N#Cc1cccc(C(=O)Nc2nc3cc(C(=O)N4CCCCC4)cnc3n2Cc2ccc(F)cc2)c1,PSLNQTCMFLQVMF-UHFFFAOYSA-N,CC(CC1CC2CC(C(C)C3CCCCC3)CCC2C1CC1CCCCC1)C1CCCCC1,10.1016/j.bmcl.2010.08.064,20869242,1,False,False,pending_dual_review,eligible_for_primary_evidence_review,
BDB-50329358,50329358,N#Cc1cccc(C(=O)Nc2nc3cc(C(=O)N4CCCCC4)cnc3n2Cc2cccnc2)c1,DWCIPBPCGAQDTB-UHFFFAOYSA-N,CC(CC1CC2CC(C(C)C3CCCCC3)CCC2C1CC1CCCCC1)C1CCCCC1,10.1016/j.bmcl.2010.08.064,20869242,1,False,False,pending_dual_review,eligible_for_primary_evidence_review,
BDB-50329359,50329359,N#Cc1cccc(C(=O)Nc2nc3cc(C(=O)N4CCCCC4)cnc3n2Cc2ccncc2)c1,CAZFIZMZKKSHOV-UHFFFAOYSA-N,CC(CC1CC2CC(C(C)C3CCCCC3)CCC2C1CC1CCCCC1)C1CCCCC1,10.1016/j.bmcl.2010.08.064,20869242,1,False,False,pending_dual_review,eligible_for_primary_evidence_review,
BDB-50329360,50329360,COCCCn1c(NC(=O)c2cccc(C#N)c2)nc2cc(C(=O)N3CCOCC3)cnc21,OXSOPCJLZDKJJY-UHFFFAOYSA-N,CC(CC1CC2CCC(C(C)C3CCCCC3)CC2C1)C1CCCCC1,10.1016/j.bmcl.2010.08.064,20869242,1,False,False,pending_dual_review,eligible_for_primary_evidence_review,
BDB-50329361,50329361,CCOCCn1c(NC(=O)c2cccc(C#N)c2)nc2cc(C(=O)N3CCOCC3)cnc21,GXPZNUVLOWCPSS-UHFFFAOYSA-N,CC(CC1CC2CCC(C(C)C3CCCCC3)CC2C1)C1CCCCC1,10.1016/j.bmcl.2010.08.064,20869242,1,False,False,pending_dual_review,eligible_for_primary_evidence_review,
BDB-50329362,50329362,CCOCCCn1c(NC(=O)c2cccc(C#N)c2)nc2cc(C(=O)N3CCOCC3)cnc21,LQJFKLJGPDAIQW-UHFFFAOYSA-N,CC(CC1CC2CCC(C(C)C3CCCCC3)CC2C1)C1CCCCC1,10.1016/j.bmcl.2010.08.064,20869242,1,False,False,pending_dual_review,eligible_for_primary_evidence_review,
BDB-50329365,50329365,COCCCn1c(NC(=O)c2cccc(C#N)c2)nc2ccc(C(=O)N3CCCCC3)cc21,SNMRGFUBFCDLGG-UHFFFAOYSA-N,CC(CC1CC2CCC(C(C)C3CCCCC3)CC2C1)C1CCCCC1,10.1016/j.bmcl.2010.08.064,20869242,1,False,False,pending_dual_review,eligible_for_primary_evidence_review,
BDB-50330619,50330619,Cc1nc2c(=O)n(Cc3ccccc3)nc(Cl)c2c2cc(-c3ccccc3)nn12,CORJPLANXRFZNY-UHFFFAOYSA-N,CC1C(CC2CCCCC2)CCC2C3CC(C4CCCCC4)CC3CCC12,10.1016/j.bmc.2010.09.043,20937560,1,False,False,pending_dual_review,eligible_for_primary_evidence_review,
BDB-50330623,50330623,Cc1nn(Cc2ccccc2)c(=O)c2ncn3nc(-c4ccsc4)cc3c12,PNXKNLVMBBJLFQ-UHFFFAOYSA-N,CC1C(CC2CCCCC2)CCC2C3CC(C4CCCC4)CC3CCC12,10.1016/j.bmc.2010.09.043,20937560,1,False,False,pending_dual_review,eligible_for_primary_evidence_review,
BDB-50330624,50330624,Cc1nc2c(=S)n(Cc3ccccc3)nc(-c3ccncc3)c2c2cc(-c3ccccc3)nn12,FGSNFBKSRRACHN-UHFFFAOYSA-N,CC1C(CC2CCCCC2)CC(C2CCCCC2)C2C3CC(C4CCCCC4)CC3CCC12,10.1016/j.bmc.2010.09.043,20937560,1,False,False,pending_dual_review,eligible_for_primary_evidence_review,
BDB-50330626,50330626,Cc1nc2c(=O)n(Cc3ccccc3)nc(-c3cccnc3)c2c2cc(-c3ccccc3)nn12,BADUHXLPFUCAGC-UHFFFAOYSA-N,CC1C(CC2CCCCC2)CC(C2CCCCC2)C2C3CC(C4CCCCC4)CC3CCC12,10.1016/j.bmc.2010.09.043,20937560,1,False,False,pending_dual_review,eligible_for_primary_evidence_review,
BDB-50330627,50330627,CC(C)c1nc2c(=O)n(Cc3ccccc3)nc(-c3ccncc3)c2c2cc(-c3ccccc3)nn12,SLEPPLXCGFHNMN-UHFFFAOYSA-N,CC1C(CC2CCCCC2)CC(C2CCCCC2)C2C3CC(C4CCCCC4)CC3CCC12,10.1016/j.bmc.2010.09.043,20937560,1,False,False,pending_dual_review,eligible_for_primary_evidence_review,
BDB-50330628,50330628,CCCc1nc2c(=O)n(Cc3ccccc3)nc(-c3ccncc3)c2c2cc(-c3ccccc3)nn12,ZGGYOILMOSVVLZ-UHFFFAOYSA-N,CC1C(CC2CCCCC2)CC(C2CCCCC2)C2C3CC(C4CCCCC4)CC3CCC12,10.1016/j.bmc.2010.09.043,20937560,1,False,False,pending_dual_review,eligible_for_primary_evidence_review,
BDB-50330629,50330629,CCc1nc2c(=O)n(Cc3ccccc3)nc(-c3ccncc3)c2c2cc(-c3ccccc3)nn12,CJFKDWZUTAKCKB-UHFFFAOYSA-N,CC1C(CC2CCCCC2)CC(C2CCCCC2)C2C3CC(C4CCCCC4)CC3CCC12,10.1016/j.bmc.2010.09.043,20937560,1,False,False,pending_dual_review,eligible_for_primary_evidence_review,
BDB-50330630,50330630,Cc1nc2c(=O)n(Cc3ccccc3)nc(-c3ccncc3)c2c2cc(-c3ccccc3)nn12,VSILZVWVDRTSER-UHFFFAOYSA-N,CC1C(CC2CCCCC2)CC(C2CCCCC2)C2C3CC(C4CCCCC4)CC3CCC12,10.1016/j.bmc.2010.09.043,20937560,1,False,False,pending_dual_review,eligible_for_primary_evidence_review,
BDB-50330631,50330631,O=c1c2ncn3nc(-c4ccccc4)cc3c2c(-c2cccnc2)nn1Cc1ccccc1,YQSXASIKWPYYFD-UHFFFAOYSA-N,CC1C(CC2CCCCC2)CC(C2CCCCC2)C2C3CC(C4CCCCC4)CC3CCC12,10.1016/j.bmc.2010.09.043|10.1016/j.ejmech.2014.10.020,20937560|25462223,2,False,False,pending_dual_review,eligible_for_primary_evidence_review,
BDB-50330632,50330632,O=c1c2ncn3nc(-c4ccccc4)cc3c2c(-c2ccncc2)nn1Cc1ccccc1,CIPQSILBAUCAIX-UHFFFAOYSA-N,CC1C(CC2CCCCC2)CC(C2CCCCC2)C2C3CC(C4CCCCC4)CC3CCC12,10.1016/j.bmc.2010.09.043,20937560,1,False,False,pending_dual_review,eligible_for_primary_evidence_review,
BDB-50330766,50330766,CNC(=O)[C@H]1O[C@@H](n2cnc3c(N)nc(C#Cc4ccccc4)nc32)[C@H](O)[C@@H]1O,QOCBWLXZAWZBSS-QCUYGVNKSA-N,C1CCC(CCC2CCC3CCC(C4CCCC4)C3C2)CC1,10.1016/j.bmc.2010.09.038,20943397,1,False,False,pending_dual_review,eligible_for_primary_evidence_review,
BDB-50331908,50331908,O=C(COc1ccc2[nH]c(=O)c(-c3nccs3)c(CCc3ccccc3)c2c1)NCc1ccccc1,HLRVOPKKWNOLIT-UHFFFAOYSA-N,CC(CCC1CCCCC1)CCC1CCC2CC(C)C(C3CCCC3)C(CCC3CCCCC3)C2C1,10.1016/j.bmcl.2010.10.030,21055932,1,False,False,pending_dual_review,eligible_for_primary_evidence_review,
BDB-50331911,50331911,C[C@H](NC(=O)COc1ccc2[nH]c(=O)c(-c3nccs3)c(CCc3ccccc3)c2c1)c1ccccc1,GCKQYKWLPYTZFX-FQEVSTJZSA-N,CC(CCC1CCCCC1)CCC1CCC2CC(C)C(C3CCCC3)C(CCC3CCCCC3)C2C1,10.1016/j.bmcl.2010.10.030,21055932,1,False,False,pending_dual_review,eligible_for_primary_evidence_review,
BDB-50331916,50331916,CC[C@H](NC(=O)COc1ccc2[nH]c(=O)c(-c3nccs3)c(CCc3ccccc3)c2c1)c1ccccc1,XCNMPRNFAWIILX-SANMLTNESA-N,CC(CCC1CCCCC1)CCC1CCC2CC(C)C(C3CCCC3)C(CCC3CCCCC3)C2C1,10.1016/j.bmcl.2010.10.030,21055932,1,False,False,pending_dual_review,eligible_for_primary_evidence_review,
BDB-50331917,50331917,O=C(COc1ccc2[nH]c(=O)c(-c3nccs3)c(CCc3ccccc3)c2c1)N[C@@H](CO)c1ccccc1,HMTLPOCMTKGSHR-SANMLTNESA-N,CC(CCC1CCCCC1)CCC1CCC2CC(C)C(C3CCCC3)C(CCC3CCCCC3)C2C1,10.1016/j.bmcl.2010.10.030,21055932,1,False,False,pending_dual_review,eligible_for_primary_evidence_review,
BDB-50331933,50331933,Cc1cc(-c2c(CCc3ccccc3)c3cc(OCC(=O)NC(C)(C)c4ccccc4)ccc3[nH]c2=O)on1,BOFQEGROHMEPMB-UHFFFAOYSA-N,CC(CCC1CCCCC1)CCC1CCC2CC(C)C(C3CCCC3)C(CCC3CCCCC3)C2C1,10.1016/j.bmcl.2010.10.030,21055932,1,False,False,pending_dual_review,eligible_for_primary_evidence_review,
BDB-50331935,50331935,CC(C)CCc1c(-c2nccs2)c(=O)[nH]c2ccc(OCC(=O)NC(C)(C)c3ccccc3)cc12,SKEXHBJQDVIRIW-UHFFFAOYSA-N,CC(CCC1CCCCC1)CCC1CCC2CC(C)C(C3CCCC3)CC2C1,10.1016/j.bmcl.2010.10.030,21055932,1,False,False,pending_dual_review,eligible_for_primary_evidence_review,
BDB-50331936,50331936,CC(C)(NC(=O)COc1ccc2[nH]c(=O)c(-c3nccs3)c(CCC(F)(F)F)c2c1)c1ccccc1,IXGGHXNKNILFJL-UHFFFAOYSA-N,CC(CCC1CCCCC1)CCC1CCC2CC(C)C(C3CCCC3)CC2C1,10.1016/j.bmcl.2010.10.030,21055932,1,False,False,pending_dual_review,eligible_for_primary_evidence_review,
BDB-50335689,50335689,CCC(=O)Nc1nc(-c2ccc(SC)cc2)cc(-c2ccc(SC)cc2)n1,KKQVPFPECHQEJX-UHFFFAOYSA-N,C1CCC(C2CCCC(C3CCCCC3)C2)CC1,10.1021/jm100843z,21186795,1,False,False,pending_dual_review,eligible_for_primary_evidence_review,
BDB-50335690,50335690,CCC(=O)Nc1nc(-c2ccccc2F)cc(-c2ccccc2F)n1,JFRNXVVABUJBFV-UHFFFAOYSA-N,C1CCC(C2CCCC(C3CCCCC3)C2)CC1,10.1021/jm100843z,21186795,1,False,False,pending_dual_review,eligible_for_primary_evidence_review,
BDB-50335691,50335691,CCCC(=O)Nc1nc(-c2ccccc2F)cc(-c2ccccc2F)n1,MWYONDNCIIPSFP-UHFFFAOYSA-N,C1CCC(C2CCCC(C3CCCCC3)C2)CC1,10.1021/jm100843z,21186795,1,False,False,pending_dual_review,eligible_for_primary_evidence_review,
BDB-50335693,50335693,CCC(=O)Nc1cc(-c2ccc3c(c2)OCO3)nc(-c2ccc3c(c2)OCO3)n1,FPGLLUINTXSLFA-UHFFFAOYSA-N,C1CC2CCC(C3CCCC(C4CCC5CCCC5C4)C3)CC2C1,10.1021/jm100843z,21186795,1,False,False,pending_dual_review,eligible_for_primary_evidence_review,
BDB-50335719,50335719,CC(=O)Nc1cc(-c2ccc(F)cc2)nc(-c2ccc(F)cc2)n1,SPDULAIJUXWFCT-UHFFFAOYSA-N,C1CCC(C2CCCC(C3CCCCC3)C2)CC1,10.1021/jm100843z,21186795,1,False,False,pending_dual_review,eligible_for_primary_evidence_review,
BDB-50335720,50335720,CCC(=O)Nc1cc(-c2ccc(F)cc2)nc(-c2ccc(F)cc2)n1,UJOGRXYWXUVXCF-UHFFFAOYSA-N,C1CCC(C2CCCC(C3CCCCC3)C2)CC1,10.1021/jm100843z,21186795,1,False,False,pending_dual_review,eligible_for_primary_evidence_review,
BDB-50335721,50335721,CCCC(=O)Nc1cc(-c2ccc(F)cc2)nc(-c2ccc(F)cc2)n1,LEWRACVGHSPIPT-UHFFFAOYSA-N,C1CCC(C2CCCC(C3CCCCC3)C2)CC1,10.1021/jm100843z,21186795,1,False,False,pending_dual_review,eligible_for_primary_evidence_review,
BDB-50335725,50335725,CC(=O)Nc1cc(-c2ccccc2F)nc(-c2ccccc2F)n1,FPVZCBFCYKMVAE-UHFFFAOYSA-N,C1CCC(C2CCCC(C3CCCCC3)C2)CC1,10.1021/jm100843z,21186795,1,False,False,pending_dual_review,eligible_for_primary_evidence_review,
BDB-50335726,50335726,CCC(=O)Nc1cc(-c2ccccc2F)nc(-c2ccccc2F)n1,QVOWOYIUKZYYOJ-UHFFFAOYSA-N,C1CCC(C2CCCC(C3CCCCC3)C2)CC1,10.1021/jm100843z,21186795,1,False,False,pending_dual_review,eligible_for_primary_evidence_review,
BDB-50335727,50335727,CCCC(=O)Nc1cc(-c2ccccc2F)nc(-c2ccccc2F)n1,WNTWPGAWKVOARH-UHFFFAOYSA-N,C1CCC(C2CCCC(C3CCCCC3)C2)CC1,10.1021/jm100843z,21186795,1,False,False,pending_dual_review,eligible_for_primary_evidence_review,
BDB-50335734,50335734,CC(=O)Nc1cc(-c2ccc3c(c2)OCO3)nc(-c2ccc3c(c2)OCO3)n1,LAJMEKHFSVFIQO-UHFFFAOYSA-N,C1CC2CCC(C3CCCC(C4CCC5CCCC5C4)C3)CC2C1,10.1016/j.ejmech.2012.11.010|10.1021/jm100843z,21186795|23231967,2,False,False,pending_dual_review,eligible_for_primary_evidence_review,
BDB-50336640,50336640,COC(=O)C1=C(C)N=C(C)C(C(=O)OC)C1c1ccccc1[N+](=O)[O-],OSUCQKNXQBPLDG-UHFFFAOYSA-N,C1CCC(C2CCCCC2)CC1,10.1021/jm970084v,9258366,3,False,False,pending_dual_review,eligible_for_primary_evidence_review,
BDB-50336722,50336722,Cc1ccccc1C(=O)Nc1ccc(C(=O)Nc2nccs2)cc1,HYWCKSHSBGMFFR-UHFFFAOYSA-N,CC(CC1CCC(C(C)CC2CCCC2)CC1)C1CCCCC1,10.1021/jm1008659,21210664,1,False,False,pending_dual_review,eligible_for_primary_evidence_review,
BDB-50336974,50336974,O=C(Nc1cnc(-c2ccncc2)c(-c2ccco2)n1)C1CC1,RZDRIXVHILKLLP-UHFFFAOYSA-N,CC(CC1CCC(C2CCCCC2)C(C2CCCC2)C1)C1CC1,10.1021/ml100249e,24900298,1,False,False,pending_dual_review,eligible_for_primary_evidence_review,
BDB-50336975,50336975,O=C(Nc1cnc(-c2ccncc2)c(-c2cccnc2)n1)C1CC1,HIXMVSBRCJHLQW-UHFFFAOYSA-N,CC(CC1CCC(C2CCCCC2)C(C2CCCCC2)C1)C1CC1,10.1021/ml100249e,24900298,1,False,False,pending_dual_review,eligible_for_primary_evidence_review,
BDB-50336976,50336976,O=C(Nc1cnc(-c2ccncc2)c(-c2ccncc2)n1)C1CC1,YAPJZGXRIHUBAY-UHFFFAOYSA-N,CC(CC1CCC(C2CCCCC2)C(C2CCCCC2)C1)C1CC1,10.1021/ml100249e,24900298,1,False,False,pending_dual_review,eligible_for_primary_evidence_review,
BDB-50336978,50336978,O=C(Nc1cnc(-c2ccncc2F)c(-c2ccncc2)n1)C1CC1,HUPNMGIBODMDOH-UHFFFAOYSA-N,CC(CC1CCC(C2CCCCC2)C(C2CCCCC2)C1)C1CC1,10.1021/ml100249e,24900298,1,False,False,pending_dual_review,eligible_for_primary_evidence_review,
BDB-50336979,50336979,O=C(Nc1cnc(-c2ccncc2F)c(-c2ncco2)n1)C1CC1,GEPUTKWSUKGITG-UHFFFAOYSA-N,CC(CC1CCC(C2CCCCC2)C(C2CCCC2)C1)C1CC1,10.1021/ml100249e,24900298,1,False,False,pending_dual_review,eligible_for_primary_evidence_review,
BDB-50336982,50336982,CC(=O)Nc1cnc(-c2ccncc2)c(-c2ccco2)n1,IYMUBQAVDWGMOK-UHFFFAOYSA-N,C1CCC(C2CCCCC2C2CCCC2)CC1,10.1021/ml100249e,24900298,1,False,False,pending_dual_review,eligible_for_primary_evidence_review,
BDB-50336983,50336983,CCC(=O)Nc1cnc(-c2ccncc2)c(-c2ccco2)n1,JHBSNTNTZSANRS-UHFFFAOYSA-N,C1CCC(C2CCCCC2C2CCCC2)CC1,10.1021/ml100249e,24900298,1,False,False,pending_dual_review,eligible_for_primary_evidence_review,
BDB-50336984,50336984,CC(C)C(=O)Nc1cnc(-c2ccncc2)c(-c2ccco2)n1,FXBWXCWDDWUCSK-UHFFFAOYSA-N,C1CCC(C2CCCCC2C2CCCC2)CC1,10.1021/ml100249e,24900298,1,False,False,pending_dual_review,eligible_for_primary_evidence_review,
BDB-50336985,50336985,O=C(Nc1cnc(-c2ccncc2)c(-c2ccco2)n1)C1CCC1,XCUISAPLRLETKW-UHFFFAOYSA-N,CC(CC1CCC(C2CCCCC2)C(C2CCCC2)C1)C1CCC1,10.1021/ml100249e,24900298,1,False,False,pending_dual_review,eligible_for_primary_evidence_review,
BDB-50336986,50336986,O=C(Nc1cnc(-c2ccncc2)c(-c2ccco2)n1)C1CCCC1,UEBJAZCBAZVERF-UHFFFAOYSA-N,CC(CC1CCC(C2CCCCC2)C(C2CCCC2)C1)C1CCCC1,10.1021/ml100249e,24900298,1,False,False,pending_dual_review,eligible_for_primary_evidence_review,
BDB-50336988,50336988,O=C(CC1CCCC1)Nc1cnc(-c2ccncc2)c(-c2ccco2)n1,QGEFGRKOALZSHD-UHFFFAOYSA-N,CC(CC1CCCC1)CC1CCC(C2CCCCC2)C(C2CCCC2)C1,10.1021/ml100249e,24900298,1,False,False,pending_dual_review,eligible_for_primary_evidence_review,
BDB-50336989,50336989,Cc1ccc(-c2nc(NC(=O)C3CC3)cnc2-c2ccncc2)o1,IATOZURPNIOIDD-UHFFFAOYSA-N,CC(CC1CCC(C2CCCCC2)C(C2CCCC2)C1)C1CC1,10.1021/ml100249e,24900298,1,False,False,pending_dual_review,eligible_for_primary_evidence_review,
BDB-50336990,50336990,O=C(Nc1cnc(-c2ccncc2)c(-c2ccccn2)n1)C1CC1,HDBIVURBHQQGPN-UHFFFAOYSA-N,CC(CC1CCC(C2CCCCC2)C(C2CCCCC2)C1)C1CC1,10.1021/ml100249e,24900298,1,False,False,pending_dual_review,eligible_for_primary_evidence_review,
BDB-50336991,50336991,O=C(Nc1cnc(-c2ccncc2)c(-c2ccccc2F)n1)C1CC1,GTPWPCYIYPRNLK-UHFFFAOYSA-N,CC(CC1CCC(C2CCCCC2)C(C2CCCCC2)C1)C1CC1,10.1021/ml100249e,24900298,1,False,False,pending_dual_review,eligible_for_primary_evidence_review,
BDB-50336992,50336992,O=C(Nc1cnc(-c2ccncc2)c(-c2ncco2)n1)C1CC1,ZUPUHAHWMGRZHY-UHFFFAOYSA-N,CC(CC1CCC(C2CCCCC2)C(C2CCCC2)C1)C1CC1,10.1021/ml100249e,24900298,1,False,False,pending_dual_review,eligible_for_primary_evidence_review,
BDB-50336993,50336993,O=C(Nc1cnc(-c2ccncc2)c(-c2cnco2)n1)C1CC1,WIPKZBPVDCSZIB-UHFFFAOYSA-N,CC(CC1CCC(C2CCCCC2)C(C2CCCC2)C1)C1CC1,10.1021/ml100249e,24900298,1,False,False,pending_dual_review,eligible_for_primary_evidence_review,
BDB-50336994,50336994,O=C(Nc1cnc(-c2ccncn2)c(-c2ccco2)n1)C1CC1,OLQHRWUOMJTQKH-UHFFFAOYSA-N,CC(CC1CCC(C2CCCCC2)C(C2CCCC2)C1)C1CC1,10.1021/ml100249e,24900298,1,False,False,pending_dual_review,eligible_for_primary_evidence_review,
BDB-50336996,50336996,O=C(Nc1cnc(-c2ccncc2F)c(-c2ccccc2F)n1)C1CC1,SVYGTBODIFTCOZ-UHFFFAOYSA-N,CC(CC1CCC(C2CCCCC2)C(C2CCCCC2)C1)C1CC1,10.1021/ml100249e,24900298,1,False,False,pending_dual_review,eligible_for_primary_evidence_review,
BDB-50341186,50341186,CCN(C(C)=O)c1ccc(OC)c2nc(NC(=O)C3CCN(C(=O)c4cccc(C(F)(F)F)c4)CC3)sc12,OIGDRCCZIWXBKD-UHFFFAOYSA-N,CC(CC1CC2CCCCC2C1)C1CCC(C(C)C2CCCCC2)CC1,10.1016/j.bmcl.2011.02.053,21388809,1,False,False,pending_dual_review,eligible_for_primary_evidence_review,
BDB-50341187,50341187,CCN(C(C)=O)c1ccc(OC)c2nc(NC(=O)N3CCC(c4cccc(C(F)(F)F)c4)CC3)sc12,MCOQRPPGECKENM-UHFFFAOYSA-N,CC(CC1CC2CCCCC2C1)C1CCC(C2CCCCC2)CC1,10.1016/j.bmcl.2011.02.053,21388809,1,False,False,pending_dual_review,eligible_for_primary_evidence_review,
BDB-50341188,50341188,CCN(C(C)=O)c1ccc(OC)c2nc(NC(=O)N3CCC(O)(c4cccc(C(F)(F)F)c4)CC3)sc12,SNJRGPSAULQWEJ-UHFFFAOYSA-N,CC(CC1CC2CCCCC2C1)C1CCC(C2CCCCC2)CC1,10.1016/j.bmcl.2011.02.053,21388809,1,False,False,pending_dual_review,eligible_for_primary_evidence_review,
BDB-50341189,50341189,CCN(C(C)=O)c1ccc(OC)c2nc(NC(=O)[C@H]3CC[C@H](NS(=O)(=O)c4cccc(C(F)(F)F)c4)CC3)sc12,AEALLVSFYNMBHG-SAABIXHNSA-N,CC(CC1CC2CCCCC2C1)C1CCC(CC(C)(C)C2CCCCC2)CC1,10.1016/j.bmcl.2011.02.053,21388809,1,False,False,pending_dual_review,eligible_for_primary_evidence_review,
BDB-50341190,50341190,CCN(C(C)=O)c1ccc(OC)c2nc(NC(=O)[C@H]3CC[C@H](NC(=O)c4cccc(C(F)(F)F)c4)CC3)sc12,FWKFATKZZMGGCU-RUCARUNLSA-N,CC(CC1CCC(C(C)CC2CC3CCCCC3C2)CC1)C1CCCCC1,10.1016/j.bmcl.2011.02.053,21388809,1,False,False,pending_dual_review,eligible_for_primary_evidence_review,
BDB-50341191,50341191,CCN(C(C)=O)c1ccc(OC)c2nc(NC(=O)[C@@H]3CC[C@H](NC(=O)c4cccc(C(F)(F)F)c4)C3)sc12,NCWRSHWNMYHJMN-AEFFLSMTSA-N,CC(CC1CCC(C(C)CC2CC3CCCCC3C2)C1)C1CCCCC1,10.1016/j.bmcl.2011.02.053,21388809,1,False,False,pending_dual_review,eligible_for_primary_evidence_review,
BDB-50341192,50341192,CCN(C(C)=O)c1ccc(OC)c2nc(NC(=O)[C@@H]3CC[C@@H](NC(=O)c4cccc(C(F)(F)F)c4)C3)sc12,NCWRSHWNMYHJMN-SJLPKXTDSA-N,CC(CC1CCC(C(C)CC2CC3CCCCC3C2)C1)C1CCCCC1,10.1016/j.bmcl.2011.02.053,21388809,1,False,False,pending_dual_review,eligible_for_primary_evidence_review,
BDB-50341193,50341193,CCN(C(C)=O)c1ccc(OC)c2nc(NC(=O)C3CCN(Cc4cccc(C(F)(F)F)c4)CC3)sc12,OMVHCFMRXIFNMI-UHFFFAOYSA-N,CC(CC1CC2CCCCC2C1)C1CCC(CC2CCCCC2)CC1,10.1016/j.bmcl.2011.02.053,21388809,1,False,False,pending_dual_review,eligible_for_primary_evidence_review,
BDB-50341194,50341194,CCN(C(C)=O)c1ccc(OC)c2nc(NC(=O)[C@@H]3CCN(C(=O)c4cccc(C(F)(F)F)c4)C3)sc12,MWHCPHOXOKDGTO-MRXNPFEDSA-N,CC(CC1CC2CCCCC2C1)C1CCC(C(C)C2CCCCC2)C1,10.1016/j.bmcl.2011.02.053,21388809,1,False,False,pending_dual_review,eligible_for_primary_evidence_review,
BDB-50341195,50341195,CCN(C(C)=O)c1ccc(OC)c2nc(NC(=O)[C@H]3CC[C@@H](NS(=O)(=O)c4cccc(C(F)(F)F)c4)CC3)sc12,AEALLVSFYNMBHG-MAEOIBBWSA-N,CC(CC1CC2CCCCC2C1)C1CCC(CC(C)(C)C2CCCCC2)CC1,10.1016/j.bmcl.2011.02.053,21388809,1,False,False,pending_dual_review,eligible_for_primary_evidence_review,
BDB-50341196,50341196,CCN(C(C)=O)c1ccc(OC)c2nc(NC(=O)[C@H]3CC[C@H](NCc4cccc(C(F)(F)F)c4)CC3)sc12,MPOIRUJPRXFPTI-KESTWPANSA-N,CC(CC1CC2CCCCC2C1)C1CCC(CCC2CCCCC2)CC1,10.1016/j.bmcl.2011.02.053,21388809,1,False,False,pending_dual_review,eligible_for_primary_evidence_review,
BDB-50341197,50341197,CCN(C(C)=O)c1ccc(OC)c2nc(NC(=O)[C@@H]3CC[C@H](NCc4cccc(C(F)(F)F)c4)C3)sc12,WOGFEHLAXZBDOW-MJGOQNOKSA-N,CC(CC1CC2CCCCC2C1)C1CCC(CCC2CCCCC2)C1,10.1016/j.bmcl.2011.02.053,21388809,1,False,False,pending_dual_review,eligible_for_primary_evidence_review,
BDB-50341198,50341198,CCN(C(C)=O)c1ccc(OC)c2nc(NC(=O)N3CCC(S(=O)(=O)c4cccc(C(F)(F)F)c4)CC3)sc12,RFLPGTYGRYHDNX-UHFFFAOYSA-N,CC(CC1CC2CCCCC2C1)C1CCC(C(C)(C)C2CCCCC2)CC1,10.1016/j.bmcl.2011.02.053,21388809,1,False,False,pending_dual_review,eligible_for_primary_evidence_review,
BDB-50341199,50341199,CCN(C(C)=O)c1ccc(OC)c2nc(NC(=O)[C@H]3CC[C@@H](NC(=O)c4cccc(C(F)(F)F)c4)CC3)sc12,FWKFATKZZMGGCU-UWUNEBHHSA-N,CC(CC1CCC(C(C)CC2CC3CCCCC3C2)CC1)C1CCCCC1,10.1016/j.bmcl.2011.02.053,21388809,1,False,False,pending_dual_review,eligible_for_primary_evidence_review,
BDB-50341200,50341200,CCN(C(C)=O)c1ccc(OC)c2nc(NC(=O)[C@H]3CCN(C(=O)c4cccc(C(F)(F)F)c4)C3)sc12,MWHCPHOXOKDGTO-INIZCTEOSA-N,CC(CC1CC2CCCCC2C1)C1CCC(C(C)C2CCCCC2)C1,10.1016/j.bmcl.2011.02.053,21388809,1,False,False,pending_dual_review,eligible_for_primary_evidence_review,
BDB-50341201,50341201,CCN(C(C)=O)c1ccc(OC)c2nc(NC(=O)[C@@H]3CCN(S(=O)(=O)c4cccc(C(F)(F)F)c4)C3)sc12,XOUCNJWVWYHRJZ-OAHLLOKOSA-N,CC(CC1CC2CCCCC2C1)C1CCC(C(C)(C)C2CCCCC2)C1,10.1016/j.bmcl.2011.02.053,21388809,1,False,False,pending_dual_review,eligible_for_primary_evidence_review,
BDB-50341202,50341202,CCN(C(C)=O)c1ccc(OC)c2nc(NC(=O)C3CCN(S(=O)(=O)c4cccc(C(F)(F)F)c4)CC3)sc12,DSTBNUILTCRZAL-UHFFFAOYSA-N,CC(CC1CC2CCCCC2C1)C1CCC(C(C)(C)C2CCCCC2)CC1,10.1016/j.bmcl.2011.02.053,21388809,1,False,False,pending_dual_review,eligible_for_primary_evidence_review,
BDB-50342514,50342514,Nc1nc2c(cnn2CCCc2ccc(OCC(=O)NCCNC(=O)CCCCc3cn(CCCCCCC(=O)CCOCCOCCOCCOCCNC(=O)CCCC[C@@H]4SC[C@@H]5NC(=O)N[C@@H]54)nn3)cc2)c2nc(-c3ccco3)nn12,VBXNKQUDWVBLCP-PZAUNDBVSA-N,CC(CCCCCCCCCCCCCCCC(C)CCCCC1CCC2CC(C)CC12)CCCCCCC1CCC(CCCCC(C)CCCCC(C)CCC2CCC(CCCC3CCC4C3CCC3CC(C5CCCC5)CC34)CC2)C1,10.1016/j.bmcl.2010.11.082,21185184,1,False,False,pending_dual_review,eligible_for_primary_evidence_review,
BDB-50342515,50342515,CC(=O)NCCn1cc(CCCCC(=O)NCCNC(=O)COc2ccc(CCCn3ncc4c3nc(N)n3nc(-c5ccco5)nc43)cc2)nn1,TYYMLDWFIXNBON-UHFFFAOYSA-N,CC(CCCCC(C)CCC1CCC(CCCC2CCC3C2CCC2CC(C4CCCC4)CC23)CC1)CCCCC1CCCC1,10.1016/j.bmcl.2010.11.082,21185184,1,False,False,pending_dual_review,eligible_for_primary_evidence_review,
BDB-50342517,50342517,CN(C)c1ccc2c(-c3ccc(C(=O)NCCNC(=O)COc4ccc(CCCn5ncc6c5nc(N)n5nc(-c7ccco7)nc65)cc4)cc3C(=O)[O-])c3ccc(=[N+](C)C)cc-3oc2c1,UKMXRDZZVDKYFJ-UHFFFAOYSA-N,CC(CCCCC(C)C1CCC(C2C3CCCCC3CC3CC(C)CCC32)CC1)CCC1CCC(CCCC2CCC3C2CCC2CC(C4CCCC4)CC23)CC1,10.1016/j.bmcl.2010.11.082,21185184,1,False,False,pending_dual_review,eligible_for_primary_evidence_review,
BDB-50342518,50342518,Nc1nc2c(cnn2CCCc2ccc(OCC(=O)NCCNCCNC(=O)CCCCCNC(=O)COc3ccc([CH+]/C=c4/ccc5n4[B-](F)(F)n4c(ccc4-c4ccc[nH]4)C=5)cc3)cc2)c2nc(-c3ccco3)nn12,ZSQQAMPWXALWKR-RIDPHKLGSA-N,CC(CCCCCCCC(C)CCC1CCC(CCCC2CCC3C2CCC2CC(C4CCCC4)CC23)CC1)CCCCCCC(C)CCC1CCC(CCC2CCC3CC4CCC(C5CCCC5)C4CC32)CC1,10.1016/j.bmcl.2010.11.082,21185184,1,False,False,pending_dual_review,eligible_for_primary_evidence_review,
BDB-50342519,50342519,N=c1ccc2c(-c3ccc(C(=O)NCCNC(=O)COc4ccc(CCCn5ncc6c5nc(N)n5nc(-c7ccco7)nc65)cc4)cc3C(=O)O)c3ccc(N)c(S(=O)(=O)O)c3oc-2c1S(=O)(=O)O,HHKJUHAIZLHJQI-UHFFFAOYSA-N,CC(CCCCC(C)C1CCC(C2C3CCCCC3CC3CC(C)CCC32)CC1)CCC1CCC(CCCC2CCC3C2CCC2CC(C4CCCC4)CC23)CC1,10.1016/j.bmcl.2010.11.082,21185184,1,False,False,pending_dual_review,eligible_for_primary_evidence_review,
BDB-50343135,50343135,O=C(Cc1ccccc1)Nc1nc2nn(CCc3ccccc3)cc2c2nc(-c3ccc(Cl)cc3)nn12,UMYJKAPQXPVTEH-UHFFFAOYSA-N,CC(CC1CCCCC1)CC1CC2CC(CCC3CCCCC3)CC2C2CC(C3CCCCC3)CC12,10.1016/j.bmc.2011.08.026,21908194,1,False,False,pending_dual_review,eligible_for_primary_evidence_review,
BDB-50344055,50344055,CCOc1cccc2cc(-c3ccccc3)c(=O)oc12,JWPFCIXQOFVAHQ-UHFFFAOYSA-N,CC1CC2CCCCC2CC1C1CCCCC1,10.1021/acs.jmedchem.9b01572,31738058,1,False,False,pending_dual_review,eligible_for_primary_evidence_review,
BDB-50344059,50344059,O=c1oc2c(O)cccc2cc1-c1ccccc1,URQVILQIFIJNLS-UHFFFAOYSA-N,CC1CC2CCCCC2CC1C1CCCCC1,10.1021/acs.jmedchem.9b01572,31738058,1,False,False,pending_dual_review,eligible_for_primary_evidence_review,
BDB-50346909,50346909,Cn1cc2c(n1)c(N)nc1c(OCc3ccccc3)cccc12,BTNNZWURLUOUIL-UHFFFAOYSA-N,C1CCC(CCC2CCCC3C4CCCC4CCC23)CC1,10.1016/j.bmc.2011.05.001,21616671,1,False,False,pending_dual_review,eligible_for_primary_evidence_review,
BDB-50348163,50348163,C=CCn1c2nc(-c3cc(OC)no3)nc-2c2n(c1=O)CC(CC)N2,IDBPDHSANMJTDV-UHFFFAOYSA-N,CC1CC2CC(C3CCCC3)CC2C2CCCC12,10.1021/jm2004738,21675777,1,False,False,pending_dual_review,eligible_for_primary_evidence_review,
BDB-50348167,50348167,CC1CN2C(=O)N(Cc3ccccc3)c3nc(-c4cc(OCc5ccccc5)nn4C)[nH]c3C2=N1,AVCVCCQJIMUKOJ-UHFFFAOYSA-N,CC1C2CCCC2C2CC(C3CCC(CCC4CCCCC4)C3)CC2C1CC1CCCCC1,10.1021/jm2004738,21675777,1,False,False,pending_dual_review,eligible_for_primary_evidence_review,
BDB-50348168,50348168,CCC1CN2C(=O)N(Cc3ccccc3)c3nc(-c4cc(OCc5ccccc5)nn4C)[nH]c3C2=N1,QIQMUHOXVRMANV-UHFFFAOYSA-N,CC1C2CCCC2C2CC(C3CCC(CCC4CCCCC4)C3)CC2C1CC1CCCCC1,10.1021/jm2004738,21675777,1,False,False,pending_dual_review,eligible_for_primary_evidence_review,
BDB-50348174,50348174,CC[C@@H]1Cn2c(c3nc(-c4ccccc4)nc-3n(C)c2=O)N1,XNWDEMWJNJVCBD-LLVKDONJSA-N,CC1CC2CC(C3CCCCC3)CC2C2CCCC12,10.1016/j.ejmech.2019.111879,31780082,1,False,False,pending_dual_review,eligible_for_primary_evidence_review,
BDB-50348176,50348176,CC[C@@H]1Cn2c(c3nc(-c4cc(Cl)cc(Cl)c4Cl)nc-3n(C)c2=O)N1,QYCXKYOTLRUVFA-MRVPVSSYSA-N,CC1CC2CC(C3CCCCC3)CC2C2CCCC12,10.1016/j.ejmech.2019.111879,31780082,1,False,False,pending_dual_review,eligible_for_primary_evidence_review,
BDB-50354815,50354815,Nc1nccc(-c2ccccc2)n1,DMEGQEWPMXDRMO-UHFFFAOYSA-N,C1CCC(C2CCCCC2)CC1,,35933788,1,False,False,pending_dual_review,eligible_for_primary_evidence_review,
BDB-50355152,50355152,COc1ccc(NC(=O)Nc2nc3nn(C)cc3c3nc(-c4ccc(Cl)cc4)nn23)cc1,FNZDDMLRPNSKOI-UHFFFAOYSA-N,CC(CC1CCCCC1)CC1CC2CCCC2C2CC(C3CCCCC3)CC12,10.1016/j.bmc.2011.08.026,21908194,1,False,False,pending_dual_review,eligible_for_primary_evidence_review,
BDB-50355153,50355153,COc1ccc(NC(=O)Nc2nc3nn(C)cc3c3nc(-c4ccc(Br)cc4)nn23)cc1,JRNKRQYSMCFYPU-UHFFFAOYSA-N,CC(CC1CCCCC1)CC1CC2CCCC2C2CC(C3CCCCC3)CC12,10.1016/j.bmc.2011.08.026,21908194,1,False,False,pending_dual_review,eligible_for_primary_evidence_review,
BDB-50355156,50355156,O=C(Nc1nc2nn(CCc3ccccc3)cc2c2nc(-c3ccc(F)cc3)nn12)c1ccccc1,RYBPFUFSJMUWFY-UHFFFAOYSA-N,CC(CC1CC2CC(CCC3CCCCC3)CC2C2CC(C3CCCCC3)CC12)C1CCCCC1,10.1016/j.bmc.2011.08.026,21908194,1,False,False,pending_dual_review,eligible_for_primary_evidence_review,
BDB-50355157,50355157,O=C(Nc1nc2nn(CCc3ccccc3)cc2c2nc(-c3ccc(Cl)cc3)nn12)c1ccccc1,ZLWUFRPZUYGAQL-UHFFFAOYSA-N,CC(CC1CC2CC(CCC3CCCCC3)CC2C2CC(C3CCCCC3)CC12)C1CCCCC1,10.1016/j.bmc.2011.08.026,21908194,1,False,False,pending_dual_review,eligible_for_primary_evidence_review,
BDB-50355158,50355158,COc1ccc(-c2nc3c4cn(CCc5ccccc5)nc4nc(NC(=O)c4ccccc4)n3n2)cc1,XCYYIXALRSAHCM-UHFFFAOYSA-N,CC(CC1CC2CC(CCC3CCCCC3)CC2C2CC(C3CCCCC3)CC12)C1CCCCC1,10.1016/j.bmc.2011.08.026,21908194,1,False,False,pending_dual_review,eligible_for_primary_evidence_review,
BDB-50355159,50355159,O=C(Cc1ccccc1)Nc1nc2nn(CCc3ccccc3)cc2c2nc(-c3ccccc3)nn12,JQRNGVKMZOUSEZ-UHFFFAOYSA-N,CC(CC1CCCCC1)CC1CC2CC(CCC3CCCCC3)CC2C2CC(C3CCCCC3)CC12,10.1016/j.bmc.2011.08.026,21908194,1,False,False,pending_dual_review,eligible_for_primary_evidence_review,
BDB-50355160,50355160,O=C(Cc1ccccc1)Nc1nc2nn(CCc3ccccc3)cc2c2nc(-c3ccc(F)cc3)nn12,PBCDTRNGAOFYSC-UHFFFAOYSA-N,CC(CC1CCCCC1)CC1CC2CC(CCC3CCCCC3)CC2C2CC(C3CCCCC3)CC12,10.1016/j.bmc.2011.08.026,21908194,1,False,False,pending_dual_review,eligible_for_primary_evidence_review,
BDB-50355162,50355162,Cn1cc2c(nc(N)n3nc(-c4ccc(C(F)(F)F)cc4)nc23)n1,KDGPRHWWBZBOLO-UHFFFAOYSA-N,C1CCC(C2CC3CCC4CCCC4C3C2)CC1,10.1016/j.bmc.2011.08.026,21908194,1,False,False,pending_dual_review,eligible_for_primary_evidence_review,
BDB-50355164,50355164,Cn1cc2c(nc(NC(=O)Nc3ccccc3)n3nc(-c4ccc(Cl)cc4)nc23)n1,GPKBJJOYVKRXDL-UHFFFAOYSA-N,CC(CC1CCCCC1)CC1CC2CCCC2C2CC(C3CCCCC3)CC12,10.1016/j.bmc.2011.08.026,21908194,1,False,False,pending_dual_review,eligible_for_primary_evidence_review,
BDB-50355165,50355165,Cn1cc2c(nc(NC(=O)Nc3ccccc3)n3nc(-c4ccc(Br)cc4)nc23)n1,IANWPTGPFXUVHR-UHFFFAOYSA-N,CC(CC1CCCCC1)CC1CC2CCCC2C2CC(C3CCCCC3)CC12,10.1016/j.bmc.2011.08.026,21908194,1,False,False,pending_dual_review,eligible_for_primary_evidence_review,
BDB-50355166,50355166,Cn1cc2c(nc(NC(=O)Nc3ccccc3)n3nc(-c4ccc(C(F)(F)F)cc4)nc23)n1,HOFPPTWCRGPGPM-UHFFFAOYSA-N,CC(CC1CCCCC1)CC1CC2CCCC2C2CC(C3CCCCC3)CC12,10.1016/j.bmc.2011.08.026,21908194,1,False,False,pending_dual_review,eligible_for_primary_evidence_review,
BDB-50355168,50355168,Cn1cc2c(nc(NC(=O)Nc3ccc(F)cc3)n3nc(-c4ccc(Cl)cc4)nc23)n1,QGEYZXFBILCLTO-UHFFFAOYSA-N,CC(CC1CCCCC1)CC1CC2CCCC2C2CC(C3CCCCC3)CC12,10.1016/j.bmc.2011.08.026,21908194,1,False,False,pending_dual_review,eligible_for_primary_evidence_review,
BDB-50355169,50355169,Cn1cc2c(nc(NC(=O)Nc3ccc(F)cc3)n3nc(-c4ccc(Br)cc4)nc23)n1,KSUXXDJXSWDZQT-UHFFFAOYSA-N,CC(CC1CCCCC1)CC1CC2CCCC2C2CC(C3CCCCC3)CC12,10.1016/j.bmc.2011.08.026,21908194,1,False,False,pending_dual_review,eligible_for_primary_evidence_review,
BDB-50360180,50360180,Nc1nc(N2CCN(C(=O)c3cccc4ccccc34)CC2)nc2nc(-c3ccco3)nn12,NZNUKYLLFGRLFO-UHFFFAOYSA-N,CC(C1CCC(C2CCC3CC(C4CCCC4)CC3C2)CC1)C1CCCC2CCCCC21,10.1021/jm101349u,21214204,1,False,False,pending_dual_review,eligible_for_primary_evidence_review,
BDB-50360181,50360181,Nc1nc(N2CCN(C(=O)Cc3ccc(Cl)cc3)CC2)nc2nc(-c3ccco3)nn12,OVELLJQEKSXRSC-UHFFFAOYSA-N,CC(CC1CCCCC1)C1CCC(C2CCC3CC(C4CCCC4)CC3C2)CC1,10.1021/jm101349u,21214204,1,False,False,pending_dual_review,eligible_for_primary_evidence_review,
BDB-50360184,50360184,NCC1CCC(CNc2nc(N)n3nc(-c4ccco4)nc3n2)CC1,DSFBIWXVQUICPJ-UHFFFAOYSA-N,C1CCC(CCC2CCC3CC(C4CCCC4)CC3C2)CC1,10.1021/jm101349u,21214204,1,False,False,pending_dual_review,eligible_for_primary_evidence_review,
BDB-50360187,50360187,Nc1nc(N2CCN(C(=O)C(c3ccccc3)c3ccccc3)CC2)nc2nc(-c3ccco3)nn12,JJJCYECCFBECJK-UHFFFAOYSA-N,CC(C1CCC(C2CCC3CC(C4CCCC4)CC3C2)CC1)C(C1CCCCC1)C1CCCCC1,10.1021/jm101349u,21214204,1,False,False,pending_dual_review,eligible_for_primary_evidence_review,
BDB-50360190,50360190,O=C(Nc1nc(Oc2ccccc2)nc2nc(-c3ccco3)nn12)c1ccccc1,GDLVJMXEOLUIFY-UHFFFAOYSA-N,CC(CC1CC(CC2CCCCC2)CC2CC(C3CCCC3)CC12)C1CCCCC1,10.1021/jm101349u,21214204,1,False,False,pending_dual_review,eligible_for_primary_evidence_review,
BDB-50360191,50360191,Nc1nc(=O)[nH]c2nc(-c3ccco3)nn12,LELZVPCSZAASEG-UHFFFAOYSA-N,CC1CCC2CC(C3CCCC3)CC2C1,10.1021/jm101349u,21214204,1,False,False,pending_dual_review,eligible_for_primary_evidence_review,
BDB-50360193,50360193,O=C(Nc1nc(=O)[nH]c2nc(-c3ccco3)nn12)c1ccccc1,HZRPPZVAFJLQIQ-UHFFFAOYSA-N,CC1CC(CC(C)C2CCCCC2)C2CC(C3CCCC3)CC2C1,10.1021/jm101349u,21214204,1,False,False,pending_dual_review,eligible_for_primary_evidence_review,
BDB-50360194,50360194,Nc1nc(NC(=O)c2ccccc2)n2nc(-c3ccco3)nc2n1,JLGTWNQIHBNLLS-UHFFFAOYSA-N,CC(CC1CCCC2CC(C3CCCC3)CC12)C1CCCCC1,10.1021/jm101349u,21214204,1,False,False,pending_dual_review,eligible_for_primary_evidence_review,
BDB-50360197,50360197,Nc1nc(N2CCN(C(=O)Cc3ccc(Br)cc3)CC2)nc2nc(-c3ccco3)nn12,OEUIERDESVHOBI-UHFFFAOYSA-N,CC(CC1CCCCC1)C1CCC(C2CCC3CC(C4CCCC4)CC3C2)CC1,10.1021/jm101349u,21214204,1,False,False,pending_dual_review,eligible_for_primary_evidence_review,
BDB-50360201,50360201,CC(C)(C)OC(=O)NCC1CCC(CNc2nc(N)n3nc(-c4ccco4)nc3n2)CC1,UCZLQVGNTQBEQA-UHFFFAOYSA-N,C1CCC(CCC2CCC3CC(C4CCCC4)CC3C2)CC1,10.1021/jm101349u,21214204,1,False,False,pending_dual_review,eligible_for_primary_evidence_review,
BDB-50360205,50360205,Nc1nc(N2CCN(Cc3ccc(F)cc3)CC2)nc2nc(-c3ccco3)nn12,WXWZVUNSJJMEPR-UHFFFAOYSA-N,C1CCC(CC2CCC(C3CCC4CC(C5CCCC5)CC4C3)CC2)CC1,10.1021/jm101349u,21214204,1,False,False,pending_dual_review,eligible_for_primary_evidence_review,
BDB-50360206,50360206,Nc1nc(N2CCN(Cc3ccc(Br)cc3)CC2)nc2nc(-c3ccco3)nn12,ZBBRDBZBUORDFW-UHFFFAOYSA-N,C1CCC(CC2CCC(C3CCC4CC(C5CCCC5)CC4C3)CC2)CC1,10.1021/jm101349u,21214204,1,False,False,pending_dual_review,eligible_for_primary_evidence_review,
BDB-50360209,50360209,Nc1nc(N2CCN(C(=O)Cc3ccccc3)CC2)nc2nc(-c3ccco3)nn12,CKNQBBJKRSXMPU-UHFFFAOYSA-N,CC(CC1CCCCC1)C1CCC(C2CCC3CC(C4CCCC4)CC3C2)CC1,10.1021/jm101349u,21214204,1,False,False,pending_dual_review,eligible_for_primary_evidence_review,
BDB-50360212,50360212,Nc1nc(N2CCN(C(=O)c3ccc([N+](=O)[O-])cc3)CC2)nc2nc(-c3ccco3)nn12,UBZZYIUJLAFYGC-UHFFFAOYSA-N,CC(C1CCCCC1)C1CCC(C2CCC3CC(C4CCCC4)CC3C2)CC1,10.1021/jm101349u,21214204,1,False,False,pending_dual_review,eligible_for_primary_evidence_review,
BDB-50360213,50360213,Nc1nc(N2CCN(C(=O)c3ccccc3)CC2)nc2nc(-c3ccco3)nn12,CMRHPKUITVWMDE-UHFFFAOYSA-N,CC(C1CCCCC1)C1CCC(C2CCC3CC(C4CCCC4)CC3C2)CC1,10.1021/jm101349u,21214204,1,False,False,pending_dual_review,eligible_for_primary_evidence_review,
BDB-50361302,50361302,COc1ccc(NC(=O)Nc2nc3cnn(CCc4ccccc4)c3c3nc(-c4ccco4)nn23)cc1,PCKMSZPDNZRROL-UHFFFAOYSA-N,CC(CC1CCCCC1)CC1CC2CCC(CCC3CCCCC3)C2C2CC(C3CCCC3)CC12,10.1016/j.bmc.2011.11.037,22204739,1,False,False,pending_dual_review,eligible_for_primary_evidence_review,
BDB-50361304,50361304,Cn1cc2nc(N)n3nc(-c4ccco4)nc3c2n1,YNPWLGCKDUFABF-UHFFFAOYSA-N,C1CCC(C2CC3CCC4CCCC4C3C2)C1,10.1016/j.bmc.2011.11.037,22204739,1,False,False,pending_dual_review,eligible_for_primary_evidence_review,
BDB-50361305,50361305,CCCn1cc2nc(N)n3nc(-c4ccco4)nc3c2n1,ZAZPRMLVZGANMF-UHFFFAOYSA-N,C1CCC(C2CC3CCC4CCCC4C3C2)C1,10.1016/j.bmc.2011.11.037,22204739,1,False,False,pending_dual_review,eligible_for_primary_evidence_review,
BDB-50361306,50361306,Nc1nc2cn(CCc3ccccc3)nc2c2nc(-c3ccco3)nn12,DVVJRAYQCKIHRD-UHFFFAOYSA-N,C1CCC(CCC2CC3CCC4CC(C5CCCC5)CC4C3C2)CC1,10.1016/j.bmc.2011.11.037,22204739,1,False,False,pending_dual_review,eligible_for_primary_evidence_review,
BDB-50361307,50361307,Nc1nc2cn(CCCc3ccccc3)nc2c2nc(-c3ccco3)nn12,MTHYDGIDFZWZRZ-UHFFFAOYSA-N,C1CCC(CCCC2CC3CCC4CC(C5CCCC5)CC4C3C2)CC1,10.1016/j.bmc.2011.11.037,22204739,1,False,False,pending_dual_review,eligible_for_primary_evidence_review,
BDB-50361308,50361308,COc1ccc(NC(=O)Nc2nc3cn(C)nc3c3nc(-c4ccco4)nn23)cc1,CZFJGXTZYVGVHN-UHFFFAOYSA-N,CC(CC1CCCCC1)CC1CC2CCCC2C2CC(C3CCCC3)CC12,10.1016/j.bmc.2011.11.037,22204739,1,False,False,pending_dual_review,eligible_for_primary_evidence_review,
BDB-50361309,50361309,CCCn1cc2nc(NC(=O)Nc3ccc(OC)cc3)n3nc(-c4ccco4)nc3c2n1,QSRHFDVVIAWOBB-UHFFFAOYSA-N,CC(CC1CCCCC1)CC1CC2CCCC2C2CC(C3CCCC3)CC12,10.1016/j.bmc.2011.11.037,22204739,1,False,False,pending_dual_review,eligible_for_primary_evidence_review,
BDB-50361310,50361310,COc1ccc(NC(=O)Nc2nc3cn(CCc4ccccc4)nc3c3nc(-c4ccco4)nn23)cc1,RAZBLCNSYCEXMB-UHFFFAOYSA-N,CC(CC1CCCCC1)CC1CC2CC(CCC3CCCCC3)CC2C2CC(C3CCCC3)CC12,10.1016/j.bmc.2011.11.037,22204739,1,False,False,pending_dual_review,eligible_for_primary_evidence_review,
BDB-50361312,50361312,Cn1ncc2nc(NC3CCCCC3)n3nc(-c4ccco4)nc3c21,PVBJDBLCPLGLCH-UHFFFAOYSA-N,C1CCC(CC2CC3CCCC3C3CC(C4CCCC4)CC23)CC1,10.1016/j.bmc.2011.11.037,22204739,1,False,False,pending_dual_review,eligible_for_primary_evidence_review,
BDB-50361316,50361316,Cn1cc2nc(N)n3nc(-c4ccco4)nc3c2c1,FEOXDFKSJXVOAD-UHFFFAOYSA-N,C1CCC(C2CC3CCC4CCCC4C3C2)C1,10.1016/j.bmc.2011.11.037,22204739,1,False,False,pending_dual_review,eligible_for_primary_evidence_review,
BDB-50361317,50361317,CCCn1cc2nc(N)n3nc(-c4ccco4)nc3c2c1,DMKJPAYMGBCNOU-UHFFFAOYSA-N,C1CCC(C2CC3CCC4CCCC4C3C2)C1,10.1016/j.bmc.2011.11.037,22204739,1,False,False,pending_dual_review,eligible_for_primary_evidence_review,
BDB-50361318,50361318,Nc1nc2cn(CCc3ccccc3)cc2c2nc(-c3ccco3)nn12,RWFVLGJFYKITLB-UHFFFAOYSA-N,C1CCC(CCC2CC3CCC4CC(C5CCCC5)CC4C3C2)CC1,10.1016/j.bmc.2011.11.037,22204739,1,False,False,pending_dual_review,eligible_for_primary_evidence_review,
BDB-50361319,50361319,Nc1nc2cn(CCCc3ccccc3)cc2c2nc(-c3ccco3)nn12,SFBLPDYRMGKGLC-UHFFFAOYSA-N,C1CCC(CCCC2CC3CCC4CC(C5CCCC5)CC4C3C2)CC1,10.1016/j.bmc.2011.11.037,22204739,1,False,False,pending_dual_review,eligible_for_primary_evidence_review,
BDB-50361320,50361320,COc1ccc(NC(=O)Nc2nc3cn(C)cc3c3nc(-c4ccco4)nn23)cc1,JCTPGWIOTVQRJJ-UHFFFAOYSA-N,CC(CC1CCCCC1)CC1CC2CCCC2C2CC(C3CCCC3)CC12,10.1016/j.bmc.2011.11.037,22204739,1,False,False,pending_dual_review,eligible_for_primary_evidence_review,
BDB-50361321,50361321,CCCn1cc2nc(NC(=O)Nc3ccc(OC)cc3)n3nc(-c4ccco4)nc3c2c1,ICGBCZUFVWBFGJ-UHFFFAOYSA-N,CC(CC1CCCCC1)CC1CC2CCCC2C2CC(C3CCCC3)CC12,10.1016/j.bmc.2011.11.037,22204739,1,False,False,pending_dual_review,eligible_for_primary_evidence_review,
BDB-50361322,50361322,COc1ccc(NC(=O)Nc2nc3cn(CCc4ccccc4)cc3c3nc(-c4ccco4)nn23)cc1,OGKVNXXLANFINB-UHFFFAOYSA-N,CC(CC1CCCCC1)CC1CC2CC(CCC3CCCCC3)CC2C2CC(C3CCCC3)CC12,10.1016/j.bmc.2011.11.037,22204739,1,False,False,pending_dual_review,eligible_for_primary_evidence_review,
BDB-50361323,50361323,COc1ccc(NC(=O)Nc2nc3cn(CCCc4ccccc4)cc3c3nc(-c4ccco4)nn23)cc1,ZMRKZXCDAWJGSF-UHFFFAOYSA-N,CC(CC1CCCCC1)CC1CC2CC(CCCC3CCCCC3)CC2C2CC(C3CCCC3)CC12,10.1016/j.bmc.2011.11.037,22204739,1,False,False,pending_dual_review,eligible_for_primary_evidence_review,
BDB-50361325,50361325,Cn1ncc2nc(N)n3nc(-c4ccco4)nc3c21,JGOMPASXQKCRSZ-UHFFFAOYSA-N,C1CCC(C2CC3CCC4CCCC4C3C2)C1,10.1016/j.bmc.2011.11.037,22204739,1,False,False,pending_dual_review,eligible_for_primary_evidence_review,
BDB-50361326,50361326,CCCn1ncc2nc(N)n3nc(-c4ccco4)nc3c21,JMHRTCFPAQIVHC-UHFFFAOYSA-N,C1CCC(C2CC3CCC4CCCC4C3C2)C1,10.1016/j.bmc.2011.11.037,22204739,1,False,False,pending_dual_review,eligible_for_primary_evidence_review,
BDB-50361327,50361327,Nc1nc2cnn(CCc3ccccc3)c2c2nc(-c3ccco3)nn12,SLRFMWZADWPTCV-UHFFFAOYSA-N,C1CCC(CCC2CCC3CCC4CC(C5CCCC5)CC4C23)CC1,10.1016/j.bmc.2011.11.037,22204739,1,False,False,pending_dual_review,eligible_for_primary_evidence_review,
BDB-50361328,50361328,Nc1nc2cnn(CCCc3ccccc3)c2c2nc(-c3ccco3)nn12,XVPZIZMCZVRQNF-UHFFFAOYSA-N,C1CCC(CCCC2CCC3CCC4CC(C5CCCC5)CC4C23)CC1,10.1016/j.bmc.2011.11.037,22204739,1,False,False,pending_dual_review,eligible_for_primary_evidence_review,
BDB-50361329,50361329,COc1ccc(NC(=O)Nc2nc3cnn(C)c3c3nc(-c4ccco4)nn23)cc1,IORKPLVQKDZOMP-UHFFFAOYSA-N,CC(CC1CCCCC1)CC1CC2CCCC2C2CC(C3CCCC3)CC12,10.1016/j.bmc.2011.11.037,22204739,1,False,False,pending_dual_review,eligible_for_primary_evidence_review,
BDB-50361330,50361330,CCCn1ncc2nc(NC(=O)Nc3ccc(OC)cc3)n3nc(-c4ccco4)nc3c21,ZAVIFQMSACOIGK-UHFFFAOYSA-N,CC(CC1CCCCC1)CC1CC2CCCC2C2CC(C3CCCC3)CC12,10.1016/j.bmc.2011.11.037,22204739,1,False,False,pending_dual_review,eligible_for_primary_evidence_review,
BDB-50364044,50364044,Nc1nc(OCCc2cccc3ccccc23)nc2c1ncn2[C@@H]1O[C@H](CO)[C@@H](O)[C@H]1O,YYSHRNQNOWOELU-QTQZEZTPSA-N,C1CCC2C(C1)CCCC2CCCC1CCC2CCC(C3CCCC3)C2C1,10.1021/jm201461q,22104008,1,False,False,pending_dual_review,eligible_for_primary_evidence_review,
BDB-50364061,50364061,CCn1nnnc1[C@H]1O[C@@H](n2cnc3c(N)nc(N[C@H](CO)Cc4ccccc4)nc32)[C@H](O)[C@@H]1O,YAKNGKOPKFBDFK-NIQZGXKPSA-N,C1CCC(CCCC2CCC3CCC(C4CCC(C5CCCC5)C4)C3C2)CC1,10.1021/jm201461q,22104008,1,False,False,pending_dual_review,eligible_for_primary_evidence_review,
BDB-50364064,50364064,CCNC(=O)[C@H]1C[C@@H](n2cnc3c(N[C@H](CC)Cc4sccc4Cl)ccnc32)[C@H](O)[C@@H]1O,DNPNXAXAKNFJDD-GFOALDQYSA-N,C1CCC(CCCC2CCCC3C(C4CCCC4)CCC23)C1,10.1021/jm201461q,22104008,1,False,False,pending_dual_review,eligible_for_primary_evidence_review,
BDB-50365317,50365317,CCCn1c(=O)c2[nH]c(-c3cc(=O)[nH]n3C)cc2n(CCC)c1=O,XTPGQKWWIMCPGM-UHFFFAOYSA-N,CC1CCC(C2CC3CC(C)CC(C)C3C2)C1,10.1021/jm201292w,22148859,1,False,False,pending_dual_review,eligible_for_primary_evidence_review,
BDB-50366323,50366323,Nc1ncnc2c1ncn2C[C@H](O)CO,GSLQFBVNOFBPRJ-YFKPBYRVSA-N,C1CCC2CCCC2C1,10.1016/j.bmc.2009.02.030,19282184,1,False,False,pending_dual_review,eligible_for_primary_evidence_review,
BDB-50366686,50366686,Nc1ncnc2c1nc(/C=C/C(=O)c1ccccc1)n2[C@@H]1O[C@H](CO)[C@@H](O)[C@H]1O,VRKBZQOPVJHRLW-VFIQZALSSA-N,CC(CCC1CC2CCCCC2C1C1CCCC1)C1CCCCC1,10.1016/s0960-894x(01)00347-x,11459663,1,False,False,pending_dual_review,eligible_for_primary_evidence_review,
BDB-50366765,50366765,CCNC(=O)C1OC(n2cnc3c(NCCNc4ccc([N+](=O)[O-])c5[n-][o+]nc45)ncnc32)C(O)C1O,AGHBSDMIMVOTOO-UHFFFAOYSA-N,C(CCC1CCCC2C(C3CCCC3)CCC12)CC1CCCC2CCCC12,10.1016/s0960-894x(01)00610-2,11714602,1,False,False,pending_dual_review,eligible_for_primary_evidence_review,
BDB-50366766,50366766,CCNC(=O)C1OC(n2cnc3c(NCCCCCCCCCCNc4ccc([N+](=O)[O-])c5[n-][o+]nc45)ncnc32)C(O)C1O,ZRVXKIGWMZOKNP-UHFFFAOYSA-N,C(CCCCCCC1CCCC2C(C3CCCC3)CCC12)CCCCCC1CCCC2CCCC12,10.1016/s0960-894x(01)00610-2,11714602,1,False,False,pending_dual_review,eligible_for_primary_evidence_review,
BDB-50366767,50366767,CCNC(=O)C1OC(n2cnc3c(NCCCCCCNc4ccc([N+](=O)[O-])c5[n-][o+]nc45)ncnc32)C(O)C1O,JEXFNNUDLKOIMC-UHFFFAOYSA-N,C(CCCCC1CCCC2C(C3CCCC3)CCC12)CCCC1CCCC2CCCC12,10.1016/s0960-894x(01)00610-2,11714602,1,False,False,pending_dual_review,eligible_for_primary_evidence_review,
BDB-50366768,50366768,CCNC(=O)C1OC(n2cnc3c(NCCCCCCCCNc4ccc([N+](=O)[O-])c5[n-][o+]nc45)ncnc32)C(O)C1O,XAZHRVUTEATTIV-UHFFFAOYSA-N,C(CCCCCC1CCCC2C(C3CCCC3)CCC12)CCCCC1CCCC2CCCC12,10.1016/s0960-894x(01)00610-2,11714602,1,False,False,pending_dual_review,eligible_for_primary_evidence_review,
BDB-50367265,50367265,NCCNC(=O)Cc1ccc(NC(=O)Cc2ccc(Nc3ncnc4c3ncn4[C@@H]3O[C@H](CO)[C@@H](O)[C@H]3O)cc2)cc1,JFRJCQJVFMHZOO-QZHHGCDDSA-N,CC(CC1CCCCC1)CC1CCC(CC2CCCC3C(C4CCCC4)CCC23)CC1,10.1021/jm300965a,22921089,1,False,False,pending_dual_review,eligible_for_primary_evidence_review,
BDB-50368789,50368789,Nc1nc(NCCCCNC(=O)c2ccc(S(=O)(=O)F)cc2)nc2nc(-c3ccco3)nn12,DNPFEVWAQWYCTR-UHFFFAOYSA-N,CC(CCCCCCC1CCC2CC(C3CCCC3)CC2C1)C1CCCCC1,10.1021/acs.jmedchem.8b00860,30080404,2,False,False,pending_dual_review,eligible_for_primary_evidence_review,
BDB-50368790,50368790,Nc1nc(NCCCNC(=O)c2ccc(S(=O)(=O)F)cc2)nc2nc(-c3ccco3)nn12,NSSXICGPNXURNZ-UHFFFAOYSA-N,CC(CCCCCC1CCC2CC(C3CCCC3)CC2C1)C1CCCCC1,10.1021/acs.jmedchem.8b00860,30080404,2,False,False,pending_dual_review,eligible_for_primary_evidence_review,
BDB-50368791,50368791,Nc1nc(NCCCCCNC(=O)c2ccc(S(=O)(=O)F)cc2)nc2nc(-c3ccco3)nn12,IJFJBEYLUQTMCS-UHFFFAOYSA-N,CC(CCCCCCCC1CCC2CC(C3CCCC3)CC2C1)C1CCCCC1,10.1021/acs.jmedchem.8b00860,30080404,2,False,False,pending_dual_review,eligible_for_primary_evidence_review,
BDB-50368792,50368792,C#CCN(CCCCCNc1nc(N)n2nc(-c3ccco3)nc2n1)C(=O)c1ccc(S(=O)(=O)F)cc1,KGDQUCQGDCWHAI-UHFFFAOYSA-N,CC(CCCCCCCC1CCC2CC(C3CCCC3)CC2C1)C1CCCCC1,10.1021/acs.jmedchem.8b00860,30080404,2,False,False,pending_dual_review,eligible_for_primary_evidence_review,
BDB-50369682,50369682,CCn1c(-c2ccccc2)nc2c(NC3CCOC3)ncnc21,GBJPOTZOPSNSFN-UHFFFAOYSA-N,C1CCC(C2CC3CCCC(CC4CCCC4)C3C2)CC1,10.1016/j.ejmech.2018.03.067,29614417,1,False,False,pending_dual_review,eligible_for_primary_evidence_review,
BDB-50369683,50369683,COc1ccc(-c2nc3c(NC4CCCC4)ncnc3n2C)cc1,AREAFDXDOTXHCT-UHFFFAOYSA-N,C1CCC(C2CC3CCCC(CC4CCCC4)C3C2)CC1,10.1016/j.ejmech.2018.03.067,29614417,1,False,False,pending_dual_review,eligible_for_primary_evidence_review,
BDB-50369684,50369684,CCn1c(-c2ccccc2)nc2c(NC3CCCCC3)ncnc21,MTARPZNOQDLXRS-UHFFFAOYSA-N,C1CCC(CC2CCCC3CC(C4CCCCC4)CC23)CC1,10.1016/j.ejmech.2018.03.067,29614417,1,False,False,pending_dual_review,eligible_for_primary_evidence_review,
BDB-50369685,50369685,CCCn1c(-c2ccccc2)nc2c(NC3CCC3)ncnc21,GYYOGZWIGPQOGZ-UHFFFAOYSA-N,C1CCC(C2CC3CCCC(CC4CCC4)C3C2)CC1,10.1016/j.ejmech.2018.03.067,29614417,1,False,False,pending_dual_review,eligible_for_primary_evidence_review,
BDB-50369686,50369686,Cn1c(-c2ccc(Cl)cc2)nc2c(NC3CCCC3)ncnc21,XNLCDPPTEOMPBB-UHFFFAOYSA-N,C1CCC(C2CC3CCCC(CC4CCCC4)C3C2)CC1,10.1016/j.ejmech.2018.03.067,29614417,1,False,False,pending_dual_review,eligible_for_primary_evidence_review,
BDB-50369688,50369688,Cn1c(-c2ccccc2)nc2c(NC3CCCCC3)ncnc21,YWKGGDFEAFOYPA-UHFFFAOYSA-N,C1CCC(CC2CCCC3CC(C4CCCCC4)CC23)CC1,10.1016/j.ejmech.2018.03.067,29614417,1,False,False,pending_dual_review,eligible_for_primary_evidence_review,
BDB-50369689,50369689,CCn1c(-c2ccccc2)nc2c(N)ncnc21,DURBCCLYBKKYNA-UHFFFAOYSA-N,C1CCC(C2CC3CCCCC3C2)CC1,10.1016/j.ejmech.2018.03.067,29614417,1,False,False,pending_dual_review,eligible_for_primary_evidence_review,
BDB-50369690,50369690,Cc1ccc(-c2nc3c(NC4CCCC4)ncnc3n2C)cc1,FGZGGVJMHZNKSA-UHFFFAOYSA-N,C1CCC(C2CC3CCCC(CC4CCCC4)C3C2)CC1,10.1016/j.ejmech.2018.03.067,29614417,1,False,False,pending_dual_review,eligible_for_primary_evidence_review,
BDB-50369691,50369691,Cn1c(-c2ccccc2)nc2c(NC3CCCC3)ncnc21,DZCYRAQDBABOGP-UHFFFAOYSA-N,C1CCC(C2CC3CCCC(CC4CCCC4)C3C2)CC1,10.1016/j.ejmech.2018.03.067,29614417,1,False,False,pending_dual_review,eligible_for_primary_evidence_review,
BDB-50369692,50369692,Cc1ccccc1-c1nc2c(NC3CCCC3)ncnc2n1C,BUXIPHBGFLYLHZ-UHFFFAOYSA-N,C1CCC(C2CC3CCCC(CC4CCCC4)C3C2)CC1,10.1016/j.ejmech.2018.03.067,29614417,1,False,False,pending_dual_review,eligible_for_primary_evidence_review,
BDB-50369694,50369694,Cn1c(-c2ccccc2Cl)nc2c(NC3CCCC3)ncnc21,YAQCXGWJUWOBGS-UHFFFAOYSA-N,C1CCC(C2CC3CCCC(CC4CCCC4)C3C2)CC1,10.1016/j.ejmech.2018.03.067,29614417,1,False,False,pending_dual_review,eligible_for_primary_evidence_review,
BDB-50369695,50369695,Cn1c(-c2cccnc2)nc2c(NC3CCCC3)ncnc21,KDIBHOZUSSKCMY-UHFFFAOYSA-N,C1CCC(C2CC3CCCC(CC4CCCC4)C3C2)CC1,10.1016/j.ejmech.2018.03.067,29614417,1,False,False,pending_dual_review,eligible_for_primary_evidence_review,
BDB-50369696,50369696,Cn1c(-c2ccccc2)nc2c(NC3CCOC3)ncnc21,YXOSDWDETWYJOQ-UHFFFAOYSA-N,C1CCC(C2CC3CCCC(CC4CCCC4)C3C2)CC1,10.1016/j.ejmech.2018.03.067,29614417,1,False,False,pending_dual_review,eligible_for_primary_evidence_review,
BDB-50369697,50369697,CCn1c(-c2ccccc2)nc2c(NC3CCC3)ncnc21,KZZKERCVUXYGNK-UHFFFAOYSA-N,C1CCC(C2CC3CCCC(CC4CCC4)C3C2)CC1,10.1016/j.ejmech.2018.03.067,29614417,1,False,False,pending_dual_review,eligible_for_primary_evidence_review,
BDB-50369698,50369698,Cn1c(-c2cccc(Cl)c2)nc2c(NC3CCCC3)ncnc21,OVFDSJYMTIFUQO-UHFFFAOYSA-N,C1CCC(C2CC3CCCC(CC4CCCC4)C3C2)CC1,10.1016/j.ejmech.2018.03.067,29614417,1,False,False,pending_dual_review,eligible_for_primary_evidence_review,
BDB-50369699,50369699,Cc1cccc(-c2nc3c(NC4CCCC4)ncnc3n2C)c1,VDEBTXCDNXRPRG-UHFFFAOYSA-N,C1CCC(C2CC3CCCC(CC4CCCC4)C3C2)CC1,10.1016/j.ejmech.2018.03.067,29614417,1,False,False,pending_dual_review,eligible_for_primary_evidence_review,
BDB-50369700,50369700,CCCn1c(-c2ccccc2)nc2c(NC3CCOC3)ncnc21,DKBVGCBQEPRZDO-UHFFFAOYSA-N,C1CCC(C2CC3CCCC(CC4CCCC4)C3C2)CC1,10.1016/j.ejmech.2018.03.067,29614417,1,False,False,pending_dual_review,eligible_for_primary_evidence_review,
BDB-50369701,50369701,Cn1c(-c2ccc(F)cc2)nc2c(NC3CCCC3)ncnc21,MCGGJXHWTYMESK-UHFFFAOYSA-N,C1CCC(C2CC3CCCC(CC4CCCC4)C3C2)CC1,10.1016/j.ejmech.2018.03.067,29614417,1,False,False,pending_dual_review,eligible_for_primary_evidence_review,
BDB-50369702,50369702,CCCn1c(-c2ccccc2)nc2c(N)ncnc21,OOAPKZGXOYZYAA-UHFFFAOYSA-N,C1CCC(C2CC3CCCCC3C2)CC1,10.1016/j.ejmech.2018.03.067,29614417,1,False,False,pending_dual_review,eligible_for_primary_evidence_review,
BDB-50369703,50369703,CCCn1c(-c2ccccc2)nc2c(NC3CCCC3)ncnc21,PKIDCKBEUXHACA-UHFFFAOYSA-N,C1CCC(C2CC3CCCC(CC4CCCC4)C3C2)CC1,10.1016/j.ejmech.2018.03.067,29614417,1,False,False,pending_dual_review,eligible_for_primary_evidence_review,
BDB-50369704,50369704,Cn1c(-c2ccc(O)cc2)nc2c(NC3CCCC3)ncnc21,OKFLBAVQKOJGFD-UHFFFAOYSA-N,C1CCC(C2CC3CCCC(CC4CCCC4)C3C2)CC1,10.1016/j.ejmech.2018.03.067,29614417,1,False,False,pending_dual_review,eligible_for_primary_evidence_review,
BDB-50369705,50369705,CCn1c(-c2ccccc2)nc2c(NC3CCCC3)ncnc21,PLUSMKBFRWKXFD-UHFFFAOYSA-N,C1CCC(C2CC3CCCC(CC4CCCC4)C3C2)CC1,10.1016/j.ejmech.2018.03.067,29614417,1,False,False,pending_dual_review,eligible_for_primary_evidence_review,
BDB-50369706,50369706,Cn1c(-c2ccccc2)nc2c(NC3CCC3)ncnc21,ZMSLVSDECFRUFH-UHFFFAOYSA-N,C1CCC(C2CC3CCCC(CC4CCC4)C3C2)CC1,10.1016/j.ejmech.2018.03.067,29614417,1,False,False,pending_dual_review,eligible_for_primary_evidence_review,
BDB-50369707,50369707,CCCn1c(-c2ccccc2)nc2c(NC3CCCCC3)ncnc21,ZDQIJRMPWIWFPQ-UHFFFAOYSA-N,C1CCC(CC2CCCC3CC(C4CCCCC4)CC23)CC1,10.1016/j.ejmech.2018.03.067,29614417,1,False,False,pending_dual_review,eligible_for_primary_evidence_review,
BDB-50370121,50370121,CCNc1nc(C#Cc2ccccc2)nc2c1ncn2C1O[C@H](CO)[C@@H](O)[C@H]1O,OVWITDYOKXEQLX-WLEDDMDJSA-N,C1CCC(CCC2CCC3CCC(C4CCCC4)C3C2)CC1,10.1021/jm0109762,12109910,1,False,False,pending_dual_review,eligible_for_primary_evidence_review,
BDB-50370872,50370872,CCC(=O)C1OC(n2cnc3c(N)nc(C#Cc4ccccc4)nc32)C(O)C1O,MBXWXPUSFDNWKE-UHFFFAOYSA-N,C1CCC(CCC2CCC3CCC(C4CCCC4)C3C2)CC1,10.1021/jm060963u,17309246,1,False,False,pending_dual_review,eligible_for_primary_evidence_review,
BDB-50372561,50372561,Cc1cc(C)n(-c2cc(NC(=O)Cc3ccc(CN4CCOCC4)cc3)nc(-c3ccc(C)o3)n2)n1,BZWHCCBCMLZMRR-UHFFFAOYSA-N,CC(CC1CCC(CC2CCCCC2)CC1)CC1CC(C2CCCC2)CC(C2CCCC2)C1,10.1016/j.bmcl.2008.01.036,18249540,1,False,False,pending_dual_review,eligible_for_primary_evidence_review,
BDB-50375410,50375410,Cn1c(=O)c2[nH]c(-c3ccc(OC(C)(C)C(=O)N4CCN(c5nc6cc(Cl)ccc6s5)CC4)cc3)cc2n(C)c1=O,HDLYYESDVJLDCB-UHFFFAOYSA-N,CC1CC(C)C2CC(C3CCC(CCC(C)C4CCC(C5CC6CCCCC6C5)CC4)CC3)CC2C1,10.1016/j.bmc.2008.01.002,18226909,1,False,False,pending_dual_review,eligible_for_primary_evidence_review,
BDB-50375479,50375479,N#Cc1c(NC(=O)C2CC2)nc(-c2ccccc2)nc1-c1ccccc1,DFTKRASYORLXLM-UHFFFAOYSA-N,CC(CC1CC(C2CCCCC2)CC(C2CCCCC2)C1)C1CC1,10.1016/j.bmc.2008.01.013,18258439,1,False,False,pending_dual_review,eligible_for_primary_evidence_review,
BDB-50375480,50375480,CCCC(=O)Nc1nc(-c2ccccc2)nc(-c2ccccc2)c1C#N,IXYNEPDHWCPNFE-UHFFFAOYSA-N,C1CCC(C2CCCC(C3CCCCC3)C2)CC1,10.1016/j.bmc.2008.01.013,18258439,1,False,False,pending_dual_review,eligible_for_primary_evidence_review,
BDB-50375481,50375481,N#Cc1c(NC(=O)C2CCCC2)nc(-c2ccccc2)nc1-c1ccccc1,LWLBZAAMAPASCS-UHFFFAOYSA-N,CC(CC1CC(C2CCCCC2)CC(C2CCCCC2)C1)C1CCCC1,10.1016/j.bmc.2008.01.013,18258439,1,False,False,pending_dual_review,eligible_for_primary_evidence_review,
BDB-50375482,50375482,O=C(Nc1cc(-c2ccc3c(c2)OCO3)nc(-c2ccccc2)n1)C1CC1,JBNQXRACQBYPQU-UHFFFAOYSA-N,CC(CC1CC(C2CCCCC2)CC(C2CCC3CCCC3C2)C1)C1CC1,10.1016/j.bmc.2008.01.013,18258439,1,False,False,pending_dual_review,eligible_for_primary_evidence_review,
BDB-50375483,50375483,CCC(CC)C(=O)Nc1cc(-c2ccc3c(c2)OCO3)nc(-c2ccccc2)n1,VSEANJMMULLJNQ-UHFFFAOYSA-N,C1CCC(C2CCCC(C3CCC4CCCC4C3)C2)CC1,10.1016/j.bmc.2008.01.013,18258439,1,False,False,pending_dual_review,eligible_for_primary_evidence_review,
BDB-50375484,50375484,CCCC(=O)Nc1cc(-c2ccc3c(c2)OCO3)nc(-c2ccccc2)n1,NACCHUCYJDPJBJ-UHFFFAOYSA-N,C1CCC(C2CCCC(C3CCC4CCCC4C3)C2)CC1,10.1016/j.bmc.2008.01.013,18258439,1,False,False,pending_dual_review,eligible_for_primary_evidence_review,
BDB-50375485,50375485,O=C(Nc1cc(-c2ccc3c(c2)OCO3)nc(-c2ccccc2)n1)C1CCCC1,HAYHNFCAHWXBMY-UHFFFAOYSA-N,CC(CC1CC(C2CCCCC2)CC(C2CCC3CCCC3C2)C1)C1CCCC1,10.1016/j.bmc.2008.01.013,18258439,1,False,False,pending_dual_review,eligible_for_primary_evidence_review,
BDB-50375486,50375486,Nc1cc(-c2ccc3c(c2)OCO3)nc(-c2ccccc2)n1,SSZGWFMOPBCXLE-UHFFFAOYSA-N,C1CCC(C2CCCC(C3CCC4CCCC4C3)C2)CC1,10.1016/j.bmc.2008.01.013|10.1021/acs.jmedchem.1c01636,18258439|35068155,2,False,False,pending_dual_review,eligible_for_primary_evidence_review,
BDB-50375487,50375487,Nc1cc(-c2ccccc2)nc(-c2ccccc2)n1,PLXFRDQUOPPVHF-UHFFFAOYSA-N,C1CCC(C2CCCC(C3CCCCC3)C2)CC1,10.1016/j.bmc.2008.01.013|10.1021/acs.jmedchem.1c01636,18258439|35068155,2,False,False,pending_dual_review,eligible_for_primary_evidence_review,
BDB-50375489,50375489,N#Cc1c(N)nc(-c2ccccc2)nc1-c1ccc2c(c1)OCO2,PKLPFRFGIRKENP-UHFFFAOYSA-N,C1CCC(C2CCCC(C3CCC4CCCC4C3)C2)CC1,10.1016/j.bmc.2008.01.013,18258439,1,False,False,pending_dual_review,eligible_for_primary_evidence_review,
BDB-50375490,50375490,Nc1nc(-c2ccccc2)cc(-c2ccccc2)n1,KZUCBEYDRUCBCS-UHFFFAOYSA-N,C1CCC(C2CCCC(C3CCCCC3)C2)CC1,10.1016/j.bmc.2008.01.013|10.1021/acs.jmedchem.1c01636,18258439|35068155,2,False,False,pending_dual_review,eligible_for_primary_evidence_review,
BDB-50375491,50375491,Cc1ccc(C(=O)Nc2nc(-c3ccccc3)c(C#N)c(-c3ccccc3)n2)cc1,XKHZNFMECUKLTA-UHFFFAOYSA-N,CC(CC1CC(C2CCCCC2)CC(C2CCCCC2)C1)C1CCCCC1,10.1016/j.bmc.2008.01.013,18258439,1,False,False,pending_dual_review,eligible_for_primary_evidence_review,
BDB-50375492,50375492,COc1ccc(C(=O)Nc2nc(-c3ccccc3)c(C#N)c(-c3ccccc3)n2)cc1,KLCCTLLKMMFGQK-UHFFFAOYSA-N,CC(CC1CC(C2CCCCC2)CC(C2CCCCC2)C1)C1CCCCC1,10.1016/j.bmc.2008.01.013,18258439,1,False,False,pending_dual_review,eligible_for_primary_evidence_review,
BDB-50375493,50375493,N#Cc1c(-c2ccccc2)nc(NC(=O)c2ccc(Cl)cc2)nc1-c1ccccc1,GRVCQAFWQOGHEB-UHFFFAOYSA-N,CC(CC1CC(C2CCCCC2)CC(C2CCCCC2)C1)C1CCCCC1,10.1016/j.bmc.2008.01.013,18258439,1,False,False,pending_dual_review,eligible_for_primary_evidence_review,
BDB-50375494,50375494,N#Cc1c(-c2ccccc2)nc(NC(=O)C2CC2)nc1-c1ccccc1,GLJCWVLDRAJSHH-UHFFFAOYSA-N,CC(CC1CC(C2CCCCC2)CC(C2CCCCC2)C1)C1CC1,10.1016/j.bmc.2008.01.013,18258439,1,False,False,pending_dual_review,eligible_for_primary_evidence_review,
BDB-50375495,50375495,CC(C)C(=O)Nc1nc(-c2ccccc2)c(C#N)c(-c2ccccc2)n1,HXIDASJJPDIVQR-UHFFFAOYSA-N,C1CCC(C2CCCC(C3CCCCC3)C2)CC1,10.1016/j.bmc.2008.01.013,18258439,1,False,False,pending_dual_review,eligible_for_primary_evidence_review,
BDB-50375496,50375496,CCC(CC)C(=O)Nc1nc(-c2ccccc2)c(C#N)c(-c2ccccc2)n1,GIBHMVZSUVKWMF-UHFFFAOYSA-N,C1CCC(C2CCCC(C3CCCCC3)C2)CC1,10.1016/j.bmc.2008.01.013,18258439,1,False,False,pending_dual_review,eligible_for_primary_evidence_review,
BDB-50375497,50375497,CCCC(=O)Nc1nc(-c2ccccc2)c(C#N)c(-c2ccccc2)n1,ZTAOSFCZIBRXKB-UHFFFAOYSA-N,C1CCC(C2CCCC(C3CCCCC3)C2)CC1,10.1016/j.bmc.2008.01.013,18258439,1,False,False,pending_dual_review,eligible_for_primary_evidence_review,
BDB-50375498,50375498,CCCC(=O)Nc1nc(-c2ccccc2)c(C#N)c(-c2ccc3c(c2)OCO3)n1,PKPBGJLBUYCAGN-UHFFFAOYSA-N,C1CCC(C2CCCC(C3CCC4CCCC4C3)C2)CC1,10.1016/j.bmc.2008.01.013,18258439,1,False,False,pending_dual_review,eligible_for_primary_evidence_review,
BDB-50375499,50375499,N#Cc1c(-c2ccccc2)nc(NC(=O)C2CCCC2)nc1-c1ccc2c(c1)OCO2,SYSUVQKHSMDCHY-UHFFFAOYSA-N,CC(CC1CC(C2CCCCC2)CC(C2CCC3CCCC3C2)C1)C1CCCC1,10.1016/j.bmc.2008.01.013|10.1021/acs.jmedchem.1c01636,18258439|35068155,2,False,False,pending_dual_review,eligible_for_primary_evidence_review,
BDB-50375500,50375500,N#Cc1c(-c2ccccc2)nc(N)nc1-c1ccc2c(c1)OCO2,GBQXIYDOPGLBKE-UHFFFAOYSA-N,C1CCC(C2CCCC(C3CCC4CCCC4C3)C2)CC1,10.1016/j.bmc.2008.01.013|10.1021/acs.jmedchem.1c01636,18258439|35068155,2,False,False,pending_dual_review,eligible_for_primary_evidence_review,
BDB-50375503,50375503,Nc1nc(-c2ccccc2)cc(-c2ccc3c(c2)OCO3)n1,GMFUAXNHEQYTAU-UHFFFAOYSA-N,C1CCC(C2CCCC(C3CCC4CCCC4C3)C2)CC1,10.1016/j.bmc.2008.01.013,18258439,1,False,False,pending_dual_review,eligible_for_primary_evidence_review,
BDB-50375504,50375504,N#Cc1c(-c2ccccc2)nc(NC(=O)C2CCCC2)nc1-c1ccccc1,DJXZJUCLYUCBCO-UHFFFAOYSA-N,CC(CC1CC(C2CCCCC2)CC(C2CCCCC2)C1)C1CCCC1,10.1016/j.bmc.2008.01.013,18258439,1,False,False,pending_dual_review,eligible_for_primary_evidence_review,
BDB-50375505,50375505,N#Cc1c(-c2ccccc2)nc(N)nc1-c1ccccc1,JMXZSEAMWCKILY-UHFFFAOYSA-N,C1CCC(C2CCCC(C3CCCCC3)C2)CC1,10.1016/j.bmc.2008.01.013|10.1021/acs.jmedchem.1c01636,18258439|35068155,2,False,False,pending_dual_review,eligible_for_primary_evidence_review,
BDB-50376934,50376934,O=C(COc1ccc(Nc2nc(OCCc3c[nH]c4cc(Br)ccc34)nc3c2ncn3[C@@H]2O[C@H](CO)[C@@H](O)[C@H]2O)cc1)Nc1ccccc1,AYTIQMDUSGIKIT-FTBITJBVSA-N,CC(CCC1CCC(CC2CC(CCCC3CCC4CCCCC43)CC3C(C4CCCC4)CCC23)CC1)CC1CCCCC1,10.1021/jm701442d,18321038,1,False,False,pending_dual_review,eligible_for_primary_evidence_review,
BDB-50376936,50376936,CCn1c(=O)c2[nH]c(-c3cnn(Cc4ccccc4)c3)nc2n(C)c1=O,JRNVLEAISASUBL-UHFFFAOYSA-N,CC1CC(C)C2CC(C3CCC(CC4CCCCC4)C3)CC2C1,10.1021/jm7014815,18321039,1,False,False,pending_dual_review,eligible_for_primary_evidence_review,
BDB-50376937,50376937,CCCn1c(=O)c2[nH]c(-c3cnn(Cc4cc(-c5ccc(C(F)(F)F)cc5)on4)c3)nc2n(CC)c1=O,VZYBYMUZWCFKQU-UHFFFAOYSA-N,CC1CC(C)C2CC(C3CCC(CC4CCC(C5CCCCC5)C4)C3)CC2C1,10.1021/jm7014815,18321039,1,False,False,pending_dual_review,eligible_for_primary_evidence_review,
BDB-50376938,50376938,CCCn1c(=O)c2[nH]c(-c3cnn(Cc4nc(-c5ccc(Cl)cc5)no4)c3)nc2n(CC)c1=O,HEHWDTREEVPBPD-UHFFFAOYSA-N,CC1CC(C)C2CC(C3CCC(CC4CCC(C5CCCCC5)C4)C3)CC2C1,10.1021/jm7014815,18321039,1,False,False,pending_dual_review,eligible_for_primary_evidence_review,
BDB-50376940,50376940,CCn1c(=O)n(CC2CC2)c(=O)c2[nH]c(-c3cnn(-c4ccc(C(F)(F)F)nc4)c3)nc21,OQUMIZKQRHEKML-UHFFFAOYSA-N,CC1CC2CC(C3CCC(C4CCCCC4)C3)CC2C(C)C1CC1CC1,10.1021/jm7014815,18321039,1,False,False,pending_dual_review,eligible_for_primary_evidence_review,
BDB-50376941,50376941,CCn1c(=O)n(CC(C)C)c(=O)c2[nH]c(-c3cnn(-c4ccc(C(F)(F)F)nc4)c3)nc21,XCXPBKCUKHGLIE-UHFFFAOYSA-N,CC1CC(C)C2CC(C3CCC(C4CCCCC4)C3)CC2C1,10.1021/jm7014815,18321039,1,False,False,pending_dual_review,eligible_for_primary_evidence_review,
BDB-50376942,50376942,CCCn1c(=O)c2[nH]c(-c3cnn(-c4ccc(C(F)(F)F)nc4)c3)nc2n(CC)c1=O,NEWRGCNLXGPNIV-UHFFFAOYSA-N,CC1CC(C)C2CC(C3CCC(C4CCCCC4)C3)CC2C1,10.1021/jm7014815,18321039,1,False,False,pending_dual_review,eligible_for_primary_evidence_review,
BDB-50376943,50376943,CCCn1c(=O)c2[nH]c(-c3cnn(-c4ccc(C)nc4)c3)nc2n(CC)c1=O,MPYADSNISZPEDK-UHFFFAOYSA-N,CC1CC(C)C2CC(C3CCC(C4CCCCC4)C3)CC2C1,10.1021/jm7014815,18321039,1,False,False,pending_dual_review,eligible_for_primary_evidence_review,
BDB-50376944,50376944,CCn1c(=O)n(CC(C)C)c(=O)c2[nH]c(-c3cnn(Cc4cccc(C(F)(F)F)c4)c3)nc21,DGJKEVKNNOMMSR-UHFFFAOYSA-N,CC1CC(C)C2CC(C3CCC(CC4CCCCC4)C3)CC2C1,10.1021/jm7014815,18321039,1,False,False,pending_dual_review,eligible_for_primary_evidence_review,
BDB-50376945,50376945,CCn1c(=O)n(CC(C)C)c(=O)c2[nH]c(-c3cnn(Cc4cccc(F)c4)c3)nc21,GAWJBBKIZMQUCV-UHFFFAOYSA-N,CC1CC(C)C2CC(C3CCC(CC4CCCCC4)C3)CC2C1,10.1021/jm7014815,18321039,1,False,False,pending_dual_review,eligible_for_primary_evidence_review,
BDB-50376946,50376946,CCCn1c(=O)c2[nH]c(-c3cnn(Cc4cccc(F)c4)c3)nc2n(CC)c1=O,UNAVLTRDQJCVAE-UHFFFAOYSA-N,CC1CC(C)C2CC(C3CCC(CC4CCCCC4)C3)CC2C1,10.1021/jm7014815,18321039,1,False,False,pending_dual_review,eligible_for_primary_evidence_review,
BDB-50376947,50376947,Cn1c(=O)n(CC2CC2)c(=O)c2[nH]c(-c3cnn(Cc4cccc(C(F)(F)F)c4)c3)nc21,NUMOUMWZKQANSP-UHFFFAOYSA-N,CC1CC2CC(C3CCC(CC4CCCCC4)C3)CC2C(C)C1CC1CC1,10.1021/jm7014815,18321039,1,False,False,pending_dual_review,eligible_for_primary_evidence_review,
BDB-50376948,50376948,Cn1c(=O)n(CC2CC2)c(=O)c2[nH]c(-c3cnn(Cc4cccc(F)c4)c3)nc21,DOTYCWXTUKFRHZ-UHFFFAOYSA-N,CC1CC2CC(C3CCC(CC4CCCCC4)C3)CC2C(C)C1CC1CC1,10.1021/jm7014815,18321039,1,False,False,pending_dual_review,eligible_for_primary_evidence_review,
BDB-50376949,50376949,Cn1c(=O)n(CC2CC2)c(=O)c2[nH]c(-c3cnn(Cc4ccccc4)c3)nc21,MNSIOYQSJGYMQS-UHFFFAOYSA-N,CC1CC2CC(C3CCC(CC4CCCCC4)C3)CC2C(C)C1CC1CC1,10.1021/jm7014815,18321039,1,False,False,pending_dual_review,eligible_for_primary_evidence_review,
BDB-50376950,50376950,CC(C)Cn1c(=O)c2[nH]c(-c3cnn(Cc4cccc(F)c4)c3)nc2n(C)c1=O,NAJBDLXZHBQZJD-UHFFFAOYSA-N,CC1CC(C)C2CC(C3CCC(CC4CCCCC4)C3)CC2C1,10.1021/jm7014815,18321039,1,False,False,pending_dual_review,eligible_for_primary_evidence_review,
BDB-50376951,50376951,CC(C)Cn1c(=O)c2[nH]c(-c3cnn(Cc4ccccc4)c3)nc2n(C)c1=O,MHPWKGIBRFKMRN-UHFFFAOYSA-N,CC1CC(C)C2CC(C3CCC(CC4CCCCC4)C3)CC2C1,10.1021/jm7014815,18321039,1,False,False,pending_dual_review,eligible_for_primary_evidence_review,
BDB-50376952,50376952,CCCCn1c(=O)c2[nH]c(-c3cnn(Cc4cccc(C(F)(F)F)c4)c3)nc2n(C)c1=O,LHJFJDSBEAOBSD-UHFFFAOYSA-N,CC1CC(C)C2CC(C3CCC(CC4CCCCC4)C3)CC2C1,10.1021/jm7014815,18321039,1,False,False,pending_dual_review,eligible_for_primary_evidence_review,
BDB-50376953,50376953,CCCn1c(=O)c2[nH]c(-c3cnn(Cc4cccc(F)c4)c3)nc2n(C)c1=O,XRNVNQOSVLRMLM-UHFFFAOYSA-N,CC1CC(C)C2CC(C3CCC(CC4CCCCC4)C3)CC2C1,10.1021/jm7014815,18321039,1,False,False,pending_dual_review,eligible_for_primary_evidence_review,
BDB-50376954,50376954,CCn1c(=O)c2[nH]c(-c3cnn(Cc4cccc(C(F)(F)F)c4)c3)nc2n(C)c1=O,NQHWKHKLUZDJPK-UHFFFAOYSA-N,CC1CC(C)C2CC(C3CCC(CC4CCCCC4)C3)CC2C1,10.1021/jm7014815,18321039,1,False,False,pending_dual_review,eligible_for_primary_evidence_review,
BDB-50376955,50376955,CCn1c(=O)c2[nH]c(-c3cnn(Cc4cccc(F)c4)c3)nc2n(C)c1=O,NHFVPOFRVAXYBX-UHFFFAOYSA-N,CC1CC(C)C2CC(C3CCC(CC4CCCCC4)C3)CC2C1,10.1021/jm7014815,18321039,1,False,False,pending_dual_review,eligible_for_primary_evidence_review,
BDB-50376957,50376957,CCCn1c(=O)c2[nH]c(-c3cnn(Cc4cc(-c5ccc(Cl)cc5)on4)c3)nc2n(CC)c1=O,PSHSAHVUUAGSSH-UHFFFAOYSA-N,CC1CC(C)C2CC(C3CCC(CC4CCC(C5CCCCC5)C4)C3)CC2C1,10.1021/jm7014815,18321039,1,False,False,pending_dual_review,eligible_for_primary_evidence_review,
BDB-50376959,50376959,CCCn1c(=O)c2[nH]c(-c3cnn(-c4ccc[n+]([O-])c4)c3)nc2n(CC)c1=O,GPRBBXMEYKJGLL-UHFFFAOYSA-N,CC1CC(C)C2CC(C3CCC(C4CCCCC4)C3)CC2C1,10.1021/jm7014815,18321039,1,False,False,pending_dual_review,eligible_for_primary_evidence_review,
BDB-50376960,50376960,CCCn1c(=O)c2[nH]c(-c3cnn(-c4ccccn4)c3)nc2n(CC)c1=O,VNLLBUNHJAEHBK-UHFFFAOYSA-N,CC1CC(C)C2CC(C3CCC(C4CCCCC4)C3)CC2C1,10.1021/jm7014815,18321039,1,False,False,pending_dual_review,eligible_for_primary_evidence_review,
BDB-50376962,50376962,CCn1c(=O)n(CC2CC2)c(=O)c2[nH]c(-c3cnn(Cc4ccccc4)c3)nc21,XQHOPTYJMROILQ-UHFFFAOYSA-N,CC1CC2CC(C3CCC(CC4CCCCC4)C3)CC2C(C)C1CC1CC1,10.1021/jm7014815,18321039,1,False,False,pending_dual_review,eligible_for_primary_evidence_review,
BDB-50376963,50376963,CCn1c(=O)n(CC2CC2)c(=O)c2[nH]c(-c3cn[nH]c3)nc21,GIKOGMKUAJVTJD-UHFFFAOYSA-N,CC1CC2CC(C3CCCC3)CC2C(C)C1CC1CC1,10.1021/jm7014815,18321039,1,False,False,pending_dual_review,eligible_for_primary_evidence_review,
BDB-50376964,50376964,CCCn1c(=O)c2[nH]c(-c3cnn(Cc4ccccc4)c3)nc2n(CC)c1=O,RBSGLFFQVXTHGI-UHFFFAOYSA-N,CC1CC(C)C2CC(C3CCC(CC4CCCCC4)C3)CC2C1,10.1021/jm7014815,18321039,1,False,False,pending_dual_review,eligible_for_primary_evidence_review,
BDB-50376965,50376965,CC(C)Cn1c(=O)c2[nH]c(-c3cnn(Cc4cccc(C(F)(F)F)c4)c3)nc2n(C)c1=O,SSDNDHADKQNKGD-UHFFFAOYSA-N,CC1CC(C)C2CC(C3CCC(CC4CCCCC4)C3)CC2C1,10.1021/jm7014815,18321039,1,False,False,pending_dual_review,eligible_for_primary_evidence_review,
BDB-50376967,50376967,CCCCn1c(=O)c2[nH]c(-c3cnn(Cc4cccc(F)c4)c3)nc2n(C)c1=O,BVZHNRXZWXPJEX-UHFFFAOYSA-N,CC1CC(C)C2CC(C3CCC(CC4CCCCC4)C3)CC2C1,10.1021/jm7014815,18321039,1,False,False,pending_dual_review,eligible_for_primary_evidence_review,
BDB-50376968,50376968,CCCCn1c(=O)c2[nH]c(-c3cnn(Cc4ccccc4)c3)nc2n(C)c1=O,JZILCKWTKVDTLU-UHFFFAOYSA-N,CC1CC(C)C2CC(C3CCC(CC4CCCCC4)C3)CC2C1,10.1021/jm7014815,18321039,1,False,False,pending_dual_review,eligible_for_primary_evidence_review,
BDB-50376969,50376969,CCCn1c(=O)c2[nH]c(-c3cnn(Cc4ccccc4)c3)nc2n(C)c1=O,GMIZVHIQWGRKGU-UHFFFAOYSA-N,CC1CC(C)C2CC(C3CCC(CC4CCCCC4)C3)CC2C1,10.1021/jm7014815,18321039,1,False,False,pending_dual_review,eligible_for_primary_evidence_review,
BDB-50377454,50377454,O[C@H](c1cc(C(F)(F)F)nc2c(C(F)(F)F)cccc12)[C@H]1CCCCN1,XEEQGYMUWCZPDN-IUODEOHRSA-N,C1CCC(CC2CCCC3CCCCC32)CC1,10.1016/j.bmcl.2008.03.075,18406614,1,False,False,pending_dual_review,eligible_for_primary_evidence_review,
BDB-50377455,50377455,O=C(c1ccccn1)c1nc(C(F)(F)F)nc2ccsc12,LRPPAXIITWFHKU-UHFFFAOYSA-N,CC(C1CCCCC1)C1CCCC2CCCC21,10.1016/j.bmcl.2008.03.075,18406614,1,False,False,pending_dual_review,eligible_for_primary_evidence_review,
BDB-50377456,50377456,O=C(c1ccccc1)c1nc(C(F)(F)F)nc2ccsc12,QUXRIHFVPDCLLJ-UHFFFAOYSA-N,CC(C1CCCCC1)C1CCCC2CCCC21,10.1016/j.bmcl.2008.03.075,18406614,1,False,False,pending_dual_review,eligible_for_primary_evidence_review,
BDB-50377457,50377457,OC(c1ccccc1)c1nc(C(F)(F)F)nc2ccccc12,OQEUHHSXHLBOGL-UHFFFAOYSA-N,C1CCC(CC2CCCC3CCCCC32)CC1,10.1016/j.bmcl.2008.03.075,18406614,1,False,False,pending_dual_review,eligible_for_primary_evidence_review,
BDB-50377458,50377458,OC(c1ccccc1)c1cc(C(F)(F)F)nc2ccccc12,CCEVSDBDTAPCRQ-UHFFFAOYSA-N,C1CCC(CC2CCCC3CCCCC32)CC1,10.1016/j.bmcl.2008.03.075,18406614,1,False,False,pending_dual_review,eligible_for_primary_evidence_review,
BDB-50377461,50377461,O=C(c1ccncc1)c1nc(C(F)(F)F)nc2ccsc12,DVGFEHLWKVFWRZ-UHFFFAOYSA-N,CC(C1CCCCC1)C1CCCC2CCCC21,10.1016/j.bmcl.2008.03.075,18406614,1,False,False,pending_dual_review,eligible_for_primary_evidence_review,
BDB-50377462,50377462,OC(c1ccccc1)c1nc(C(F)(F)F)nc2ccsc12,DDCSPUVXAWCVQI-UHFFFAOYSA-N,C1CCC(CC2CCCC3CCCC32)CC1,10.1016/j.bmcl.2008.03.075,18406614,1,False,False,pending_dual_review,eligible_for_primary_evidence_review,
BDB-50377463,50377463,O[C@@H](c1cc(C(F)(F)F)nc2c(C(F)(F)F)cccc12)[C@@H]1CCCCN1,XEEQGYMUWCZPDN-WFASDCNBSA-N,C1CCC(CC2CCCC3CCCCC32)CC1,10.1016/j.bmcl.2008.03.075,18406614,1,False,False,pending_dual_review,eligible_for_primary_evidence_review,
BDB-50377472,50377472,O=C(c1cccnc1)c1nc(C(F)(F)F)nc2ccsc12,KOTFBMKZWHLDEW-UHFFFAOYSA-N,CC(C1CCCCC1)C1CCCC2CCCC21,10.1016/j.bmcl.2008.03.075,18406614,1,False,False,pending_dual_review,eligible_for_primary_evidence_review,
BDB-50377524,50377524,Nc1nc(-c2ccccn2)c2cnn(Cc3ccccc3F)c2n1,LOJKDRXNZHPENN-UHFFFAOYSA-N,C1CCC(CC2CCC3C(C4CCCCC4)CCCC23)CC1,10.1016/j.bmcl.2008.03.072,18411049,1,False,False,pending_dual_review,eligible_for_primary_evidence_review,
BDB-50377541,50377541,CN(C)c1nc(-c2ccco2)c2cnn(CCc3ccccc3)c2n1,LBMUNXQFWQLDNX-UHFFFAOYSA-N,C1CCC(CCC2CCC3C(C4CCCC4)CCCC23)CC1,10.1016/j.bmcl.2008.03.072,18411049,1,False,False,pending_dual_review,eligible_for_primary_evidence_review,
BDB-50377542,50377542,OCCNc1nc(-c2ccco2)c2cnn(CCc3ccccc3)c2n1,JGQYXLFYKIBEOC-UHFFFAOYSA-N,C1CCC(CCC2CCC3C(C4CCCC4)CCCC23)CC1,10.1016/j.bmcl.2008.03.072,18411049,1,False,False,pending_dual_review,eligible_for_primary_evidence_review,
BDB-50377543,50377543,Nc1nc(-c2ccco2)c2cnn(C(=O)NCc3ccccc3)c2n1,QJFITZRFGJYVRW-UHFFFAOYSA-N,CC(CCC1CCCCC1)C1CCC2C(C3CCCC3)CCCC12,10.1016/j.bmcl.2008.03.072,18411049,1,False,False,pending_dual_review,eligible_for_primary_evidence_review,
BDB-50377544,50377544,Nc1nc(-c2ccco2)c2cnn(CCCc3ccccc3)c2n1,CECMCHUAHZIDKZ-UHFFFAOYSA-N,C1CCC(CCCC2CCC3C(C4CCCC4)CCCC23)CC1,10.1016/j.bmcl.2008.03.072,18411049,1,False,False,pending_dual_review,eligible_for_primary_evidence_review,
BDB-50377545,50377545,Nc1nc(-c2ccco2)c2cnn(CCc3ccccc3)c2n1,YBIVOYNTSZZZBM-UHFFFAOYSA-N,C1CCC(CCC2CCC3C(C4CCCC4)CCCC23)CC1,10.1016/j.bmcl.2008.03.072,18411049,1,False,False,pending_dual_review,eligible_for_primary_evidence_review,
BDB-50377546,50377546,Nc1nc(-c2ccco2)c2cnn(Cc3ccco3)c2n1,PDHBEXZQMIJQMS-UHFFFAOYSA-N,C1CCC(CC2CCC3C(C4CCCC4)CCCC23)C1,10.1016/j.bmcl.2008.03.072,18411049,1,False,False,pending_dual_review,eligible_for_primary_evidence_review,
BDB-50377551,50377551,Cc1nc(-c2ccco2)c2ncn(C(=O)NCc3ccccc3)c2n1,CCRUZPKJFJCMMV-UHFFFAOYSA-N,CC(CCC1CCCCC1)C1CCC2C(C3CCCC3)CCCC12,10.1016/j.bmcl.2008.03.072,18411049,1,False,False,pending_dual_review,eligible_for_primary_evidence_review,
BDB-50377552,50377552,CN(C)c1nc(-c2ccco2)c2ncn(C(=O)NCc3ccccc3)c2n1,FAUUSUIGZZQJGV-UHFFFAOYSA-N,CC(CCC1CCCCC1)C1CCC2C(C3CCCC3)CCCC12,10.1016/j.bmcl.2008.03.072,18411049,1,False,False,pending_dual_review,eligible_for_primary_evidence_review,
BDB-50377553,50377553,COc1nc(-c2ccco2)c2ncn(C(=O)NCc3ccccc3)c2n1,JREWZOTXARJEGR-UHFFFAOYSA-N,CC(CCC1CCCCC1)C1CCC2C(C3CCCC3)CCCC12,10.1016/j.bmcl.2008.03.072,18411049,1,False,False,pending_dual_review,eligible_for_primary_evidence_review,
BDB-50377554,50377554,Nc1nc(-c2cncs2)c2ncn(C(=O)NCc3ccccc3)c2n1,JJZYAKKNEYIADW-UHFFFAOYSA-N,CC(CCC1CCCCC1)C1CCC2C(C3CCCC3)CCCC12,10.1016/j.bmcl.2008.03.072,18411049,1,False,False,pending_dual_review,eligible_for_primary_evidence_review,
BDB-50377555,50377555,Nc1nc(-c2ccccc2)c2ncn(C(=O)NCc3ccccc3)c2n1,MNONTGDJIJLFPU-UHFFFAOYSA-N,CC(CCC1CCCCC1)C1CCC2C(C3CCCCC3)CCCC12,10.1016/j.bmcl.2008.03.072,18411049,1,False,False,pending_dual_review,eligible_for_primary_evidence_review,
BDB-50377556,50377556,Nc1nc(-c2ccco2)c2ncn(C(=O)NCc3ccccc3Cl)c2n1,HMUPZJIZTXUIKI-UHFFFAOYSA-N,CC(CCC1CCCCC1)C1CCC2C(C3CCCC3)CCCC12,10.1016/j.bmcl.2008.03.072,18411049,1,False,False,pending_dual_review,eligible_for_primary_evidence_review,
BDB-50377557,50377557,Cc1ccc(CNC(=O)n2cnc3c(-c4ccco4)nc(N)nc32)cc1,MVTLHJQDHDRQHB-UHFFFAOYSA-N,CC(CCC1CCCCC1)C1CCC2C(C3CCCC3)CCCC12,10.1016/j.bmcl.2008.03.072,18411049,1,False,False,pending_dual_review,eligible_for_primary_evidence_review,
BDB-50377558,50377558,Nc1nc(-c2ccco2)c2ncn(C(=O)NCc3ccc(F)cc3)c2n1,MZESVGYCZMDKDP-UHFFFAOYSA-N,CC(CCC1CCCCC1)C1CCC2C(C3CCCC3)CCCC12,10.1016/j.bmcl.2008.03.072,18411049,1,False,False,pending_dual_review,eligible_for_primary_evidence_review,
BDB-50377560,50377560,C[C@@H](NC(=O)n1cnc2c(-c3ccco3)nc(N)nc21)c1ccccc1,NNZNWPJLQJFDKS-LLVKDONJSA-N,CC(CCC1CCCCC1)C1CCC2C(C3CCCC3)CCCC12,10.1016/j.bmcl.2008.03.072,18411049,1,False,False,pending_dual_review,eligible_for_primary_evidence_review,
BDB-50377561,50377561,C[C@H](NC(=O)n1cnc2c(-c3ccco3)nc(N)nc21)c1ccccc1,NNZNWPJLQJFDKS-NSHDSACASA-N,CC(CCC1CCCCC1)C1CCC2C(C3CCCC3)CCCC12,10.1016/j.bmcl.2008.03.072,18411049,1,False,False,pending_dual_review,eligible_for_primary_evidence_review,
BDB-50377562,50377562,Nc1nc(-c2ccco2)c2ncn(C(=O)NCCc3ccccc3)c2n1,ZYZWFDVXMLCIOU-UHFFFAOYSA-N,CC(CCCC1CCCCC1)C1CCC2C(C3CCCC3)CCCC12,10.1016/j.bmcl.2008.03.072,18411049,1,False,False,pending_dual_review,eligible_for_primary_evidence_review,
BDB-50377563,50377563,Nc1nc(-c2cccs2)c2ncn(C(=O)NCc3ccccc3)c2n1,DOKVRWZEPDBWPE-UHFFFAOYSA-N,CC(CCC1CCCCC1)C1CCC2C(C3CCCC3)CCCC12,10.1016/j.bmcl.2008.03.072,18411049,1,False,False,pending_dual_review,eligible_for_primary_evidence_review,
BDB-50377564,50377564,Nc1nc(-c2ccco2)c2ncn(C(=O)Nc3ccccc3)c2n1,QMEASQQMYFHHFE-UHFFFAOYSA-N,CC(CC1CCCCC1)C1CCC2C(C3CCCC3)CCCC12,10.1016/j.bmcl.2008.03.072,18411049,1,False,False,pending_dual_review,eligible_for_primary_evidence_review,
BDB-50377565,50377565,CSc1nc(-c2ccco2)c2ncn(C(=O)NCc3ccccc3)c2n1,QPYVOTKYHJQJIY-UHFFFAOYSA-N,CC(CCC1CCCCC1)C1CCC2C(C3CCCC3)CCCC12,10.1016/j.bmcl.2008.03.072,18411049,1,False,False,pending_dual_review,eligible_for_primary_evidence_review,
BDB-50377566,50377566,Cc1cccc(CNC(=O)n2cnc3c(-c4ccco4)nc(N)nc32)c1,FXGWAOVZUWGRNJ-UHFFFAOYSA-N,CC(CCC1CCCCC1)C1CCC2C(C3CCCC3)CCCC12,10.1016/j.bmcl.2008.03.072,18411049,1,False,False,pending_dual_review,eligible_for_primary_evidence_review,
BDB-50377567,50377567,Nc1nc(-c2ccco2)c2ncn(C(=O)NCc3cccs3)c2n1,GKLBSQTXWHNDSY-UHFFFAOYSA-N,CC(CCC1CCCC1)C1CCC2C(C3CCCC3)CCCC12,10.1016/j.bmcl.2008.03.072,18411049,1,False,False,pending_dual_review,eligible_for_primary_evidence_review,
BDB-50379106,50379106,O[C@@H]1[C@H](O)[C@@H]2C[C@@H]2[C@H]1n1cnc2c(NCC3CC3)nc(Cl)nc21,NFODXFUERKMFSF-FFVUVFKMSA-N,C1CC(CCC2CC2)C2CCC(C3CCC4CC43)C2C1,10.1021/jm300965a|10.1021/ml200114q,21858244|22921089,2,False,False,pending_dual_review,eligible_for_primary_evidence_review,
BDB-50379107,50379107,O[C@@H]1[C@H](O)[C@@H]2C[C@@H]2[C@H]1n1cnc2c(NC(C3CC3)C3CC3)nc(Cl)nc21,XJBGUZYJXHUHPS-HLXQIYJLSA-N,C1CC(CC(C2CC2)C2CC2)C2CCC(C3CCC4CC43)C2C1,10.1021/acs.jmedchem.6b01183|10.1021/acs.jmedchem.8b01662|10.1021/jm300965a|10.1021/ml200114q,21858244|22921089|27933810|30605331,4,False,False,pending_dual_review,eligible_for_primary_evidence_review,
BDB-50379109,50379109,O[C@@H]1[C@H](O)[C@@H]2C[C@@H]2[C@H]1n1cnc2c(N[C@H]3C[C@H]4CC[C@H]3C4)nc(Cl)nc21,ZLLOSSUFUKWKEK-OZJSYBHDSA-N,C1CC(CC2CC3CCC2C3)C2CCC(C3CCC4CC43)C2C1,10.1021/ml200114q,21858244,1,False,False,pending_dual_review,eligible_for_primary_evidence_review,
BDB-50379110,50379110,O[C@@H]1[C@H](O)[C@@H]2C[C@@H]2[C@H]1n1cnc2c(NC3CCCCC3)nc(Cl)nc21,FWCAXXBWEDQGJG-HNTFPEDGSA-N,C1CCC(CC2CCCC3C2CCC3C2CCC3CC32)CC1,10.1021/ml200114q,21858244,1,False,False,pending_dual_review,eligible_for_primary_evidence_review,
BDB-50379111,50379111,O[C@@H]1[C@H](O)[C@@H]2C[C@@H]2[C@H]1n1cnc2c(NC3CCC3)nc(Cl)nc21,KPGIVUGNOFGZRD-FFVUVFKMSA-N,C1CC(CC2CCCC3C2CCC3C2CCC3CC32)C1,10.1021/ml200114q,21858244,1,False,False,pending_dual_review,eligible_for_primary_evidence_review,
BDB-50379112,50379112,COc1cc(F)c(F)cc1CNc1nc(Cl)nc2c1ncn2[C@H]1[C@H](O)[C@H](O)[C@@H]2C[C@@H]21,RWYGLZYBRQKSMG-HDUOCVEJSA-N,C1CCC(CCC2CCCC3C2CCC3C2CCC3CC32)CC1,10.1021/ml200114q,21858244,1,False,False,pending_dual_review,eligible_for_primary_evidence_review,
BDB-50379119,50379119,CCC(CC)Nc1nc(Cl)nc2c1ncn2[C@H]1[C@H](O)[C@H](O)[C@@H]2C[C@@H]21,SKWTZWKZAJNAQW-AMGFRPDHSA-N,C1CCC2C(C1)CCC2C1CCC2CC21,10.1021/ml200114q,21858244,1,False,False,pending_dual_review,eligible_for_primary_evidence_review,
BDB-50379123,50379123,O[C@@H]1[C@H](O)[C@@H]2C[C@@H]2[C@H]1n1cnc2c(N[C@@H]3C[C@H]4CC[C@H]3C4)nc(Cl)nc21,ZLLOSSUFUKWKEK-YQNZPUROSA-N,C1CC(CC2CC3CCC2C3)C2CCC(C3CCC4CC43)C2C1,10.1021/ml200114q,21858244,1,False,False,pending_dual_review,eligible_for_primary_evidence_review,
BDB-50379125,50379125,O[C@@H]1[C@H](O)[C@@H]2C[C@@H]2[C@H]1n1cnc2c(NC3CCCCCC3)nc(Cl)nc21,KYVGFSDVXJJOGC-JHOKLZQASA-N,C1CCCC(CC2CCCC3C2CCC3C2CCC3CC32)CC1,10.1021/ml200114q,21858244,1,False,False,pending_dual_review,eligible_for_primary_evidence_review,
BDB-50379126,50379126,O[C@@H]1[C@H](O)[C@@H]2C[C@@H]2[C@H]1n1cnc2c(NC3CC3)nc(Cl)nc21,KEAYIRRJYLOFDN-MNGNJOOVSA-N,C1CC(CC2CC2)C2CCC(C3CCC4CC43)C2C1,10.1021/ml200114q,21858244,1,False,False,pending_dual_review,eligible_for_primary_evidence_review,
BDB-50379127,50379127,Nc1nc(Cl)nc2c1ncn2[C@H]1[C@H](O)[C@H](O)[C@@H]2C[C@@H]21,GHASPOAKLKEJJF-OCGPHCGFSA-N,C1CCC2C(C1)CCC2C1CCC2CC21,10.1021/jm300965a|10.1021/ml200114q,21858244|22921089,2,False,False,pending_dual_review,eligible_for_primary_evidence_review,
BDB-50379186,50379186,CC(C)Cn1c2ccc(Nc3ncccn3)cc2c2c3c(c4c(c21)CCc1nn(C)cc1-4)C(=O)NC3,AEULIVPVIDOLIN-UHFFFAOYSA-N,CC1CCC2C3C4CC(CC5CCCCC5)CCC4CC3C3CCC4CCCC4C3C12,10.1021/jm201449n,22148921,1,False,False,pending_dual_review,eligible_for_primary_evidence_review,
BDB-50382976,50382976,Nc1cccc(Cc2sc(=O)[nH]c2O)c1,LSMSHSAMUCIUEC-UHFFFAOYSA-N,CC1CCC(CC2CCCCC2)C1,10.1021/jm201455y,22250781,1,False,False,pending_dual_review,eligible_for_primary_evidence_review,
BDB-50382977,50382977,CSc1nc2nc3c(c(=O)n2[nH]1)CN(Cc1ccccc1)CC3,XEPILNOUAKDUOM-UHFFFAOYSA-N,CC1C2CCCC2CC2CCC(CC3CCCCC3)CC21,10.1021/jm201455y,22250781,1,False,False,pending_dual_review,eligible_for_primary_evidence_review,
BDB-50382978,50382978,Cc1csc(-c2coc3cc(OCC(=O)O)cc(C)c3c2=O)n1,ZEIRIYJTRSQIFR-UHFFFAOYSA-N,CC1C2CCCCC2CCC1C1CCCC1,10.1021/jm201455y,22250781,1,False,False,pending_dual_review,eligible_for_primary_evidence_review,
BDB-50382979,50382979,NC(c1csc(Nc2nncc3ccccc23)n1)c1ccccc1Cl,GCRYBPRWBPKFMF-UHFFFAOYSA-N,C1CCC(CC2CCC(CC3CCCC4CCCCC43)C2)CC1,10.1021/jm201455y,22250781,1,False,False,pending_dual_review,eligible_for_primary_evidence_review,
BDB-50382980,50382980,COCCN1C(=O)c2[nH]nc(-c3ccccc3O)c2C1c1ccc(F)cc1,DTKJWTOMZQJZSY-UHFFFAOYSA-N,CC1CC(C2CCCCC2)C2C1CCC2C1CCCCC1,10.1021/jm201455y,22250781,1,False,False,pending_dual_review,eligible_for_primary_evidence_review,
BDB-50382981,50382981,O=C(c1ccc(F)cc1)c1c[nH]c(C(=O)NCCCn2ccnc2)c1,JHUQHPVXHDWQFJ-UHFFFAOYSA-N,CC(CCCCC1CCCC1)C1CCC(C(C)C2CCCCC2)C1,10.1021/jm201455y,22250781,1,False,False,pending_dual_review,eligible_for_primary_evidence_review,
BDB-50382982,50382982,COc1ccc(N2CC(C(=O)NC(Cc3ccccc3)C(=O)O)CC2=O)cc1,YNSVRVIBICMHME-UHFFFAOYSA-N,CC(CCCC1CCCCC1)C1CC(C)C(C2CCCCC2)C1,10.1021/jm201455y,22250781,1,False,False,pending_dual_review,eligible_for_primary_evidence_review,
BDB-50382983,50382983,CC(=O)Oc1cc(C)c2c(=O)c(-c3nc(C)cs3)coc2c1,OQYYCNKLOBIHII-UHFFFAOYSA-N,CC1C2CCCCC2CCC1C1CCCC1,10.1021/jm201455y,22250781,1,False,False,pending_dual_review,eligible_for_primary_evidence_review,
BDB-50382984,50382984,CCCc1cc2c(=O)c(-c3nc(C)cs3)coc2cc1OC(C)=O,FVMKJEVPLWCLMC-UHFFFAOYSA-N,CC1C2CCCCC2CCC1C1CCCC1,10.1021/jm201455y,22250781,1,False,False,pending_dual_review,eligible_for_primary_evidence_review,
BDB-50382985,50382985,CC(C)c1nc(N)nc(-c2ccccc2O)n1,YKOVUPRWHICZKA-UHFFFAOYSA-N,C1CCC(C2CCCCC2)CC1,10.1021/jm201455y,22250781,1,False,False,pending_dual_review,eligible_for_primary_evidence_review,
BDB-50382986,50382986,COC1CCN(c2cccc(-c3nc(N)nc(-c4ccccc4O)n3)c2)CC1,WGFLLKYIRNKGKW-UHFFFAOYSA-N,C1CCC(C2CCCC(C3CCCC(C4CCCCC4)C3)C2)CC1,10.1021/jm201455y,22250781,1,False,False,pending_dual_review,eligible_for_primary_evidence_review,
BDB-50382987,50382987,CCc1cc2c(=O)c(-c3nc(C)cs3)coc2cc1OCC(=O)OC(C)C,YONWQHLMHQQTEV-UHFFFAOYSA-N,CC1C2CCCCC2CCC1C1CCCC1,10.1021/jm201455y,22250781,1,False,False,pending_dual_review,eligible_for_primary_evidence_review,
BDB-50382989,50382989,CC1CC(c2ccccc2)n2nc(-n3c(O)c4c(c3O)CC=CC4)nc2N1,UKVAEISSAVZLLZ-UHFFFAOYSA-N,C1CCC(C2CCCC3CC(C4CC5CCCCC5C4)CC32)CC1,10.1021/jm201455y,22250781,1,False,False,pending_dual_review,eligible_for_primary_evidence_review,
BDB-50383006,50383006,O=c1c(-c2ccco2)nnc2n(-c3ccc(Cl)cc3)c3ccccc3n12,SAOPWECJKRPNMG-UHFFFAOYSA-N,CC1C(C2CCCC2)CCC2C(C3CCCCC3)C3CCCCC3C12,10.1021/jm201177b,22257095,1,False,False,pending_dual_review,eligible_for_primary_evidence_review,
BDB-50383008,50383008,O=c1c(-c2ccco2)nnc2[nH]c3ccccc3n12,WAZYRZYHLVIXGB-UHFFFAOYSA-N,CC1C(C2CCCC2)CCC2CC3CCCCC3C21,10.1021/jm201177b,22257095,1,False,False,pending_dual_review,eligible_for_primary_evidence_review,
BDB-50383010,50383010,O=c1c(-c2ccco2)nnc2n(CCc3ccccc3)c3ccccc3n12,TYMRXESQMJNRFG-UHFFFAOYSA-N,CC1C(C2CCCC2)CCC2C(CCC3CCCCC3)C3CCCCC3C12,10.1021/jm201177b,22257095,1,False,False,pending_dual_review,eligible_for_primary_evidence_review,
BDB-50384416,50384416,Cc1nc2ccc(NC(=O)Nc3ccnc4cccnc34)cc2o1,AKMNUCBQGHFICM-UHFFFAOYSA-N,CC(CC1CCC2CCCC2C1)CC1CCCC2CCCCC21,10.1016/j.bmc.2017.07.051,28807572,1,False,False,pending_dual_review,eligible_for_primary_evidence_review,
BDB-50386105,50386105,COc1cccc2cc(C(=O)NC3CCCC3)c(=N)oc12,BYUCTXVENNCCRL-UHFFFAOYSA-N,CC(CC1CCCC1)C1CC2CCCCC2CC1C,10.1016/j.ejmech.2012.05.009,22677030,1,False,False,pending_dual_review,eligible_for_primary_evidence_review,
BDB-50386106,50386106,COC(=O)/C(C#N)=C/c1cccc(OC)c1O,MUFYUHRQYLPKRH-RMKNXTFCSA-N,C1CCCCC1,10.1016/j.ejmech.2012.05.009,22677030,1,False,False,pending_dual_review,eligible_for_primary_evidence_review,
BDB-50386112,50386112,COc1cccc2cc(C(=O)NCCCNC(=O)c3cc4cccc(OC)c4oc3=N)c(=N)oc12,RDILGXZZHKVVQM-UHFFFAOYSA-N,CC(CCCCCC(C)C1CC2CCCCC2CC1C)C1CC2CCCCC2CC1C,10.1016/j.ejmech.2012.05.009,22677030,1,False,False,pending_dual_review,eligible_for_primary_evidence_review,
BDB-50386113,50386113,COc1cccc2cc(C(=O)NCCCN3CCN(CCCNC(=O)c4cc5cccc(OC)c5oc4=N)CC3)c(=N)oc12,HFQZOXVLNQONST-UHFFFAOYSA-N,CC(CCCCC1CCC(CCCCC(C)C2CC3CCCCC3CC2C)CC1)C1CC2CCCCC2CC1C,10.1016/j.ejmech.2012.05.009,22677030,1,False,False,pending_dual_review,eligible_for_primary_evidence_review,
BDB-50389124,50389124,CNC(=O)[C@@]12C[C@@H]1[C@@H](n1cnc3c(NC)nc(C#Cc4cccc(Cl)c4)nc31)[C@H](O)[C@@H]2O,QBGLUURTMHLZKL-QKWCYAJMSA-N,C1CCC(CCC2CCC3CCC(C4CCC5CC54)C3C2)CC1,10.1021/jm300396n,22559880,1,False,False,pending_dual_review,eligible_for_primary_evidence_review,
BDB-50389127,50389127,CNC(=O)[C@@]12C[C@@H]1[C@@H](n1cnc3c(NC)nc(C#Cc4ccc(C(C)=O)cc4)nc31)[C@H](O)[C@@H]2O,MIYHGQBBSMQHBA-RCGKAVQVSA-N,C1CCC(CCC2CCC3CCC(C4CCC5CC54)C3C2)CC1,10.1021/jm300396n,22559880,1,False,False,pending_dual_review,eligible_for_primary_evidence_review,
BDB-50389128,50389128,CNC(=O)[C@@]12C[C@@H]1[C@@H](n1cnc3c(NCc4cccc(Cl)c4)nc(C#Cc4cccc(Cl)c4)nc31)[C@H](O)[C@@H]2O,HTKXWXIDHKYUPT-WANRRHMFSA-N,C1CCC(CCC2CC(CCC3CCCCC3)C3CCC(C4CCC5CC54)C3C2)CC1,10.1021/jm300396n,22559880,1,False,False,pending_dual_review,eligible_for_primary_evidence_review,
BDB-50389129,50389129,CNC(=O)[C@@]12C[C@@H]1[C@@H](n1cnc3c(NCc4cccc(Cl)c4)nc(C#Cc4ccc5ccc6cccc7ccc4c5c67)nc31)[C@H](O)[C@@H]2O,VNRPOGNOYODSAV-DIRPZVPLSA-N,C1CCC(CCC2CC(CCC3CCC4CCC5CCCC6CCC3C4C56)CC3C2CCC3C2CCC3CC32)CC1,10.1021/jm300396n,22559880,1,False,False,pending_dual_review,eligible_for_primary_evidence_review,
BDB-50389829,50389829,O=C1c2ccccc2C(=O)c2cc(OCC(O)CN3CCCCC3)ccc21,PXWCKUXFCXALLR-UHFFFAOYSA-N,CC1C2CCCCC2C(C)C2CC(CCCCC3CCCCC3)CCC12,10.1021/jm300280e,22563707,1,False,False,pending_dual_review,eligible_for_primary_evidence_review,
BDB-50389830,50389830,O=C(CCN1C(=O)c2ccccc2C1=O)Nc1nc2ccccc2s1,ULXHINOEZKZYNA-UHFFFAOYSA-N,CC(CCC1C(C)C2CCCCC2C1C)CC1CC2CCCCC2C1,10.1021/jm300280e,22563707,1,False,False,pending_dual_review,eligible_for_primary_evidence_review,
BDB-50389831,50389831,COCC1=NC(=Nc2nc(C)c3ccccc3n2)NC(O)C1,URQCKZRYGILKST-UHFFFAOYSA-N,C1CCC(CC2CCC3CCCCC3C2)CC1,10.1021/jm300280e,22563707,1,False,False,pending_dual_review,eligible_for_primary_evidence_review,
BDB-50389832,50389832,CC1CCN(C(=O)c2ccc3c(=O)[nH]c4c(-c5ccccc5)nnn4c3c2)CC1,MUBJZGRZWFNKAV-UHFFFAOYSA-N,CC1CC2C(C3CCCCC3)CCC2C2CC(C(C)C3CCCCC3)CCC12,10.1021/jm300280e,22563707,1,False,False,pending_dual_review,eligible_for_primary_evidence_review,
BDB-50389833,50389833,COc1cc(CN=Nc2ncnc3sc4c(c23)CCCC4)ccc1O,STFFILSSNNGGPS-UHFFFAOYSA-N,C1CCC(CCCC2CCCC3CC4CCCCC4C23)CC1,10.1021/jm300280e,22563707,1,False,False,pending_dual_review,eligible_for_primary_evidence_review,
BDB-50389834,50389834,Cc1nc2[nH]c3ccccc3n2c(=O)c1CCOC(=O)C1CCCCC1,MBWBRIRTRMJYEG-UHFFFAOYSA-N,CC(CCCC1CCC2CC3CCCCC3C2C1C)C1CCCCC1,10.1021/jm300280e,22563707,1,False,False,pending_dual_review,eligible_for_primary_evidence_review,
BDB-50389835,50389835,Cc1ccc2[nH]c3nc(SCC(=O)Nc4ncc(C)s4)nnc3c2c1,SQCJGLDOAFXMRT-UHFFFAOYSA-N,CC(CCC1CCC2C(C1)CC1CCCCC12)CC1CCCC1,10.1021/jm300280e,22563707,1,False,False,pending_dual_review,eligible_for_primary_evidence_review,
BDB-50389836,50389836,NC(=NC(=O)CN1C(=O)C2CCCCC2C1=O)Nc1nc2ccccc2s1,MIWQXYRPJRSUKA-UHFFFAOYSA-N,CC(CCCC1CC2CCCCC2C1)CC1C(C)C2CCCCC2C1C,10.1021/jm300280e,22563707,1,False,False,pending_dual_review,eligible_for_primary_evidence_review,
BDB-50389837,50389837,Cc1cccc2sc(NC(=O)CNS(=O)(=O)c3cccs3)nc12,WEBVJYSWMVKMFV-UHFFFAOYSA-N,CC(CCC(C)(C)C1CCCC1)CC1CC2CCCCC2C1,10.1021/jm300280e,22563707,1,False,False,pending_dual_review,eligible_for_primary_evidence_review,
BDB-50389839,50389839,Cc1n[nH]c(C)c1S(=O)(=O)N1CCC(C(=O)Nc2nc3c(C)cccc3s2)CC1,COZCUYOGTFSJBL-UHFFFAOYSA-N,CC(CC1CC2CCCCC2C1)C1CCC(C(C)(C)C2CCCC2)CC1,10.1021/jm300280e,22563707,1,False,False,pending_dual_review,eligible_for_primary_evidence_review,
BDB-50389841,50389841,Cc1cc(NC(=O)CSc2nc3ccccc3c3nc4ccccc4n23)[nH]n1,DVMPSAOLVIMIJD-UHFFFAOYSA-N,CC(CCC1CC2CCCCC2C2CC3CCCCC3C12)CC1CCCC1,10.1021/jm300280e,22563707,1,False,False,pending_dual_review,eligible_for_primary_evidence_review,
BDB-50389842,50389842,CC1=C(C(=O)Nc2nc3ccccc3s2)C(c2ccco2)C(C#N)C(SCC(N)=O)=N1,QRFVIPZTUJZSKX-UHFFFAOYSA-N,CC(CC1CC2CCCCC2C1)C1CCCCC1C1CCCC1,10.1021/jm300280e,22563707,1,False,False,pending_dual_review,eligible_for_primary_evidence_review,
BDB-50389844,50389844,N#CC(N=Nc1ccc(S(N)(=O)=O)cc1)c1nc2ccccc2[nH]1,HHIJNJVKPRZBGF-UHFFFAOYSA-N,C1CCC(CCCC2CC3CCCCC3C2)CC1,10.1021/jm300280e,22563707,1,False,False,pending_dual_review,eligible_for_primary_evidence_review,
BDB-50389845,50389845,NC(=Nc1nc2ccccc2o1)NC(=O)C(Cc1ccccc1)N1C(=O)c2ccccc2C1=O,DHIFDKNHQLDJRO-UHFFFAOYSA-N,CC(CCCC1CC2CCCCC2C1)C(CC1CCCCC1)C1C(C)C2CCCCC2C1C,10.1021/jm300280e,22563707,1,False,False,pending_dual_review,eligible_for_primary_evidence_review,
BDB-50389846,50389846,Nc1ccc(C(=O)Nc2ccc(O)c(-c3nc4ccccc4[nH]3)c2)cc1,BYOZAJBNWIUZAH-UHFFFAOYSA-N,CC(CC1CCCC(C2CC3CCCCC3C2)C1)C1CCCCC1,10.1021/jm300280e,22563707,1,False,False,pending_dual_review,eligible_for_primary_evidence_review,
BDB-50389893,50389893,Cn1cc2c(nc(NC(=O)NC3CCN(C(=O)NCc4ccc(Cl)cc4)CC3)n3nc(-c4ccco4)nc23)n1,VZKWWDWVHHXLRU-UHFFFAOYSA-N,CC(CC1CCC(C(C)CCC2CCCCC2)CC1)CC1CC2CCCC2C2CC(C3CCCC3)CC12,10.1021/jm300323t,22568637,1,False,False,pending_dual_review,eligible_for_primary_evidence_review,
BDB-50389894,50389894,Cc1ccc(CNC(=O)N2CCC(NC(=O)Nc3nc4nn(C)cc4c4nc(-c5ccco5)nn34)CC2)cc1,VTSQQYVKRAXQOP-UHFFFAOYSA-N,CC(CC1CCC(C(C)CCC2CCCCC2)CC1)CC1CC2CCCC2C2CC(C3CCCC3)CC12,10.1021/jm300323t,22568637,1,False,False,pending_dual_review,eligible_for_primary_evidence_review,
BDB-50389896,50389896,CN1CCN(C(=O)N2CCC(NC(=O)Nc3nc4nn(C)cc4c4nc(-c5ccco5)nn34)CC2)CC1,MMPIVZZKIFXAHR-UHFFFAOYSA-N,CC(CC1CCC(C(C)C2CCCCC2)CC1)CC1CC2CCCC2C2CC(C3CCCC3)CC12,10.1021/jm300323t,22568637,1,False,False,pending_dual_review,eligible_for_primary_evidence_review,
BDB-50389899,50389899,CCCN1CCC(NC(=O)Nc2nc3nn(C)cc3c3nc(-c4ccco4)nn23)CC1,AOPPYLPJMVDJIR-UHFFFAOYSA-N,CC(CC1CCCCC1)CC1CC2CCCC2C2CC(C3CCCC3)CC12,10.1021/jm300323t,22568637,1,False,False,pending_dual_review,eligible_for_primary_evidence_review,
BDB-50389900,50389900,C=CCN1CCC(NC(=O)Nc2nc3nn(C)cc3c3nc(-c4ccco4)nn23)CC1,SHEGXBQWTASRIG-UHFFFAOYSA-N,CC(CC1CCCCC1)CC1CC2CCCC2C2CC(C3CCCC3)CC12,10.1021/jm300323t,22568637,1,False,False,pending_dual_review,eligible_for_primary_evidence_review,
BDB-50389901,50389901,C#CCN1CCC(NC(=O)Nc2nc3nn(C)cc3c3nc(-c4ccco4)nn23)CC1,OLHZYTQXINHKKZ-UHFFFAOYSA-N,CC(CC1CCCCC1)CC1CC2CCCC2C2CC(C3CCCC3)CC12,10.1021/jm300323t,22568637,1,False,False,pending_dual_review,eligible_for_primary_evidence_review,
BDB-50389903,50389903,Cn1cc2c(nc(NC(=O)NC3CCN(Cc4ccccc4)CC3)n3nc(-c4ccco4)nc23)n1,OLGKBROKZWGHDW-UHFFFAOYSA-N,CC(CC1CCC(CC2CCCCC2)CC1)CC1CC2CCCC2C2CC(C3CCCC3)CC12,10.1021/jm300323t,22568637,1,False,False,pending_dual_review,eligible_for_primary_evidence_review,
BDB-50389908,50389908,Cn1cc2c(nc(NC(=O)NC3CCN(Cc4ccc(C#N)cc4)CC3)n3nc(-c4ccco4)nc23)n1,WLJHLZNFHMEDTP-UHFFFAOYSA-N,CC(CC1CCC(CC2CCCCC2)CC1)CC1CC2CCCC2C2CC(C3CCCC3)CC12,10.1021/jm300323t,22568637,1,False,False,pending_dual_review,eligible_for_primary_evidence_review,
BDB-50389911,50389911,CCOC(=O)CN1CCC(NC(=O)Nc2nc3nn(C)cc3c3nc(-c4ccco4)nn23)CC1,HOZPVJIARMMPMI-UHFFFAOYSA-N,CC(CC1CCCCC1)CC1CC2CCCC2C2CC(C3CCCC3)CC12,10.1021/jm300323t,22568637,1,False,False,pending_dual_review,eligible_for_primary_evidence_review,
BDB-50389918,50389918,Cn1cc2c(nc(NC(=O)NC3CCN(C(=O)NCCc4ccccc4)CC3)n3nc(-c4ccco4)nc23)n1,JONIAMPRFRZSLQ-UHFFFAOYSA-N,CC(CC1CCC(C(C)CCCC2CCCCC2)CC1)CC1CC2CCCC2C2CC(C3CCCC3)CC12,10.1021/jm300323t,22568637,1,False,False,pending_dual_review,eligible_for_primary_evidence_review,
BDB-50389919,50389919,Cn1cc2c(nc(NC(=O)NC3CCN(C(=O)NCCCc4ccccc4)CC3)n3nc(-c4ccco4)nc23)n1,OGOXUHKBRMQKAY-UHFFFAOYSA-N,CC(CC1CCC(C(C)CCCCC2CCCCC2)CC1)CC1CC2CCCC2C2CC(C3CCCC3)CC12,10.1021/jm300323t,22568637,1,False,False,pending_dual_review,eligible_for_primary_evidence_review,
BDB-50389920,50389920,Cn1cc2c(nc(NC(=O)NC3CCN(C(=O)NCc4ccc(F)cc4)CC3)n3nc(-c4ccco4)nc23)n1,QLCUVXNMVMSRNX-UHFFFAOYSA-N,CC(CC1CCC(C(C)CCC2CCCCC2)CC1)CC1CC2CCCC2C2CC(C3CCCC3)CC12,10.1021/jm300323t,22568637,1,False,False,pending_dual_review,eligible_for_primary_evidence_review,
BDB-50389921,50389921,Cn1cc2c(nc(NC(=O)NC3CCN(C(=O)Nc4ccncc4)CC3)n3nc(-c4ccco4)nc23)n1,TTZMFTDWOAMKAI-UHFFFAOYSA-N,CC(CC1CCC(C(C)CC2CCCCC2)CC1)CC1CC2CCCC2C2CC(C3CCCC3)CC12,10.1021/jm300323t,22568637,1,False,False,pending_dual_review,eligible_for_primary_evidence_review,
BDB-50392803,50392803,COc1ccc(CC(=O)Nc2nnc(-c3ccccc3)[nH]2)cc1,CSTYQIWGSKTVDI-UHFFFAOYSA-N,CC(CC1CCCCC1)CC1CCC(C2CCCCC2)C1,10.1021/ml300097g,23342198,1,False,False,pending_dual_review,eligible_for_primary_evidence_review,
BDB-50392804,50392804,C[C@@H](Oc1cccc(Cl)c1)C(=O)Nc1nnc(-c2ccccc2)[nH]1,MIXOHPZCHZHHDN-LLVKDONJSA-N,CC(CCC1CCCCC1)CC1CCC(C2CCCCC2)C1,10.1021/ml300097g,23342198,1,False,False,pending_dual_review,eligible_for_primary_evidence_review,
BDB-50392805,50392805,C[C@@H](Oc1ccccc1)C(=O)Nc1nnc(-c2ccccc2)[nH]1,JESYOVHVFOMDTA-GFCCVEGCSA-N,CC(CCC1CCCCC1)CC1CCC(C2CCCCC2)C1,10.1021/ml300097g,23342198,1,False,False,pending_dual_review,eligible_for_primary_evidence_review,
BDB-50392806,50392806,C[C@@H](Oc1ccc(Cl)cc1)C(=O)Nc1nnc(-c2ccccc2)[nH]1,LQIMJLRYHPNVSC-LLVKDONJSA-N,CC(CCC1CCCCC1)CC1CCC(C2CCCCC2)C1,10.1021/ml300097g,23342198,1,False,False,pending_dual_review,eligible_for_primary_evidence_review,
BDB-50392807,50392807,C[C@@H](Oc1ccccc1F)C(=O)Nc1nnc(-c2ccccc2)[nH]1,CBMMTMVYWAPTAN-LLVKDONJSA-N,CC(CCC1CCCCC1)CC1CCC(C2CCCCC2)C1,10.1021/ml300097g,23342198,1,False,False,pending_dual_review,eligible_for_primary_evidence_review,
BDB-50392808,50392808,CC[C@@H](Oc1ccccc1)C(=O)Nc1nnc(-c2ccccc2)[nH]1,HLRYLSLKGMHUIW-OAHLLOKOSA-N,CC(CCC1CCCCC1)CC1CCC(C2CCCCC2)C1,10.1021/ml300097g,23342198,1,False,False,pending_dual_review,eligible_for_primary_evidence_review,
BDB-50392809,50392809,Cc1cccc(OCC(=O)Nc2nnc(-c3ccccc3)[nH]2)c1,IYUUTJNKJYFZRY-UHFFFAOYSA-N,CC(CCC1CCCCC1)CC1CCC(C2CCCCC2)C1,10.1021/ml300097g,23342198,1,False,False,pending_dual_review,eligible_for_primary_evidence_review,
BDB-50392810,50392810,Cc1cc(C)cc(OCC(=O)Nc2nnc(-c3ccccc3)[nH]2)c1,ITKWIBGPSULSAV-UHFFFAOYSA-N,CC(CCC1CCCCC1)CC1CCC(C2CCCCC2)C1,10.1021/ml300097g,23342198,1,False,False,pending_dual_review,eligible_for_primary_evidence_review,
BDB-50392811,50392811,C[C@@H](Sc1ccccc1)C(=O)Nc1nnc(-c2ccccc2)[nH]1,SIEKMMVTGNLKTQ-GFCCVEGCSA-N,CC(CCC1CCCCC1)CC1CCC(C2CCCCC2)C1,10.1021/ml300097g,23342198,1,False,False,pending_dual_review,eligible_for_primary_evidence_review,
BDB-50392812,50392812,O=C(COCc1ccccc1)Nc1nnc(-c2ccccc2)[nH]1,UMMLQJMMIYGHCH-UHFFFAOYSA-N,CC(CCCC1CCCCC1)CC1CCC(C2CCCCC2)C1,10.1021/ml300097g,23342198,1,False,False,pending_dual_review,eligible_for_primary_evidence_review,
BDB-50392813,50392813,Cc1ccc(-c2nnc(NC(=O)COc3ccccc3)[nH]2)cc1,XAVFFESIMYECCM-UHFFFAOYSA-N,CC(CCC1CCCCC1)CC1CCC(C2CCCCC2)C1,10.1021/ml300097g,23342198,1,False,False,pending_dual_review,eligible_for_primary_evidence_review,
BDB-50392815,50392815,O=C(Nc1nnc(-c2ccccc2)[nH]1)C1CCCO1,YHMRHZJMVHSYBP-UHFFFAOYSA-N,CC(CC1CCC(C2CCCCC2)C1)C1CCCC1,10.1021/ml300097g,23342198,1,False,False,pending_dual_review,eligible_for_primary_evidence_review,
BDB-50392816,50392816,O=C(Nc1nnc(-c2ccccc2)[nH]1)c1ccccc1,ZNIQLYYOYYLSEW-UHFFFAOYSA-N,CC(CC1CCC(C2CCCCC2)C1)C1CCCCC1,10.1021/ml300097g,23342198,1,False,False,pending_dual_review,eligible_for_primary_evidence_review,
BDB-50392817,50392817,Cc1ccc(C(=O)Nc2nnc(-c3ccccc3)[nH]2)cc1,MBOGPSXWWGOALR-UHFFFAOYSA-N,CC(CC1CCC(C2CCCCC2)C1)C1CCCCC1,10.1021/ml300097g,23342198,1,False,False,pending_dual_review,eligible_for_primary_evidence_review,
BDB-50392818,50392818,COc1ccccc1C(=O)Nc1nnc(-c2ccccc2)[nH]1,BBOMCJYSCNFBOB-UHFFFAOYSA-N,CC(CC1CCC(C2CCCCC2)C1)C1CCCCC1,10.1021/ml300097g,23342198,1,False,False,pending_dual_review,eligible_for_primary_evidence_review,
BDB-50392819,50392819,Cc1ccc(O[C@H](C)C(=O)Nc2nnc(-c3ccccc3)[nH]2)cc1,RDZNLLGXAYYJJS-CYBMUJFWSA-N,CC(CCC1CCCCC1)CC1CCC(C2CCCCC2)C1,10.1021/ml300097g,23342198,1,False,False,pending_dual_review,eligible_for_primary_evidence_review,
BDB-50392820,50392820,CC(C)(Oc1ccc(Cl)cc1)C(=O)Nc1nnc(-c2ccccc2)[nH]1,QEBGDAXCDXZCHH-UHFFFAOYSA-N,CC(CCC1CCCCC1)CC1CCC(C2CCCCC2)C1,10.1021/ml300097g,23342198,1,False,False,pending_dual_review,eligible_for_primary_evidence_review,
BDB-50392821,50392821,O=C(COc1ccccc1)Nc1nnc(-c2ccccc2)[nH]1,SMKGGROYQAQCRQ-UHFFFAOYSA-N,CC(CCC1CCCCC1)CC1CCC(C2CCCCC2)C1,10.1021/ml300097g,23342198,1,False,False,pending_dual_review,eligible_for_primary_evidence_review,
BDB-50392822,50392822,Cc1ccccc1OCC(=O)Nc1nnc(-c2ccccc2)[nH]1,LIWQLVVQJLOYQG-UHFFFAOYSA-N,CC(CCC1CCCCC1)CC1CCC(C2CCCCC2)C1,10.1021/ml300097g,23342198,1,False,False,pending_dual_review,eligible_for_primary_evidence_review,
BDB-50392823,50392823,Cc1cccc(C)c1OCC(=O)Nc1nnc(-c2ccccc2)[nH]1,UXYCTALHOWXMTN-UHFFFAOYSA-N,CC(CCC1CCCCC1)CC1CCC(C2CCCCC2)C1,10.1021/ml300097g,23342198,1,False,False,pending_dual_review,eligible_for_primary_evidence_review,
BDB-50392824,50392824,O=C(COc1ccc2c(c1)CCC2)Nc1nnc(-c2ccccc2)[nH]1,VABPMXNJLMPQNR-UHFFFAOYSA-N,CC(CCC1CCC2CCCC2C1)CC1CCC(C2CCCCC2)C1,10.1021/ml300097g,23342198,1,False,False,pending_dual_review,eligible_for_primary_evidence_review,
BDB-50392825,50392825,O=C(CCc1ccccc1)Nc1nnc(-c2ccccc2)[nH]1,IAXHPEHCYOLQQC-UHFFFAOYSA-N,CC(CCC1CCCCC1)CC1CCC(C2CCCCC2)C1,10.1021/ml300097g,23342198,1,False,False,pending_dual_review,eligible_for_primary_evidence_review,
BDB-50392826,50392826,O=C(COc1ccccc1)Nc1nnc(-c2ccc(F)cc2)[nH]1,DJVRIRUVAXISMT-UHFFFAOYSA-N,CC(CCC1CCCCC1)CC1CCC(C2CCCCC2)C1,10.1021/ml300097g,23342198,1,False,False,pending_dual_review,eligible_for_primary_evidence_review,
BDB-50392827,50392827,Cc1cccc(-c2nnc(NC(=O)C(C)Oc3ccccc3)[nH]2)c1,NJWVJCAQDXGCGY-UHFFFAOYSA-N,CC(CCC1CCCCC1)CC1CCC(C2CCCCC2)C1,10.1021/ml300097g,23342198,1,False,False,pending_dual_review,eligible_for_primary_evidence_review,
BDB-50392828,50392828,Cc1cccc(-c2nnc(NC(=O)[C@@H](C)Oc3ccccc3)[nH]2)c1,NJWVJCAQDXGCGY-CYBMUJFWSA-N,CC(CCC1CCCCC1)CC1CCC(C2CCCCC2)C1,10.1021/ml300097g,23342198,1,False,False,pending_dual_review,eligible_for_primary_evidence_review,
BDB-50392830,50392830,O=C(Nc1nnc(-c2ccccc2)[nH]1)c1ccc(Cl)cc1,OSWPTXKPJKLFMB-UHFFFAOYSA-N,CC(CC1CCC(C2CCCCC2)C1)C1CCCCC1,10.1021/ml300097g,23342198,1,False,False,pending_dual_review,eligible_for_primary_evidence_review,
BDB-50392831,50392831,COc1ccccc1NC(=O)Nc1nnc(-c2ccccc2)[nH]1,FSGLHDPNBSOZED-UHFFFAOYSA-N,CC(CC1CCCCC1)CC1CCC(C2CCCCC2)C1,10.1021/ml300097g,23342198,1,False,False,pending_dual_review,eligible_for_primary_evidence_review,
BDB-50393169,50393169,Cn1c(=O)c2c(nc3n2CCN3C2CCCCC2)n(C)c1=O,HRBBCJVEDBRVEG-UHFFFAOYSA-N,CC1CC(C)C2C(C1)CC1C(C3CCCCC3)CCC12,10.1016/j.ejmech.2011.05.023,21664729,1,False,False,pending_dual_review,eligible_for_primary_evidence_review,
BDB-50393171,50393171,Cn1c(=O)c2c(nc3n2CCN3C2CCC(O)CC2)n(C)c1=O,SUGFMEFUDZKJDP-UHFFFAOYSA-N,CC1CC(C)C2C(C1)CC1C(C3CCCCC3)CCC12,10.1016/j.ejmech.2011.05.023,21664729,1,False,False,pending_dual_review,eligible_for_primary_evidence_review,
BDB-50393182,50393182,Cn1c(=O)c2c(nc3n2CCCN3C2CCCCCC2)n(C)c1=O,PBNRQXVUHNAMHL-UHFFFAOYSA-N,CC1CC(C)C2C(C1)CC1C(C3CCCCCC3)CCCC12,10.1016/j.ejmech.2011.05.023,21664729,1,False,False,pending_dual_review,eligible_for_primary_evidence_review,
BDB-50393189,50393189,Cn1c(=O)c2c(nc3n2CCCN3C2CCCCCCC2)n(C)c1=O,YFQITQSJBLXADJ-UHFFFAOYSA-N,CC1CC(C)C2C(C1)CC1C(C3CCCCCCC3)CCCC12,10.1016/j.ejmech.2011.05.023,21664729,1,False,False,pending_dual_review,eligible_for_primary_evidence_review,
BDB-50393190,50393190,Cn1c(=O)c2c(nc3n2CCCCN3C2CCCCCCC2)n(C)c1=O,OIWPHFNDHLZVBX-UHFFFAOYSA-N,CC1CC(C)C2C(C1)CC1C(C3CCCCCCC3)CCCCC12,10.1016/j.ejmech.2011.05.023,21664729,1,False,False,pending_dual_review,eligible_for_primary_evidence_review,
BDB-50393193,50393193,Cn1c(=O)c2c(nc3n2CCCN3C2CCC2)n(C)c1=O,JWLHBUXUVJHRRR-UHFFFAOYSA-N,CC1CC(C)C2C(C1)CC1C(C3CCC3)CCCC12,10.1016/j.ejmech.2011.05.023,21664729,1,False,False,pending_dual_review,eligible_for_primary_evidence_review,
BDB-50395549,50395549,Nc1nc(-c2ccccc2)nc(-c2ccccc2O)n1,PYRIHWXWFMRKLX-UHFFFAOYSA-N,C1CCC(C2CCCC(C3CCCCC3)C2)CC1,10.1021/jm3003069,22827545,1,False,False,pending_dual_review,eligible_for_primary_evidence_review,
BDB-50395550,50395550,N#Cc1cnc(N)nc1-c1ccccc1,JYBNISLZUQBVIK-UHFFFAOYSA-N,C1CCC(C2CCCCC2)CC1,10.1021/jm3003069,22827545,1,False,False,pending_dual_review,eligible_for_primary_evidence_review,
BDB-50395551,50395551,COCc1cc(C)nc2sc(-c3nc(N)nc(N(C)C)n3)c(N)c12,KWWLCOHVBSVKTN-UHFFFAOYSA-N,C1CCC(C2CC3CCCCC3C2)CC1,10.1021/jm3003069,22827545,1,False,False,pending_dual_review,eligible_for_primary_evidence_review,
BDB-50395552,50395552,O=C(Cc1ccccc1)Nc1nn2c(-c3ccco3)nnc2s1,XJNXZELXQVQLKI-UHFFFAOYSA-N,CC(CC1CCCCC1)CC1CC2CCC(C3CCCC3)C2C1,10.1021/jm3003069,22827545,1,False,False,pending_dual_review,eligible_for_primary_evidence_review,
BDB-50396918,50396918,COC(=O)c1cnn(-c2nc(NC(C3CC3)C3CC3)c3ncn([C@H]4[C@H](O)[C@H](O)[C@@H]5C[C@@H]54)c3n2)c1,YBDZYTKFWCAUDK-MFVLPEOLSA-N,C1CCC(C2CC(CC(C3CC3)C3CC3)C3CCC(C4CCC5CC54)C3C2)C1,10.1021/jm300965a,22921089,1,False,False,pending_dual_review,eligible_for_primary_evidence_review,
BDB-50396919,50396919,O[C@@H]1[C@H](O)[C@@H]2C[C@@H]2[C@H]1n1cnc2c(NC(C3CC3)C3CC3)nc(I)nc21,RSQOZOYGQGWIDM-HLXQIYJLSA-N,C1CC(CC(C2CC2)C2CC2)C2CCC(C3CCC4CC43)C2C1,10.1021/jm300965a,22921089,1,False,False,pending_dual_review,eligible_for_primary_evidence_review,
BDB-50396920,50396920,O[C@@H]1[C@H](O)[C@@H]2C[C@@H]2[C@H]1n1cnc2c(N[C@@H](CC3CC3)C3CC3)nc(Cl)nc21,OSRIGBPVOYCSJJ-RJUOPTFYSA-N,C1CC(CC(CC2CC2)C2CC2)C2CCC(C3CCC4CC43)C2C1,10.1021/jm300965a,22921089,1,False,False,pending_dual_review,eligible_for_primary_evidence_review,
BDB-50396921,50396921,O[C@@H]1[C@H](O)[C@@H]2C[C@@H]2[C@H]1n1cnc2c(N[C@H](CC3CC3)C3CC3)nc(Cl)nc21,OSRIGBPVOYCSJJ-ONSZXBOBSA-N,C1CC(CC(CC2CC2)C2CC2)C2CCC(C3CCC4CC43)C2C1,10.1021/jm300965a,22921089,1,False,False,pending_dual_review,eligible_for_primary_evidence_review,
BDB-50396922,50396922,O[C@@H]1[C@H](O)[C@@H]2C[C@@H]2[C@H]1n1cnc2c(N[C@H](C3CCC3)C3CC3)nc(Cl)nc21,WZOIXKQLNKXZRP-ONSZXBOBSA-N,C1CC(C(CC2CCCC3C2CCC3C2CCC3CC32)C2CC2)C1,10.1021/jm300965a,22921089,1,False,False,pending_dual_review,eligible_for_primary_evidence_review,
BDB-50396923,50396923,O[C@@H]1[C@H](O)[C@@H]2C[C@@H]2[C@H]1n1cnc2c(N[C@@H](C3CCC3)C3CC3)nc(Cl)nc21,WZOIXKQLNKXZRP-RJUOPTFYSA-N,C1CC(C(CC2CCCC3C2CCC3C2CCC3CC32)C2CC2)C1,10.1021/jm300965a,22921089,1,False,False,pending_dual_review,eligible_for_primary_evidence_review,
BDB-50396924,50396924,CC(C)[C@H](Nc1nc(Cl)nc2c1ncn2[C@H]1[C@H](O)[C@H](O)[C@@H]2C[C@@H]21)C1CC1,HKUIYLBPJCABPX-IVJGCZHASA-N,C1CC(CCC2CC2)C2CCC(C3CCC4CC43)C2C1,10.1021/jm300965a,22921089,1,False,False,pending_dual_review,eligible_for_primary_evidence_review,
BDB-50396925,50396925,CC(C)[C@@H](Nc1nc(Cl)nc2c1ncn2[C@H]1[C@H](O)[C@H](O)[C@@H]2C[C@@H]21)C1CC1,HKUIYLBPJCABPX-OIBVFGGESA-N,C1CC(CCC2CC2)C2CCC(C3CCC4CC43)C2C1,10.1021/jm300965a,22921089,1,False,False,pending_dual_review,eligible_for_primary_evidence_review,
BDB-50396926,50396926,CC[C@H](Nc1nc(Cl)nc2c1ncn2[C@H]1[C@H](O)[C@H](O)[C@@H]2C[C@@H]21)C1CC1,LXOVHAITIOGBCU-GKCFGQDOSA-N,C1CC(CCC2CC2)C2CCC(C3CCC4CC43)C2C1,10.1021/jm300965a,22921089,1,False,False,pending_dual_review,eligible_for_primary_evidence_review,
BDB-50396927,50396927,CC[C@@H](Nc1nc(Cl)nc2c1ncn2[C@H]1[C@H](O)[C@H](O)[C@@H]2C[C@@H]21)C1CC1,LXOVHAITIOGBCU-HXYJNCDLSA-N,C1CC(CCC2CC2)C2CCC(C3CCC4CC43)C2C1,10.1021/jm300965a,22921089,1,False,False,pending_dual_review,eligible_for_primary_evidence_review,
BDB-50397716,50397716,OC[C@H]1O[C@@H](n2cnc3c(N[C@@H]4C[C@H]4c4cccc(C(F)(F)F)c4)ncnc32)[C@H](O)[C@@H]1O,JIRGTKPVZYPJCV-ZVWXDJDZSA-N,C1CCC(C2CC2CC2CCCC3C(C4CCCC4)CCC23)CC1,10.1021/jm300087j,22468757,1,False,False,pending_dual_review,eligible_for_primary_evidence_review,
BDB-50397717,50397717,CCCn1c2nc(-c3ccc(Br)cc3)nc-2c2n(c1=O)CCN2,OPUXIXJLNLMIKY-UHFFFAOYSA-N,CC1CC2CC(C3CCCCC3)CC2C2CCCC12,10.1021/jm300087j,22468757,1,False,False,pending_dual_review,eligible_for_primary_evidence_review,
BDB-50397721,50397721,Cc1ccc(-c2nc(NC(=O)Nc3ccc(F)cc3)c3nnn(Cc4ccccc4F)c3n2)cc1,XMKOEROSRMQYPX-UHFFFAOYSA-N,CC(CC1CCCCC1)CC1CC(C2CCCCC2)CC2C(CC3CCCCC3)CCC12,10.1021/jm300087j,22468757,1,False,False,pending_dual_review,eligible_for_primary_evidence_review,
BDB-50397724,50397724,OC[C@H]1O[C@@H](n2cnc3c(NCC4c5ccccc5-c5ccccc54)ncnc32)[C@H](O)[C@@H]1O,TZYJXOMNJGXXGA-UMCMBGNQSA-N,C1CCC(C2CCC3C(CCC4C5CCCCC5C5CCCCC54)CCCC23)C1,10.1021/jm300087j,22468757,1,False,False,pending_dual_review,eligible_for_primary_evidence_review,
BDB-50397728,50397728,Cc1cc(C)cc(-c2nc(NC(=O)c3cccnc3)sc2-c2ccncc2)c1,YDXZLBYHXZOWOC-UHFFFAOYSA-N,CC(CC1CC(C2CCCCC2)C(C2CCCCC2)C1)C1CCCCC1,10.1021/acsmedchemlett.1c00685,35450351,1,False,False,pending_dual_review,eligible_for_primary_evidence_review,
BDB-50399553,50399553,Cn1cc2c(nc(NCCCCCO)n3nc(-c4ccco4)nc23)n1,FVPYUNFMVTYLDX-UHFFFAOYSA-N,C1CCC(C2CC3CCC4CCCC4C3C2)C1,10.1021/jm300899q,23098605,1,False,False,pending_dual_review,eligible_for_primary_evidence_review,
BDB-50399554,50399554,Cn1cc2c(nc(NCCCCO)n3nc(-c4ccco4)nc23)n1,ZRMFJBXAOFMDMO-UHFFFAOYSA-N,C1CCC(C2CC3CCC4CCCC4C3C2)C1,10.1021/jm300899q,23098605,1,False,False,pending_dual_review,eligible_for_primary_evidence_review,
BDB-50399555,50399555,Cn1cc2c(nc(NC(CO)CO)n3nc(-c4ccco4)nc23)n1,OALFBQHHIKAYEV-UHFFFAOYSA-N,C1CCC(C2CC3CCC4CCCC4C3C2)C1,10.1021/jm300899q,23098605,1,False,False,pending_dual_review,eligible_for_primary_evidence_review,
BDB-50399556,50399556,CCC(CO)Nc1nc2nn(C)cc2c2nc(-c3ccco3)nn12,FFRSWFJBGXXDHU-UHFFFAOYSA-N,C1CCC(C2CC3CCC4CCCC4C3C2)C1,10.1021/jm300899q,23098605,1,False,False,pending_dual_review,eligible_for_primary_evidence_review,
BDB-50399557,50399557,CC(O)CNc1nc2nn(C)cc2c2nc(-c3ccco3)nn12,UNGUJUIOUVNWBB-UHFFFAOYSA-N,C1CCC(C2CC3CCC4CCCC4C3C2)C1,10.1021/jm300899q,23098605,1,False,False,pending_dual_review,eligible_for_primary_evidence_review,
BDB-50399558,50399558,Cn1cc2c(nc(NCCCO)n3nc(-c4ccco4)nc23)n1,AZOBAHXRRSFLLZ-UHFFFAOYSA-N,C1CCC(C2CC3CCC4CCCC4C3C2)C1,10.1021/jm300899q,23098605,1,False,False,pending_dual_review,eligible_for_primary_evidence_review,
BDB-50399559,50399559,Cn1cc2c(nc(NCCO)n3nc(-c4ccco4)nc23)n1,BIZYDEANTSBRQY-UHFFFAOYSA-N,C1CCC(C2CC3CCC4CCCC4C3C2)C1,10.1021/jm300899q,23098605,1,False,False,pending_dual_review,eligible_for_primary_evidence_review,
BDB-50399560,50399560,Cn1cc2c(nc(NCCc3c[nH]c4ccccc34)n3nc(-c4ccco4)nc23)n1,QCJSUMWNJLEJCF-UHFFFAOYSA-N,C1CCC(C2CC3C(CCCC4CCC5CCCCC54)CC4CCCC4C3C2)C1,10.1021/jm300899q,23098605,1,False,False,pending_dual_review,eligible_for_primary_evidence_review,
BDB-50399561,50399561,CC(CCc1ccccc1)Nc1nc2nn(C)cc2c2nc(-c3ccco3)nn12,VAHWESGSDSLQQO-UHFFFAOYSA-N,C1CCC(CCCCC2CC3CCCC3C3CC(C4CCCC4)CC23)CC1,10.1021/jm300899q,23098605,1,False,False,pending_dual_review,eligible_for_primary_evidence_review,
BDB-50399562,50399562,COc1ccc(CCNc2nc3nn(C)cc3c3nc(-c4ccco4)nn23)cc1OC,DXMBXEZNSPKQQU-UHFFFAOYSA-N,C1CCC(CCCC2CC3CCCC3C3CC(C4CCCC4)CC23)CC1,10.1021/jm300899q,23098605,1,False,False,pending_dual_review,eligible_for_primary_evidence_review,
BDB-50399563,50399563,Cn1cc2c(nc(NCCc3ccccc3)n3nc(-c4ccco4)nc23)n1,DOQMMBVTJMYBSJ-UHFFFAOYSA-N,C1CCC(CCCC2CC3CCCC3C3CC(C4CCCC4)CC23)CC1,10.1021/jm300899q,23098605,1,False,False,pending_dual_review,eligible_for_primary_evidence_review,
BDB-50399564,50399564,Cn1cc2c(nc(NCc3ccc(-c4ccccc4)cc3)n3nc(-c4ccco4)nc23)n1,NTSZYLQRYJXMAS-UHFFFAOYSA-N,C1CCC(C2CCC(CCC3CC4CCCC4C4CC(C5CCCC5)CC34)CC2)CC1,10.1021/jm300899q,23098605,1,False,False,pending_dual_review,eligible_for_primary_evidence_review,
BDB-50399565,50399565,COc1ccc(CNc2nc3nn(C)cc3c3nc(-c4ccco4)nn23)cc1OC,MWVVPKMOFGWWBE-UHFFFAOYSA-N,C1CCC(CCC2CC3CCCC3C3CC(C4CCCC4)CC23)CC1,10.1021/jm300899q,23098605,1,False,False,pending_dual_review,eligible_for_primary_evidence_review,
BDB-50399566,50399566,Cn1cc2c(nc(NCc3ccc(C(F)(F)F)cc3)n3nc(-c4ccco4)nc23)n1,FSPHFYJVKIBWCA-UHFFFAOYSA-N,C1CCC(CCC2CC3CCCC3C3CC(C4CCCC4)CC23)CC1,10.1021/jm300899q,23098605,1,False,False,pending_dual_review,eligible_for_primary_evidence_review,
BDB-50399567,50399567,Cn1cc2c(nc(NCc3ccc(F)cc3)n3nc(-c4ccco4)nc23)n1,COEIQPILCBFUEW-UHFFFAOYSA-N,C1CCC(CCC2CC3CCCC3C3CC(C4CCCC4)CC23)CC1,10.1021/jm300899q,23098605,1,False,False,pending_dual_review,eligible_for_primary_evidence_review,
BDB-50399568,50399568,Cn1cc2c(nc(NCc3ccc(Cl)cc3)n3nc(-c4ccco4)nc23)n1,BSFFINUACIWIKO-UHFFFAOYSA-N,C1CCC(CCC2CC3CCCC3C3CC(C4CCCC4)CC23)CC1,10.1021/jm300899q,23098605,1,False,False,pending_dual_review,eligible_for_primary_evidence_review,
BDB-50399569,50399569,COc1ccc(CNc2nc3nn(C)cc3c3nc(-c4ccco4)nn23)cc1,MHQQFDVNGWLYMF-UHFFFAOYSA-N,C1CCC(CCC2CC3CCCC3C3CC(C4CCCC4)CC23)CC1,10.1021/jm300899q,23098605,1,False,False,pending_dual_review,eligible_for_primary_evidence_review,
BDB-50399570,50399570,Cc1ccc(CNc2nc3nn(C)cc3c3nc(-c4ccco4)nn23)cc1,FPMBUTWGTHHSLU-UHFFFAOYSA-N,C1CCC(CCC2CC3CCCC3C3CC(C4CCCC4)CC23)CC1,10.1021/jm300899q,23098605,1,False,False,pending_dual_review,eligible_for_primary_evidence_review,
BDB-50399571,50399571,C[C@@H](Nc1nc2nn(C)cc2c2nc(-c3ccco3)nn12)c1ccccc1,OWWOFJVMVLDYOC-GFCCVEGCSA-N,C1CCC(CCC2CC3CCCC3C3CC(C4CCCC4)CC23)CC1,10.1021/jm300899q,23098605,1,False,False,pending_dual_review,eligible_for_primary_evidence_review,
BDB-50399572,50399572,C[C@H](Nc1nc2nn(C)cc2c2nc(-c3ccco3)nn12)c1ccccc1,OWWOFJVMVLDYOC-LBPRGKRZSA-N,C1CCC(CCC2CC3CCCC3C3CC(C4CCCC4)CC23)CC1,10.1021/jm300899q|10.1039/d0md00380h,23098605|34046614,2,False,False,pending_dual_review,eligible_for_primary_evidence_review,
BDB-50399573,50399573,Cn1cc2c(nc(NCc3ccccc3)n3nc(-c4ccco4)nc23)n1,MMLCOPCVUQJKKW-UHFFFAOYSA-N,C1CCC(CCC2CC3CCCC3C3CC(C4CCCC4)CC23)CC1,10.1021/jm300899q,23098605,1,False,False,pending_dual_review,eligible_for_primary_evidence_review,
BDB-50399574,50399574,Cn1cc2c(nc(NC3C4CC5CC(C4)CC3C5)n3nc(-c4ccco4)nc23)n1,YIRYRKPJVKXGQW-UHFFFAOYSA-N,C1CCC(C2CC3C(CC4C5CC6CC(C5)CC4C6)CC4CCCC4C3C2)C1,10.1021/jm300899q,23098605,1,False,False,pending_dual_review,eligible_for_primary_evidence_review,
BDB-50399576,50399576,Cn1cc2c(nc(NCC3CCCCC3)n3nc(-c4ccco4)nc23)n1,WLXVXYVNPATIDD-UHFFFAOYSA-N,C1CCC(CCC2CC3CCCC3C3CC(C4CCCC4)CC23)CC1,10.1021/jm300899q,23098605,1,False,False,pending_dual_review,eligible_for_primary_evidence_review,
BDB-50399577,50399577,Cn1cc2c(nc(NC3CCCCCCC3)n3nc(-c4ccco4)nc23)n1,HRFCOULEPPNWST-UHFFFAOYSA-N,C1CCCC(CC2CC3CCCC3C3CC(C4CCCC4)CC23)CCC1,10.1021/jm300899q,23098605,1,False,False,pending_dual_review,eligible_for_primary_evidence_review,
BDB-50399578,50399578,Cn1cc2c(nc(NC3CCCCCC3)n3nc(-c4ccco4)nc23)n1,NNXMGTRINHPQFM-UHFFFAOYSA-N,C1CCCC(CC2CC3CCCC3C3CC(C4CCCC4)CC23)CC1,10.1021/jm300899q,23098605,1,False,False,pending_dual_review,eligible_for_primary_evidence_review,
BDB-50399579,50399579,Cn1cc2c(nc(NC3CCCCC3)n3nc(-c4ccco4)nc23)n1,PCCALFXKADAFFG-UHFFFAOYSA-N,C1CCC(CC2CC3CCCC3C3CC(C4CCCC4)CC23)CC1,10.1021/jm300899q,23098605,1,False,False,pending_dual_review,eligible_for_primary_evidence_review,
BDB-50399580,50399580,Cn1cc2c(nc(NC3CCCC3)n3nc(-c4ccco4)nc23)n1,GQQIISWJBGUJTR-UHFFFAOYSA-N,C1CCC(CC2CC3CCCC3C3CC(C4CCCC4)CC23)C1,10.1021/jm300899q,23098605,1,False,False,pending_dual_review,eligible_for_primary_evidence_review,
BDB-50399581,50399581,Cn1cc2c(nc(NC3CCC3)n3nc(-c4ccco4)nc23)n1,OTZPDZBHTVRFPM-UHFFFAOYSA-N,C1CC(CC2CC3CCCC3C3CC(C4CCCC4)CC23)C1,10.1021/jm300899q,23098605,1,False,False,pending_dual_review,eligible_for_primary_evidence_review,
BDB-50399582,50399582,Cn1cc2c(nc(NC3CC3)n3nc(-c4ccco4)nc23)n1,IJJOWBKNALLTCF-UHFFFAOYSA-N,C1CCC(C2CC3C(CC4CC4)CC4CCCC4C3C2)C1,10.1021/jm300899q,23098605,1,False,False,pending_dual_review,eligible_for_primary_evidence_review,
BDB-50399583,50399583,Cn1cc2c(nc(NC(C)(C)C(C)(C)C)n3nc(-c4ccco4)nc23)n1,WPTOKWQRFFQUMX-UHFFFAOYSA-N,C1CCC(C2CC3CCC4CCCC4C3C2)C1,10.1021/jm300899q,23098605,1,False,False,pending_dual_review,eligible_for_primary_evidence_review,
BDB-50399584,50399584,CCCCC(CC)CNc1nc2nn(C)cc2c2nc(-c3ccco3)nn12,BJSSATMJOLCJJW-UHFFFAOYSA-N,C1CCC(C2CC3CCC4CCCC4C3C2)C1,10.1021/jm300899q,23098605,1,False,False,pending_dual_review,eligible_for_primary_evidence_review,
BDB-50399585,50399585,CCCCCCC(C)Nc1nc2nn(C)cc2c2nc(-c3ccco3)nn12,GABASWHARKDMCS-UHFFFAOYSA-N,C1CCC(C2CC3CCC4CCCC4C3C2)C1,10.1021/jm300899q,23098605,1,False,False,pending_dual_review,eligible_for_primary_evidence_review,
BDB-50399586,50399586,CCCCCC(C)Nc1nc2nn(C)cc2c2nc(-c3ccco3)nn12,YWPZJIRZKHAKDC-UHFFFAOYSA-N,C1CCC(C2CC3CCC4CCCC4C3C2)C1,10.1021/jm300899q,23098605,1,False,False,pending_dual_review,eligible_for_primary_evidence_review,
BDB-50399587,50399587,CCCCCNc1nc2nn(C)cc2c2nc(-c3ccco3)nn12,KXPAURVKWYPIKG-UHFFFAOYSA-N,C1CCC(C2CC3CCC4CCCC4C3C2)C1,10.1021/jm300899q,23098605,1,False,False,pending_dual_review,eligible_for_primary_evidence_review,
BDB-50399588,50399588,CC[C@@H](C)Nc1nc2nn(C)cc2c2nc(-c3ccco3)nn12,LVFMVYMRLFXZPP-SECBINFHSA-N,C1CCC(C2CC3CCC4CCCC4C3C2)C1,10.1021/jm300899q,23098605,2,False,False,pending_dual_review,eligible_for_primary_evidence_review,
BDB-50399589,50399589,CC[C@H](C)Nc1nc2nn(C)cc2c2nc(-c3ccco3)nn12,LVFMVYMRLFXZPP-VIFPVBQESA-N,C1CCC(C2CC3CCC4CCCC4C3C2)C1,10.1021/jm300899q,23098605,1,False,False,pending_dual_review,eligible_for_primary_evidence_review,
BDB-50399590,50399590,CC(C)Nc1nc2nn(C)cc2c2nc(-c3ccco3)nn12,YWBHNABMSXRTSU-UHFFFAOYSA-N,C1CCC(C2CC3CCC4CCCC4C3C2)C1,10.1021/jm300899q,23098605,1,False,False,pending_dual_review,eligible_for_primary_evidence_review,
BDB-50399591,50399591,CCNc1nc2nn(C)cc2c2nc(-c3ccco3)nn12,NXZGHFILRFRPJK-UHFFFAOYSA-N,C1CCC(C2CC3CCC4CCCC4C3C2)C1,10.1021/jm300899q,23098605,1,False,False,pending_dual_review,eligible_for_primary_evidence_review,
BDB-50399592,50399592,CNc1nc2nn(C)cc2c2nc(-c3ccco3)nn12,FTYHEDOZRJKKOK-UHFFFAOYSA-N,C1CCC(C2CC3CCC4CCCC4C3C2)C1,10.1021/jm300899q,23098605,1,False,False,pending_dual_review,eligible_for_primary_evidence_review,
BDB-50399593,50399593,CCOc1nc2nn(C)cc2c2nc(-c3ccco3)nn12,OZYJGRKIQWQAKJ-UHFFFAOYSA-N,C1CCC(C2CC3CCC4CCCC4C3C2)C1,10.1021/jm300899q,23098605,1,False,False,pending_dual_review,eligible_for_primary_evidence_review,
BDB-50399595,50399595,Cn1cc2c(nc(Cl)n3nc(-c4ccco4)nc23)n1,CJWRBDJNYXSMRT-UHFFFAOYSA-N,C1CCC(C2CC3CCC4CCCC4C3C2)C1,10.1021/jm300899q,23098605,1,False,False,pending_dual_review,eligible_for_primary_evidence_review,
BDB-50399597,50399597,Cn1cc2c(nc(NC(c3ccccc3)c3ccccc3)n3nc(-c4ccco4)nc23)n1,MKTDHKFRAQCBTM-UHFFFAOYSA-N,C1CCC(C(CC2CC3CCCC3C3CC(C4CCCC4)CC23)C2CCCCC2)CC1,10.1021/jm300899q,23098605,1,False,False,pending_dual_review,eligible_for_primary_evidence_review,
BDB-50399598,50399598,Cn1cc2c(nc(N3CCOCC3)n3nc(-c4ccco4)nc23)n1,SQYPGOJZSPMZTP-UHFFFAOYSA-N,C1CCC(C2CC3CCCC3C3CC(C4CCCC4)CC23)CC1,10.1021/jm300899q,23098605,1,False,False,pending_dual_review,eligible_for_primary_evidence_review,
BDB-50399599,50399599,CN1CCN(c2nc3nn(C)cc3c3nc(-c4ccco4)nn23)CC1,OAXDFZDZMBSVTG-UHFFFAOYSA-N,C1CCC(C2CC3CCCC3C3CC(C4CCCC4)CC23)CC1,10.1021/jm300899q,23098605,1,False,False,pending_dual_review,eligible_for_primary_evidence_review,
BDB-50399600,50399600,Cn1cc2c(nc(N3CCCCC3)n3nc(-c4ccco4)nc23)n1,GQEOLUMOWCIBAE-UHFFFAOYSA-N,C1CCC(C2CC3CCCC3C3CC(C4CCCC4)CC23)CC1,10.1021/jm300899q,23098605,1,False,False,pending_dual_review,eligible_for_primary_evidence_review,
BDB-50399601,50399601,Cn1cc2c(nc(N3CCCC3)n3nc(-c4ccco4)nc23)n1,BWXMPQITWQKZFD-UHFFFAOYSA-N,C1CCC(C2CC3C4CCCC4CC(C4CCCC4)C3C2)C1,10.1021/jm300899q,23098605,1,False,False,pending_dual_review,eligible_for_primary_evidence_review,
BDB-50399602,50399602,CCN(CCO)c1nc2nn(C)cc2c2nc(-c3ccco3)nn12,ZEBYAUVRHKMQPR-UHFFFAOYSA-N,C1CCC(C2CC3CCC4CCCC4C3C2)C1,10.1021/jm300899q,23098605,1,False,False,pending_dual_review,eligible_for_primary_evidence_review,
BDB-50399603,50399603,Cn1cc2c(nc(N(Cc3ccccc3)Cc3ccccc3)n3nc(-c4ccco4)nc23)n1,JFCOJDOZDJSKRE-UHFFFAOYSA-N,C1CCC(CC(CC2CCCCC2)C2CC3CCCC3C3CC(C4CCCC4)CC23)CC1,10.1021/jm300899q,23098605,1,False,False,pending_dual_review,eligible_for_primary_evidence_review,
BDB-50399604,50399604,CN(Cc1ccccc1)c1nc2nn(C)cc2c2nc(-c3ccco3)nn12,QNYQLGNNYUTDRZ-UHFFFAOYSA-N,C1CCC(CCC2CC3CCCC3C3CC(C4CCCC4)CC23)CC1,10.1021/jm300899q,23098605,1,False,False,pending_dual_review,eligible_for_primary_evidence_review,
BDB-50399605,50399605,CN(c1nc2nn(C)cc2c2nc(-c3ccco3)nn12)C1CCCCC1,FAFPLOBEBFMXSG-UHFFFAOYSA-N,C1CCC(CC2CC3CCCC3C3CC(C4CCCC4)CC23)CC1,10.1021/jm300899q,23098605,1,False,False,pending_dual_review,eligible_for_primary_evidence_review,
BDB-50399606,50399606,CCCCCN(CCCCC)c1nc2nn(C)cc2c2nc(-c3ccco3)nn12,KULSLKRKVJIVSJ-UHFFFAOYSA-N,C1CCC(C2CC3CCC4CCCC4C3C2)C1,10.1021/jm300899q,23098605,1,False,False,pending_dual_review,eligible_for_primary_evidence_review,
BDB-50399607,50399607,CCN(CC)c1nc2nn(C)cc2c2nc(-c3ccco3)nn12,UUWALMKJHYTCTG-UHFFFAOYSA-N,C1CCC(C2CC3CCC4CCCC4C3C2)C1,10.1021/jm300899q,23098605,1,False,False,pending_dual_review,eligible_for_primary_evidence_review,
BDB-50399608,50399608,CCCCN(C)c1nc2nn(C)cc2c2nc(-c3ccco3)nn12,AXCOIUNNTSIFCI-UHFFFAOYSA-N,C1CCC(C2CC3CCC4CCCC4C3C2)C1,10.1021/jm300899q,23098605,1,False,False,pending_dual_review,eligible_for_primary_evidence_review,
BDB-50399609,50399609,CN(C)c1nc2nn(C)cc2c2nc(-c3ccco3)nn12,BPVBTVZJKPLWTG-UHFFFAOYSA-N,C1CCC(C2CC3CCC4CCCC4C3C2)C1,10.1021/jm300899q,23098605,1,False,False,pending_dual_review,eligible_for_primary_evidence_review,
BDB-50399610,50399610,Cn1cc2c(nc(NCCOc3ccccc3)n3nc(-c4ccco4)nc23)n1,WXPASSFLHJVUDM-UHFFFAOYSA-N,C1CCC(CCCCC2CC3CCCC3C3CC(C4CCCC4)CC23)CC1,10.1021/jm300899q,23098605,1,False,False,pending_dual_review,eligible_for_primary_evidence_review,
BDB-50399611,50399611,COCCNc1nc2nn(C)cc2c2nc(-c3ccco3)nn12,TVZYBCDIIKGBLI-UHFFFAOYSA-N,C1CCC(C2CC3CCC4CCCC4C3C2)C1,10.1021/jm300899q,23098605,1,False,False,pending_dual_review,eligible_for_primary_evidence_review,
BDB-50399612,50399612,CONc1nc2nn(C)cc2c2nc(-c3ccco3)nn12,CQWRQINOVNKCQT-UHFFFAOYSA-N,C1CCC(C2CC3CCC4CCCC4C3C2)C1,10.1021/jm300899q,23098605,1,False,False,pending_dual_review,eligible_for_primary_evidence_review,
BDB-50399613,50399613,Cn1cc2c(nc(NCCCCCCO)n3nc(-c4ccco4)nc23)n1,ALQICOJQDRHPNA-UHFFFAOYSA-N,C1CCC(C2CC3CCC4CCCC4C3C2)C1,10.1021/jm300899q,23098605,1,False,False,pending_dual_review,eligible_for_primary_evidence_review,
BDB-50410645,50410645,Cn1c(=O)c2[nH]c(-c3cccc(OCC(=O)Nc4ccccc4)c3)cc2n(C)c1=O,GNYYZGRRHHJSGU-UHFFFAOYSA-N,CC(CCC1CCCC(C2CC3CC(C)CC(C)C3C2)C1)CC1CCCCC1,10.1021/jm0506221,16392813,1,False,False,pending_dual_review,eligible_for_primary_evidence_review,
BDB-50410647,50410647,CCCn1c(=O)c2[nH]c(-c3ccc(OCC(=O)NCc4ccccc4)cc3)cc2n(CCC)c1=O,HTBNCDBEUPANGR-UHFFFAOYSA-N,CC(CCC1CCCCC1)CCC1CCC(C2CC3CC(C)CC(C)C3C2)CC1,10.1021/jm0506221,16392813,1,False,False,pending_dual_review,eligible_for_primary_evidence_review,
BDB-50410648,50410648,Cn1c(=O)c2[nH]c(-c3ccc(OCC(=O)NC4CCc5ccccc54)cc3)cc2n(C)c1=O,AVEYDODSONUKCQ-UHFFFAOYSA-N,CC1CC(C)C2CC(C3CCC(CCC(C)CC4CCC5CCCCC54)CC3)CC2C1,10.1021/jm0506221,16392813,1,False,False,pending_dual_review,eligible_for_primary_evidence_review,
BDB-50410649,50410649,Cn1c(=O)c2[nH]c(-c3ccc(OCC(=O)O)cc3)cc2n(C)c1=O,QINAZTQESHGPEW-UHFFFAOYSA-N,CC1CC(C)C2CC(C3CCCCC3)CC2C1,10.1021/jm0506221,16392813,1,False,False,pending_dual_review,eligible_for_primary_evidence_review,
BDB-50410654,50410654,COc1cc(-c2cc3c([nH]2)c(=O)n(C)c(=O)n3C)ccc1OCC(=O)NCc1ccc(Cl)cc1,VPARIMNKTUNOJB-UHFFFAOYSA-N,CC(CCC1CCCCC1)CCC1CCC(C2CC3CC(C)CC(C)C3C2)CC1,10.1021/jm0506221,16392813,1,False,False,pending_dual_review,eligible_for_primary_evidence_review,
BDB-50410660,50410660,CCCn1c(=O)n(C)c(=O)c2[nH]c(-c3ccc(OCC(=O)O)cc3)cc21,BOAKPHNCXBGLGI-UHFFFAOYSA-N,CC1CC(C)C2CC(C3CCCCC3)CC2C1,10.1021/jm0506221,16392813,1,False,False,pending_dual_review,eligible_for_primary_evidence_review,
BDB-50410668,50410668,CCCn1c(=O)c2[nH]c(-c3ccc(OCC(=O)Nc4ccc(C(=O)NCCc5ccc(OC)cc5)cc4)cc3)cc2n(CCC)c1=O,SKLQFFSOFCTHCQ-UHFFFAOYSA-N,CC(CCC1CCC(C2CC3CC(C)CC(C)C3C2)CC1)CC1CCC(C(C)CCCC2CCCCC2)CC1,10.1021/jm0506221,16392813,1,False,False,pending_dual_review,eligible_for_primary_evidence_review,
BDB-50410673,50410673,CC(NC(=O)COc1ccc(-c2cc3c([nH]2)c(=O)n(C)c(=O)n3C)cc1)c1ccccc1,SGLDYCXUSGHLPC-UHFFFAOYSA-N,CC(CCC1CCCCC1)CCC1CCC(C2CC3CC(C)CC(C)C3C2)CC1,10.1021/jm0506221,16392813,1,False,False,pending_dual_review,eligible_for_primary_evidence_review,
BDB-50410676,50410676,Cn1c(=O)c2[nH]c(-c3cccc(OCC(=O)Nc4ccc(Br)cc4)c3)cc2n(C)c1=O,HFTMWCCNCRFCQF-UHFFFAOYSA-N,CC(CCC1CCCC(C2CC3CC(C)CC(C)C3C2)C1)CC1CCCCC1,10.1021/jm0506221,16392813,1,False,False,pending_dual_review,eligible_for_primary_evidence_review,
BDB-50410678,50410678,CCOC(=O)COc1ccc(-c2cc3c([nH]2)c(=O)n(C)c(=O)n3CCCOC)cc1,JMIICIZEKBOKPD-UHFFFAOYSA-N,CC1CC(C)C2CC(C3CCCCC3)CC2C1,10.1021/jm0506221,16392813,1,False,False,pending_dual_review,eligible_for_primary_evidence_review,
BDB-50410682,50410682,CCCn1c(=O)c2[nH]c(-c3ccc(OCC(=O)Nc4ccc(OCc5ccccc5)cc4)cc3)cc2n(CCC)c1=O,BEDJXTZHYOLEPQ-UHFFFAOYSA-N,CC(CCC1CCC(C2CC3CC(C)CC(C)C3C2)CC1)CC1CCC(CCC2CCCCC2)CC1,10.1021/jm0506221,16392813,1,False,False,pending_dual_review,eligible_for_primary_evidence_review,
BDB-50410684,50410684,CCCn1c(=O)c2[nH]c(-c3ccc(OCC(=O)O)cc3)c(Br)c2n(CCC)c1=O,BEENGFUSXOBQDU-UHFFFAOYSA-N,CC1CC(C)C2CC(C3CCCCC3)CC2C1,10.1021/jm0506221,16392813,1,False,False,pending_dual_review,eligible_for_primary_evidence_review,
BDB-50410685,50410685,CCOC(=O)COc1ccc(-c2cc3c([nH]2)c(=O)n(CC)c(=O)n3CCCOC)cc1,XJNVMLHWNUVXEY-UHFFFAOYSA-N,CC1CC(C)C2CC(C3CCCCC3)CC2C1,10.1021/jm0506221,16392813,1,False,False,pending_dual_review,eligible_for_primary_evidence_review,
BDB-50410687,50410687,Cn1c(=O)c2[nH]c(-c3ccc(OCC(=O)NCc4ccc(Cl)cc4)cc3)cc2n(C)c1=O,WPGDHSTZOBGPJX-UHFFFAOYSA-N,CC(CCC1CCCCC1)CCC1CCC(C2CC3CC(C)CC(C)C3C2)CC1,10.1021/jm0506221,16392813,1,False,False,pending_dual_review,eligible_for_primary_evidence_review,
BDB-50410690,50410690,Cn1c(=O)c2[nH]c(-c3ccc(OCC(=O)NC4CCCC4)cc3)cc2n(C)c1=O,BKFQUXHRSKOHQG-UHFFFAOYSA-N,CC(CCC1CCC(C2CC3CC(C)CC(C)C3C2)CC1)CC1CCCC1,10.1021/jm0506221,16392813,1,False,False,pending_dual_review,eligible_for_primary_evidence_review,
BDB-50410693,50410693,CCOC(=O)COc1ccc(-c2cc3c([nH]2)c(=O)n(C)c(=O)n3C)cc1,URLGGUHGSLQDEV-UHFFFAOYSA-N,CC1CC(C)C2CC(C3CCCCC3)CC2C1,10.1021/jm0506221,16392813,1,False,False,pending_dual_review,eligible_for_primary_evidence_review,
BDB-50410698,50410698,CCCn1c(=O)c2[nH]c(-c3ccc(OCC(=O)NCc4ccncc4)cc3)cc2n(CCC)c1=O,LEZSDKDMYVEWBA-UHFFFAOYSA-N,CC(CCC1CCCCC1)CCC1CCC(C2CC3CC(C)CC(C)C3C2)CC1,10.1021/jm0506221,16392813,1,False,False,pending_dual_review,eligible_for_primary_evidence_review,
BDB-50410704,50410704,CCCn1c(=O)c2[nH]c(-c3ccc(OCC(=O)NCc4ccc(F)cc4)cc3)c(Cl)c2n(CCC)c1=O,LZLIREWDYDIPNK-UHFFFAOYSA-N,CC(CCC1CCCCC1)CCC1CCC(C2CC3CC(C)CC(C)C3C2)CC1,10.1021/jm0506221,16392813,1,False,False,pending_dual_review,eligible_for_primary_evidence_review,
BDB-50410710,50410710,COCCCn1c(=O)n(C)c(=O)c2[nH]c(-c3ccc(OCC(=O)O)cc3)cc21,SVGAUYCXJABJTB-UHFFFAOYSA-N,CC1CC(C)C2CC(C3CCCCC3)CC2C1,10.1021/jm0506221,16392813,1,False,False,pending_dual_review,eligible_for_primary_evidence_review,
BDB-50410711,50410711,CCn1c(=O)c2[nH]c(-c3ccc(OCC(=O)O)cc3)cc2n(CCCOC)c1=O,JBGOGLZYEKBTKL-UHFFFAOYSA-N,CC1CC(C)C2CC(C3CCCCC3)CC2C1,10.1021/jm0506221,16392813,1,False,False,pending_dual_review,eligible_for_primary_evidence_review,
BDB-50410715,50410715,Cn1c(=O)c2[nH]c(-c3ccc(OCC(=O)NCc4ccc(F)cc4)cc3)cc2n(C)c1=O,YFBNYRAFLFBXLP-UHFFFAOYSA-N,CC(CCC1CCCCC1)CCC1CCC(C2CC3CC(C)CC(C)C3C2)CC1,10.1021/jm0506221,16392813,1,False,False,pending_dual_review,eligible_for_primary_evidence_review,
BDB-50410719,50410719,CCCn1c(=O)c2[nH]c(-c3ccc(OC(C)C(=O)NCc4ccc(Cl)cc4)cc3)cc2n(CCC)c1=O,JWIJBCSHXRVNLA-UHFFFAOYSA-N,CC(CCC1CCCCC1)CCC1CCC(C2CC3CC(C)CC(C)C3C2)CC1,10.1021/jm0506221,16392813,1,False,False,pending_dual_review,eligible_for_primary_evidence_review,
BDB-50410721,50410721,Cn1c(=O)c2[nH]c(-c3ccc(OCC(=O)NCc4ccccc4)cc3)cc2n(C)c1=O,NHACOWFQPMVIBG-UHFFFAOYSA-N,CC(CCC1CCCCC1)CCC1CCC(C2CC3CC(C)CC(C)C3C2)CC1,10.1021/jm0506221,16392813,1,False,False,pending_dual_review,eligible_for_primary_evidence_review,
BDB-50410725,50410725,CCN(Cc1ccccc1)C(=O)COc1ccc(-c2cc3c([nH]2)c(=O)n(C)c(=O)n3C)cc1,BXVGJROAEXMGOL-UHFFFAOYSA-N,CC(CCC1CCCCC1)CCC1CCC(C2CC3CC(C)CC(C)C3C2)CC1,10.1021/jm0506221,16392813,1,False,False,pending_dual_review,eligible_for_primary_evidence_review,
BDB-50410727,50410727,CCCn1c(=O)c2[nH]c(-c3ccc(OCC(=O)c4c(NC(=O)O)n(C)c(=O)n(C)c4=O)cc3)cc2n(CCC)c1=O,APNRVHUJZHKTDY-UHFFFAOYSA-N,CC1CCC(C(C)CCC2CCC(C3CC4CC(C)CC(C)C4C3)CC2)C(C)C1,10.1021/jm0506221,16392813,1,False,False,pending_dual_review,eligible_for_primary_evidence_review,
BDB-50410728,50410728,CCCn1c(=O)c2[nH]c(-c3ccc(OCC(=O)c4c(NC(=O)O)[nH]c(=O)n(C)c4=O)cc3)cc2n(CCC)c1=O,PDFGJPCUSITVSI-UHFFFAOYSA-N,CC1CCC(C(C)CCC2CCC(C3CC4CC(C)CC(C)C4C3)CC2)C(C)C1,10.1021/jm0506221,16392813,1,False,False,pending_dual_review,eligible_for_primary_evidence_review,
BDB-50410730,50410730,CCCn1c(=O)c2[nH]c(-c3ccc(OCC(=O)Nc4ccc(CS(=O)(=O)N5CCCC5)cc4)cc3)cc2n(CCC)c1=O,ARQDPBXHSFRPRH-UHFFFAOYSA-N,CC(CCC1CCC(C2CC3CC(C)CC(C)C3C2)CC1)CC1CCC(CC(C)(C)C2CCCC2)CC1,10.1021/jm0506221,16392813,1,False,False,pending_dual_review,eligible_for_primary_evidence_review,
BDB-50410731,50410731,O=C(COc1ccc(-c2cc3c([nH]2)c(=O)n(CC2CC2)c(=O)n3CC2CC2)cc1)Nc1ccccc1,ZYSZYFXFIMNBOF-UHFFFAOYSA-N,CC(CCC1CCC(C2CC3C(C)C(CC4CC4)C(C)C(CC4CC4)C3C2)CC1)CC1CCCCC1,10.1021/jm0506221,16392813,1,False,False,pending_dual_review,eligible_for_primary_evidence_review,
BDB-50410732,50410732,CCCn1c(=O)c2[nH]c(-c3ccc(OCC(=O)O)cc3)cc2n(C)c1=O,XWQUKWVNGUKKSR-UHFFFAOYSA-N,CC1CC(C)C2CC(C3CCCCC3)CC2C1,10.1021/jm0506221,16392813,1,False,False,pending_dual_review,eligible_for_primary_evidence_review,
BDB-50410739,50410739,COCCCn1c(=O)n(C)c(=O)c2[nH]c(-c3ccc(OCC(=O)NC4CCCC4)cc3)cc21,QCDBBBRLYUQFIK-UHFFFAOYSA-N,CC(CCC1CCC(C2CC3CC(C)CC(C)C3C2)CC1)CC1CCCC1,10.1021/jm0506221,16392813,1,False,False,pending_dual_review,eligible_for_primary_evidence_review,
BDB-50410741,50410741,Cn1c(=O)c2[nH]c(-c3ccc(OCC(=O)Nc4nncs4)cc3)cc2n(C)c1=O,MGZKFAUYVPPYJO-UHFFFAOYSA-N,CC(CCC1CCC(C2CC3CC(C)CC(C)C3C2)CC1)CC1CCCC1,10.1021/jm0506221,16392813,1,False,False,pending_dual_review,eligible_for_primary_evidence_review,
BDB-50410743,50410743,CCCn1c(=O)c2[nH]c(-c3ccc(OCC(=O)O)cc3)c(Cl)c2n(CCC)c1=O,STQDLIIMMNSUOO-UHFFFAOYSA-N,CC1CC(C)C2CC(C3CCCCC3)CC2C1,10.1021/jm0506221,16392813,1,False,False,pending_dual_review,eligible_for_primary_evidence_review,
BDB-50410746,50410746,CCCn1c(=O)c2[nH]c(-c3ccc(OCC(=O)Nc4ccc(C5=NC(C)(C)CO5)cc4)cc3)cc2n(CCC)c1=O,DTFFMFFOAKREQV-UHFFFAOYSA-N,CC(CCC1CCC(C2CC3CC(C)CC(C)C3C2)CC1)CC1CCC(C2CCCC2)CC1,10.1021/jm0506221,16392813,1,False,False,pending_dual_review,eligible_for_primary_evidence_review,
BDB-50410747,50410747,CCCn1c(=O)c2[nH]c(-c3ccc(OCC(=O)O)cc3)cc2n(CCC)c1=O,WSNQHSNCMSARBG-UHFFFAOYSA-N,CC1CC(C)C2CC(C3CCCCC3)CC2C1,10.1021/jm0506221,16392813,1,False,False,pending_dual_review,eligible_for_primary_evidence_review,
BDB-50410748,50410748,CCCn1c(=O)c2[nH]c(-c3ccc(OC(C)C(=O)O)cc3)cc2n(CCC)c1=O,PMNVTYJKRYGRPH-UHFFFAOYSA-N,CC1CC(C)C2CC(C3CCCCC3)CC2C1,10.1021/jm0506221,16392813,1,False,False,pending_dual_review,eligible_for_primary_evidence_review,
BDB-50410750,50410750,CCOC(=O)COc1ccc(-c2cc3c([nH]2)c(=O)n(C)c(=O)n3C)cc1OC,CEFLYJWUMXCSCC-UHFFFAOYSA-N,CC1CC(C)C2CC(C3CCCCC3)CC2C1,10.1021/jm0506221,16392813,1,False,False,pending_dual_review,eligible_for_primary_evidence_review,
BDB-50410751,50410751,CCCn1c(=O)c2[nH]c(-c3ccc(OCC(=O)NCc4ccccc4)cc3)c(Cl)c2n(CCC)c1=O,OCWSAIKHMSCRFH-UHFFFAOYSA-N,CC(CCC1CCCCC1)CCC1CCC(C2CC3CC(C)CC(C)C3C2)CC1,10.1021/jm0506221,16392813,1,False,False,pending_dual_review,eligible_for_primary_evidence_review,
BDB-50410755,50410755,CCCn1c(=O)c2[nH]c(-c3ccc(OCC(=O)n4ccc(N)n4)cc3)cc2n(CCC)c1=O,OBRLHFBUUWTVMS-UHFFFAOYSA-N,CC1CC(C)C2CC(C3CCC(CCC(C)C4CCCC4)CC3)CC2C1,10.1021/jm0506221,16392813,1,False,False,pending_dual_review,eligible_for_primary_evidence_review,
BDB-50410757,50410757,COc1cc(OCC(=O)NCc2ccc(Cl)cc2)ccc1-c1cc2c([nH]1)c(=O)n(C)c(=O)n2C,FIBYJINJXUYRHV-UHFFFAOYSA-N,CC(CCC1CCCCC1)CCC1CCC(C2CC3CC(C)CC(C)C3C2)CC1,10.1021/jm0506221,16392813,1,False,False,pending_dual_review,eligible_for_primary_evidence_review,
BDB-50410764,50410764,CN(Cc1ccccc1)C(=O)COc1ccc(-c2cc3c([nH]2)c(=O)n(C)c(=O)n3C)cc1,TUBWSDBFGOLBIV-UHFFFAOYSA-N,CC(CCC1CCCCC1)CCC1CCC(C2CC3CC(C)CC(C)C3C2)CC1,10.1021/jm0506221,16392813,1,False,False,pending_dual_review,eligible_for_primary_evidence_review,
BDB-50410765,50410765,CCCn1c(=O)c2[nH]c(-c3ccc(OCC(=O)Nc4ccc(S(=O)(=O)c5ccccc5)cc4)cc3)cc2n(CCC)c1=O,ZBJNVPHANKXVEI-UHFFFAOYSA-N,CC(CCC1CCC(C2CC3CC(C)CC(C)C3C2)CC1)CC1CCC(C(C)(C)C2CCCCC2)CC1,10.1021/jm0506221,16392813,1,False,False,pending_dual_review,eligible_for_primary_evidence_review,
BDB-50410768,50410768,Cn1c(=O)c2[nH]c(-c3ccc(OCC(=O)NCc4ccco4)cc3)cc2n(C)c1=O,PCVZFCWEKBFCAJ-UHFFFAOYSA-N,CC(CCC1CCCC1)CCC1CCC(C2CC3CC(C)CC(C)C3C2)CC1,10.1021/jm0506221,16392813,1,False,False,pending_dual_review,eligible_for_primary_evidence_review,
BDB-50410771,50410771,COc1cccc(CNC(=O)COc2ccc(-c3cc4c([nH]3)c(=O)n(C)c(=O)n4C)cc2)c1,JCXBQIPCLFPVEW-UHFFFAOYSA-N,CC(CCC1CCCCC1)CCC1CCC(C2CC3CC(C)CC(C)C3C2)CC1,10.1021/jm0506221,16392813,1,False,False,pending_dual_review,eligible_for_primary_evidence_review,
BDB-50414356,50414356,CCn1c(=O)c2[nH]c(-c3ccc(OCC(=O)NN4CCc5ccccc5C4)cc3)nc2n(CCCOC)c1=O,OWZKUWVVPFHDPB-UHFFFAOYSA-N,CC(CCC1CCC(C2CC3CC(C)CC(C)C3C2)CC1)CC1CCC2CCCCC2C1,10.1016/j.bmc.2009.03.029,19346133,1,False,False,pending_dual_review,eligible_for_primary_evidence_review,
BDB-50414357,50414357,CCn1c(=O)c2[nH]c(-c3ccc(OCC(=O)Nc4ccon4)cc3)nc2n(CCCOC)c1=O,UPCXLOINHZXHJP-UHFFFAOYSA-N,CC(CCC1CCC(C2CC3CC(C)CC(C)C3C2)CC1)CC1CCCC1,10.1016/j.bmc.2009.03.029,19346133,1,False,False,pending_dual_review,eligible_for_primary_evidence_review,
BDB-50414361,50414361,CCn1c(=O)c2[nH]c(-c3ccc(OCC(=O)Nc4nc5ccccc5[nH]4)cc3)nc2n(CCCOC)c1=O,PFHDEXCGRYGQEY-UHFFFAOYSA-N,CC(CCC1CCC(C2CC3CC(C)CC(C)C3C2)CC1)CC1CC2CCCCC2C1,10.1016/j.bmc.2009.03.029,19346133,1,False,False,pending_dual_review,eligible_for_primary_evidence_review,
BDB-50414363,50414363,CCn1c(=O)c2[nH]c(-c3ccc(OCC(=O)NC4CCCC4)cc3)nc2n(CCCOC)c1=O,WRAWDTFXMWUPML-UHFFFAOYSA-N,CC(CCC1CCC(C2CC3CC(C)CC(C)C3C2)CC1)CC1CCCC1,10.1016/j.bmc.2009.03.029,19346133,1,False,False,pending_dual_review,eligible_for_primary_evidence_review,
BDB-50414366,50414366,CCCn1c(=O)c2[nH]c(-c3ccccc3)nc2n(CCCOC)c1=O,ABIXUHSEHFCQMV-UHFFFAOYSA-N,CC1CC(C)C2CC(C3CCCCC3)CC2C1,10.1016/j.bmc.2009.03.029,19346133,1,False,False,pending_dual_review,eligible_for_primary_evidence_review,
BDB-50414368,50414368,CCn1c(=O)c2[nH]c(-c3ccc(-c4ccccc4)cc3)nc2n(CCCOC)c1=O,ZUMBEDFBBFUPEK-UHFFFAOYSA-N,CC1CC(C)C2CC(C3CCC(C4CCCCC4)CC3)CC2C1,10.1016/j.bmc.2009.03.029,19346133,1,False,False,pending_dual_review,eligible_for_primary_evidence_review,
BDB-50415167,50415167,CCn1c(=O)c2c(nc(Cc3cccs3)n2C)n(Cc2ccco2)c1=O,SSHDELUWPYLWLW-UHFFFAOYSA-N,CC1CC(C)C2CC(CC3CCCC3)CC2C1CC1CCCC1,10.1016/j.bmc.2009.07.034,19682912,1,False,False,pending_dual_review,eligible_for_primary_evidence_review,
BDB-50415168,50415168,CCn1c(=O)c2c(nc(Cc3ccccc3)n2C)n(Cc2ccco2)c1=O,OKKKKDDZWVEAJT-UHFFFAOYSA-N,CC1CC(C)C2CC(CC3CCCCC3)CC2C1CC1CCCC1,10.1016/j.bmc.2009.07.034,19682912,1,False,False,pending_dual_review,eligible_for_primary_evidence_review,
BDB-50415169,50415169,CCn1c(=O)c2c(nc(Cc3ccco3)n2C)n(Cc2ccco2)c1=O,QGMJNVQSONTZOK-UHFFFAOYSA-N,CC1CC(C)C2CC(CC3CCCC3)CC2C1CC1CCCC1,10.1016/j.bmc.2009.07.034,19682912,1,False,False,pending_dual_review,eligible_for_primary_evidence_review,
BDB-50415170,50415170,Cn1c(=O)c2c(nc(Cc3ccco3)n2C)n(Cc2ccco2)c1=O,GKJAWXNDLJPCHD-UHFFFAOYSA-N,CC1CC(C)C2CC(CC3CCCC3)CC2C1CC1CCCC1,10.1016/j.bmc.2009.07.034,19682912,1,False,False,pending_dual_review,eligible_for_primary_evidence_review,
BDB-50415171,50415171,CCCn1c(=O)c2c(nc(Cc3cccs3)n2C)n(Cc2ccco2)c1=O,MHAUZMSHZITGEY-UHFFFAOYSA-N,CC1CC(C)C2CC(CC3CCCC3)CC2C1CC1CCCC1,10.1016/j.bmc.2009.07.034,19682912,1,False,False,pending_dual_review,eligible_for_primary_evidence_review,
BDB-50415172,50415172,C=CCn1c(=O)c2c(nc(Cc3cccs3)n2C)n(Cc2ccco2)c1=O,OCYNMYPMSJPZPM-UHFFFAOYSA-N,CC1CC(C)C2CC(CC3CCCC3)CC2C1CC1CCCC1,10.1016/j.bmc.2009.07.034,19682912,1,False,False,pending_dual_review,eligible_for_primary_evidence_review,
BDB-50415173,50415173,CCCn1c(=O)c2c(nc(Cc3ccco3)n2C)n(Cc2ccco2)c1=O,FPHCHSKRTSLIEQ-UHFFFAOYSA-N,CC1CC(C)C2CC(CC3CCCC3)CC2C1CC1CCCC1,10.1016/j.bmc.2009.07.034,19682912,1,False,False,pending_dual_review,eligible_for_primary_evidence_review,
BDB-50415174,50415174,CCn1c(=O)c2[nH]c(Cc3cccs3)nc2n(Cc2ccco2)c1=O,PPBHCKHMCRVBPO-UHFFFAOYSA-N,CC1CC(C)C2CC(CC3CCCC3)CC2C1CC1CCCC1,10.1016/j.bmc.2009.07.034,19682912,1,False,False,pending_dual_review,eligible_for_primary_evidence_review,
BDB-50415175,50415175,CCCn1c(=O)c2[nH]c(Cc3ccccc3)nc2n(Cc2ccco2)c1=O,KREASJLNBUJKES-UHFFFAOYSA-N,CC1CC(C)C2CC(CC3CCCCC3)CC2C1CC1CCCC1,10.1016/j.bmc.2009.07.034,19682912,1,False,False,pending_dual_review,eligible_for_primary_evidence_review,
BDB-50415176,50415176,Cn1c(=O)c2[nH]c(Cc3ccco3)nc2n(Cc2ccco2)c1=O,WMTXPOCNKSIZIG-UHFFFAOYSA-N,CC1CC(C)C2CC(CC3CCCC3)CC2C1CC1CCCC1,10.1016/j.bmc.2009.07.034,19682912,1,False,False,pending_dual_review,eligible_for_primary_evidence_review,
BDB-50415177,50415177,C#CCn1c(=O)c2[nH]c(Cc3cccs3)nc2n(Cc2ccco2)c1=O,PGYIIWBQROMXCJ-UHFFFAOYSA-N,CC1CC(C)C2CC(CC3CCCC3)CC2C1CC1CCCC1,10.1016/j.bmc.2009.07.034,19682912,1,False,False,pending_dual_review,eligible_for_primary_evidence_review,
BDB-50415178,50415178,C#CCn1c(=O)c2[nH]c(Cc3c(F)cccc3F)nc2n(Cc2ccco2)c1=O,XGTLPGBZBAYREK-UHFFFAOYSA-N,CC1CC(C)C2CC(CC3CCCCC3)CC2C1CC1CCCC1,10.1016/j.bmc.2009.07.034,19682912,1,False,False,pending_dual_review,eligible_for_primary_evidence_review,
BDB-50415179,50415179,COCCn1c(=O)c2c(nc(Cc3c(F)cccc3F)n2C)n(Cc2ccco2)c1=O,ACRHQCILRCGEKI-UHFFFAOYSA-N,CC1CC(C)C2CC(CC3CCCCC3)CC2C1CC1CCCC1,10.1016/j.bmc.2009.07.034,19682912,1,False,False,pending_dual_review,eligible_for_primary_evidence_review,
BDB-50415180,50415180,Cn1c(Cc2cccs2)nc2c1c(=O)n(CC1CC1)c(=O)n2Cc1ccco1,VHWYUMTZLRBOPH-UHFFFAOYSA-N,CC1C(CC2CC2)C(C)C2CC(CC3CCCC3)CC2C1CC1CCCC1,10.1016/j.bmc.2009.07.034,19682912,1,False,False,pending_dual_review,eligible_for_primary_evidence_review,
BDB-50415181,50415181,CCCn1c(=O)c2c(nc(Cc3ccccc3)n2C)n(Cc2ccco2)c1=O,CTVYBDZFLIPCGP-UHFFFAOYSA-N,CC1CC(C)C2CC(CC3CCCCC3)CC2C1CC1CCCC1,10.1016/j.bmc.2009.07.034,19682912,1,False,False,pending_dual_review,eligible_for_primary_evidence_review,
BDB-50415182,50415182,CCn1c(=O)c2[nH]c(Cc3ccco3)nc2n(Cc2ccco2)c1=O,WTCBOLXJTPLBML-UHFFFAOYSA-N,CC1CC(C)C2CC(CC3CCCC3)CC2C1CC1CCCC1,10.1016/j.bmc.2009.07.034,19682912,1,False,False,pending_dual_review,eligible_for_primary_evidence_review,
BDB-50415183,50415183,COCCn1c(=O)c2c(nc(Cc3cccs3)n2C)n(Cc2ccco2)c1=O,GXOOFWBKWUTYIY-UHFFFAOYSA-N,CC1CC(C)C2CC(CC3CCCC3)CC2C1CC1CCCC1,10.1016/j.bmc.2009.07.034,19682912,1,False,False,pending_dual_review,eligible_for_primary_evidence_review,
BDB-50415184,50415184,CCSCCn1c(=O)c2c(nc(Cc3cccs3)n2C)n(Cc2ccco2)c1=O,QZPINWXZBCTSMC-UHFFFAOYSA-N,CC1CC(C)C2CC(CC3CCCC3)CC2C1CC1CCCC1,10.1016/j.bmc.2009.07.034,19682912,1,False,False,pending_dual_review,eligible_for_primary_evidence_review,
BDB-50415185,50415185,COCCn1c(=O)c2c(nc(Cc3ccccc3)n2C)n(Cc2ccco2)c1=O,FPIHBXLUUOSXHR-UHFFFAOYSA-N,CC1CC(C)C2CC(CC3CCCCC3)CC2C1CC1CCCC1,10.1016/j.bmc.2009.07.034,19682912,1,False,False,pending_dual_review,eligible_for_primary_evidence_review,
BDB-50415186,50415186,CCn1c(=O)c2[nH]c(Cc3ccccc3)nc2n(Cc2ccco2)c1=O,LNUPSMNRUGXWSA-UHFFFAOYSA-N,CC1CC(C)C2CC(CC3CCCCC3)CC2C1CC1CCCC1,10.1016/j.bmc.2009.07.034,19682912,1,False,False,pending_dual_review,eligible_for_primary_evidence_review,
BDB-50415187,50415187,CSCCn1c(=O)c2[nH]c(Cc3c(F)cccc3F)nc2n(Cc2ccco2)c1=O,BTKPFKOQBYZHIU-UHFFFAOYSA-N,CC1CC(C)C2CC(CC3CCCCC3)CC2C1CC1CCCC1,10.1016/j.bmc.2009.07.034,19682912,1,False,False,pending_dual_review,eligible_for_primary_evidence_review,
BDB-50415188,50415188,C=CCn1c(=O)c2[nH]c(Cc3cccs3)nc2n(Cc2ccco2)c1=O,VLZSBCXHJFOEMJ-UHFFFAOYSA-N,CC1CC(C)C2CC(CC3CCCC3)CC2C1CC1CCCC1,10.1016/j.bmc.2009.07.034,19682912,1,False,False,pending_dual_review,eligible_for_primary_evidence_review,
BDB-50415189,50415189,Cn1c(Cc2c(F)cccc2F)nc2c1c(=O)n(CC1CC1)c(=O)n2Cc1ccco1,WCFZQVPJCXXOQP-UHFFFAOYSA-N,CC1C(CC2CC2)C(C)C2CC(CC3CCCCC3)CC2C1CC1CCCC1,10.1016/j.bmc.2009.07.034,19682912,1,False,False,pending_dual_review,eligible_for_primary_evidence_review,
BDB-50415190,50415190,CSCCn1c(=O)c2[nH]c(Cc3cccs3)nc2n(Cc2ccco2)c1=O,UFRAPVWLWUGSAM-UHFFFAOYSA-N,CC1CC(C)C2CC(CC3CCCC3)CC2C1CC1CCCC1,10.1016/j.bmc.2009.07.034,19682912,1,False,False,pending_dual_review,eligible_for_primary_evidence_review,
BDB-50415191,50415191,C=CCn1c(=O)c2c(nc(Cc3c(F)cccc3F)n2C)n(Cc2ccco2)c1=O,LIMBCJHHZJITSJ-UHFFFAOYSA-N,CC1CC(C)C2CC(CC3CCCCC3)CC2C1CC1CCCC1,10.1016/j.bmc.2009.07.034,19682912,1,False,False,pending_dual_review,eligible_for_primary_evidence_review,
BDB-50415452,50415452,CCCn1c(=O)c2[nH]c(-c3ccccc3)nc2n(CCSCC)c1=O,MVVWCXJLPQXNJG-UHFFFAOYSA-N,CC1CC(C)C2CC(C3CCCCC3)CC2C1,10.1016/j.bmc.2010.01.028,20137957,1,False,False,pending_dual_review,eligible_for_primary_evidence_review,
BDB-50415453,50415453,CCn1c(=O)c2c(nc(Cc3c(F)cccc3F)n2C)n(Cc2cccs2)c1=O,DMAYTDCOEDIJLM-UHFFFAOYSA-N,CC1CC(C)C2CC(CC3CCCCC3)CC2C1CC1CCCC1,10.1016/j.bmc.2010.01.028,20137957,1,False,False,pending_dual_review,eligible_for_primary_evidence_review,
BDB-50415454,50415454,CCn1c(=O)c2c(nc(Cc3ccco3)n2C)n(Cc2cccs2)c1=O,SHCXDZDXJJTJPV-UHFFFAOYSA-N,CC1CC(C)C2CC(CC3CCCC3)CC2C1CC1CCCC1,10.1016/j.bmc.2010.01.028,20137957,1,False,False,pending_dual_review,eligible_for_primary_evidence_review,
BDB-50415455,50415455,CCn1c(=O)c2c(nc(Cc3cccs3)n2C)n(Cc2cccs2)c1=O,BIBLAKNTLNUCAP-UHFFFAOYSA-N,CC1CC(C)C2CC(CC3CCCC3)CC2C1CC1CCCC1,10.1016/j.bmc.2010.01.028,20137957,1,False,False,pending_dual_review,eligible_for_primary_evidence_review,
BDB-50415456,50415456,CCn1c(=O)c2c(nc(Cc3ccco3)n2C)n(Cc2ccccc2)c1=O,KGABEINPFFTCPX-UHFFFAOYSA-N,CC1CC(C)C2CC(CC3CCCC3)CC2C1CC1CCCCC1,10.1016/j.bmc.2010.01.028,20137957,1,False,False,pending_dual_review,eligible_for_primary_evidence_review,
BDB-50415457,50415457,CCn1c(=O)c2c(nc(Cc3cccs3)n2C)n(Cc2ccccc2)c1=O,JWRMFLBWDBNHOG-UHFFFAOYSA-N,CC1CC(C)C2CC(CC3CCCC3)CC2C1CC1CCCCC1,10.1016/j.bmc.2010.01.028,20137957,1,False,False,pending_dual_review,eligible_for_primary_evidence_review,
BDB-50415458,50415458,CCn1c(=O)c2[nH]c(Cc3cccs3)nc2n(Cc2cccs2)c1=O,RRZLRRTWZKEJME-UHFFFAOYSA-N,CC1CC(C)C2CC(CC3CCCC3)CC2C1CC1CCCC1,10.1016/j.bmc.2010.01.028,20137957,1,False,False,pending_dual_review,eligible_for_primary_evidence_review,
BDB-50416333,50416333,COc1cc(OCc2nc(-c3ccc(Br)cc3)no2)ccc1-c1cc2c([nH]1)c(=O)n(C)c(=O)n2C,QRQUDLPTEVGJQX-UHFFFAOYSA-N,CC1CC(C)C2CC(C3CCC(CCC4CCC(C5CCCCC5)C4)CC3)CC2C1,10.1016/j.ejmech.2010.03.011,20371139,1,False,False,pending_dual_review,eligible_for_primary_evidence_review,
BDB-50420423,50420423,O[C@@H]1[C@H](O)[C@@H]2C[C@@H]2[C@H]1n1cnc2c(NCc3cccc(Cl)c3)nc(C#Cc3ccccc3)nc21,VWOHRLFZGZDIDJ-CQRLQNNPSA-N,C1CCC(CCC2CC(CCC3CCCCC3)C3CCC(C4CCC5CC54)C3C2)CC1,10.1021/ml300107e,23145215,1,False,False,pending_dual_review,eligible_for_primary_evidence_review,
BDB-50420424,50420424,O[C@@H]1[C@H](O)[C@@H]2C[C@@H]2[C@H]1n1cnc2c(NCc3cccc(Cl)c3)nc(C#Cc3ccc(F)c(F)c3)nc21,XKRDCKIVPOWNFM-QSJAHPCTSA-N,C1CCC(CCC2CC(CCC3CCCCC3)C3CCC(C4CCC5CC54)C3C2)CC1,10.1021/ml300107e,23145215,1,False,False,pending_dual_review,eligible_for_primary_evidence_review,
BDB-50420425,50420425,O[C@@H]1[C@H](O)[C@@H]2C[C@@H]2[C@H]1n1cnc2c(NCc3cccc(Cl)c3)nc(C#Cc3cccc(Cl)c3)nc21,JBPIBLYOBJVHKF-CQRLQNNPSA-N,C1CCC(CCC2CC(CCC3CCCCC3)C3CCC(C4CCC5CC54)C3C2)CC1,10.1021/ml300107e,23145215,1,False,False,pending_dual_review,eligible_for_primary_evidence_review,
BDB-50423914,50423914,Nc1nc2ccccc2c2cc(-c3ccco3)nn12,GCEXNVIZJIGQML-UHFFFAOYSA-N,C1CCC(C2CC3CCC4CCCCC4C3C2)C1,10.1016/j.bmc.2012.10.031,23171656,1,False,False,pending_dual_review,eligible_for_primary_evidence_review,
BDB-50424510,50424510,COc1cccc(-c2cc(NC(C)=O)nc(-c3cccc(OC)c3OC)n2)c1OC,KEKAMKGLDCNNBK-UHFFFAOYSA-N,C1CCC(C2CCCC(C3CCCCC3)C2)CC1,10.1016/j.ejmech.2012.11.010,23231967,1,False,False,pending_dual_review,eligible_for_primary_evidence_review,
BDB-50424511,50424511,COc1cccc(-c2cc(NC(C)=O)nc(-c3cccc(OC)c3)n2)c1,WMZQATIJDWATFY-UHFFFAOYSA-N,C1CCC(C2CCCC(C3CCCCC3)C2)CC1,10.1016/j.ejmech.2012.11.010,23231967,1,False,False,pending_dual_review,eligible_for_primary_evidence_review,
BDB-50425477,50425477,Cn1c(=O)c2c(nc(/C=C/c3ccc(Cl)cc3)n2C)n(C)c1=O,RQLGXOPACNRPQG-RMKNXTFCSA-N,CC1CC(C)C2CC(CCC3CCCCC3)CC2C1,10.1021/jm301686s,23281824,1,False,False,pending_dual_review,eligible_for_primary_evidence_review,
BDB-50425479,50425479,CC(=O)c1ccc(/C=C/c2cc3c(c(=O)n(C)c(=O)n3C)n2C)cc1,ZFGJOSGQTRSQDZ-JXMROGBWSA-N,CC1CC(C)C2CC(CCC3CCCCC3)CC2C1,10.1021/jm301686s,23281824,1,False,False,pending_dual_review,eligible_for_primary_evidence_review,
BDB-50425481,50425481,CCCOc1ccc(/C=C/c2cc3c(c(=O)n(C)c(=O)n3C)n2C)cc1,ZZMIPZLRKFEGIA-RMKNXTFCSA-N,CC1CC(C)C2CC(CCC3CCCCC3)CC2C1,10.1021/jm301686s,23281824,1,False,False,pending_dual_review,eligible_for_primary_evidence_review,
BDB-50425482,50425482,COc1ccc(/C=C/c2cc3c(c(=O)n(C)c(=O)n3C)n2C)cc1,NJLQPMNFRKDJIR-VMPITWQZSA-N,CC1CC(C)C2CC(CCC3CCCCC3)CC2C1,10.1021/jm301686s,23281824,1,False,False,pending_dual_review,eligible_for_primary_evidence_review,
BDB-50425483,50425483,Cn1c(=O)c2c(cc(/C=C/c3ccc(C(F)(F)F)cc3)n2C)n(C)c1=O,YAFKHDVBTUJQFW-RMKNXTFCSA-N,CC1CC(C)C2CC(CCC3CCCCC3)CC2C1,10.1021/jm301686s,23281824,1,False,False,pending_dual_review,eligible_for_primary_evidence_review,
BDB-50425484,50425484,Cn1c(=O)c2c(cc(/C=C/c3ccc(Cl)cc3)n2C)n(C)c1=O,CUWBKAWUQFYRQI-RMKNXTFCSA-N,CC1CC(C)C2CC(CCC3CCCCC3)CC2C1,10.1021/jm301686s,23281824,1,False,False,pending_dual_review,eligible_for_primary_evidence_review,
BDB-50425485,50425485,Cn1c(=O)c2c(cc(/C=C/c3ccc(F)cc3)n2C)n(C)c1=O,IRRLLWAWPFWSBH-RMKNXTFCSA-N,CC1CC(C)C2CC(CCC3CCCCC3)CC2C1,10.1021/jm301686s,23281824,1,False,False,pending_dual_review,eligible_for_primary_evidence_review,
BDB-50425487,50425487,COc1cccc(/C=C/c2cc3c(c(=O)n(C)c(=O)n3C)n2C)c1,JIFDQSFRBJEEAE-CMDGGOBGSA-N,CC1CC(C)C2CC(CCC3CCCCC3)CC2C1,10.1021/jm301686s,23281824,1,False,False,pending_dual_review,eligible_for_primary_evidence_review,
BDB-50425499,50425499,Cn1c(=O)c2c(cc(/C=C/c3ccccc3O)n2C)n(C)c1=O,FIZIXWLCMJCKFH-CMDGGOBGSA-N,CC1CC(C)C2CC(CCC3CCCCC3)CC2C1,10.1021/jm301686s,23281824,1,False,False,pending_dual_review,eligible_for_primary_evidence_review,
BDB-50425506,50425506,Cn1c(=O)c2c(cc(/C=C/c3cccc(N)n3)n2C)n(C)c1=O,ACPTZWYCGODGER-BQYQJAHWSA-N,CC1CC(C)C2CC(CCC3CCCCC3)CC2C1,10.1021/jm301686s,23281824,1,False,False,pending_dual_review,eligible_for_primary_evidence_review,
BDB-50425507,50425507,Cn1c(=O)c2c(cc(/C=C/c3ccc4c(c3)OCO4)n2C)n(C)c1=O,LQPREAQKIYKQRO-GQCTYLIASA-N,CC1CC(C)C2CC(CCC3CCC4CCCC4C3)CC2C1,10.1021/jm301686s,23281824,1,False,False,pending_dual_review,eligible_for_primary_evidence_review,
BDB-50425509,50425509,Cn1c(=O)c2c(cc(/C=C/c3cccc(Cl)c3)n2C)n(C)c1=O,ZVCBPTWXXMIPIB-BQYQJAHWSA-N,CC1CC(C)C2CC(CCC3CCCCC3)CC2C1,10.1021/jm301686s,23281824,1,False,False,pending_dual_review,eligible_for_primary_evidence_review,
BDB-50426503,50426503,Nc1nc2c(cnn2CCN2CCN(c3ccc(OCC(=O)O)cc3)CC2)c2nc(-c3ccco3)nn12,WEQZSZADIFBDAX-UHFFFAOYSA-N,C1CCC(C2CCC(CCC3CCC4C3CCC3CC(C5CCCC5)CC34)CC2)CC1,10.1021/ml300397j,24900549,1,False,False,pending_dual_review,eligible_for_primary_evidence_review,
BDB-50427584,50427584,Nc1nc(Cc2ccccc2)nc2cn(-c3ccccc3)nc12,MLXRXENPLDYOCG-UHFFFAOYSA-N,C1CCC(CC2CCC3CC(C4CCCCC4)CC3C2)CC1,10.1016/j.bmc.2016.04.048|10.1016/j.ejmech.2014.07.060|10.1016/j.ejmech.2015.11.015|10.1021/jm400068e,23427825|25063944|26638043|27161878,4,False,False,pending_dual_review,eligible_for_primary_evidence_review,
BDB-50427586,50427586,Cc1nc(N)c2nn(-c3ccccc3)cc2n1,VCJVBLBICBKOAH-UHFFFAOYSA-N,C1CCC(C2CC3CCCCC3C2)CC1,10.1016/j.bmc.2016.04.048|10.1016/j.ejmech.2014.07.060|10.1016/j.ejmech.2015.11.015|10.1021/jm400068e,23427825|25063944|26638043|27161878,4,False,False,pending_dual_review,eligible_for_primary_evidence_review,
BDB-50432634,50432634,CCOc1cccc2cc(C(=O)NCc3ccccn3)c(=N)oc12,WZFUWGODTRDSBO-UHFFFAOYSA-N,CC(CCC1CCCCC1)C1CC2CCCCC2CC1C,10.1021/jm400422s,23597047,1,False,False,pending_dual_review,eligible_for_primary_evidence_review,
BDB-50449639,50449639,COc1ccccc1CNc1nc(N)c2nc(-c3ccc(C)o3)sc2n1,IAFSTXHYDXRWLE-UHFFFAOYSA-N,C1CCC(CCC2CCC3CC(C4CCCC4)CC3C2)CC1,10.1016/j.ejmech.2018.06.020,29909340,1,False,False,pending_dual_review,eligible_for_primary_evidence_review,
BDB-50449641,50449641,COc1cccc(CNc2nc(N)c3nc(-c4cccs4)sc3n2)c1,DZBPQTHYQQLPHZ-UHFFFAOYSA-N,C1CCC(CCC2CCC3CC(C4CCCC4)CC3C2)CC1,10.1016/j.ejmech.2018.06.020,29909340,1,False,False,pending_dual_review,eligible_for_primary_evidence_review,
BDB-50449653,50449653,Cc1ccc(-c2nc3c(N)nc(NCc4cccs4)nc3s2)o1,KDRDGNYMUHGIHJ-UHFFFAOYSA-N,C1CCC(CCC2CCC3CC(C4CCCC4)CC3C2)C1,10.1016/j.ejmech.2018.06.020,29909340,1,False,False,pending_dual_review,eligible_for_primary_evidence_review,
BDB-50449654,50449654,COc1cccc(CNc2nc(N)c3nc(-c4ccc(C)o4)sc3n2)c1,XWYPEXLMRBPAJM-UHFFFAOYSA-N,C1CCC(CCC2CCC3CC(C4CCCC4)CC3C2)CC1,10.1016/j.ejmech.2018.06.020,29909340,1,False,False,pending_dual_review,eligible_for_primary_evidence_review,
BDB-50452335,50452335,OC[C@H]1O[C@@H](n2cnc3c(NCCCc4ccccc4)ncnc32)[C@H](O)[C@@H]1O,UBRRRMDHTZACMR-NVQRDWNXSA-N,C1CCC(CCCCC2CCCC3C(C4CCCC4)CCC23)CC1,10.1016/j.ejmech.2021.113607,34171656,1,False,False,pending_dual_review,eligible_for_primary_evidence_review,
BDB-50455526,50455526,CCCn1c(=O)[nH]c2nc(-c3ccc(OCC(=O)NCCCCCC4=C5C(C)=CC(C)=[N+]5[B-](F)(F)n5c(C)cc(C)c54)cc3)[nH]c2c1=O,PBRHWMDJSZEWLM-UHFFFAOYSA-N,CC(CCCCCCC1C2CCCC2CC2CCCC21)CCC1CCC(C2CC3CC(C)CC(C)C3C2)CC1,10.1021/acs.jmedchem.7b01627,29681156,1,False,False,pending_dual_review,eligible_for_primary_evidence_review,
BDB-50455530,50455530,N=c1ccc2c(-c3ccc(C(=O)NCCCCCCn4cc(CCCC(=O)Nc5nc6ccc(Cl)cc6c6nc(-c7ccco7)nn56)nn4)cc3C(=O)O)c3ccc(N)c(S(=O)(=O)O)c3oc-2c1S(=O)(=O)O,OWAPJDQJQMNRHK-UHFFFAOYSA-N,CC(CCCC1CCC(CCCCCCCC(C)C2CCC(C3C4CCCCC4CC4CC(C)CCC43)CC2)C1)CC1CC2CCCCC2C2CC(C3CCCC3)CC12,10.1021/acs.jmedchem.7b01627,29681156,1,False,False,pending_dual_review,eligible_for_primary_evidence_review,
BDB-50455535,50455535,CCCn1c(=O)[nH]c2nc(-c3ccc(OCC(=O)NCCCCCCCCCCC4=C5C(C)=CC(C)=[N+]5[B-](F)(F)n5c(C)cc(C)c54)cc3)[nH]c2c1=O,QMGSMXCZSJOBTO-UHFFFAOYSA-N,CC(CCCCCCCCCCCC1C2CCCC2CC2CCCC21)CCC1CCC(C2CC3CC(C)CC(C)C3C2)CC1,10.1021/acs.jmedchem.7b01627,29681156,1,False,False,pending_dual_review,eligible_for_primary_evidence_review,
BDB-50458353,50458353,CC(=O)Nc1ccc(-c2c(C#N)c(N)nc(SCC(N)=O)c2C#N)cc1,NIGOXEMFVICBOV-UHFFFAOYSA-N,C1CCC(C2CCCCC2)CC1,10.1016/j.ejmech.2018.02.081,29525433,1,False,False,pending_dual_review,eligible_for_primary_evidence_review,
BDB-50458354,50458354,N#Cc1c(N)nc(SCc2ncc[nH]2)c(C#N)c1-c1ccc(OCC2CC2)cc1,SEHVZOJKPYLYHJ-UHFFFAOYSA-N,C1CCC(CCC2CCCC(C3CCC(CCC4CC4)CC3)C2)C1,10.1016/j.ejmech.2018.02.081,29525433,1,False,False,pending_dual_review,eligible_for_primary_evidence_review,
BDB-50458359,50458359,N#Cc1c(N)nc(SCc2cccnc2)c(C#N)c1-c1ccc(OCC2CC2)cc1,TZCJTTSIIJEDBO-UHFFFAOYSA-N,C1CCC(CCC2CCCC(C3CCC(CCC4CC4)CC3)C2)CC1,10.1016/j.ejmech.2018.02.081,29525433,1,False,False,pending_dual_review,eligible_for_primary_evidence_review,
BDB-50458370,50458370,CC(C)COc1ccc(-c2c(C#N)c(N)nc(SCC(N)=O)c2C#N)cc1,RXIAEMUBUHXFFR-UHFFFAOYSA-N,C1CCC(C2CCCCC2)CC1,10.1016/j.ejmech.2018.02.081,29525433,1,False,False,pending_dual_review,eligible_for_primary_evidence_review,
BDB-50464743,50464743,COc1ccc(-c2cc(N)cc3nc(-c4ccco4)oc23)cc1OC,XOFSLVNXQVIBPR-UHFFFAOYSA-N,C1CCC(C2CCCC3CC(C4CCCC4)CC32)CC1,10.1016/j.ejmech.2017.12.007,29268131,1,False,False,pending_dual_review,eligible_for_primary_evidence_review,
BDB-50464744,50464744,Nc1cc(-c2ccccc2)c2oc(-c3ccco3)nc2c1,PXDFFKGVRJZMBV-UHFFFAOYSA-N,C1CCC(C2CCCC3CC(C4CCCC4)CC32)CC1,10.1016/j.ejmech.2017.12.007,29268131,1,False,False,pending_dual_review,eligible_for_primary_evidence_review,
BDB-50464751,50464751,O=C(CCN1CCc2ccccc2C1)Nc1cc(-c2ccco2)c2oc(-c3ccco3)nc2c1,YPHPMZXEJNUQSP-UHFFFAOYSA-N,CC(CCC1CCC2CCCCC2C1)CC1CC2CC(C3CCCC3)CC2C(C2CCCC2)C1,10.1016/j.ejmech.2017.12.007,29268131,1,False,False,pending_dual_review,eligible_for_primary_evidence_review,
BDB-50464756,50464756,O=C(CCN1CCOCC1)Nc1cc(-c2ccco2)c2oc(-c3ccco3)nc2c1,DAUWIIFVZOQDLA-UHFFFAOYSA-N,CC(CCC1CCCCC1)CC1CC2CC(C3CCCC3)CC2C(C2CCCC2)C1,10.1016/j.ejmech.2017.12.007,29268131,1,False,False,pending_dual_review,eligible_for_primary_evidence_review,
BDB-50464757,50464757,O=C(CCN1CCCCC1)Nc1cc(-c2ccco2)c2oc(-c3ccco3)nc2c1,VQXMXFJGYUKBGZ-UHFFFAOYSA-N,CC(CCC1CCCCC1)CC1CC2CC(C3CCCC3)CC2C(C2CCCC2)C1,10.1016/j.ejmech.2017.12.007,29268131,1,False,False,pending_dual_review,eligible_for_primary_evidence_review,
BDB-50464759,50464759,Nc1cc(-c2ccc(F)cc2)c2oc(-c3ccco3)nc2c1,IBAJCVMAMMSXAJ-UHFFFAOYSA-N,C1CCC(C2CCCC3CC(C4CCCC4)CC32)CC1,10.1016/j.ejmech.2017.12.007,29268131,1,False,False,pending_dual_review,eligible_for_primary_evidence_review,
BDB-50464760,50464760,O=C(CCCN1CCCCC1)Nc1cc(-c2ccco2)c2oc(-c3ccco3)nc2c1,SQOJNFYJHJWBFN-UHFFFAOYSA-N,CC(CCCC1CCCCC1)CC1CC2CC(C3CCCC3)CC2C(C2CCCC2)C1,10.1016/j.ejmech.2017.12.007,29268131,1,False,False,pending_dual_review,eligible_for_primary_evidence_review,
BDB-50464761,50464761,Nc1cc(-c2ccccn2)c2oc(-c3ccco3)nc2c1,LLTQHYHOTKSKQD-UHFFFAOYSA-N,C1CCC(C2CCCC3CC(C4CCCC4)CC32)CC1,10.1016/j.ejmech.2017.12.007,29268131,1,False,False,pending_dual_review,eligible_for_primary_evidence_review,
BDB-50470456,50470456,CNc1ncc(C(=O)NCCc2ccccc2)c2nc(-c3ccco3)nn12,GVHOOSWGDIAYGW-UHFFFAOYSA-N,CC(CCCC1CCCCC1)C1CCCC2CC(C3CCCC3)CC21,10.1016/j.ejmech.2018.08.042,30144700,1,False,False,pending_dual_review,eligible_for_primary_evidence_review,
BDB-50470457,50470457,CNc1ncc(C(=O)OCc2cccc(F)c2)c2nc(-c3ccco3)nn12,NWWKYDWORDCFBN-UHFFFAOYSA-N,CC(CCC1CCCCC1)C1CCCC2CC(C3CCCC3)CC21,10.1016/j.ejmech.2018.08.042,30144700,1,False,False,pending_dual_review,eligible_for_primary_evidence_review,
BDB-50470459,50470459,CNc1ncc(C(=O)NCCOc2ccccc2)c2nc(-c3ccco3)nn12,WLODUKXHHYGQDP-UHFFFAOYSA-N,CC(CCCCC1CCCCC1)C1CCCC2CC(C3CCCC3)CC21,10.1016/j.ejmech.2018.08.042,30144700,1,False,False,pending_dual_review,eligible_for_primary_evidence_review,
BDB-50470460,50470460,CNc1ncc(C(=O)NCc2ccc(F)cc2)c2nc(-c3ccco3)nn12,YCKJUKSHJPBTIX-UHFFFAOYSA-N,CC(CCC1CCCCC1)C1CCCC2CC(C3CCCC3)CC21,10.1016/j.ejmech.2018.08.042,30144700,1,False,False,pending_dual_review,eligible_for_primary_evidence_review,
BDB-50470461,50470461,CNc1ncc(C(=O)NC(c2ccccc2)c2ccccc2)c2nc(-c3ccco3)nn12,UHDZPXOSQNQCSS-UHFFFAOYSA-N,CC(CC(C1CCCCC1)C1CCCCC1)C1CCCC2CC(C3CCCC3)CC21,10.1016/j.ejmech.2018.08.042,30144700,1,False,False,pending_dual_review,eligible_for_primary_evidence_review,
BDB-50470462,50470462,CNc1ncc(C(=O)OCc2ccccc2OC)c2nc(-c3ccco3)nn12,DBJYLWNPILKULG-UHFFFAOYSA-N,CC(CCC1CCCCC1)C1CCCC2CC(C3CCCC3)CC21,10.1016/j.ejmech.2018.08.042,30144700,1,False,False,pending_dual_review,eligible_for_primary_evidence_review,
BDB-50470463,50470463,CNc1ncc(C(=O)OCc2ccc(F)cc2)c2nc(-c3ccco3)nn12,OJWAGAHNGMBHHI-UHFFFAOYSA-N,CC(CCC1CCCCC1)C1CCCC2CC(C3CCCC3)CC21,10.1016/j.ejmech.2018.08.042,30144700,1,False,False,pending_dual_review,eligible_for_primary_evidence_review,
BDB-50470464,50470464,CNc1ncc(C(=O)OC(c2ccccc2)c2ccccc2)c2nc(-c3ccco3)nn12,JPJGTQKFWIRNKU-UHFFFAOYSA-N,CC(CC(C1CCCCC1)C1CCCCC1)C1CCCC2CC(C3CCCC3)CC21,10.1016/j.ejmech.2018.08.042,30144700,1,False,False,pending_dual_review,eligible_for_primary_evidence_review,
BDB-50470466,50470466,CNc1ncc(C(=O)OCc2ccc(Cl)cc2)c2nc(-c3ccco3)nn12,PRAKMCYPZSLRMB-UHFFFAOYSA-N,CC(CCC1CCCCC1)C1CCCC2CC(C3CCCC3)CC21,10.1016/j.ejmech.2018.08.042,30144700,1,False,False,pending_dual_review,eligible_for_primary_evidence_review,
BDB-50470468,50470468,CNc1ncc(C(=O)NCCc2ccc(OC)c(OC)c2)c2nc(-c3ccco3)nn12,IPODLSBKCXDISS-UHFFFAOYSA-N,CC(CCCC1CCCCC1)C1CCCC2CC(C3CCCC3)CC21,10.1016/j.ejmech.2018.08.042,30144700,1,False,False,pending_dual_review,eligible_for_primary_evidence_review,
BDB-50470469,50470469,CNc1ncc(C(=O)NCc2ccccc2)c2nc(-c3ccco3)nn12,RHIALZFGFNHTJN-UHFFFAOYSA-N,CC(CCC1CCCCC1)C1CCCC2CC(C3CCCC3)CC21,10.1016/j.ejmech.2018.08.042,30144700,1,False,False,pending_dual_review,eligible_for_primary_evidence_review,
BDB-50470470,50470470,CNc1ncc(C(=O)OCc2ccc(OC)cc2)c2nc(-c3ccco3)nn12,AJNUBNSGQWWYDC-UHFFFAOYSA-N,CC(CCC1CCCCC1)C1CCCC2CC(C3CCCC3)CC21,10.1016/j.ejmech.2018.08.042,30144700,1,False,False,pending_dual_review,eligible_for_primary_evidence_review,
BDB-50470471,50470471,CCc1ccc(COC(=O)c2cnc(NC)n3nc(-c4ccco4)nc23)cc1,LHHCKUUYYUDSJU-UHFFFAOYSA-N,CC(CCC1CCCCC1)C1CCCC2CC(C3CCCC3)CC21,10.1016/j.ejmech.2018.08.042,30144700,1,False,False,pending_dual_review,eligible_for_primary_evidence_review,
BDB-50470474,50470474,CNc1ncc(C(=O)OCc2cccc(OC)c2)c2nc(-c3ccco3)nn12,VSVZDSXZJIFPKH-UHFFFAOYSA-N,CC(CCC1CCCCC1)C1CCCC2CC(C3CCCC3)CC21,10.1016/j.ejmech.2018.08.042,30144700,1,False,False,pending_dual_review,eligible_for_primary_evidence_review,
BDB-50470476,50470476,CNc1ncc(C(=O)NC(C)(C)Cc2ccccc2)c2nc(-c3ccco3)nn12,TXBGQFGPPFSMAO-UHFFFAOYSA-N,CC(CCCC1CCCCC1)C1CCCC2CC(C3CCCC3)CC21,10.1016/j.ejmech.2018.08.042,30144700,1,False,False,pending_dual_review,eligible_for_primary_evidence_review,
BDB-50470477,50470477,CNc1ncc(C(=O)NCc2ccc(-c3ccccc3)cc2)c2nc(-c3ccco3)nn12,LRBRBZRXARFWFP-UHFFFAOYSA-N,CC(CCC1CCC(C2CCCCC2)CC1)C1CCCC2CC(C3CCCC3)CC21,10.1016/j.ejmech.2018.08.042,30144700,1,False,False,pending_dual_review,eligible_for_primary_evidence_review,
BDB-50470478,50470478,CNc1ncc(C(=O)NCc2ccc(Cl)cc2)c2nc(-c3ccco3)nn12,KZBHIBZMAGPGET-UHFFFAOYSA-N,CC(CCC1CCCCC1)C1CCCC2CC(C3CCCC3)CC21,10.1016/j.ejmech.2018.08.042,30144700,1,False,False,pending_dual_review,eligible_for_primary_evidence_review,
BDB-50470479,50470479,CNc1ncc(C(=O)NCc2ccc(OC)cc2)c2nc(-c3ccco3)nn12,ZYXGKENMDDPQIE-UHFFFAOYSA-N,CC(CCC1CCCCC1)C1CCCC2CC(C3CCCC3)CC21,10.1016/j.ejmech.2018.08.042,30144700,1,False,False,pending_dual_review,eligible_for_primary_evidence_review,
BDB-50470480,50470480,CNc1ncc(C(=O)NCc2ccc(C)cc2)c2nc(-c3ccco3)nn12,VZZVLIAOJYESIY-UHFFFAOYSA-N,CC(CCC1CCCCC1)C1CCCC2CC(C3CCCC3)CC21,10.1016/j.ejmech.2018.08.042,30144700,1,False,False,pending_dual_review,eligible_for_primary_evidence_review,
BDB-50470481,50470481,CNc1ncc(C(=O)OC(C)c2ccccc2)c2nc(-c3ccco3)nn12,LGCXJBCALNIFGI-UHFFFAOYSA-N,CC(CCC1CCCCC1)C1CCCC2CC(C3CCCC3)CC21,10.1016/j.ejmech.2018.08.042,30144700,1,False,False,pending_dual_review,eligible_for_primary_evidence_review,
BDB-50470482,50470482,CNc1ncc(C(=O)OCc2cccc(Cl)c2)c2nc(-c3ccco3)nn12,DJRSOIJPBWJXST-UHFFFAOYSA-N,CC(CCC1CCCCC1)C1CCCC2CC(C3CCCC3)CC21,10.1016/j.ejmech.2018.08.042,30144700,1,False,False,pending_dual_review,eligible_for_primary_evidence_review,
BDB-50470483,50470483,CNc1ncc(C(=O)OCc2ccccc2Cl)c2nc(-c3ccco3)nn12,WBMARTCQUWTJOJ-UHFFFAOYSA-N,CC(CCC1CCCCC1)C1CCCC2CC(C3CCCC3)CC21,10.1016/j.ejmech.2018.08.042,30144700,1,False,False,pending_dual_review,eligible_for_primary_evidence_review,
BDB-50470484,50470484,CNc1ncc(C(=O)OCc2ccc(C)cc2)c2nc(-c3ccco3)nn12,LZDJWNMSPWMOSJ-UHFFFAOYSA-N,CC(CCC1CCCCC1)C1CCCC2CC(C3CCCC3)CC21,10.1016/j.ejmech.2018.08.042,30144700,1,False,False,pending_dual_review,eligible_for_primary_evidence_review,
BDB-50470485,50470485,CNc1ncc(C(=O)OCc2cccc(C)c2)c2nc(-c3ccco3)nn12,DBMSSTATMGSYKN-UHFFFAOYSA-N,CC(CCC1CCCCC1)C1CCCC2CC(C3CCCC3)CC21,10.1016/j.ejmech.2018.08.042,30144700,1,False,False,pending_dual_review,eligible_for_primary_evidence_review,
BDB-50470486,50470486,CNc1ncc(C(=O)OCc2ccccc2)c2nc(-c3ccco3)nn12,ZOPYTUTUZKWAKO-UHFFFAOYSA-N,CC(CCC1CCCCC1)C1CCCC2CC(C3CCCC3)CC21,10.1016/j.ejmech.2018.08.042,30144700,1,False,False,pending_dual_review,eligible_for_primary_evidence_review,
BDB-50470488,50470488,CNc1ncc(C(=O)NCc2ccc(OC)c(OC)c2)c2nc(-c3ccco3)nn12,CJWPDQKJIQQPSQ-UHFFFAOYSA-N,CC(CCC1CCCCC1)C1CCCC2CC(C3CCCC3)CC21,10.1016/j.ejmech.2018.08.042,30144700,1,False,False,pending_dual_review,eligible_for_primary_evidence_review,
BDB-50470491,50470491,CNc1ncc(C(=O)NNc2ccccc2)c2nc(-c3ccco3)nn12,REOHRGISVBVLES-UHFFFAOYSA-N,CC(CCC1CCCCC1)C1CCCC2CC(C3CCCC3)CC21,10.1016/j.ejmech.2018.08.042,30144700,1,False,False,pending_dual_review,eligible_for_primary_evidence_review,
BDB-50470492,50470492,CCOC(=O)c1cnc(NNc2ccccc2)n2nc(-c3ccco3)nc12,HNBPNETVLFXBCZ-UHFFFAOYSA-N,C1CCC(CCC2CCCC3CC(C4CCCC4)CC23)CC1,10.1016/j.ejmech.2018.08.042,30144700,1,False,False,pending_dual_review,eligible_for_primary_evidence_review,
BDB-50470494,50470494,CNc1ncc(C(=O)OCc2ccccc2C)c2nc(-c3ccco3)nn12,PETISVOJANIGJP-UHFFFAOYSA-N,CC(CCC1CCCCC1)C1CCCC2CC(C3CCCC3)CC21,10.1016/j.ejmech.2018.08.042,30144700,1,False,False,pending_dual_review,eligible_for_primary_evidence_review,
BDB-50470495,50470495,CNc1ncc(C(=O)OCc2ccccc2Br)c2nc(-c3ccco3)nn12,VPWOMSPFWHZSRW-UHFFFAOYSA-N,CC(CCC1CCCCC1)C1CCCC2CC(C3CCCC3)CC21,10.1016/j.ejmech.2018.08.042,30144700,1,False,False,pending_dual_review,eligible_for_primary_evidence_review,
BDB-50470496,50470496,COc1ccc(CNc2ncc(C(=O)NC(c3ccccc3)c3ccccc3)c3nc(-c4ccco4)nn23)cc1OC,MWOWEAQGGNMMNY-UHFFFAOYSA-N,CC(CC(C1CCCCC1)C1CCCCC1)C1CCC(CCC2CCCCC2)C2CC(C3CCCC3)CC12,10.1016/j.ejmech.2018.08.042,30144700,1,False,False,pending_dual_review,eligible_for_primary_evidence_review,
BDB-50470497,50470497,CNc1ncc(C(=O)NCc2ccc(C(F)(F)F)cc2)c2nc(-c3ccco3)nn12,HATKLAXIQZSKPC-UHFFFAOYSA-N,CC(CCC1CCCCC1)C1CCCC2CC(C3CCCC3)CC21,10.1016/j.ejmech.2018.08.042,30144700,1,False,False,pending_dual_review,eligible_for_primary_evidence_review,
BDB-50478191,50478191,Nc1nc2ccccc2n2nc(-c3ccco3)nc12,YACYREUICRMBGB-UHFFFAOYSA-N,C1CCC(C2CC3CCC4CCCCC4C3C2)C1,10.1016/j.bmc.2007.10.103,18249548,1,False,False,pending_dual_review,eligible_for_primary_evidence_review,
BDB-50478192,50478192,O=C(Cc1ccccc1)Nc1nc2ccccc2n2nc(-c3ccco3)nc12,YNEQATXCSOTUFM-UHFFFAOYSA-N,CC(CC1CCCCC1)CC1CC2CCCCC2C2CC(C3CCCC3)CC12,10.1016/j.bmc.2007.10.103,18249548,1,False,False,pending_dual_review,eligible_for_primary_evidence_review,
BDB-50478193,50478193,CC(=O)Nc1nc2ccccc2n2nc(-c3ccco3)nc12,UZVPZEVIUXWHEK-UHFFFAOYSA-N,C1CCC(C2CC3CCC4CCCCC4C3C2)C1,10.1016/j.bmc.2007.10.103,18249548,1,False,False,pending_dual_review,eligible_for_primary_evidence_review,
BDB-50478194,50478194,COc1nc2ccccc2n2nc(-c3ccco3)nc12,KNYKQSHMJAGPHW-UHFFFAOYSA-N,C1CCC(C2CC3CCC4CCCCC4C3C2)C1,10.1016/j.bmc.2007.10.103,18249548,1,False,False,pending_dual_review,eligible_for_primary_evidence_review,
BDB-50478195,50478195,OCCN(CCO)c1nc2ccccc2n2nc(-c3ccco3)nc12,OLWQHPHBKHEXGJ-UHFFFAOYSA-N,C1CCC(C2CC3CCC4CCCCC4C3C2)C1,10.1016/j.bmc.2007.10.103,18249548,1,False,False,pending_dual_review,eligible_for_primary_evidence_review,
BDB-50478197,50478197,COCCNc1nc2ccccc2n2nc(-c3ccco3)nc12,BPYGGXBTIMDSGA-UHFFFAOYSA-N,C1CCC(C2CC3CCC4CCCCC4C3C2)C1,10.1016/j.bmc.2007.10.103,18249548,1,False,False,pending_dual_review,eligible_for_primary_evidence_review,
BDB-50478198,50478198,CC(O)CNc1nc2ccccc2n2nc(-c3ccco3)nc12,ADFYNOLTDCSOFK-UHFFFAOYSA-N,C1CCC(C2CC3CCC4CCCCC4C3C2)C1,10.1016/j.bmc.2007.10.103,18249548,1,False,False,pending_dual_review,eligible_for_primary_evidence_review,
BDB-50478199,50478199,c1coc(CNc2nc3ccccc3n3nc(-c4ccco4)nc23)c1,OZJYVUMBRBPLLL-UHFFFAOYSA-N,C1CCC(CCC2CC3CCCCC3C3CC(C4CCCC4)CC23)C1,10.1016/j.bmc.2007.10.103,18249548,1,False,False,pending_dual_review,eligible_for_primary_evidence_review,
BDB-50478200,50478200,c1ccc(CNc2nc3ccccc3n3nc(-c4ccco4)nc23)cc1,RFUPSPDFADZHEL-UHFFFAOYSA-N,C1CCC(CCC2CC3CCCCC3C3CC(C4CCCC4)CC23)CC1,10.1016/j.bmc.2007.10.103,18249548,1,False,False,pending_dual_review,eligible_for_primary_evidence_review,
BDB-50478201,50478201,CN(C)c1nc2ccccc2n2nc(-c3ccco3)nc12,UJFPJOPSOWGNHE-UHFFFAOYSA-N,C1CCC(C2CC3CCC4CCCCC4C3C2)C1,10.1016/j.bmc.2007.10.103,18249548,1,False,False,pending_dual_review,eligible_for_primary_evidence_review,
BDB-50478202,50478202,c1ccc(CCNc2nc3ccccc3n3nc(-c4ccco4)nc23)cc1,SOIJNPBARRJPSD-UHFFFAOYSA-N,C1CCC(CCCC2CC3CCCCC3C3CC(C4CCCC4)CC23)CC1,10.1016/j.bmc.2007.10.103,18249548,1,False,False,pending_dual_review,eligible_for_primary_evidence_review,
BDB-50478203,50478203,O=C(CCc1ccccc1)Nc1nc2ccccc2n2nc(-c3ccco3)nc12,GWCXAWLJUDTYNC-UHFFFAOYSA-N,CC(CCC1CCCCC1)CC1CC2CCCCC2C2CC(C3CCCC3)CC12,10.1016/j.bmc.2007.10.103,18249548,1,False,False,pending_dual_review,eligible_for_primary_evidence_review,
BDB-50478206,50478206,OCCNc1nc2ccccc2n2nc(-c3ccco3)nc12,SYCKILUDHPJMRS-UHFFFAOYSA-N,C1CCC(C2CC3CCC4CCCCC4C3C2)C1,10.1016/j.bmc.2007.10.103,18249548,1,False,False,pending_dual_review,eligible_for_primary_evidence_review,
BDB-50478207,50478207,COCCCNc1nc2ccccc2n2nc(-c3ccco3)nc12,SOVYQYJLVBXCSV-UHFFFAOYSA-N,C1CCC(C2CC3CCC4CCCCC4C3C2)C1,10.1016/j.bmc.2007.10.103,18249548,1,False,False,pending_dual_review,eligible_for_primary_evidence_review,
BDB-50478208,50478208,c1ccc(Nc2nc3ccccc3n3nc(-c4ccco4)nc23)cc1,OILYUROBYHVERI-UHFFFAOYSA-N,C1CCC(CC2CC3CCCCC3C3CC(C4CCCC4)CC23)CC1,10.1016/j.bmc.2007.10.103,18249548,1,False,False,pending_dual_review,eligible_for_primary_evidence_review,
BDB-50478209,50478209,O=C(Nc1nc2ccccc2n2nc(-c3ccco3)nc12)c1ccco1,SZACFGFCZCXEEA-UHFFFAOYSA-N,CC(CC1CC2CCCCC2C2CC(C3CCCC3)CC12)C1CCCC1,10.1016/j.bmc.2007.10.103,18249548,1,False,False,pending_dual_review,eligible_for_primary_evidence_review,
BDB-50478211,50478211,CCN(CC)c1nc2ccccc2n2nc(-c3ccco3)nc12,FKAZCMZNFIHEMS-UHFFFAOYSA-N,C1CCC(C2CC3CCC4CCCCC4C3C2)C1,10.1016/j.bmc.2007.10.103,18249548,1,False,False,pending_dual_review,eligible_for_primary_evidence_review,
BDB-50478212,50478212,c1coc(-c2nc3c(OCc4ccoc4)nc4ccccc4n3n2)c1,SSBDAIJNJZAUPA-UHFFFAOYSA-N,C1CCC(CCC2CC3CCCCC3C3CC(C4CCCC4)CC23)C1,10.1016/j.bmc.2007.10.103,18249548,1,False,False,pending_dual_review,eligible_for_primary_evidence_review,
BDB-50487423,50487423,CC(C)(C)C(=O)c1cc2c([nH]c1=O)CC(c1ccccc1)CC2=O,UAWCCUPYYLZMFD-UHFFFAOYSA-N,CC1CCC2C(C)CC(C3CCCCC3)CC2C1,10.1007/s00044-008-9100-9,,1,False,False,pending_dual_review,eligible_for_primary_evidence_review,
BDB-50487424,50487424,O=C1CC(c2ccccc2)Cc2[nH]c(=O)c(S(=O)(=O)c3ccccc3)cc21,MJAGRLIEJNEITD-UHFFFAOYSA-N,CC1CC(C2CCCCC2)CC2CC(C)C(C(C)(C)C3CCCCC3)CC12,10.1007/s00044-008-9100-9,,1,False,False,pending_dual_review,eligible_for_primary_evidence_review,
BDB-50491495,50491495,COc1cccc(/C=C/C(=O)Nc2nc3ccccc3c(=O)s2)c1,GKNGOLCROAILJV-MDZDMXLPSA-N,CC(CC1CC(C)C2CCCCC2C1)CCC1CCCCC1,10.1021/jm400336x,23631427,1,False,False,pending_dual_review,eligible_for_primary_evidence_review,
BDB-50491497,50491497,COc1cccc(CCC(=O)Nc2nc3ccccc3c(=O)s2)c1,YPRGLOMMHZBVJQ-UHFFFAOYSA-N,CC(CCC1CCCCC1)CC1CC(C)C2CCCCC2C1,10.1021/jm400336x,23631427,1,False,False,pending_dual_review,eligible_for_primary_evidence_review,
BDB-50491500,50491500,O=C(Nc1nc2ccccc2c(=O)s1)c1ccc(C(=O)N2CCN(Cc3ccc(Cl)cc3)CC2)cc1,YLBAKLXUDHUWLV-UHFFFAOYSA-N,CC(CC1CC(C)C2CCCCC2C1)C1CCC(C(C)C2CCC(CC3CCCCC3)CC2)CC1,10.1021/jm400336x,23631427,1,False,False,pending_dual_review,eligible_for_primary_evidence_review,
BDB-50491501,50491501,O=C(Nc1nc2ccccc2c(=O)s1)c1ccc(C(=O)N2CCN(Cc3cccc(Cl)c3)CC2)cc1,LGQDUKMTNABYGE-UHFFFAOYSA-N,CC(CC1CC(C)C2CCCCC2C1)C1CCC(C(C)C2CCC(CC3CCCCC3)CC2)CC1,10.1021/jm400336x,23631427,1,False,False,pending_dual_review,eligible_for_primary_evidence_review,
BDB-50491507,50491507,O=C(CCc1ccccc1)Nc1nc2ccccc2c(=O)s1,KLNYLDYPZCWDDA-UHFFFAOYSA-N,CC(CCC1CCCCC1)CC1CC(C)C2CCCCC2C1,10.1021/jm400336x,23631427,1,False,False,pending_dual_review,eligible_for_primary_evidence_review,
BDB-50491508,50491508,O=C(CCCc1ccccc1)Nc1nc2sccc2c(=O)s1,IYRBFSDYGUWBKM-UHFFFAOYSA-N,CC(CCCC1CCCCC1)CC1CC(C)C2CCCC2C1,10.1021/jm400336x,23631427,1,False,False,pending_dual_review,eligible_for_primary_evidence_review,
BDB-50492047,50492047,Cc1sc2nc(-c3sc(NC(=O)c4ccco4)nc3-c3ccccc3)nc(N)c2c1C,BDBLPSCDXAOZCX-UHFFFAOYSA-N,CC(CC1CC(C2CCCCC2)C(C2CCC3CCCC3C2)C1)C1CCCC1,10.1016/j.ejmech.2013.03.020,23685887,1,False,False,pending_dual_review,eligible_for_primary_evidence_review,
BDB-50492048,50492048,O=C(Nc1nc(-c2ccccc2)c(C(=O)c2cccnc2)s1)c1ccco1,AEYQFNIOBKLRKL-UHFFFAOYSA-N,CC(CC1CC(C2CCCCC2)C(C(C)C2CCCCC2)C1)C1CCCC1,10.1016/j.ejmech.2013.03.020,23685887,1,False,False,pending_dual_review,eligible_for_primary_evidence_review,
BDB-50492049,50492049,Cc1sc2nc(-c3sc(NC(=O)c4ccccc4)nc3-c3ccccc3)nc(N)c2c1C,IOFHBCAHHWKXDN-UHFFFAOYSA-N,CC(CC1CC(C2CCCCC2)C(C2CCC3CCCC3C2)C1)C1CCCCC1,10.1016/j.ejmech.2013.03.020,23685887,1,False,False,pending_dual_review,eligible_for_primary_evidence_review,
BDB-50492050,50492050,CN(C)c1nc(N)nc(-c2sc(NC(=O)c3ccccc3)nc2-c2ccccc2)n1,NMBGIAJFOLFEJN-UHFFFAOYSA-N,CC(CC1CC(C2CCCCC2)C(C2CCCCC2)C1)C1CCCCC1,10.1016/j.ejmech.2013.03.020,23685887,1,False,False,pending_dual_review,eligible_for_primary_evidence_review,
BDB-50492051,50492051,COc1ccc(C(=O)Nc2nc(-c3ccccc3)c(C(=O)c3ccccn3)s2)cc1,HWAUTVYDPTUGOR-UHFFFAOYSA-N,CC(CC1CC(C2CCCCC2)C(C(C)C2CCCCC2)C1)C1CCCCC1,10.1016/j.ejmech.2013.03.020,23685887,1,False,False,pending_dual_review,eligible_for_primary_evidence_review,
BDB-50492052,50492052,O=C(Nc1nc(-c2ccccc2)c(-c2ccncc2)s1)c1ccco1,JYWRUTSZHRUZDL-UHFFFAOYSA-N,CC(CC1CC(C2CCCCC2)C(C2CCCCC2)C1)C1CCCC1,10.1016/j.ejmech.2013.03.020|10.1016/j.ejmech.2019.111879,23685887|31780082,2,False,False,pending_dual_review,eligible_for_primary_evidence_review,
BDB-50492054,50492054,Nc1nc(-c2sc(NC(=O)c3ccco3)nc2-c2ccccc2)nc2sc3c(c12)CCCC3,SKIHJYAJHQMTPW-UHFFFAOYSA-N,CC(CC1CC(C2CCCCC2)C(C2CCC3C(CC4CCCCC43)C2)C1)C1CCCC1,10.1016/j.ejmech.2013.03.020,23685887,1,False,False,pending_dual_review,eligible_for_primary_evidence_review,
BDB-50492055,50492055,COc1ccc(C(=O)Nc2nc(-c3ccccc3)c(C(=O)c3nc(N)nc(N(C)C)n3)s2)cc1,PMVWRANITNYUHW-UHFFFAOYSA-N,CC(CC1CC(C2CCCCC2)C(C(C)C2CCCCC2)C1)C1CCCCC1,10.1016/j.ejmech.2013.03.020,23685887,1,False,False,pending_dual_review,eligible_for_primary_evidence_review,
BDB-50492056,50492056,O=C(Nc1nc(-c2ccccc2)c(-c2nc3ccccc3c(=O)[nH]2)s1)c1ccco1,WFYZHPLUVYGAJP-UHFFFAOYSA-N,CC(CC1CC(C2CCCCC2)C(C2CC(C)C3CCCCC3C2)C1)C1CCCC1,10.1016/j.ejmech.2013.03.020,23685887,1,False,False,pending_dual_review,eligible_for_primary_evidence_review,
BDB-50492057,50492057,O=C(Nc1nc(-c2ccccc2)c(-c2ccccn2)s1)c1ccco1,KSEMQTMYQFMLHK-UHFFFAOYSA-N,CC(CC1CC(C2CCCCC2)C(C2CCCCC2)C1)C1CCCC1,10.1016/j.ejmech.2013.03.020,23685887,1,False,False,pending_dual_review,eligible_for_primary_evidence_review,
BDB-50492058,50492058,O=C(Nc1nc(-c2ccccc2)c(C(=O)c2ccccn2)s1)c1ccco1,RHHZLCANIMVIGB-UHFFFAOYSA-N,CC(CC1CC(C2CCCCC2)C(C(C)C2CCCCC2)C1)C1CCCC1,10.1016/j.ejmech.2013.03.020,23685887,1,False,False,pending_dual_review,eligible_for_primary_evidence_review,
BDB-50492059,50492059,CN(C)c1nc(N)nc(-c2sc(NC(=O)c3ccco3)nc2-c2ccccc2)n1,DDDMPSVRAPVZGB-UHFFFAOYSA-N,CC(CC1CC(C2CCCCC2)C(C2CCCCC2)C1)C1CCCC1,10.1016/j.ejmech.2013.03.020,23685887,1,False,False,pending_dual_review,eligible_for_primary_evidence_review,
BDB-50492060,50492060,Cc1ccc(C(=O)Nc2nc(-c3ccccc3)c(-c3nc(N)nc(N(C)C)n3)s2)cc1,AOXGNJOJNWIKAH-UHFFFAOYSA-N,CC(CC1CC(C2CCCCC2)C(C2CCCCC2)C1)C1CCCCC1,10.1016/j.ejmech.2013.03.020,23685887,1,False,False,pending_dual_review,eligible_for_primary_evidence_review,
BDB-50493144,50493144,N#Cc1sc(=S)n(-c2ccccc2)c1/N=C/c1ccc(F)cc1,LKCLUNGSZYJCSQ-RGVLZGJSSA-N,CC1CCC(CCC2CCCCC2)C1C1CCCCC1,10.1016/j.bmc.2013.07.005,23953686,1,False,False,pending_dual_review,eligible_for_primary_evidence_review,
BDB-50493146,50493146,CCCCn1c(/N=C/c2ccc(Cl)cc2)c(C#N)sc1=S,JBRMMYGZXWQQNS-VCHYOVAHSA-N,CC1CCC(CCC2CCCCC2)C1,10.1016/j.bmc.2013.07.005,23953686,1,False,False,pending_dual_review,eligible_for_primary_evidence_review,
BDB-50493147,50493147,CCCn1c(/N=C/c2ccc(Br)cc2)c(C#N)sc1=S,IJUOHSDHKJKRNX-RQZCQDPDSA-N,CC1CCC(CCC2CCCCC2)C1,10.1016/j.bmc.2013.07.005,23953686,1,False,False,pending_dual_review,eligible_for_primary_evidence_review,
BDB-50493148,50493148,CCCCn1c(/N=C/c2ccc(Br)cc2)c(C#N)sc1=S,CVBGOEHIBKQORG-VCHYOVAHSA-N,CC1CCC(CCC2CCCCC2)C1,10.1016/j.bmc.2013.07.005,23953686,1,False,False,pending_dual_review,eligible_for_primary_evidence_review,
BDB-50493149,50493149,N#Cc1sc(=S)n(CCc2ccccc2)c1/N=C/c1ccc(F)cc1,NCVUFKVLEAXHCS-LPYMAVHISA-N,CC1CCC(CCC2CCCCC2)C1CCC1CCCCC1,10.1016/j.bmc.2013.07.005,23953686,1,False,False,pending_dual_review,eligible_for_primary_evidence_review,
BDB-50493150,50493150,N#Cc1sc(=S)n(-c2ccccc2)c1/N=C/c1ccc(Cl)cc1,YVJLBWNXURQJDZ-RGVLZGJSSA-N,CC1CCC(CCC2CCCCC2)C1C1CCCCC1,10.1016/j.bmc.2013.07.005,23953686,1,False,False,pending_dual_review,eligible_for_primary_evidence_review,
BDB-50493151,50493151,CCn1c(/N=C/c2ccc(Br)cc2)c(C#N)sc1=S,RODQBNNOMJMBCS-LZYBPNLTSA-N,CC1CCC(CCC2CCCCC2)C1,10.1016/j.bmc.2013.07.005,23953686,1,False,False,pending_dual_review,eligible_for_primary_evidence_review,
BDB-50493152,50493152,CCn1c(/N=C/c2ccc(Cl)cc2)c(C#N)sc1=S,KTBRAYZGAPCYEM-LZYBPNLTSA-N,CC1CCC(CCC2CCCCC2)C1,10.1016/j.bmc.2013.07.005,23953686,1,False,False,pending_dual_review,eligible_for_primary_evidence_review,
BDB-50493153,50493153,CCCn1c(/N=C/c2ccc(Cl)cc2)c(C#N)sc1=S,RXZARIJPFRTZFQ-RQZCQDPDSA-N,CC1CCC(CCC2CCCCC2)C1,10.1016/j.bmc.2013.07.005,23953686,1,False,False,pending_dual_review,eligible_for_primary_evidence_review,
BDB-50493154,50493154,CCCn1c(/N=C/c2ccc(F)cc2)c(C#N)sc1=S,GPMOBDZTUHTHGD-RQZCQDPDSA-N,CC1CCC(CCC2CCCCC2)C1,10.1016/j.bmc.2013.07.005,23953686,1,False,False,pending_dual_review,eligible_for_primary_evidence_review,
BDB-50493155,50493155,CCn1c(/N=C/c2ccc(F)cc2)c(C#N)sc1=S,RBQRAOXNHTVJGE-LZYBPNLTSA-N,CC1CCC(CCC2CCCCC2)C1,10.1016/j.bmc.2013.07.005,23953686,1,False,False,pending_dual_review,eligible_for_primary_evidence_review,
BDB-50493156,50493156,N#Cc1sc(=S)n(CCc2ccccc2)c1/N=C/c1ccc(Br)cc1,QEFPHPOWHSXBBC-LPYMAVHISA-N,CC1CCC(CCC2CCCCC2)C1CCC1CCCCC1,10.1016/j.bmc.2013.07.005,23953686,1,False,False,pending_dual_review,eligible_for_primary_evidence_review,
BDB-50493157,50493157,CCCCn1c(/N=C/c2ccc(F)cc2)c(C#N)sc1=S,BYAYCDACMDPOIY-VCHYOVAHSA-N,CC1CCC(CCC2CCCCC2)C1,10.1016/j.bmc.2013.07.005,23953686,1,False,False,pending_dual_review,eligible_for_primary_evidence_review,
BDB-50494424,50494424,Cn1c(-c2ccco2)nc2c(NC(=O)C(c3ccccc3)c3ccccc3)ncnc21,QFHPYCPHWRVLNT-UHFFFAOYSA-N,CC(CC1CCCC2CC(C3CCCC3)CC12)C(C1CCCCC1)C1CCCCC1,10.1016/j.ejmech.2013.10.006,24189496,1,False,False,pending_dual_review,eligible_for_primary_evidence_review,
BDB-50494426,50494426,Cc1ccc(NC(=O)Nc2ncnc3c2nc(-c2ccco2)n3C)cc1,CSLLNGSZGCWLDE-UHFFFAOYSA-N,CC(CC1CCCCC1)CC1CCCC2CC(C3CCCC3)CC12,10.1016/j.ejmech.2013.10.006,24189496,1,False,False,pending_dual_review,eligible_for_primary_evidence_review,
BDB-50494428,50494428,Cc1ccc(COc2ccc(CC(=O)Nc3ncnc4c3nc(-c3ccco3)n4C)cc2)cc1,XOPAXWANUONHMP-UHFFFAOYSA-N,CC(CC1CCC(CCC2CCCCC2)CC1)CC1CCCC2CC(C3CCCC3)CC12,10.1016/j.ejmech.2013.10.006,24189496,1,False,False,pending_dual_review,eligible_for_primary_evidence_review,
BDB-50494429,50494429,Cn1c(-c2ccco2)nc2c(NC(=O)Cc3ccc(OCc4ccccc4)cc3)ncnc21,QVZCNOLUHYEZHK-UHFFFAOYSA-N,CC(CC1CCC(CCC2CCCCC2)CC1)CC1CCCC2CC(C3CCCC3)CC12,10.1016/j.ejmech.2013.10.006,24189496,1,False,False,pending_dual_review,eligible_for_primary_evidence_review,
BDB-50494432,50494432,Cn1c(-c2ccco2)nc2c(NC(=O)c3ccc(-c4ccccc4)cc3)ncnc21,AFPYJJLDUPLMID-UHFFFAOYSA-N,CC(CC1CCCC2CC(C3CCCC3)CC12)C1CCC(C2CCCCC2)CC1,10.1016/j.ejmech.2013.10.006,24189496,1,False,False,pending_dual_review,eligible_for_primary_evidence_review,
BDB-50494433,50494433,Cn1c(-c2ccco2)nc2c(NC(=O)Nc3ccccc3)ncnc21,DXWQJCOIUWSUNW-UHFFFAOYSA-N,CC(CC1CCCCC1)CC1CCCC2CC(C3CCCC3)CC12,10.1016/j.ejmech.2013.10.006,24189496,1,False,False,pending_dual_review,eligible_for_primary_evidence_review,
BDB-50494434,50494434,Cn1c(-c2ccco2)nc2c(NC(=O)Cc3ccccc3)ncnc21,UOPPURMDKAISKB-UHFFFAOYSA-N,CC(CC1CCCCC1)CC1CCCC2CC(C3CCCC3)CC12,10.1016/j.ejmech.2013.10.006,24189496,1,False,False,pending_dual_review,eligible_for_primary_evidence_review,
BDB-50494467,50494467,CCCC1=C(C(=O)OCC)C(c2ccco2)NC(=O)N1,WRHHNUZCUZVWLY-UHFFFAOYSA-N,CC1CCCC(C2CCCC2)C1,10.1021/ml400185v,24900602,1,False,False,pending_dual_review,eligible_for_primary_evidence_review,
BDB-50494549,50494549,Cn1c(=O)c2[nH]c([C@]34C[C@@H]5C[C@H](C[C@H]3C5)C4)nc2n(C)c1=O,JNILKZBFDIKTIT-IOOBAMJDSA-N,CC1CC(C)C2CC(C34CC5CC(CC3C5)C4)CC2C1,10.1016/j.bmc.2013.09.044,24139167,1,False,False,pending_dual_review,eligible_for_primary_evidence_review,
BDB-50494550,50494550,C#CCn1c(=O)c2c(nc3n2CCCN3CCc2cccs2)n(C)c1=O,ITEITABOOPXFSB-UHFFFAOYSA-N,CC1CC(C)C2C(C1)CC1C(CCC3CCCC3)CCCC12,10.1016/j.bmc.2013.09.044,24139167,1,False,False,pending_dual_review,eligible_for_primary_evidence_review,
BDB-50494555,50494555,C#CCn1c(=O)c2c(nc3n2CCCN3Cc2ccccc2)n(C)c1=O,AXFIBHMJKBPZTM-UHFFFAOYSA-N,CC1CC(C)C2C(C1)CC1C(CC3CCCCC3)CCCC12,10.1016/j.bmc.2013.09.044,24139167,1,False,False,pending_dual_review,eligible_for_primary_evidence_review,
BDB-50494563,50494563,C#CCn1c(=O)c2c(nc3n2CCCN3CC2CCCO2)n(C)c1=O,WQKHTVIZZFNQSY-UHFFFAOYSA-N,CC1CC(C)C2C(C1)CC1C(CC3CCCC3)CCCC12,10.1016/j.bmc.2013.09.044,24139167,1,False,False,pending_dual_review,eligible_for_primary_evidence_review,
BDB-50494570,50494570,C#CCn1c(=O)c2c(nc3n2CCCN3C2CCC2)n(C)c1=O,VIELPDBTJAVHAX-UHFFFAOYSA-N,CC1CC(C)C2C(C1)CC1C(C3CCC3)CCCC12,10.1016/j.bmc.2013.09.044,24139167,1,False,False,pending_dual_review,eligible_for_primary_evidence_review,
BDB-50494572,50494572,C#CCn1c(=O)c2c(nc3n2CCCN3C2CCN(Cc3ccccc3)CC2)n(C)c1=O,ZGNSJTKYFPAARE-UHFFFAOYSA-N,CC1CC(C)C2C(C1)CC1C(C3CCC(CC4CCCCC4)CC3)CCCC12,10.1016/j.bmc.2013.09.044,24139167,1,False,False,pending_dual_review,eligible_for_primary_evidence_review,
BDB-50494577,50494577,C#CCn1c(=O)c2c(nc3n2CCCN3Cc2cccc(OC)c2)n(C)c1=O,JOAYKSVANSXOGH-UHFFFAOYSA-N,CC1CC(C)C2C(C1)CC1C(CC3CCCCC3)CCCC12,10.1016/j.bmc.2013.09.044,24139167,1,False,False,pending_dual_review,eligible_for_primary_evidence_review,
BDB-50494580,50494580,Cn1c(=O)c2c(nc3n2CCCN3Cc2cc(Cl)cc(Cl)c2)n(C)c1=O,ZHFFQAOQHPYQBL-UHFFFAOYSA-N,CC1CC(C)C2C(C1)CC1C(CC3CCCCC3)CCCC12,10.1016/j.bmc.2013.09.044,24139167,1,False,False,pending_dual_review,eligible_for_primary_evidence_review,
BDB-50494582,50494582,C#CCn1c(=O)c2c(nc3n2CCCN3Cc2ccccc2OC)n(C)c1=O,JPSHMMIAEATEIY-UHFFFAOYSA-N,CC1CC(C)C2C(C1)CC1C(CC3CCCCC3)CCCC12,10.1016/j.bmc.2013.09.044,24139167,1,False,False,pending_dual_review,eligible_for_primary_evidence_review,
BDB-50494585,50494585,C#CCn1c(=O)c2c(nc3n2CCCN3Cc2cccs2)n(C)c1=O,AGZVWXGMVQOACX-UHFFFAOYSA-N,CC1CC(C)C2C(C1)CC1C(CC3CCCC3)CCCC12,10.1016/j.bmc.2013.09.044,24139167,1,False,False,pending_dual_review,eligible_for_primary_evidence_review,
BDB-50494595,50494595,C#CCn1c(=O)c2c(nc3n2CCCN3CC2CCCCC2)n(C)c1=O,JGAXLZVTNMDVRB-UHFFFAOYSA-N,CC1CC(C)C2C(C1)CC1C(CC3CCCCC3)CCCC12,10.1016/j.bmc.2013.09.044,24139167,1,False,False,pending_dual_review,eligible_for_primary_evidence_review,
BDB-50495046,50495046,Cc1cc(C)n(-c2nc(Nc3ccccn3)cc(-n3cccn3)n2)n1,CNOYBTGZJIXBKI-UHFFFAOYSA-N,C1CCC(CC2CC(C3CCCC3)CC(C3CCCC3)C2)CC1,10.1016/j.bmcl.2013.11.051,24332624,1,False,False,pending_dual_review,eligible_for_primary_evidence_review,
BDB-50495047,50495047,COC[C@H]1CCCN1c1cc(Nc2nccs2)nc(-n2nc(C)cc2C)n1,XDYKDWJFSMJUFV-CQSZACIVSA-N,C1CCC(CC2CC(C3CCCC3)CC(C3CCCC3)C2)C1,10.1016/j.bmcl.2013.11.051,24332624,1,False,False,pending_dual_review,eligible_for_primary_evidence_review,
BDB-50495048,50495048,COC[C@H]1CCCN1c1cc(Nc2cnccn2)nc(-n2nc(C)cc2C)n1,SWYQWMVVQGHPSG-OAHLLOKOSA-N,C1CCC(CC2CC(C3CCCC3)CC(C3CCCC3)C2)CC1,10.1016/j.bmcl.2013.11.051,24332624,1,False,False,pending_dual_review,eligible_for_primary_evidence_review,
BDB-50495049,50495049,Cc1cc(C)n(-c2nc(Nc3nccs3)cc(N3CCc4ccccc4C3)n2)n1,OQMYLASDAPUQRT-UHFFFAOYSA-N,C1CCC(CC2CC(C3CCCC3)CC(C3CCC4CCCCC4C3)C2)C1,10.1016/j.bmcl.2013.11.051,24332624,1,False,False,pending_dual_review,eligible_for_primary_evidence_review,
BDB-50495050,50495050,Cc1cc(C)n(-c2nc(Nc3cnccn3)cc(N3CCc4ccccc4C3)n2)n1,CRGTXSAUQFYFSM-UHFFFAOYSA-N,C1CCC(CC2CC(C3CCCC3)CC(C3CCC4CCCCC4C3)C2)CC1,10.1016/j.bmcl.2013.11.051,24332624,1,False,False,pending_dual_review,eligible_for_primary_evidence_review,
BDB-50495051,50495051,COC[C@H]1CCCN1c1cc(Nc2ccccn2)nc(-n2nc(C)cc2C)n1,CPTFLTJFGWOVRS-MRXNPFEDSA-N,C1CCC(CC2CC(C3CCCC3)CC(C3CCCC3)C2)CC1,10.1016/j.bmcl.2013.11.051,24332624,1,False,False,pending_dual_review,eligible_for_primary_evidence_review,
BDB-50495053,50495053,Cc1cc(C)n(-c2nc(Nc3cnccn3)cc(-n3cccn3)n2)n1,CVVQFVJXZSWYML-UHFFFAOYSA-N,C1CCC(CC2CC(C3CCCC3)CC(C3CCCC3)C2)CC1,10.1016/j.bmcl.2013.11.051,24332624,1,False,False,pending_dual_review,eligible_for_primary_evidence_review,
BDB-50495054,50495054,Cc1cc(C)n(-c2nc(Nc3ccccn3)cc(N3CCc4ccccc4C3)n2)n1,CRIUNMCLXYXUBY-UHFFFAOYSA-N,C1CCC(CC2CC(C3CCCC3)CC(C3CCC4CCCCC4C3)C2)CC1,10.1016/j.bmcl.2013.11.051,24332624,1,False,False,pending_dual_review,eligible_for_primary_evidence_review,
BDB-50495596,50495596,CC(C)n1cc2c(Cl)nc(NC(=O)c3ccc(C(F)(F)F)cc3)nc2n1,UKZISQOLWHKIAT-UHFFFAOYSA-N,CC(CC1CCC2CCCC2C1)C1CCCCC1,10.1016/j.bmc.2014.01.018,24518296,1,False,False,pending_dual_review,eligible_for_primary_evidence_review,
BDB-50495597,50495597,O=C(Nc1nc(Cl)c2cn(CCc3ccccc3)nc2n1)c1ccccc1,UUXZHJLNPFFZJP-UHFFFAOYSA-N,CC(CC1CCC2CC(CCC3CCCCC3)CC2C1)C1CCCCC1,10.1016/j.bmc.2014.01.018,24518296,1,False,False,pending_dual_review,eligible_for_primary_evidence_review,
BDB-50495598,50495598,Cc1ccc(C(=O)Nc2nc(Cl)c3cn(CCc4ccccc4)nc3n2)cc1,RXHSAYJYEIARQG-UHFFFAOYSA-N,CC(CC1CCC2CC(CCC3CCCCC3)CC2C1)C1CCCCC1,10.1016/j.bmc.2014.01.018,24518296,1,False,False,pending_dual_review,eligible_for_primary_evidence_review,
BDB-50495599,50495599,CC(C)(C)Cn1cc2c(Cl)nc(NC(=O)c3ccc(F)cc3)nc2n1,NAXWFMLBRMYPFB-UHFFFAOYSA-N,CC(CC1CCC2CCCC2C1)C1CCCCC1,10.1016/j.bmc.2014.01.018,24518296,1,False,False,pending_dual_review,eligible_for_primary_evidence_review,
BDB-50495600,50495600,Cc1ccc(C(=O)Nc2nc(Cl)c3cn(C)nc3n2)cc1,PYUAPSQTISPWRB-UHFFFAOYSA-N,CC(CC1CCC2CCCC2C1)C1CCCCC1,10.1016/j.bmc.2014.01.018,24518296,1,False,False,pending_dual_review,eligible_for_primary_evidence_review,
BDB-50495601,50495601,CC(C)n1cc2c(Cl)nc(NC(=O)c3ccccc3)nc2n1,BVHMCXNZSIPWQH-UHFFFAOYSA-N,CC(CC1CCC2CCCC2C1)C1CCCCC1,10.1016/j.bmc.2014.01.018,24518296,1,False,False,pending_dual_review,eligible_for_primary_evidence_review,
BDB-50495602,50495602,O=C(Cc1ccccc1)Nc1nc(Cl)c2cn(CCc3ccccc3)nc2n1,MAUYBIZYWSBKLE-UHFFFAOYSA-N,CC(CC1CCCCC1)CC1CCC2CC(CCC3CCCCC3)CC2C1,10.1016/j.bmc.2014.01.018,24518296,1,False,False,pending_dual_review,eligible_for_primary_evidence_review,
BDB-50495603,50495603,Cn1cc2c(Cl)nc(N)nc2n1,RXEQCUCTYQMCHP-UHFFFAOYSA-N,C1CCC2CCCC2C1,10.1016/j.bmc.2014.01.018,24518296,1,False,False,pending_dual_review,eligible_for_primary_evidence_review,
BDB-50495604,50495604,CC(C)n1cc2c(Cl)nc(N(C(=O)c3ccccc3)C(=O)c3ccccc3)nc2n1,OYLWRVXTMMKXNA-UHFFFAOYSA-N,CC(C1CCCCC1)C(C1CCC2CCCC2C1)C(C)C1CCCCC1,10.1016/j.bmc.2014.01.018,24518296,1,False,False,pending_dual_review,eligible_for_primary_evidence_review,
BDB-50495605,50495605,Cn1cc2c(Cl)nc(NC(=O)Cc3ccccc3)nc2n1,LTVNDZZYQPCVNF-UHFFFAOYSA-N,CC(CC1CCCCC1)CC1CCC2CCCC2C1,10.1016/j.bmc.2014.01.018,24518296,1,False,False,pending_dual_review,eligible_for_primary_evidence_review,
BDB-50495607,50495607,Cc1ccc(C(=O)Nc2nc(Cl)c3cn(CC(C)(C)C)nc3n2)cc1,AWUMJKVEYLHXEW-UHFFFAOYSA-N,CC(CC1CCC2CCCC2C1)C1CCCCC1,10.1016/j.bmc.2014.01.018,24518296,1,False,False,pending_dual_review,eligible_for_primary_evidence_review,
BDB-50495608,50495608,Nc1nc(Cl)c2cn(CCc3ccccc3)nc2n1,FRQJCYKNYRQSMZ-UHFFFAOYSA-N,C1CCC(CCC2CC3CCCCC3C2)CC1,10.1016/j.bmc.2014.01.018,24518296,1,False,False,pending_dual_review,eligible_for_primary_evidence_review,
BDB-50495609,50495609,CC(C)(C)Cn1cc2c(Cl)nc(NC(=O)c3ccccc3)nc2n1,OKVHJSIAWVMLFX-UHFFFAOYSA-N,CC(CC1CCC2CCCC2C1)C1CCCCC1,10.1016/j.bmc.2014.01.018,24518296,1,False,False,pending_dual_review,eligible_for_primary_evidence_review,
BDB-50495610,50495610,CC(C)n1cc2c(Cl)nc(NC(=O)c3ccc(F)cc3)nc2n1,LQJITLWNERWBOM-UHFFFAOYSA-N,CC(CC1CCC2CCCC2C1)C1CCCCC1,10.1016/j.bmc.2014.01.018,24518296,1,False,False,pending_dual_review,eligible_for_primary_evidence_review,
BDB-50495611,50495611,O=C(Nc1nc(Cl)c2cn(CCc3ccccc3)nc2n1)c1ccc(F)cc1,BGZVPALPZNCIET-UHFFFAOYSA-N,CC(CC1CCC2CC(CCC3CCCCC3)CC2C1)C1CCCCC1,10.1016/j.bmc.2014.01.018,24518296,1,False,False,pending_dual_review,eligible_for_primary_evidence_review,
BDB-50495612,50495612,O=C(Nc1nc(Cl)c2cn(CCc3ccccc3)nc2n1)c1ccc(C(F)(F)F)cc1,DBUNUXPUIDFPEV-UHFFFAOYSA-N,CC(CC1CCC2CC(CCC3CCCCC3)CC2C1)C1CCCCC1,10.1016/j.bmc.2014.01.018,24518296,1,False,False,pending_dual_review,eligible_for_primary_evidence_review,
BDB-50495613,50495613,Cn1cc2c(Cl)nc(NC(=O)c3ccccc3)nc2n1,CDVCEFBBSPIYLE-UHFFFAOYSA-N,CC(CC1CCC2CCCC2C1)C1CCCCC1,10.1016/j.bmc.2014.01.018,24518296,1,False,False,pending_dual_review,eligible_for_primary_evidence_review,
BDB-50495615,50495615,Cc1ccc(C(=O)Nc2nc(Cl)c3cn(C(C)C)nc3n2)cc1,GYLQECNSLIJWMA-UHFFFAOYSA-N,CC(CC1CCC2CCCC2C1)C1CCCCC1,10.1016/j.bmc.2014.01.018,24518296,1,False,False,pending_dual_review,eligible_for_primary_evidence_review,
BDB-50495616,50495616,Cn1cc2c(Cl)nc(NC(=O)c3ccc(C(F)(F)F)cc3)nc2n1,SUCPDABGOHLZRU-UHFFFAOYSA-N,CC(CC1CCC2CCCC2C1)C1CCCCC1,10.1016/j.bmc.2014.01.018,24518296,1,False,False,pending_dual_review,eligible_for_primary_evidence_review,
BDB-50495617,50495617,CC(C)n1cc2c(Cl)nc(N)nc2n1,WEEOGHYWTLXMOS-UHFFFAOYSA-N,C1CCC2CCCC2C1,10.1016/j.bmc.2014.01.018,24518296,1,False,False,pending_dual_review,eligible_for_primary_evidence_review,
BDB-50495618,50495618,CC(C)(C)Cn1cc2c(Cl)nc(NC(=O)Cc3ccccc3)nc2n1,GVLDWQRMURUXOQ-UHFFFAOYSA-N,CC(CC1CCCCC1)CC1CCC2CCCC2C1,10.1016/j.bmc.2014.01.018,24518296,1,False,False,pending_dual_review,eligible_for_primary_evidence_review,
BDB-50495619,50495619,Cn1cc2c(Cl)nc(NC(=O)c3ccc(F)cc3)nc2n1,WYSVCKWYYYLGNF-UHFFFAOYSA-N,CC(CC1CCC2CCCC2C1)C1CCCCC1,10.1016/j.bmc.2014.01.018,24518296,1,False,False,pending_dual_review,eligible_for_primary_evidence_review,
BDB-50495620,50495620,CC(C)n1cc2c(Cl)nc(NC(=O)Cc3ccccc3)nc2n1,SAPBOGWWNLGWQD-UHFFFAOYSA-N,CC(CC1CCCCC1)CC1CCC2CCCC2C1,10.1016/j.bmc.2014.01.018,24518296,1,False,False,pending_dual_review,eligible_for_primary_evidence_review,
BDB-50495621,50495621,CC(C)(C)Cn1cc2c(Cl)nc(N)nc2n1,LMHIMDSMKUKVGX-UHFFFAOYSA-N,C1CCC2CCCC2C1,10.1016/j.bmc.2014.01.018,24518296,1,False,False,pending_dual_review,eligible_for_primary_evidence_review,
BDB-50495623,50495623,O=C(c1ccccc1)N(C(=O)c1ccccc1)c1nc(Cl)c2cn(CCc3ccccc3)nc2n1,JETGKJKURYOTHK-UHFFFAOYSA-N,CC(C1CCCCC1)C(C1CCC2CC(CCC3CCCCC3)CC2C1)C(C)C1CCCCC1,10.1016/j.bmc.2014.01.018,24518296,1,False,False,pending_dual_review,eligible_for_primary_evidence_review,
BDB-50495624,50495624,Cn1cc2c(Cl)nc(N(C(=O)c3ccccc3)C(=O)c3ccccc3)nc2n1,USMJUPVFZQJKFF-UHFFFAOYSA-N,CC(C1CCCCC1)C(C1CCC2CCCC2C1)C(C)C1CCCCC1,10.1016/j.bmc.2014.01.018,24518296,1,False,False,pending_dual_review,eligible_for_primary_evidence_review,
BDB-50496130,50496130,Cn1c(=O)c2[nH]c(Cc3ccc(OCCCn4ccnc4)cc3)nc2n(C)c1=O,NPCCNYZXDGBVJL-UHFFFAOYSA-N,CC1CC(C)C2CC(CC3CCC(CCCCC4CCCC4)CC3)CC2C1,10.1016/j.ejmech.2014.01.045,24556147,1,False,False,pending_dual_review,eligible_for_primary_evidence_review,
BDB-50496131,50496131,Cn1c(=O)c2[nH]c(-c3ccc(OCCN4CCCC4)cc3)nc2n(C)c1=O,GYXMFVFGWSOGMV-UHFFFAOYSA-N,CC1CC(C)C2CC(C3CCC(CCCC4CCCC4)CC3)CC2C1,10.1016/j.ejmech.2014.01.045,24556147,1,False,False,pending_dual_review,eligible_for_primary_evidence_review,
BDB-50496133,50496133,Cn1c(=O)c2[nH]c(-c3ccc(OCCCCl)cc3)nc2n(C)c1=O,NBCQZHKADYYRMQ-UHFFFAOYSA-N,CC1CC(C)C2CC(C3CCCCC3)CC2C1,10.1016/j.ejmech.2014.01.045,24556147,1,False,False,pending_dual_review,eligible_for_primary_evidence_review,
BDB-50496134,50496134,Cn1c(=O)c2[nH]c(-c3ccc(OC4CCCC4)cc3)nc2n(C)c1=O,KSHWOQGMYQMWSO-UHFFFAOYSA-N,CC1CC(C)C2CC(C3CCC(CC4CCCC4)CC3)CC2C1,10.1016/j.ejmech.2014.01.045,24556147,1,False,False,pending_dual_review,eligible_for_primary_evidence_review,
BDB-50496135,50496135,CN(C)CCOc1ccc(-c2nc3c([nH]2)c(=O)n(C)c(=O)n3C)cc1,VDABXKVHAPGDRV-UHFFFAOYSA-N,CC1CC(C)C2CC(C3CCCCC3)CC2C1,10.1016/j.ejmech.2014.01.045,24556147,1,False,False,pending_dual_review,eligible_for_primary_evidence_review,
BDB-50496136,50496136,Cn1c(=O)c2[nH]c(-c3ccc(OCCC4CCNCC4)cc3)nc2n(C)c1=O,ZHRIQRKXGCFORG-UHFFFAOYSA-N,CC1CC(C)C2CC(C3CCC(CCCC4CCCCC4)CC3)CC2C1,10.1016/j.ejmech.2014.01.045,24556147,1,False,False,pending_dual_review,eligible_for_primary_evidence_review,
BDB-50496137,50496137,Cn1c(=O)c2[nH]c(-c3ccc(OCCN4CCOCC4)cc3)nc2n(C)c1=O,QQERHYWYFSZMNG-UHFFFAOYSA-N,CC1CC(C)C2CC(C3CCC(CCCC4CCCCC4)CC3)CC2C1,10.1016/j.ejmech.2014.01.045,24556147,1,False,False,pending_dual_review,eligible_for_primary_evidence_review,
BDB-50496138,50496138,Cn1c(=O)c2[nH]c(-c3ccc(OCCCn4ccnc4)cc3)nc2n(C)c1=O,DZIHDYAPFJXGGQ-UHFFFAOYSA-N,CC1CC(C)C2CC(C3CCC(CCCCC4CCCC4)CC3)CC2C1,10.1016/j.ejmech.2014.01.045,24556147,1,False,False,pending_dual_review,eligible_for_primary_evidence_review,
BDB-50496139,50496139,Cn1c(=O)c2[nH]c(Cc3ccc(OCCCN4CCC5(CC4)OCCO5)cc3)nc2n(C)c1=O,WHJCTOCJGOSTSO-UHFFFAOYSA-N,CC1CC(C)C2CC(CC3CCC(CCCCC4CCC5(CCCC5)CC4)CC3)CC2C1,10.1016/j.ejmech.2014.01.045,24556147,1,False,False,pending_dual_review,eligible_for_primary_evidence_review,
BDB-50496141,50496141,CCN(CC)CCOc1ccc(-c2nc3c([nH]2)c(=O)n(C)c(=O)n3C)cc1,JNNRPCIJBHGVIT-UHFFFAOYSA-N,CC1CC(C)C2CC(C3CCCCC3)CC2C1,10.1016/j.ejmech.2014.01.045,24556147,1,False,False,pending_dual_review,eligible_for_primary_evidence_review,
BDB-50496142,50496142,Cn1c(=O)c2[nH]c(-c3ccc(OCCCN4CCN(Cc5ccccc5Cl)CC4)cc3)nc2n(C)c1=O,ACDUFNNGCHAONI-UHFFFAOYSA-N,CC1CC(C)C2CC(C3CCC(CCCCC4CCC(CC5CCCCC5)CC4)CC3)CC2C1,10.1016/j.ejmech.2014.01.045,24556147,1,False,False,pending_dual_review,eligible_for_primary_evidence_review,
BDB-50496303,50496303,CCCCC#Cc1nc(NC2CCCC2)c2ncn([C@H]3[C@H](O)[C@H](O)[C@@H]4C[C@@H]43)c2n1,AFXYKJQZGOIMFM-VNEALKQTSA-N,C1CCC(CC2CCCC3C2CCC3C2CCC3CC32)C1,10.1021/jm4015313,24456490,1,False,False,pending_dual_review,eligible_for_primary_evidence_review,
BDB-50496304,50496304,CCCCC#Cc1nc(NC)c2ncn([C@H]3[C@H](O)[C@H](O)[C@@H]4C[C@@H]43)c2n1,XRWVLNNDRUKOHW-WUFOEMFESA-N,C1CCC2C(C1)CCC2C1CCC2CC21,10.1021/jm4015313,24456490,1,False,False,pending_dual_review,eligible_for_primary_evidence_review,
BDB-50496305,50496305,CCCCC#Cc1nc(NCc2cccc(I)c2)c2ncn([C@H]3[C@H](O)[C@H](O)[C@@H]4C[C@@H]43)c2n1,NYPUJVILFAJNGC-RNPPMORTSA-N,C1CCC(CCC2CCCC3C2CCC3C2CCC3CC32)CC1,10.1021/jm4015313,24456490,1,False,False,pending_dual_review,eligible_for_primary_evidence_review,
BDB-50496307,50496307,CCCCC#Cc1nc(NCc2cccc(Br)c2)c2ncn([C@H]3[C@H](O)[C@H](O)[C@@H]4C[C@@H]43)c2n1,VBJPKQZXOYDKPZ-RNPPMORTSA-N,C1CCC(CCC2CCCC3C2CCC3C2CCC3CC32)CC1,10.1021/jm4015313,24456490,1,False,False,pending_dual_review,eligible_for_primary_evidence_review,
BDB-50496308,50496308,CCCCC#Cc1nc(NC2CC2)c2ncn([C@H]3[C@H](O)[C@H](O)[C@@H]4C[C@@H]43)c2n1,FFXLBWBFFVZMAF-NFIDOXACSA-N,C1CC(CC2CC2)C2CCC(C3CCC4CC43)C2C1,10.1021/jm4015313,24456490,1,False,False,pending_dual_review,eligible_for_primary_evidence_review,
BDB-50496310,50496310,CCCCC#Cc1nc(NCC)c2ncn([C@H]3[C@H](O)[C@H](O)[C@@H]4C[C@@H]43)c2n1,IKMHKZHQEKVSOG-GHVWTTSJSA-N,C1CCC2C(C1)CCC2C1CCC2CC21,10.1021/jm4015313,24456490,1,False,False,pending_dual_review,eligible_for_primary_evidence_review,
BDB-50496311,50496311,CCCCC#Cc1nc(NCc2cccc(Cl)c2)c2ncn([C@H]3[C@H](O)[C@H](O)[C@@H]4C[C@@H]43)c2n1,OPZBDJUNLONFDN-RNPPMORTSA-N,C1CCC(CCC2CCCC3C2CCC3C2CCC3CC32)CC1,10.1021/jm4015313,24456490,1,False,False,pending_dual_review,eligible_for_primary_evidence_review,
BDB-50499055,50499055,Cc1ccc(-c2cc(-c3cccc(C(=O)N4CCCCC4)c3)nc(N)n2)o1,PBMSGYLASRAPFN-UHFFFAOYSA-N,CC(C1CCCCC1)C1CCCC(C2CCCC(C3CCCC3)C2)C1,,34695776,1,False,False,pending_dual_review,eligible_for_primary_evidence_review,
BDB-50499688,50499688,O=C1[C@@H]2Cc3ccccc3CN2C(=O)N1Cc1ccccc1,GJCZJCSKVBWTPZ-INIZCTEOSA-N,CC1C(CC2CCCCC2)C(C)C2CC3CCCCC3CC12,10.1016/j.ejmech.2015.10.030,26513641,1,False,False,pending_dual_review,eligible_for_primary_evidence_review,
BDB-50499695,50499695,N=C1N(CCCCc2ccccc2)C[C@@H]2Cc3ccccc3CN12,JOTQMKXKZIECRX-FQEVSTJZSA-N,CC1C(CCCCC2CCCCC2)CC2CC3CCCCC3CC21,10.1016/j.ejmech.2015.10.030,26513641,1,False,False,pending_dual_review,eligible_for_primary_evidence_review,
BDB-50499696,50499696,N=C1N(Cc2ccccc2)C[C@@H]2Cc3ccccc3CN12,XHUYYPZDYUUFKI-KRWDZBQOSA-N,CC1C(CC2CCCCC2)CC2CC3CCCCC3CC21,10.1016/j.ejmech.2015.10.030,26513641,1,False,False,pending_dual_review,eligible_for_primary_evidence_review,
BDB-50500115,50500115,CNC(=O)[C@@]12C[C@@H]1[C@@H](n1cnc3c(NCCc4ccccc4)nc(N=[N+]=[N-])nc31)[C@H](O)[C@@H]2O,CDKMJUUVXDKEEQ-DYRGRVSNSA-N,C1CCC(CCCC2CCCC3C2CCC3C2CCC3CC32)CC1,10.1039/c4md00571f,26236460,1,False,False,pending_dual_review,eligible_for_primary_evidence_review,
BDB-50500125,50500125,CNC(=O)[C@@]12C[C@@H]1[C@@H](n1cnc3c(NCc4cccc(Cl)c4)nc(N=[N+]=[N-])nc31)[C@H](O)[C@@H]2O,ITEAZQCBBBPLEJ-DDDALXFXSA-N,C1CCC(CCC2CCCC3C2CCC3C2CCC3CC32)CC1,10.1039/c4md00571f,26236460,1,False,False,pending_dual_review,eligible_for_primary_evidence_review,
BDB-50500484,50500484,O=C(Nc1nc(C2CC2)cs1)c1cc2ccccc2s1,NAUSWBWHCCDNIU-UHFFFAOYSA-N,CC(CC1CCC(C2CC2)C1)C1CC2CCCCC2C1,10.1021/acs.jmedchem.5b01120,26592528,1,False,False,pending_dual_review,eligible_for_primary_evidence_review,
BDB-50505392,50505392,CC(C)(C)c1cc(C(=O)NCCOc2ccc(-c3cn4c(=O)n(-c5ccccc5)nc4c(N)n3)cc2)cc(C(C)(C)C)c1O,DIPJFYBENYVKJU-UHFFFAOYSA-N,CC(CCCCC1CCC(C2CCC3CC(C4CCCCC4)C(C)C3C2)CC1)C1CCCCC1,10.1021/acs.jmedchem.9b00778,31453698,1,False,False,pending_dual_review,eligible_for_primary_evidence_review,
BDB-50505397,50505397,Nc1nc(-c2ccc3c(c2)OCO3)cn2c(=O)n(-c3ccccc3)nc12,QBFYXESNHIORPZ-UHFFFAOYSA-N,CC1C2CC(C3CCC4CCCC4C3)CCC2CC1C1CCCCC1,10.1021/acs.jmedchem.9b00778,31453698,1,False,False,pending_dual_review,eligible_for_primary_evidence_review,
BDB-50505398,50505398,Nc1nc(-c2ccc(NC(=O)CCCCC3CCSS3)cc2)cn2c(=O)n(-c3ccccc3)nc12,CERHJURNDKCFRJ-UHFFFAOYSA-N,CC(CCCCC1CCCC1)CC1CCC(C2CCC3CC(C4CCCCC4)C(C)C3C2)CC1,10.1021/acs.jmedchem.9b00778,31453698,1,False,False,pending_dual_review,eligible_for_primary_evidence_review,
BDB-50508675,50508675,Cc1nc(N)c2nc(-c3ccccc3)sc2n1,ZJNIOCHSLZRXEL-UHFFFAOYSA-N,C1CCC(C2CC3CCCCC3C2)CC1,10.1016/j.bmcl.2018.12.062,30638876,1,False,False,pending_dual_review,eligible_for_primary_evidence_review,
BDB-50508676,50508676,Cc1nc(NC(=O)c2ccccc2)c2nc(-c3ccccc3)sc2n1,LPOBTRHTHNJVJG-UHFFFAOYSA-N,CC(CC1CCCC2CC(C3CCCCC3)CC12)C1CCCCC1,10.1016/j.bmcl.2018.12.062,30638876,1,False,False,pending_dual_review,eligible_for_primary_evidence_review,
BDB-50508681,50508681,O=C(Nc1nc(-c2ccccc2)nc2sc(-c3ccco3)nc12)c1ccccc1,BTDPUZHZCQINFZ-UHFFFAOYSA-N,CC(CC1CC(C2CCCCC2)CC2CC(C3CCCC3)CC12)C1CCCCC1,10.1016/j.bmcl.2018.12.062,30638876,1,False,False,pending_dual_review,eligible_for_primary_evidence_review,
BDB-50508687,50508687,O=C(Nc1nc(-c2ccccc2)nc2sc(-c3ccccc3)nc12)c1ccco1,GBYJVTLDXRUYNM-UHFFFAOYSA-N,CC(CC1CC(C2CCCCC2)CC2CC(C3CCCCC3)CC12)C1CCCC1,10.1016/j.bmcl.2018.12.062,30638876,1,False,False,pending_dual_review,eligible_for_primary_evidence_review,
BDB-50508688,50508688,O=C(Nc1nc(-c2ccccc2)nc2sc(-c3ccccc3)nc12)c1ccccc1,YEGJMNQUFGQRLK-UHFFFAOYSA-N,CC(CC1CC(C2CCCCC2)CC2CC(C3CCCCC3)CC12)C1CCCCC1,10.1016/j.bmcl.2018.12.062,30638876,1,False,False,pending_dual_review,eligible_for_primary_evidence_review,
BDB-50508696,50508696,O=C(Nc1nc(-c2ccccc2)nc2sc(-c3ccco3)nc12)c1ccco1,LGVBCTVYQGGJCF-UHFFFAOYSA-N,CC(CC1CC(C2CCCCC2)CC2CC(C3CCCC3)CC12)C1CCCC1,10.1016/j.bmcl.2018.12.062,30638876,1,False,False,pending_dual_review,eligible_for_primary_evidence_review,
BDB-50510876,50510876,Cc1sc2nc(N)nc(-n3cncn3)c2c1C,KGWXNBQDYYNEEL-UHFFFAOYSA-N,C1CCC(C2CCCC3CCCC32)C1,10.1016/j.bmc.2019.02.044,30826188,1,False,False,pending_dual_review,eligible_for_primary_evidence_review,
BDB-50510877,50510877,Cc1sc2nc(NC(=O)c3ccccc3)[nH]c(=O)c2c1C,UQCKRXMDAWCFKP-UHFFFAOYSA-N,CC(CC1CC(C)C2CCCC2C1)C1CCCCC1,10.1016/j.bmc.2019.02.044,30826188,1,False,False,pending_dual_review,eligible_for_primary_evidence_review,
BDB-50510878,50510878,Nc1nc(-n2ccnc2)c2c3c(sc2n1)CCCC3,YLIZAVXCXWGBNC-UHFFFAOYSA-N,C1CCC(C2CCCC3CC4CCCCC4C32)C1,10.1016/j.bmc.2019.02.044,30826188,1,False,False,pending_dual_review,eligible_for_primary_evidence_review,
BDB-50511936,50511936,CCCn1c(=O)[nH]c2nc(-c3ccc(S(=O)(=O)N4CCN(Cc5ccc(OCCOCCOC)cc5)CC4)cc3)[nH]c2c1=O,GJCIASZFDKSPKP-UHFFFAOYSA-N,CC1CC(C)C2CC(C3CCC(C(C)(C)C4CCC(CC5CCCCC5)CC4)CC3)CC2C1,10.1021/acs.jmedchem.9b00071,30835463,1,False,False,pending_dual_review,eligible_for_primary_evidence_review,
BDB-50511938,50511938,CCCn1c(=O)[nH]c2nc(-c3ccc(S(=O)(=O)N4CCN(Cc5ccc(C(=O)O)cc5)CC4)cc3)[nH]c2c1=O,KZMXPGKGZSQQOW-UHFFFAOYSA-N,CC1CC(C)C2CC(C3CCC(C(C)(C)C4CCC(CC5CCCCC5)CC4)CC3)CC2C1,10.1021/acs.jmedchem.9b00071,30835463,1,False,False,pending_dual_review,eligible_for_primary_evidence_review,
BDB-50511940,50511940,CCCn1c(=O)[nH]c2nc(-c3ccc(S(=O)(=O)N4CCN(c5ccccc5C)CC4)cc3)[nH]c2c1=O,XUTGEORVTLRZAL-UHFFFAOYSA-N,CC1CC(C)C2CC(C3CCC(C(C)(C)C4CCC(C5CCCCC5)CC4)CC3)CC2C1,10.1021/acs.jmedchem.9b00071,30835463,1,False,False,pending_dual_review,eligible_for_primary_evidence_review,
BDB-50511943,50511943,CCCn1c(=O)[nH]c2nc(-c3ccc(S(=O)(=O)N(C)C)cc3)[nH]c2c1=O,RMYAPIOEGJPQDL-UHFFFAOYSA-N,CC1CC(C)C2CC(C3CCCCC3)CC2C1,10.1021/acs.jmedchem.9b00071,30835463,1,False,False,pending_dual_review,eligible_for_primary_evidence_review,
BDB-50511944,50511944,CCCn1c(=O)[nH]c2nc(-c3ccc(S(=O)(=O)N4CCN(c5ccccc5)CC4)cc3)[nH]c2c1=O,TWEQUQLAIKTEEB-UHFFFAOYSA-N,CC1CC(C)C2CC(C3CCC(C(C)(C)C4CCC(C5CCCCC5)CC4)CC3)CC2C1,10.1021/acs.jmedchem.9b00071,30835463,1,False,False,pending_dual_review,eligible_for_primary_evidence_review,
BDB-50511945,50511945,CCCn1c(=O)[nH]c2nc(-c3ccc(S(=O)(=O)N4CCN(c5cccc(OC)c5)CC4)cc3)[nH]c2c1=O,YKOORYUATMJZNO-UHFFFAOYSA-N,CC1CC(C)C2CC(C3CCC(C(C)(C)C4CCC(C5CCCCC5)CC4)CC3)CC2C1,10.1021/acs.jmedchem.9b00071,30835463,1,False,False,pending_dual_review,eligible_for_primary_evidence_review,
BDB-50511946,50511946,CCCn1c(=O)[nH]c2nc(-c3ccc(S(=O)(=O)N4CCN(c5ccc(Cl)c(OC)c5)CC4)cc3)[nH]c2c1=O,KOCOQONAONAVQU-UHFFFAOYSA-N,CC1CC(C)C2CC(C3CCC(C(C)(C)C4CCC(C5CCCCC5)CC4)CC3)CC2C1,10.1021/acs.jmedchem.9b00071,30835463,1,False,False,pending_dual_review,eligible_for_primary_evidence_review,
BDB-50511947,50511947,CCCn1c(=O)[nH]c2nc(-c3ccc(S(=O)(=O)N4CCN(c5ccc(Cl)c(O)c5)CC4)cc3)[nH]c2c1=O,UTWFCUGLRJTBAV-UHFFFAOYSA-N,CC1CC(C)C2CC(C3CCC(C(C)(C)C4CCC(C5CCCCC5)CC4)CC3)CC2C1,10.1021/acs.jmedchem.9b00071,30835463,1,False,False,pending_dual_review,eligible_for_primary_evidence_review,
BDB-50511948,50511948,CCCn1c(=O)[nH]c2nc(-c3ccc(S(=O)(=O)N4CCN(Cc5cccc(C)c5)CC4)cc3)[nH]c2c1=O,HVLQFRHVSXVXSF-UHFFFAOYSA-N,CC1CC(C)C2CC(C3CCC(C(C)(C)C4CCC(CC5CCCCC5)CC4)CC3)CC2C1,10.1021/acs.jmedchem.9b00071,30835463,1,False,False,pending_dual_review,eligible_for_primary_evidence_review,
BDB-50511950,50511950,CCCn1c(=O)[nH]c2nc(-c3ccc(S(=O)(=O)N4CCN(Cc5ccc(Br)cc5)CC4)cc3)[nH]c2c1=O,YOLUYNYFTNDDTR-UHFFFAOYSA-N,CC1CC(C)C2CC(C3CCC(C(C)(C)C4CCC(CC5CCCCC5)CC4)CC3)CC2C1,10.1021/acs.jmedchem.9b00071,30835463,1,False,False,pending_dual_review,eligible_for_primary_evidence_review,
BDB-50511951,50511951,CCCn1c(=O)[nH]c2nc(-c3ccc(S(=O)(=O)N4CCN(Cc5ccc(OC)c(F)c5)CC4)cc3)[nH]c2c1=O,YAMITKPWFJGWEN-UHFFFAOYSA-N,CC1CC(C)C2CC(C3CCC(C(C)(C)C4CCC(CC5CCCCC5)CC4)CC3)CC2C1,10.1021/acs.jmedchem.9b00071,30835463,1,False,False,pending_dual_review,eligible_for_primary_evidence_review,
BDB-50511952,50511952,CCCn1c(=O)[nH]c2nc(-c3ccc(S(=O)(=O)N4CCN(c5cccc(Cl)c5)CC4)cc3)[nH]c2c1=O,OCEXCRHJHSRHEK-UHFFFAOYSA-N,CC1CC(C)C2CC(C3CCC(C(C)(C)C4CCC(C5CCCCC5)CC4)CC3)CC2C1,10.1021/acs.jmedchem.9b00071,30835463,1,False,False,pending_dual_review,eligible_for_primary_evidence_review,
BDB-50511953,50511953,CCCn1c(=O)[nH]c2nc(-c3ccc(S(=O)(=O)N4CCN(c5ccc(O)cc5)CC4)cc3)[nH]c2c1=O,HPDFSDCWGIUIGY-UHFFFAOYSA-N,CC1CC(C)C2CC(C3CCC(C(C)(C)C4CCC(C5CCCCC5)CC4)CC3)CC2C1,10.1021/acs.jmedchem.9b00071,30835463,1,False,False,pending_dual_review,eligible_for_primary_evidence_review,
BDB-50511954,50511954,CCCn1c(=O)c2[nH]c(-c3ccc(S(=O)(=O)N4CCN(c5ccc(Cl)cc5)CC4)cc3)nc2n(CC)c1=O,XLLICFZBPTYQNU-UHFFFAOYSA-N,CC1CC(C)C2CC(C3CCC(C(C)(C)C4CCC(C5CCCCC5)CC4)CC3)CC2C1,10.1021/acs.jmedchem.9b00071,30835463,1,False,False,pending_dual_review,eligible_for_primary_evidence_review,
BDB-50511955,50511955,CCCn1c(=O)[nH]c2nc(-c3ccc(S(=O)(=O)N4CCN(Cc5ccc(N=[N+]=[N-])cc5)CC4)cc3)[nH]c2c1=O,JKFSQPLNNABFOX-UHFFFAOYSA-N,CC1CC(C)C2CC(C3CCC(C(C)(C)C4CCC(CC5CCCCC5)CC4)CC3)CC2C1,10.1021/acs.jmedchem.9b00071,30835463,1,False,False,pending_dual_review,eligible_for_primary_evidence_review,
BDB-50511956,50511956,CCCn1c(=O)[nH]c2nc(-c3ccc(S(=O)(=O)N4CCN(Cc5ccc(F)c(OC)c5)CC4)cc3)[nH]c2c1=O,XDSUHRIADDXQHB-UHFFFAOYSA-N,CC1CC(C)C2CC(C3CCC(C(C)(C)C4CCC(CC5CCCCC5)CC4)CC3)CC2C1,10.1021/acs.jmedchem.9b00071,30835463,1,False,False,pending_dual_review,eligible_for_primary_evidence_review,
BDB-50511957,50511957,CCCn1c(=O)[nH]c2nc(-c3ccc(S(=O)(=O)N4CCN(Cc5ccc(Br)c(F)c5)CC4)cc3)[nH]c2c1=O,OTBMQUFAMUDIIY-UHFFFAOYSA-N,CC1CC(C)C2CC(C3CCC(C(C)(C)C4CCC(CC5CCCCC5)CC4)CC3)CC2C1,10.1021/acs.jmedchem.9b00071,30835463,1,False,False,pending_dual_review,eligible_for_primary_evidence_review,
BDB-50511958,50511958,CCCn1c(=O)[nH]c2nc(-c3ccc(S(=O)(=O)N4CCN(c5ccc(F)cc5)CC4)cc3)[nH]c2c1=O,SXLRFJOAYVJLSO-UHFFFAOYSA-N,CC1CC(C)C2CC(C3CCC(C(C)(C)C4CCC(C5CCCCC5)CC4)CC3)CC2C1,10.1021/acs.jmedchem.9b00071,30835463,1,False,False,pending_dual_review,eligible_for_primary_evidence_review,
BDB-50511959,50511959,CCCn1c(=O)[nH]c2nc(-c3ccc(S(=O)(=O)N4CCN(c5ccccc5Cl)CC4)cc3)[nH]c2c1=O,FURWACNBACDVKI-UHFFFAOYSA-N,CC1CC(C)C2CC(C3CCC(C(C)(C)C4CCC(C5CCCCC5)CC4)CC3)CC2C1,10.1021/acs.jmedchem.9b00071,30835463,1,False,False,pending_dual_review,eligible_for_primary_evidence_review,
BDB-50511960,50511960,CCCn1c(=O)[nH]c2nc(-c3ccc(S(=O)(=O)N4CCN(c5ccccc5Br)CC4)cc3)[nH]c2c1=O,JNKPRJLGQDTUBK-UHFFFAOYSA-N,CC1CC(C)C2CC(C3CCC(C(C)(C)C4CCC(C5CCCCC5)CC4)CC3)CC2C1,10.1021/acs.jmedchem.9b00071,30835463,1,False,False,pending_dual_review,eligible_for_primary_evidence_review,
BDB-50511961,50511961,CCCn1c(=O)[nH]c2nc(-c3ccc(S(=O)(=O)N4CCN(c5ccc(I)cc5)CC4)cc3)[nH]c2c1=O,GDKPDNHXUQZPOR-UHFFFAOYSA-N,CC1CC(C)C2CC(C3CCC(C(C)(C)C4CCC(C5CCCCC5)CC4)CC3)CC2C1,10.1021/acs.jmedchem.9b00071,30835463,1,False,False,pending_dual_review,eligible_for_primary_evidence_review,
BDB-50511962,50511962,CCCn1c(=O)[nH]c2nc(-c3ccc(S(=O)(=O)N4CCN(C(=O)c5ccccc5)CC4)cc3)[nH]c2c1=O,SXQYCEBGTWCAFO-UHFFFAOYSA-N,CC1CC(C)C2CC(C3CCC(C(C)(C)C4CCC(C(C)C5CCCCC5)CC4)CC3)CC2C1,10.1021/acs.jmedchem.9b00071,30835463,1,False,False,pending_dual_review,eligible_for_primary_evidence_review,
BDB-50511966,50511966,CCCn1c(=O)[nH]c2nc(-c3ccc(S(=O)(=O)N4CCN(c5ccc(OCCO)cc5)CC4)cc3)[nH]c2c1=O,XTLUPWHPUNRNSB-UHFFFAOYSA-N,CC1CC(C)C2CC(C3CCC(C(C)(C)C4CCC(C5CCCCC5)CC4)CC3)CC2C1,10.1021/acs.jmedchem.9b00071,30835463,1,False,False,pending_dual_review,eligible_for_primary_evidence_review,
BDB-50511967,50511967,CCCn1c(=O)[nH]c2nc(-c3ccc(S(=O)(=O)N(C)CCc4ccccc4)cc3)[nH]c2c1=O,BCZCSNHEMUCEIF-UHFFFAOYSA-N,CC1CC(C)C2CC(C3CCC(C(C)(C)CCCC4CCCCC4)CC3)CC2C1,10.1021/acs.jmedchem.9b00071,30835463,1,False,False,pending_dual_review,eligible_for_primary_evidence_review,
BDB-50511968,50511968,CCCn1c(=O)[nH]c2nc(-c3ccc(S(=O)(=O)N4CCN(Cc5cccc(Br)c5)CC4)cc3)[nH]c2c1=O,PLUQLUVHIZUZDQ-UHFFFAOYSA-N,CC1CC(C)C2CC(C3CCC(C(C)(C)C4CCC(CC5CCCCC5)CC4)CC3)CC2C1,10.1021/acs.jmedchem.9b00071,30835463,1,False,False,pending_dual_review,eligible_for_primary_evidence_review,
BDB-50511969,50511969,O=C(Nc1nc2nn(CCCc3ccccc3)cc2c2nc(-c3ccco3)nn12)c1cccc2ccccc12,HLZSMXZRSBTUPC-UHFFFAOYSA-N,CC(CC1CC2CC(CCCC3CCCCC3)CC2C2CC(C3CCCC3)CC12)C1CCCC2CCCCC21,10.1021/acs.jmedchem.9b00071,30835463,1,False,False,pending_dual_review,eligible_for_primary_evidence_review,
BDB-50511970,50511970,CCCn1c(=O)[nH]c2nc(-c3ccc(S(=O)(=O)N4CCN(Cc5cccc(OC)c5)CC4)cc3)[nH]c2c1=O,LOYBCXQJTCEQJU-UHFFFAOYSA-N,CC1CC(C)C2CC(C3CCC(C(C)(C)C4CCC(CC5CCCCC5)CC4)CC3)CC2C1,10.1021/acs.jmedchem.9b00071,30835463,1,False,False,pending_dual_review,eligible_for_primary_evidence_review,
BDB-50511971,50511971,CCCn1c(=O)[nH]c2nc(-c3ccc(S(=O)(=O)N4CCN(Cc5ccc(OCCO)cc5)CC4)cc3)[nH]c2c1=O,QOXSIKXSBXZICW-UHFFFAOYSA-N,CC1CC(C)C2CC(C3CCC(C(C)(C)C4CCC(CC5CCCCC5)CC4)CC3)CC2C1,10.1021/acs.jmedchem.9b00071,30835463,1,False,False,pending_dual_review,eligible_for_primary_evidence_review,
BDB-50511972,50511972,CCCn1c(=O)[nH]c2nc(-c3ccc(S(=O)(=O)N4CCN(Cc5cc(F)cc(OC)c5)CC4)cc3)[nH]c2c1=O,IGMSQAOBQYSZOH-UHFFFAOYSA-N,CC1CC(C)C2CC(C3CCC(C(C)(C)C4CCC(CC5CCCCC5)CC4)CC3)CC2C1,10.1021/acs.jmedchem.9b00071,30835463,1,False,False,pending_dual_review,eligible_for_primary_evidence_review,
BDB-50511975,50511975,CCCn1c(=O)[nH]c2nc(-c3ccc(S(=O)(=O)N4CCN(C)CC4)cc3)[nH]c2c1=O,KVYZSLYRTMOOQF-UHFFFAOYSA-N,CC1CC(C)C2CC(C3CCC(C(C)(C)C4CCCCC4)CC3)CC2C1,10.1021/acs.jmedchem.9b00071,30835463,1,False,False,pending_dual_review,eligible_for_primary_evidence_review,
BDB-50511976,50511976,CCCn1c(=O)[nH]c2nc(-c3ccc(S(=O)(=O)N4CCN(c5ccc(O)c(Cl)c5)CC4)cc3)[nH]c2c1=O,OSURRZXGJWBWBW-UHFFFAOYSA-N,CC1CC(C)C2CC(C3CCC(C(C)(C)C4CCC(C5CCCCC5)CC4)CC3)CC2C1,10.1021/acs.jmedchem.9b00071,30835463,1,False,False,pending_dual_review,eligible_for_primary_evidence_review,
BDB-50511977,50511977,CCCn1c(=O)[nH]c2nc(-c3ccc(S(=O)(=O)N4CCN(c5ccccc5)C(C)C4)cc3)[nH]c2c1=O,XKSNOWLSDJNHMP-UHFFFAOYSA-N,CC1CC(C)C2CC(C3CCC(C(C)(C)C4CCC(C5CCCCC5)CC4)CC3)CC2C1,10.1021/acs.jmedchem.9b00071,30835463,1,False,False,pending_dual_review,eligible_for_primary_evidence_review,
BDB-50513532,50513532,Nc1nc(N/N=C/c2cccc(OCc3ccccc3)c2)nc2c1ncn2[C@@H]1O[C@H](CO)[C@@H](O)[C@H]1O,PVQRGONOKPAAHU-VJRCLNGSSA-N,C1CCC(CCC2CCCC(CCCC3CCC4CCC(C5CCCC5)C4C3)C2)CC1,10.1016/j.ejmech.2019.06.050,31255928,1,False,False,pending_dual_review,eligible_for_primary_evidence_review,
BDB-50513535,50513535,Nc1nc(N/N=C/c2ccc(-n3ccnc3)cc2)nc2c1ncn2[C@@H]1O[C@H](CO)[C@@H](O)[C@H]1O,BTNQYRLWFZFSNM-SNIPAVBPSA-N,C1CCC(C2CCC(CCCC3CCC4CCC(C5CCCC5)C4C3)CC2)C1,10.1016/j.ejmech.2019.06.050,31255928,1,False,False,pending_dual_review,eligible_for_primary_evidence_review,
BDB-50513536,50513536,Nc1nc(N/N=C/c2ccc(N(c3ccccc3)c3ccccc3)cc2)nc2c1ncn2[C@@H]1O[C@H](CO)[C@@H](O)[C@H]1O,BSBGWMHQUSMMBO-HIJSFIBBSA-N,C1CCC(C(C2CCCCC2)C2CCC(CCCC3CCC4CCC(C5CCCC5)C4C3)CC2)CC1,10.1016/j.ejmech.2019.06.050,31255928,1,False,False,pending_dual_review,eligible_for_primary_evidence_review,
BDB-50513557,50513557,Nc1nc(N/N=C/c2ccc(N3CCCC3)cc2)nc2c1ncn2[C@@H]1O[C@H](CO)[C@@H](O)[C@H]1O,YVXAEGXMNWSIPE-QPLSIJSKSA-N,C1CCC(C2CCC(CCCC3CCC4CCC(C5CCCC5)C4C3)CC2)C1,10.1016/j.ejmech.2019.06.050,31255928,1,False,False,pending_dual_review,eligible_for_primary_evidence_review,
BDB-50513559,50513559,Nc1nc(N/N=C/c2cncs2)nc2c1ncn2[C@@H]1O[C@H](CO)[C@@H](O)[C@H]1O,DDQBEVZNARJBQF-SSGSQSKESA-N,C1CCC(CCCC2CCC3CCC(C4CCCC4)C3C2)C1,10.1016/j.ejmech.2019.06.050,31255928,1,False,False,pending_dual_review,eligible_for_primary_evidence_review,
BDB-50517291,50517291,O[C@@H]1[C@H](O)[C@@H](CCl)O[C@H]1n1cnc2c(N[C@H]3C[C@H]4CC[C@@H]3C4)ncnc21,PVJGDYDNVNCGBT-XSMNFLGNSA-N,C1CCC(C2CCC3C(CC4CC5CCC4C5)CCCC23)C1,10.1021/acs.jmedchem.8b01662,30605331,1,False,False,pending_dual_review,eligible_for_primary_evidence_review,
BDB-50517298,50517298,O[C@@H]1[C@H](O)[C@@H](CCl)O[C@H]1n1cnc2c(NC(C3CCC3)C3CCC3)ncnc21,NGHXZSXZJYSIMT-BGIGGGFGSA-N,C1CC(C(CC2CCCC3C(C4CCCC4)CCC23)C2CCC2)C1,10.1021/acs.jmedchem.8b01662,30605331,1,False,False,pending_dual_review,eligible_for_primary_evidence_review,
BDB-50517299,50517299,OC[C@H]1O[C@@H](n2cnc3c(NC(C4CCC4)C4CCC4)ncnc32)[C@H](O)[C@@H]1O,VQFKOPZALUTGKJ-BGIGGGFGSA-N,C1CC(C(CC2CCCC3C(C4CCCC4)CCC23)C2CCC2)C1,10.1021/acs.jmedchem.8b01662,30605331,1,False,False,pending_dual_review,eligible_for_primary_evidence_review,
BDB-50517300,50517300,OC[C@H]1O[C@@H](n2cnc3c(NC(C4CCC4)C4CCC4)nc(Cl)nc32)[C@H](O)[C@@H]1O,WRZNTZAVIFSIPG-XKLVTHTNSA-N,C1CC(C(CC2CCCC3C(C4CCCC4)CCC23)C2CCC2)C1,10.1021/acs.jmedchem.8b01662,30605331,1,False,False,pending_dual_review,eligible_for_primary_evidence_review,
BDB-50517302,50517302,O[C@@H]1[C@H](O)[C@@H](CCl)O[C@H]1n1cnc2c(NC3C[C@H]4CC[C@@H]3C4)ncnc21,PVJGDYDNVNCGBT-MIACGEQZSA-N,C1CCC(C2CCC3C(CC4CC5CCC4C5)CCCC23)C1,10.1021/acs.jmedchem.8b01662,30605331,1,False,False,pending_dual_review,eligible_for_primary_evidence_review,
BDB-50517303,50517303,Nc1nc(Cl)nc2c1ncn2[C@H]1[C@H](O)[C@H](O)[C@]2(CCl)C[C@H]12,ILGXIHCYMHMQRI-OBPILZPTSA-N,C1CCC2C(C1)CCC2C1CCC2CC21,10.1021/acs.jmedchem.8b01662,30605331,1,False,False,pending_dual_review,eligible_for_primary_evidence_review,
BDB-50517304,50517304,OC[C@@]12C[C@@H]1[C@@H](n1cnc3c(N[C@H]4C[C@H]5CC[C@@H]4C5)nc(Cl)nc31)[C@H](O)[C@@H]2O,PCZAPKFXBXOWRY-OITXHHBMSA-N,C1CC(CC2CC3CCC2C3)C2CCC(C3CCC4CC43)C2C1,10.1021/acs.jmedchem.8b01662,30605331,1,False,False,pending_dual_review,eligible_for_primary_evidence_review,
BDB-50517307,50517307,O=C(NC1CC1)[C@@]12C[C@@H]1[C@@H](n1cnc3c(N[C@H]4C[C@H]5CC[C@@H]4C5)nc(Cl)nc31)[C@H](O)[C@@H]2O,AKLVJLLZBWQCQV-FVAGCKFDSA-N,CC(CC1CC1)C12CCC(C3CCC4C(CC5CC6CCC5C6)CCCC43)C1C2,10.1021/acs.jmedchem.8b01662,30605331,1,False,False,pending_dual_review,eligible_for_primary_evidence_review,
BDB-50517308,50517308,O=C(NCCO)[C@@]12C[C@@H]1[C@@H](n1cnc3c(N[C@H]4C[C@H]5CC[C@@H]4C5)nc(Cl)nc31)[C@H](O)[C@@H]2O,AWXOZEOHMQXOAJ-NQNJJODYSA-N,C1CC(CC2CC3CCC2C3)C2CCC(C3CCC4CC43)C2C1,10.1021/acs.jmedchem.8b01662,30605331,1,False,False,pending_dual_review,eligible_for_primary_evidence_review,
BDB-50519748,50519748,CC(=O)COc1cccc2cc(-c3ccccc3)c(=O)oc12,JSGJSQSRRPTBJS-UHFFFAOYSA-N,CC1CC2CCCCC2CC1C1CCCCC1,10.1021/acs.jmedchem.9b01572,31738058,1,False,False,pending_dual_review,eligible_for_primary_evidence_review,
BDB-50519750,50519750,COc1cc(-c2cc3cccc(C)c3oc2=O)cc(OC)c1OC,GJHMFSWAQGAFON-UHFFFAOYSA-N,CC1CC2CCCCC2CC1C1CCCCC1,10.1021/acs.jmedchem.9b01572,31738058,1,False,False,pending_dual_review,eligible_for_primary_evidence_review,
BDB-50519753,50519753,O=c1oc2c(O)cccc2cc1-c1ccc(Br)cc1,HHVNBOHWALFNHB-UHFFFAOYSA-N,CC1CC2CCCCC2CC1C1CCCCC1,,34695776,1,False,False,pending_dual_review,eligible_for_primary_evidence_review,
BDB-50519756,50519756,CC(=O)Oc1ccc(-c2cc3cccc(OC(C)=O)c3oc2=O)cc1OC(C)=O,ZNJRRUZTEADZNJ-UHFFFAOYSA-N,CC1CC2CCCCC2CC1C1CCCCC1,10.1021/acs.jmedchem.9b01572,31738058,1,False,False,pending_dual_review,eligible_for_primary_evidence_review,
BDB-50519758,50519758,COc1ccc(-c2cc3cccc(C)c3oc2=O)cc1OC,YSSMFDCNHKVZSG-UHFFFAOYSA-N,CC1CC2CCCCC2CC1C1CCCCC1,10.1021/acs.jmedchem.9b01572,31738058,1,False,False,pending_dual_review,eligible_for_primary_evidence_review,
BDB-50519760,50519760,O=c1oc2c(O)c(O)ccc2cc1-c1ccccc1,MKULWOGXZZEYQF-UHFFFAOYSA-N,CC1CC2CCCCC2CC1C1CCCCC1,10.1021/acs.jmedchem.9b01572,31738058,1,False,False,pending_dual_review,eligible_for_primary_evidence_review,
BDB-50519765,50519765,Cc1cccc2cc(-c3ccccc3)c(=O)oc12,PLAVSMPTDXATIE-UHFFFAOYSA-N,CC1CC2CCCCC2CC1C1CCCCC1,10.1021/acs.jmedchem.9b01572,31738058,1,False,False,pending_dual_review,eligible_for_primary_evidence_review,
BDB-50519766,50519766,CC(=O)Oc1cccc2cc(-c3ccccc3)c(=O)oc12,OXMNFWJISJLFKX-UHFFFAOYSA-N,CC1CC2CCCCC2CC1C1CCCCC1,10.1021/acs.jmedchem.9b01572,31738058,1,False,False,pending_dual_review,eligible_for_primary_evidence_review,
BDB-50519767,50519767,CC(=O)Oc1ccc2cc(-c3ccccc3)c(=O)oc2c1OC(C)=O,MJMQPFPRJQOZQW-UHFFFAOYSA-N,CC1CC2CCCCC2CC1C1CCCCC1,10.1021/acs.jmedchem.9b01572,31738058,1,False,False,pending_dual_review,eligible_for_primary_evidence_review,
BDB-50519769,50519769,O=c1oc2c(O)cccc2cc1-c1ccc(O)c(O)c1,PCBWMOGIYWSXTA-UHFFFAOYSA-N,CC1CC2CCCCC2CC1C1CCCCC1,10.1021/acs.jmedchem.9b01572,31738058,1,False,False,pending_dual_review,eligible_for_primary_evidence_review,
BDB-50519770,50519770,O=c1oc2c(O)c(O)ccc2cc1-c1ccc(O)c(O)c1,MZSZXDSVFQKLPB-UHFFFAOYSA-N,CC1CC2CCCCC2CC1C1CCCCC1,10.1021/acs.jmedchem.9b01572,31738058,1,False,False,pending_dual_review,eligible_for_primary_evidence_review,
BDB-50519772,50519772,COc1cccc2cc(-c3ccc([N+](=O)[O-])cc3)c(=O)oc12,UEQZBWZNEQUUQA-UHFFFAOYSA-N,CC1CC2CCCCC2CC1C1CCCCC1,10.1021/acs.jmedchem.9b01572,31738058,1,False,False,pending_dual_review,eligible_for_primary_evidence_review,
BDB-50519773,50519773,O=c1oc2c(O)c(O)ccc2cc1-c1ccc(O)cc1,SHWFFEHIZXPZOK-UHFFFAOYSA-N,CC1CC2CCCCC2CC1C1CCCCC1,10.1021/acs.jmedchem.9b01572,31738058,1,False,False,pending_dual_review,eligible_for_primary_evidence_review,
BDB-50520045,50520045,CCOC(=O)c1nc(N)c(=O)n(-c2ccccc2)n1,ONJVQULAOHSFPB-UHFFFAOYSA-N,CC1CCCCC1C1CCCCC1,10.1021/acs.jmedchem.9b01560,31846328,1,False,False,pending_dual_review,eligible_for_primary_evidence_review,
BDB-50520046,50520046,Nc1nc(-c2ccccc2)nn1C(=O)c1ccco1,PNSXDIOSECJTSX-UHFFFAOYSA-N,CC(C1CCCC1)C1CCC(C2CCCCC2)C1,10.1021/acs.jmedchem.9b01560,31846328,1,False,False,pending_dual_review,eligible_for_primary_evidence_review,
BDB-50521843,50521843,Oc1ccc(-c2nc(N3CCCCC3)c3nc[nH]c3n2)cc1,MXYYZWVYIXOVIS-UHFFFAOYSA-N,C1CCC(C2CC3CCCC3C(C3CCCCC3)C2)CC1,10.1016/j.bmc.2019.06.034,31280999,1,False,False,pending_dual_review,eligible_for_primary_evidence_review,
BDB-50521844,50521844,Clc1ccc(-c2nc(N3CCCCC3)c3nc[nH]c3n2)cc1,DGZWSPSJWMAWBF-UHFFFAOYSA-N,C1CCC(C2CC3CCCC3C(C3CCCCC3)C2)CC1,10.1016/j.bmc.2019.06.034,31280999,1,False,False,pending_dual_review,eligible_for_primary_evidence_review,
BDB-50523419,50523419,CCCn1c(=O)c2c(nc3cc(OC)ccn32)n(CCCNC(=O)c2ccc(S(C)(=O)=O)cc2)c1=O,AASXHCGIIQCKEE-UHFFFAOYSA-N,CC(CCCCC1C(C)CC(C)C2C3CCCCC3CC12)C1CCCCC1,10.1021/acs.jmedchem.8b02026,30869893,1,False,False,pending_dual_review,eligible_for_primary_evidence_review,
BDB-50523424,50523424,CCCn1c(=O)c2c(nc3cc(OC)ccn32)n(CCCNC(=O)c2ccc(S(=O)(=O)F)cc2)c1=O,QNCALQNHCSHYFR-UHFFFAOYSA-N,CC(CCCCC1C(C)CC(C)C2C3CCCCC3CC12)C1CCCCC1,10.1021/acs.jmedchem.8b02026,30869893,1,False,False,pending_dual_review,eligible_for_primary_evidence_review,
BDB-50527834,50527834,COc1cc(CCNc2nc(C#Cc3ccccc3F)nc3c2ncn3[C@H]2[C@H](O)[C@H](O)[C@@H]3C[C@@H]32)ccc1O,LBETYHWTGGCABN-DZBNJKESSA-N,C1CCC(CCCC2CC(CCC3CCCCC3)CC3C2CCC3C2CCC3CC32)CC1,10.1021/acs.jmedchem.0c00235,32271569,1,False,False,pending_dual_review,eligible_for_primary_evidence_review,
BDB-50528495,50528495,COC(=O)c1cccc(CSc2nc(N)c(C#N)c(-c3cccnc3)c2C#N)c1,GHVFGCICMKNGRJ-UHFFFAOYSA-N,C1CCC(CCC2CCCC(C3CCCCC3)C2)CC1,10.1021/acs.jmedchem.9b00106,31306001,1,False,False,pending_dual_review,eligible_for_primary_evidence_review,
BDB-50528506,50528506,N#Cc1c(N)nc(SCC(=O)c2ccccc2)c(C#N)c1-c1ccco1,LZBOBIXSMDCUFY-UHFFFAOYSA-N,CC(CCC1CCCC(C2CCCC2)C1)C1CCCCC1,10.1021/acs.jmedchem.9b00106,31306001,1,False,False,pending_dual_review,eligible_for_primary_evidence_review,
BDB-50531298,50531298,O=C(Cn1cc(-c2ccccc2)c2ncn(C3CC3)c(=O)c21)NCc1ccc(F)cc1,RTZBBWUBSYPHTL-UHFFFAOYSA-N,CC(CCC1CCCCC1)CC1CC(C2CCCCC2)C2CCC(C3CC3)C(C)C12,10.1016/j.ejmech.2019.111936,31855793,2,False,False,pending_dual_review,eligible_for_primary_evidence_review,
BDB-50531299,50531299,COc1ccc(-c2cc(-c3cccc(Br)c3)c(C#N)c(N)n2)cc1,VRGKDTFQDYCZFO-UHFFFAOYSA-N,C1CCC(C2CCCC(C3CCCCC3)C2)CC1,10.1016/j.ejmech.2019.111936,31855793,2,False,False,pending_dual_review,eligible_for_primary_evidence_review,
BDB-50532554,50532554,CN1CCN(CCNc2nc(N)n3nc(-c4ccco4)nc3n2)CC1,NLHRMBTYEDTOKC-UHFFFAOYSA-N,C1CCC(CCCC2CCC3CC(C4CCCC4)CC3C2)CC1,10.1021/acs.jmedchem.6b00653,27312113,2,False,False,pending_dual_review,eligible_for_primary_evidence_review,
BDB-50532555,50532555,Nc1nc(NCCN2CCC(c3ccccc3)CC2)nc2nc(-c3ccco3)nn12,WUOOFKSGLYZAKD-UHFFFAOYSA-N,C1CCC(C2CCC(CCCC3CCC4CC(C5CCCC5)CC4C3)CC2)CC1,10.1021/acs.jmedchem.6b00653,27312113,2,False,False,pending_dual_review,eligible_for_primary_evidence_review,
BDB-50534166,50534166,Cn1c(=O)c2c(nc3n2CCN(Cc2ccccc2)C3)n(C)c1=O,BZDHUIDJDDKOMY-UHFFFAOYSA-N,CC1CC(C)C2C(C1)CC1CC(CC3CCCCC3)CCC12,10.1016/j.bmc.2016.09.003,27658798,1,False,False,pending_dual_review,eligible_for_primary_evidence_review,
BDB-50534168,50534168,Cn1c(=O)c2c(nc3n2CCN(c2cccc(Cl)c2)C3)n(C)c1=O,HJXMNEXKEFWFHF-UHFFFAOYSA-N,CC1CC(C)C2C(C1)CC1CC(C3CCCCC3)CCC12,10.1016/j.bmc.2016.09.003,27658798,1,False,False,pending_dual_review,eligible_for_primary_evidence_review,
BDB-50534178,50534178,Cn1c(=O)c2c(nc3n2CCN(Cc2ccc(Cl)c(Cl)c2)C3)n(C)c1=O,KMYJUKQUMDPSJU-UHFFFAOYSA-N,CC1CC(C)C2C(C1)CC1CC(CC3CCCCC3)CCC12,10.1016/j.bmc.2016.09.003,27658798,1,False,False,pending_dual_review,eligible_for_primary_evidence_review,
BDB-50537246,50537246,Cn1c(=O)c2c(nc3n2CCCN3Cc2c(F)cccc2Cl)n(C)c1=O,KUGUNHHHNWFJTM-UHFFFAOYSA-N,CC1CC(C)C2C(C1)CC1C(CC3CCCCC3)CCCC12,10.1016/j.bmc.2019.02.004,30808606,1,False,False,pending_dual_review,eligible_for_primary_evidence_review,
BDB-50537250,50537250,Cn1c(=O)c2c(nc3n2CCCN3Cc2ccc(Cl)cc2F)n(C)c1=O,PAVLNBCAIDCSJT-UHFFFAOYSA-N,CC1CC(C)C2C(C1)CC1C(CC3CCCCC3)CCCC12,10.1016/j.bmc.2019.02.004,30808606,1,False,False,pending_dual_review,eligible_for_primary_evidence_review,
BDB-50537251,50537251,Cc1ccccc1CN1CCCn2c1nc1c2c(=O)n(C)c(=O)n1C,PKNARXWREUKPBP-UHFFFAOYSA-N,CC1CC(C)C2C(C1)CC1C(CC3CCCCC3)CCCC12,10.1016/j.bmc.2019.02.004,30808606,1,False,False,pending_dual_review,eligible_for_primary_evidence_review,
BDB-50537252,50537252,Cn1c(=O)c2c(nc3n2CCCN3Cc2cccc(Br)c2)n(C)c1=O,GDXNESQVHGSDFC-UHFFFAOYSA-N,CC1CC(C)C2C(C1)CC1C(CC3CCCCC3)CCCC12,10.1016/j.bmc.2019.02.004,30808606,1,False,False,pending_dual_review,eligible_for_primary_evidence_review,
BDB-50537253,50537253,Cn1c(=O)c2c(nc3n2CCCCN3Cc2ccccc2Cl)n(C)c1=O,TYHBSNUYNBZCCC-UHFFFAOYSA-N,CC1CC(C)C2C(C1)CC1C(CC3CCCCC3)CCCCC12,10.1016/j.bmc.2019.02.004,30808606,1,False,False,pending_dual_review,eligible_for_primary_evidence_review,
BDB-50537255,50537255,Cn1c(=O)c2c(nc3n2CCCN3Cc2ccccc2Br)n(C)c1=O,VPAPPHOZFDSBAJ-UHFFFAOYSA-N,CC1CC(C)C2C(C1)CC1C(CC3CCCCC3)CCCC12,10.1016/j.bmc.2019.02.004,30808606,1,False,False,pending_dual_review,eligible_for_primary_evidence_review,
BDB-50537256,50537256,Cn1c(=O)c2c(nc3n2CCN3Cc2cccc(Br)c2)n(C)c1=O,CRNMGLPHBFEMDH-UHFFFAOYSA-N,CC1CC(C)C2C(C1)CC1C(CC3CCCCC3)CCC12,10.1016/j.bmc.2019.02.004,30808606,1,False,False,pending_dual_review,eligible_for_primary_evidence_review,
BDB-50537259,50537259,COc1ccccc1CN1CCCCn2c1nc1c2c(=O)n(C)c(=O)n1C,UVYKOOHROQURMP-UHFFFAOYSA-N,CC1CC(C)C2C(C1)CC1C(CC3CCCCC3)CCCCC12,10.1016/j.bmc.2019.02.004,30808606,1,False,False,pending_dual_review,eligible_for_primary_evidence_review,
BDB-50537262,50537262,COc1ccccc1CN1CCn2c1nc1c2c(=O)n(C)c(=O)n1C,XKKPCLVLUQETPF-UHFFFAOYSA-N,CC1CC(C)C2C(C1)CC1C(CC3CCCCC3)CCC12,10.1016/j.bmc.2019.02.004,30808606,1,False,False,pending_dual_review,eligible_for_primary_evidence_review,
BDB-50537265,50537265,Cn1c(=O)c2c(nc3n2CCCCN3Cc2ccccc2Br)n(C)c1=O,MDYVXCSNQGWJHO-UHFFFAOYSA-N,CC1CC(C)C2C(C1)CC1C(CC3CCCCC3)CCCCC12,10.1016/j.bmc.2019.02.004,30808606,1,False,False,pending_dual_review,eligible_for_primary_evidence_review,
BDB-50537266,50537266,Cn1c(=O)c2c(nc3n2CCCCN3Cc2ccccc2F)n(C)c1=O,UNBOKCUCNILRSY-UHFFFAOYSA-N,CC1CC(C)C2C(C1)CC1C(CC3CCCCC3)CCCCC12,10.1016/j.bmc.2019.02.004,30808606,1,False,False,pending_dual_review,eligible_for_primary_evidence_review,
BDB-50537269,50537269,Cn1c(=O)c2c(nc3n2CCCCN3Cc2ccc(Cl)cc2Cl)n(C)c1=O,RCUBJIOAFFCQMY-UHFFFAOYSA-N,CC1CC(C)C2C(C1)CC1C(CC3CCCCC3)CCCCC12,10.1016/j.bmc.2019.02.004,30808606,1,False,False,pending_dual_review,eligible_for_primary_evidence_review,
BDB-50537270,50537270,Cn1c(=O)c2c(nc3n2CCCN3Cc2ccccc2F)n(C)c1=O,USJJUXVFLOLHIY-UHFFFAOYSA-N,CC1CC(C)C2C(C1)CC1C(CC3CCCCC3)CCCC12,10.1016/j.bmc.2019.02.004,30808606,1,False,False,pending_dual_review,eligible_for_primary_evidence_review,
BDB-50537272,50537272,Cn1c(=O)c2c(nc3n2CCCN3Cc2cccs2)n(C)c1=O,UOHXUNGICXZGJT-UHFFFAOYSA-N,CC1CC(C)C2C(C1)CC1C(CC3CCCC3)CCCC12,10.1016/j.bmc.2019.02.004,30808606,1,False,False,pending_dual_review,eligible_for_primary_evidence_review,
BDB-50537273,50537273,COc1ccc(CN2CCCn3c2nc2c3c(=O)n(C)c(=O)n2C)cc1Cl,HVFBZUURAZGZKR-UHFFFAOYSA-N,CC1CC(C)C2C(C1)CC1C(CC3CCCCC3)CCCC12,10.1016/j.bmc.2019.02.004,30808606,1,False,False,pending_dual_review,eligible_for_primary_evidence_review,
BDB-50537275,50537275,COc1ccc(Cl)c(CN2CCCn3c2nc2c3c(=O)n(C)c(=O)n2C)c1F,SUHGLLSPECQCGH-UHFFFAOYSA-N,CC1CC(C)C2C(C1)CC1C(CC3CCCCC3)CCCC12,10.1016/j.bmc.2019.02.004,30808606,1,False,False,pending_dual_review,eligible_for_primary_evidence_review,
BDB-50537278,50537278,Cn1c(=O)c2c(nc3n2CCCN3Cc2ccc(F)c(Br)c2)n(C)c1=O,RYRWLXOBMISEDI-UHFFFAOYSA-N,CC1CC(C)C2C(C1)CC1C(CC3CCCCC3)CCCC12,10.1016/j.bmc.2019.02.004,30808606,1,False,False,pending_dual_review,eligible_for_primary_evidence_review,
BDB-50537280,50537280,Cn1c(=O)c2c(nc3n2CCN3Cc2ccccc2Br)n(C)c1=O,PABAXIXJXJGVMS-UHFFFAOYSA-N,CC1CC(C)C2C(C1)CC1C(CC3CCCCC3)CCC12,10.1016/j.bmc.2019.02.004,30808606,1,False,False,pending_dual_review,eligible_for_primary_evidence_review,
BDB-50542169,50542169,CCOC(=O)C1=C(C)Nc2nc3ccccc3n2C1c1cnco1,GKOCUWKOXITQPF-UHFFFAOYSA-N,C1CCC(C2CCCC3CC4CCCCC4C32)C1,10.1021/acs.jmedchem.0c00564,32573250,1,False,False,pending_dual_review,eligible_for_primary_evidence_review,
BDB-50542171,50542171,CCOC(=O)C1=C(C)Nc2nc3ccccc3n2C1c1ncco1,NRGKDXZOEMTKKR-UHFFFAOYSA-N,C1CCC(C2CCCC3CC4CCCCC4C32)C1,10.1021/acs.jmedchem.0c00564,32573250,1,False,False,pending_dual_review,eligible_for_primary_evidence_review,
BDB-50542172,50542172,CC1=C(C(=O)OC(C)C)C(c2ncco2)n2c(nc3ccccc32)N1,KROGYTVNKZCWBC-UHFFFAOYSA-N,C1CCC(C2CCCC3CC4CCCCC4C32)C1,10.1021/acs.jmedchem.0c00564,32573250,1,False,False,pending_dual_review,eligible_for_primary_evidence_review,
BDB-50542173,50542173,CCOC(=O)C1=C(C)Nc2nc3ccccc3n2C1c1nccs1,KTGUIEHXLIACCD-UHFFFAOYSA-N,C1CCC(C2CCCC3CC4CCCCC4C32)C1,10.1021/acs.jmedchem.0c00564,32573250,1,False,False,pending_dual_review,eligible_for_primary_evidence_review,
BDB-50542174,50542174,CCOC(=O)C1=C(C)Nc2nc3ccccc3n2C1c1ncc[nH]1,UZFAUIPNCCEZOK-UHFFFAOYSA-N,C1CCC(C2CCCC3CC4CCCCC4C32)C1,10.1021/acs.jmedchem.0c00564,32573250,1,False,False,pending_dual_review,eligible_for_primary_evidence_review,
BDB-50545311,50545311,Nc1nc(NCc2ccc(S(N)(=O)=O)cc2)nc2sc(-c3ccco3)nc12,GGBHOXXNFSSUEW-UHFFFAOYSA-N,C1CCC(CCC2CCC3CC(C4CCCC4)CC3C2)CC1,10.1016/j.bmcl.2020.127067,32165041,1,False,False,pending_dual_review,eligible_for_primary_evidence_review,
BDB-50545312,50545312,Nc1nc(NCCc2ccc(S(N)(=O)=O)cc2)nc2sc(-c3ccco3)nc12,BSULCWRRWVTVRE-UHFFFAOYSA-N,C1CCC(CCCC2CCC3CC(C4CCCC4)CC3C2)CC1,10.1016/j.bmcl.2020.127067,32165041,1,False,False,pending_dual_review,eligible_for_primary_evidence_review,
BDB-50545313,50545313,Nc1nc(N2CCN(c3ccc(S(N)(=O)=O)cc3)CC2)nc2sc(-c3ccco3)nc12,UKAIQCQVGWACLI-UHFFFAOYSA-N,C1CCC(C2CCC(C3CCC4CC(C5CCCC5)CC4C3)CC2)CC1,10.1016/j.bmcl.2020.127067,32165041,1,False,False,pending_dual_review,eligible_for_primary_evidence_review,
BDB-50545314,50545314,Nc1nc(NCCN2CCN(c3ccc(S(N)(=O)=O)cc3)CC2)nc2sc(-c3ccco3)nc12,DBSSNIVKOMKZGN-UHFFFAOYSA-N,C1CCC(C2CCC(CCCC3CCC4CC(C5CCCC5)CC4C3)CC2)CC1,10.1016/j.bmcl.2020.127067,32165041,1,False,False,pending_dual_review,eligible_for_primary_evidence_review,
BDB-50545315,50545315,Nc1nc(NCC2CCN(CC(=O)Nc3ccc(S(N)(=O)=O)cc3)CC2)nc2sc(-c3ccco3)nc12,UQWRJYJCAOENJM-UHFFFAOYSA-N,CC(CC1CCCCC1)CC1CCC(CCC2CCC3CC(C4CCCC4)CC3C2)CC1,10.1016/j.bmcl.2020.127067,32165041,1,False,False,pending_dual_review,eligible_for_primary_evidence_review,
BDB-50545316,50545316,Nc1nc(NCC2CCN(CC(=O)NCc3ccc(S(N)(=O)=O)cc3)CC2)nc2sc(-c3ccco3)nc12,WICPQPFMJZZNCE-UHFFFAOYSA-N,CC(CCC1CCCCC1)CC1CCC(CCC2CCC3CC(C4CCCC4)CC3C2)CC1,10.1016/j.bmcl.2020.127067,32165041,1,False,False,pending_dual_review,eligible_for_primary_evidence_review,
BDB-50545317,50545317,Nc1nc(NCC2CCN(CC(=O)NCCc3ccc(S(N)(=O)=O)cc3)CC2)nc2sc(-c3ccco3)nc12,HRFFVTWCZHFHFN-UHFFFAOYSA-N,CC(CCCC1CCCCC1)CC1CCC(CCC2CCC3CC(C4CCCC4)CC3C2)CC1,10.1016/j.bmcl.2020.127067,32165041,1,False,False,pending_dual_review,eligible_for_primary_evidence_review,
BDB-50545318,50545318,Nc1nc(N2CCC(CNC(=O)c3ccc(S(N)(=O)=O)cc3)CC2)nc2sc(-c3ccco3)nc12,APLWPFYUEIDGFU-UHFFFAOYSA-N,CC(CCC1CCC(C2CCC3CC(C4CCCC4)CC3C2)CC1)C1CCCCC1,10.1016/j.bmcl.2020.127067,32165041,1,False,False,pending_dual_review,eligible_for_primary_evidence_review,
BDB-50545319,50545319,Nc1nc(N2CCC(CNC(=O)c3cccc(S(N)(=O)=O)c3)CC2)nc2sc(-c3ccco3)nc12,SPELWQPJKAETGH-UHFFFAOYSA-N,CC(CCC1CCC(C2CCC3CC(C4CCCC4)CC3C2)CC1)C1CCCCC1,10.1016/j.bmcl.2020.127067,32165041,1,False,False,pending_dual_review,eligible_for_primary_evidence_review,
BDB-50545320,50545320,Nc1nc(N2CCC(CNC(=O)CN3C(=O)c4ccccc4S3(=O)=O)CC2)nc2sc(-c3ccco3)nc12,WWXRDVLUIBXDOU-UHFFFAOYSA-N,CC(CCC1CCC(C2CCC3CC(C4CCCC4)CC3C2)CC1)CC1C(C)C2CCCCC2C1(C)C,10.1016/j.bmcl.2020.127067,32165041,1,False,False,pending_dual_review,eligible_for_primary_evidence_review,
BDB-50545321,50545321,Nc1nc(N2CCC(CNC(=O)CCN3C(=O)c4ccccc4S3(=O)=O)CC2)nc2sc(-c3ccco3)nc12,PMUTYNGFYXBVDY-UHFFFAOYSA-N,CC(CCC1CCC(C2CCC3CC(C4CCCC4)CC3C2)CC1)CCC1C(C)C2CCCCC2C1(C)C,10.1016/j.bmcl.2020.127067,32165041,1,False,False,pending_dual_review,eligible_for_primary_evidence_review,
BDB-50545322,50545322,CCOC(=O)c1ccc(N2CCN(c3nc(N)c4nc(-c5ccco5)sc4n3)CC2)cc1,KRHWODOVQMCRFB-UHFFFAOYSA-N,C1CCC(C2CCC(C3CCC4CC(C5CCCC5)CC4C3)CC2)CC1,10.1016/j.bmcl.2020.127067,32165041,1,False,False,pending_dual_review,eligible_for_primary_evidence_review,
BDB-50545418,50545418,Nc1nc(-c2ccc(OCCN3CCOCC3)cc2)cn2c(=O)n(-c3ccccc3)nc12,VEASOKIYSIAFLD-UHFFFAOYSA-N,CC1C2CC(C3CCC(CCCC4CCCCC4)CC3)CCC2CC1C1CCCCC1,10.1016/j.bmcl.2020.127126,32241719,1,False,False,pending_dual_review,eligible_for_primary_evidence_review,
BDB-50545419,50545419,Nc1nc(-c2ccc(OCCN3CCCC3)cc2)cn2c(=O)n(-c3ccccc3)nc12,SFXLMSXZEZYXTH-UHFFFAOYSA-N,CC1C2CC(C3CCC(CCCC4CCCC4)CC3)CCC2CC1C1CCCCC1,10.1016/j.bmcl.2020.127126,32241719,1,False,False,pending_dual_review,eligible_for_primary_evidence_review,
BDB-50545420,50545420,Nc1nc(-c2ccc(OCCN3CCCCC3)cc2)cn2c(=O)n(-c3ccccc3)nc12,XPNHHFONXMNCGQ-UHFFFAOYSA-N,CC1C2CC(C3CCC(CCCC4CCCCC4)CC3)CCC2CC1C1CCCCC1,10.1016/j.bmcl.2020.127126,32241719,1,False,False,pending_dual_review,eligible_for_primary_evidence_review,
BDB-50545423,50545423,NCC1CCN(CCC(=O)Nc2ccc(-c3cn4c(=O)n(-c5ccccc5)nc4c(N)n3)cc2)CC1,JVIPLUYJZRXSCQ-UHFFFAOYSA-N,CC(CCC1CCCCC1)CC1CCC(C2CCC3CC(C4CCCCC4)C(C)C3C2)CC1,10.1016/j.bmcl.2020.127126,32241719,1,False,False,pending_dual_review,eligible_for_primary_evidence_review,
BDB-50545424,50545424,NC(=O)C1CCN(CCC(=O)Nc2ccc(-c3cn4c(=O)n(-c5ccccc5)nc4c(N)n3)cc2)CC1,KYHBOCPBDZSRTR-UHFFFAOYSA-N,CC(CCC1CCCCC1)CC1CCC(C2CCC3CC(C4CCCCC4)C(C)C3C2)CC1,10.1016/j.bmcl.2020.127126,32241719,1,False,False,pending_dual_review,eligible_for_primary_evidence_review,
BDB-50545425,50545425,Nc1nc(-c2ccc(NC(=O)CCN3CCN(c4ccccc4)CC3)cc2)cn2c(=O)n(-c3ccccc3)nc12,RWFMYYXACNBSLA-UHFFFAOYSA-N,CC(CCC1CCC(C2CCCCC2)CC1)CC1CCC(C2CCC3CC(C4CCCCC4)C(C)C3C2)CC1,10.1016/j.bmcl.2020.127126,32241719,1,False,False,pending_dual_review,eligible_for_primary_evidence_review,
BDB-50545426,50545426,Nc1nc(-c2ccc(NC(=O)CCN3CCN(CCO)CC3)cc2)cn2c(=O)n(-c3ccccc3)nc12,YJXRUDJEAHAFSB-UHFFFAOYSA-N,CC(CCC1CCCCC1)CC1CCC(C2CCC3CC(C4CCCCC4)C(C)C3C2)CC1,10.1016/j.bmcl.2020.127126,32241719,1,False,False,pending_dual_review,eligible_for_primary_evidence_review,
BDB-50545427,50545427,CN1CCN(CCC(=O)Nc2ccc(-c3cn4c(=O)n(-c5ccccc5)nc4c(N)n3)cc2)CC1,XYSRFXJWVVBKGT-UHFFFAOYSA-N,CC(CCC1CCCCC1)CC1CCC(C2CCC3CC(C4CCCCC4)C(C)C3C2)CC1,10.1016/j.bmcl.2020.127126,32241719,1,False,False,pending_dual_review,eligible_for_primary_evidence_review,
BDB-50545428,50545428,Nc1nc(-c2ccc(NC(=O)CCN3CCOCC3)cc2)cn2c(=O)n(-c3ccccc3)nc12,OIBZQPIUCJMUGP-UHFFFAOYSA-N,CC(CCC1CCCCC1)CC1CCC(C2CCC3CC(C4CCCCC4)C(C)C3C2)CC1,10.1016/j.bmcl.2020.127126,32241719,1,False,False,pending_dual_review,eligible_for_primary_evidence_review,
BDB-50545429,50545429,Nc1nc(-c2ccc(NC(=O)CCN3CCCCC3)cc2)cn2c(=O)n(-c3ccccc3)nc12,QJLPBILWULBJIZ-UHFFFAOYSA-N,CC(CCC1CCCCC1)CC1CCC(C2CCC3CC(C4CCCCC4)C(C)C3C2)CC1,10.1016/j.bmcl.2020.127126,32241719,1,False,False,pending_dual_review,eligible_for_primary_evidence_review,
BDB-50545430,50545430,Nc1nc(-c2ccc(NC(=O)CCN3CCCC3)cc2)cn2c(=O)n(-c3ccccc3)nc12,RCYYVGFZXIAMRF-UHFFFAOYSA-N,CC(CCC1CCCC1)CC1CCC(C2CCC3CC(C4CCCCC4)C(C)C3C2)CC1,10.1016/j.bmcl.2020.127126,32241719,1,False,False,pending_dual_review,eligible_for_primary_evidence_review,
BDB-50545431,50545431,Nc1nc(-c2ccc(OCC(O)CN3CCOCC3)cc2)cn2c(=O)n(-c3ccccc3)nc12,LHAFAQBFUALVSS-UHFFFAOYSA-N,CC1C2CC(C3CCC(CCCCC4CCCCC4)CC3)CCC2CC1C1CCCCC1,10.1016/j.bmcl.2020.127126,32241719,1,False,False,pending_dual_review,eligible_for_primary_evidence_review,
BDB-50545432,50545432,Nc1nc(-c2ccc(OCC(O)CN3CCCCC3)cc2)cn2c(=O)n(-c3ccccc3)nc12,AWJQTLFPUKLVQL-UHFFFAOYSA-N,CC1C2CC(C3CCC(CCCCC4CCCCC4)CC3)CCC2CC1C1CCCCC1,10.1016/j.bmcl.2020.127126,32241719,1,False,False,pending_dual_review,eligible_for_primary_evidence_review,
BDB-50545434,50545434,CN1CCN(CCOc2ccc(-c3cn4c(=O)n(-c5ccccc5)nc4c(N)n3)cc2)CC1,QFMDFBRPJRPXLV-UHFFFAOYSA-N,CC1C2CC(C3CCC(CCCC4CCCCC4)CC3)CCC2CC1C1CCCCC1,10.1016/j.bmcl.2020.127126,32241719,1,False,False,pending_dual_review,eligible_for_primary_evidence_review,
BDB-50548093,50548093,CCOC(=O)CCCNc1nc2nn(C)cc2c2nc(-c3ccco3)nn12,AJNMIBNOLBYBFA-UHFFFAOYSA-N,C1CCC(C2CC3CCC4CCCC4C3C2)C1,10.1039/d0md00380h,34046614,1,False,False,pending_dual_review,eligible_for_primary_evidence_review,
BDB-50548094,50548094,COC(=O)[C@@H]1CCCN1c1nc2nn(C)cc2c2nc(-c3ccco3)nn12,CCHJCVDZPYFXQY-NSHDSACASA-N,C1CCC(C2CC3C4CCCC4CC(C4CCCC4)C3C2)C1,10.1039/d0md00380h,34046614,1,False,False,pending_dual_review,eligible_for_primary_evidence_review,
BDB-50548095,50548095,CCOC(=O)CC[C@H](Nc1nc2nn(C)cc2c2nc(-c3ccco3)nn12)C(=O)OCC,UCVNXHPZKJNLTN-ZDUSSCGKSA-N,C1CCC(C2CC3CCC4CCCC4C3C2)C1,10.1039/d0md00380h,34046614,1,False,False,pending_dual_review,eligible_for_primary_evidence_review,
BDB-50548096,50548096,CCOC(=O)C[C@H](Nc1nc2nn(C)cc2c2nc(-c3ccco3)nn12)C(=O)OCC,XKHWMHNUWYFWPL-LBPRGKRZSA-N,C1CCC(C2CC3CCC4CCCC4C3C2)C1,10.1039/d0md00380h,34046614,1,False,False,pending_dual_review,eligible_for_primary_evidence_review,
BDB-50548097,50548097,CCOC(=O)C(Nc1nc2nn(C)cc2c2nc(-c3ccco3)nn12)C(O)c1ccccc1,NLBYPZJTBOPUKQ-UHFFFAOYSA-N,C1CCC(CCCC2CC3CCCC3C3CC(C4CCCC4)CC23)CC1,10.1039/d0md00380h,34046614,1,False,False,pending_dual_review,eligible_for_primary_evidence_review,
BDB-50548098,50548098,CCOC(=O)[C@H](Cc1ccccc1)Nc1nc2nn(C)cc2c2nc(-c3ccco3)nn12,PMGILXYSTQQUHV-INIZCTEOSA-N,C1CCC(CCCC2CC3CCCC3C3CC(C4CCCC4)CC23)CC1,10.1039/d0md00380h,34046614,1,False,False,pending_dual_review,eligible_for_primary_evidence_review,
BDB-50548099,50548099,CCOC(=O)[C@H](Cc1ccc(O)cc1)Nc1nc2nn(C)cc2c2nc(-c3ccco3)nn12,LTKPMFGFBADICO-INIZCTEOSA-N,C1CCC(CCCC2CC3CCCC3C3CC(C4CCCC4)CC23)CC1,10.1039/d0md00380h,34046614,1,False,False,pending_dual_review,eligible_for_primary_evidence_review,
BDB-50548100,50548100,CCOC(=O)C(CO)Nc1nc2nn(C)cc2c2nc(-c3ccco3)nn12,YCCLOVOYJUOZKD-UHFFFAOYSA-N,C1CCC(C2CC3CCC4CCCC4C3C2)C1,10.1039/d0md00380h,34046614,1,False,False,pending_dual_review,eligible_for_primary_evidence_review,
BDB-50548101,50548101,CCOC(=O)[C@@H](Cc1cc2ccccc2[nH]1)Nc1nc2nn(C)cc2c2nc(-c3ccco3)nn12,ABTMQITXLXSPOI-GOSISDBHSA-N,C1CCC(C2CC3C(CCCC4CC5CCCCC5C4)CC4CCCC4C3C2)C1,10.1039/d0md00380h,34046614,1,False,False,pending_dual_review,eligible_for_primary_evidence_review,
BDB-50548102,50548102,CCOC(=O)C(Nc1nc2nn(C)cc2c2nc(-c3ccco3)nn12)c1ccccc1,YWPXUUWVCDDDOD-UHFFFAOYSA-N,C1CCC(CCC2CC3CCCC3C3CC(C4CCCC4)CC23)CC1,10.1039/d0md00380h,34046614,1,False,False,pending_dual_review,eligible_for_primary_evidence_review,
BDB-50548103,50548103,CCCCC(Nc1nc2nn(C)cc2c2nc(-c3ccco3)nn12)C(=O)OCC,DEXIRCWPIAOKEJ-UHFFFAOYSA-N,C1CCC(C2CC3CCC4CCCC4C3C2)C1,10.1039/d0md00380h,34046614,1,False,False,pending_dual_review,eligible_for_primary_evidence_review,
BDB-50548104,50548104,CCOC(=O)C(CC(C)C)Nc1nc2nn(C)cc2c2nc(-c3ccco3)nn12,VWCFLJSZVPXXPB-UHFFFAOYSA-N,C1CCC(C2CC3CCC4CCCC4C3C2)C1,10.1039/d0md00380h,34046614,1,False,False,pending_dual_review,eligible_for_primary_evidence_review,
BDB-50548105,50548105,CCOC(=O)C(Nc1nc2nn(C)cc2c2nc(-c3ccco3)nn12)C(C)C,LDUBENOQRORRJX-UHFFFAOYSA-N,C1CCC(C2CC3CCC4CCCC4C3C2)C1,10.1039/d0md00380h,34046614,1,False,False,pending_dual_review,eligible_for_primary_evidence_review,
BDB-50548106,50548106,CCOC(=O)C(C)Nc1nc2nn(C)cc2c2nc(-c3ccco3)nn12,XXOCRVCSJKWMKA-UHFFFAOYSA-N,C1CCC(C2CC3CCC4CCCC4C3C2)C1,10.1039/d0md00380h,34046614,1,False,False,pending_dual_review,eligible_for_primary_evidence_review,
BDB-50548112,50548112,Nc1nc(-c2ccccc2)c2ccccc2n1,TXPOSODBCCBORG-UHFFFAOYSA-N,C1CCC(C2CCCC3CCCCC32)CC1,,35933788,1,False,False,pending_dual_review,eligible_for_primary_evidence_review,
BDB-50550812,50550812,CCCn1c(=S)sc2c(=N)n(NC(N)=O)cnc21,SCWUQQAFVXWQFZ-UHFFFAOYSA-N,CC1CC2CCCC(C)C2C1,10.1016/j.ejmech.2019.111879,31780082,1,False,False,pending_dual_review,eligible_for_primary_evidence_review,
BDB-50550813,50550813,CCCCn1c(=O)c2[nH]c(C34CC5CC(CC3C5)C4)nc2n(CCCO)c1=O,CIBIXJYFYPFMTN-UHFFFAOYSA-N,CC1CC(C)C2CC(C34CC5CC(CC3C5)C4)CC2C1,10.1016/j.ejmech.2019.111879,31780082,1,False,False,pending_dual_review,eligible_for_primary_evidence_review,
BDB-50550818,50550818,O=C(Nc1nc(-c2ccccc2)c(C(=O)c2ccc(F)cc2F)s1)c1ccco1,RVXUCDYZOPPLSL-UHFFFAOYSA-N,CC(CC1CC(C2CCCCC2)C(C(C)C2CCCCC2)C1)C1CCCC1,10.1016/j.ejmech.2019.111879,31780082,1,False,False,pending_dual_review,eligible_for_primary_evidence_review,
BDB-50550819,50550819,Cc1ccc(C(=O)c2sc(NC(=O)c3ccco3)nc2-c2ccccc2)cc1,NSGJWVVFFNBRGB-UHFFFAOYSA-N,CC(CC1CC(C2CCCCC2)C(C(C)C2CCCCC2)C1)C1CCCC1,10.1016/j.ejmech.2019.111879,31780082,1,False,False,pending_dual_review,eligible_for_primary_evidence_review,
BDB-50550832,50550832,O=C(Nc1nc(-c2ccccc2)c(C(=O)c2ccc(Cl)cc2)s1)c1ccccc1,NJTBKCWDDYQTJT-UHFFFAOYSA-N,CC(CC1CC(C2CCCCC2)C(C(C)C2CCCCC2)C1)C1CCCCC1,10.1016/j.ejmech.2019.111879,31780082,1,False,False,pending_dual_review,eligible_for_primary_evidence_review,
BDB-50550833,50550833,O=C(Nc1nc(-c2ccccc2)c(-c2ccccn2)s1)c1ccccc1,VMBMZXSGMDQSHW-UHFFFAOYSA-N,CC(CC1CC(C2CCCCC2)C(C2CCCCC2)C1)C1CCCCC1,10.1016/j.ejmech.2019.111879,31780082,1,False,False,pending_dual_review,eligible_for_primary_evidence_review,
BDB-50550834,50550834,O=C(Nc1nc(-c2ccccc2)c(C(=O)c2ccc(F)cc2F)s1)c1ccccc1,TZEPHGNXKFLTDO-UHFFFAOYSA-N,CC(CC1CC(C2CCCCC2)C(C(C)C2CCCCC2)C1)C1CCCCC1,10.1016/j.ejmech.2019.111879,31780082,1,False,False,pending_dual_review,eligible_for_primary_evidence_review,
BDB-50553400,50553400,Cc1cccnc1CNC(=O)c1cnc(-c2ccco2)nc1N,KUZLOICQIHXRSW-UHFFFAOYSA-N,CC(CCC1CCCCC1)C1CCC(C2CCCC2)CC1,10.1021/acs.jmedchem.0c00237,32667814,1,False,False,pending_dual_review,eligible_for_primary_evidence_review,
BDB-50553401,50553401,Cc1cccnc1CNC(=O)c1c(N)nc(-c2ccco2)nc1OC[C@H](C)O,CZOGJFVDQVTTBG-LBPRGKRZSA-N,CC(CCC1CCCCC1)C1CCC(C2CCCC2)CC1,10.1021/acs.jmedchem.0c00237,32667814,1,False,False,pending_dual_review,eligible_for_primary_evidence_review,
BDB-50553402,50553402,Cc1cccnc1CNC(=O)c1c(N)nc(-c2ccco2)nc1OCCF,RALRYJLRCWEZLS-UHFFFAOYSA-N,CC(CCC1CCCCC1)C1CCC(C2CCCC2)CC1,10.1021/acs.jmedchem.0c00237,32667814,1,False,False,pending_dual_review,eligible_for_primary_evidence_review,
BDB-50555711,50555711,COc1ccc(C(=O)Nc2ccc(-c3cn4c(=O)n(-c5ccccc5)nc4c(N)n3)cc2)cc1,VELVDAASTYCGLD-UHFFFAOYSA-N,CC(CC1CCC(C2CCC3CC(C4CCCCC4)C(C)C3C2)CC1)C1CCCCC1,10.1016/j.ejmech.2020.112478,32659606,1,False,False,pending_dual_review,eligible_for_primary_evidence_review,
BDB-50555712,50555712,COc1ccc(C(=O)Nc2ccc(-c3cn4c(=O)n(-c5ccccc5)nc4c(N)n3)cc2)cc1OC,VYUZNYKJEXWEDG-UHFFFAOYSA-N,CC(CC1CCC(C2CCC3CC(C4CCCCC4)C(C)C3C2)CC1)C1CCCCC1,10.1016/j.ejmech.2020.112478,32659606,1,False,False,pending_dual_review,eligible_for_primary_evidence_review,
BDB-50555713,50555713,Nc1nc(-c2ccc(NC(=O)c3ccc(O)cc3)cc2)cn2c(=O)n(-c3ccccc3)nc12,FTCHREKOQTXWSQ-UHFFFAOYSA-N,CC(CC1CCC(C2CCC3CC(C4CCCCC4)C(C)C3C2)CC1)C1CCCCC1,10.1016/j.ejmech.2020.112478,32659606,1,False,False,pending_dual_review,eligible_for_primary_evidence_review,
BDB-50555714,50555714,Nc1nc(-c2ccc(NC(=O)c3ccc(O)c(O)c3)cc2)cn2c(=O)n(-c3ccccc3)nc12,IRLWLJZILYDDRR-UHFFFAOYSA-N,CC(CC1CCC(C2CCC3CC(C4CCCCC4)C(C)C3C2)CC1)C1CCCCC1,10.1016/j.ejmech.2020.112478,32659606,1,False,False,pending_dual_review,eligible_for_primary_evidence_review,
BDB-50555715,50555715,CCOC(=O)c1ccc(C(=O)Nc2ccc(-c3cn4c(=O)n(-c5ccccc5)nc4c(N)n3)cc2)cc1,ACRJLRFSMBLFGK-UHFFFAOYSA-N,CC(CC1CCC(C2CCC3CC(C4CCCCC4)C(C)C3C2)CC1)C1CCCCC1,10.1016/j.ejmech.2020.112478,32659606,1,False,False,pending_dual_review,eligible_for_primary_evidence_review,
BDB-50555716,50555716,Nc1nc(-c2ccc(NC(=O)c3ccc(C(=O)O)cc3)cc2)cn2c(=O)n(-c3ccccc3)nc12,ILYCKBRKVXWUEH-UHFFFAOYSA-N,CC(CC1CCC(C2CCC3CC(C4CCCCC4)C(C)C3C2)CC1)C1CCCCC1,10.1016/j.ejmech.2020.112478,32659606,1,False,False,pending_dual_review,eligible_for_primary_evidence_review,
BDB-50555717,50555717,Nc1nc(-c2ccc(NC(=O)c3ccc(C(=O)NO)cc3)cc2)cn2c(=O)n(-c3ccccc3)nc12,ARIKPPKBPXIUMQ-UHFFFAOYSA-N,CC(CC1CCC(C2CCC3CC(C4CCCCC4)C(C)C3C2)CC1)C1CCCCC1,10.1016/j.ejmech.2020.112478,32659606,1,False,False,pending_dual_review,eligible_for_primary_evidence_review,
BDB-50555718,50555718,Nc1nc(-c2ccc(NC(=O)c3ccc(S(N)(=O)=O)cc3)cc2)cn2c(=O)n(-c3ccccc3)nc12,ZYILDTWBSDDXCD-UHFFFAOYSA-N,CC(CC1CCC(C2CCC3CC(C4CCCCC4)C(C)C3C2)CC1)C1CCCCC1,10.1016/j.ejmech.2020.112478,32659606,1,False,False,pending_dual_review,eligible_for_primary_evidence_review,
BDB-50555719,50555719,Nc1nc(-c2ccc(NC(=O)c3cccc(S(N)(=O)=O)c3)cc2)cn2c(=O)n(-c3ccccc3)nc12,PMHKECGGURHQAS-UHFFFAOYSA-N,CC(CC1CCC(C2CCC3CC(C4CCCCC4)C(C)C3C2)CC1)C1CCCCC1,10.1016/j.ejmech.2020.112478,32659606,1,False,False,pending_dual_review,eligible_for_primary_evidence_review,
BDB-50555720,50555720,Nc1nc(-c2ccc(NCc3ccc(S(N)(=O)=O)cc3)cc2)cn2c(=O)n(-c3ccccc3)nc12,KEUAYKQUCKIUFX-UHFFFAOYSA-N,CC1C2CC(C3CCC(CCC4CCCCC4)CC3)CCC2CC1C1CCCCC1,10.1016/j.ejmech.2020.112478,32659606,1,False,False,pending_dual_review,eligible_for_primary_evidence_review,
BDB-50555721,50555721,Nc1nc(-c2ccc(NCC(=O)c3ccc(S(N)(=O)=O)cc3)cc2)cn2c(=O)n(-c3ccccc3)nc12,BTVYPZGQTDTPGE-UHFFFAOYSA-N,CC(CCC1CCC(C2CCC3CC(C4CCCCC4)C(C)C3C2)CC1)C1CCCCC1,10.1016/j.ejmech.2020.112478,32659606,1,False,False,pending_dual_review,eligible_for_primary_evidence_review,
BDB-50555722,50555722,Nc1nc(-c2ccc(NC(=O)CCNCCc3ccc(S(N)(=O)=O)cc3)cc2)cn2c(=O)n(-c3ccccc3)nc12,XXOMDNKNONGBRR-UHFFFAOYSA-N,CC(CCCCCC1CCCCC1)CC1CCC(C2CCC3CC(C4CCCCC4)C(C)C3C2)CC1,10.1016/j.ejmech.2020.112478,32659606,1,False,False,pending_dual_review,eligible_for_primary_evidence_review,
BDB-50555723,50555723,Nc1nc(-c2ccc(NC(=O)CCNCc3ccc(S(N)(=O)=O)cc3)cc2)cn2c(=O)n(-c3ccccc3)nc12,YKNBYIQXICDOOY-UHFFFAOYSA-N,CC(CCCCC1CCCCC1)CC1CCC(C2CCC3CC(C4CCCCC4)C(C)C3C2)CC1,10.1016/j.ejmech.2020.112478,32659606,1,False,False,pending_dual_review,eligible_for_primary_evidence_review,
BDB-50555726,50555726,Nc1nc(-c2ccc(OCCNCCc3ccc(S(N)(=O)=O)cc3)cc2)cn2c(=O)n(-c3ccccc3)nc12,RLIDXFVLGVQXNZ-UHFFFAOYSA-N,CC1C2CC(C3CCC(CCCCCCC4CCCCC4)CC3)CCC2CC1C1CCCCC1,10.1016/j.ejmech.2020.112478,32659606,1,False,False,pending_dual_review,eligible_for_primary_evidence_review,
BDB-50555727,50555727,Nc1nc(-c2ccc(OCCNC(=O)c3ccc(S(N)(=O)=O)cc3)cc2)cn2c(=O)n(-c3ccccc3)nc12,MNEFMHDHCVMLFV-UHFFFAOYSA-N,CC(CCCCC1CCC(C2CCC3CC(C4CCCCC4)C(C)C3C2)CC1)C1CCCCC1,10.1016/j.ejmech.2020.112478,32659606,1,False,False,pending_dual_review,eligible_for_primary_evidence_review,
BDB-50559038,50559038,C#CCCCCNC(=O)Nc1nc2nn(C)cc2c2nc(-c3ccco3)nn12,LJXUIGAKKJZVNK-UHFFFAOYSA-N,C1CCC(C2CC3CCC4CCCC4C3C2)C1,10.1016/j.ejmech.2019.111886,31787357,1,False,False,pending_dual_review,eligible_for_primary_evidence_review,
BDB-50559039,50559039,Cn1cc2c(nc(NC(=O)CCCc3cn(CCCCCCNC(=O)c4ccc(-c5c6ccc(=N)c(S(=O)(=O)O)c-6oc6c(S(=O)(=O)O)c(N)ccc56)c(C(=O)O)c4)nn3)n3nc(-c4ccco4)nc23)n1,XEABBZPOOUCNPW-UHFFFAOYSA-N,CC(CCCC1CCC(CCCCCCCC(C)C2CCC(C3C4CCCCC4CC4CC(C)CCC43)CC2)C1)CC1CC2CCCC2C2CC(C3CCCC3)CC12,10.1016/j.ejmech.2019.111886,31787357,1,False,False,pending_dual_review,eligible_for_primary_evidence_review,
BDB-50559040,50559040,C#CCCCCCNC(=O)Nc1nc2nn(C)cc2c2nc(-c3ccco3)nn12,ZQOOZBCGGHKMAZ-UHFFFAOYSA-N,C1CCC(C2CC3CCC4CCCC4C3C2)C1,10.1016/j.ejmech.2019.111886,31787357,1,False,False,pending_dual_review,eligible_for_primary_evidence_review,
BDB-50559041,50559041,C#CCCCNC(=O)Nc1nc2nn(C)cc2c2nc(-c3ccco3)nn12,UWSVBFFHOOIVHY-UHFFFAOYSA-N,C1CCC(C2CC3CCC4CCCC4C3C2)C1,10.1016/j.ejmech.2019.111886,31787357,1,False,False,pending_dual_review,eligible_for_primary_evidence_review,
BDB-50559042,50559042,C#CCCNC(=O)Nc1nc2nn(C)cc2c2nc(-c3ccco3)nn12,PQLZFFYWTNVMSA-UHFFFAOYSA-N,C1CCC(C2CC3CCC4CCCC4C3C2)C1,10.1016/j.ejmech.2019.111886,31787357,1,False,False,pending_dual_review,eligible_for_primary_evidence_review,
BDB-50559043,50559043,Cn1cc2c(nc(NC(=O)Nc3ccc(CC(=O)OCCCOCCOCCOCCCNC(=S)Nc4ccc(-c5c6ccc(=O)cc-6oc6cc(O)ccc56)c(C(=O)O)c4)cc3)n3nc(-c4ccco4)nc23)n1,PQBREZGPWVFSIR-UHFFFAOYSA-N,CC(CCCCCCCCCCCCCCCC(C)CC1CCC(C2C3CCCCC3CC3CC(C)CCC32)CC1)CC1CCC(CC(C)CC2CC3CCCC3C3CC(C4CCCC4)CC23)CC1,10.1016/j.ejmech.2019.111886,31787357,1,False,False,pending_dual_review,eligible_for_primary_evidence_review,
BDB-50559044,50559044,Cn1cc2c(nc(NC(=O)Nc3ccc(CC(=O)OCCOCCOCCNC(=S)Nc4ccc(-c5c6ccc(=O)cc-6oc6cc(O)ccc56)c(C(=O)O)c4)cc3)n3nc(-c4ccco4)nc23)n1,GXCXVLHSKNGPRY-UHFFFAOYSA-N,CC(CCCCCCCCCCC(C)CC1CCC(C2C3CCCCC3CC3CC(C)CCC32)CC1)CC1CCC(CC(C)CC2CC3CCCC3C3CC(C4CCCC4)CC23)CC1,10.1016/j.ejmech.2019.111886,31787357,1,False,False,pending_dual_review,eligible_for_primary_evidence_review,
BDB-50559045,50559045,Cn1cc2c(nc(NC(=O)Nc3ccc(CC(=O)OCCCCCNC(=S)Nc4ccc(-c5c6ccc(=O)cc-6oc6cc(O)ccc56)c(C(=O)O)c4)cc3)n3nc(-c4ccco4)nc23)n1,OFWLBNIVKIFZFF-UHFFFAOYSA-N,CC(CCCCCCCC(C)CC1CCC(C2C3CCCCC3CC3CC(C)CCC32)CC1)CC1CCC(CC(C)CC2CC3CCCC3C3CC(C4CCCC4)CC23)CC1,10.1016/j.ejmech.2019.111886,31787357,1,False,False,pending_dual_review,eligible_for_primary_evidence_review,
BDB-50559046,50559046,Cn1cc2c(nc(NC(=O)Nc3ccc(CC(=O)OCCCCNC(=S)Nc4ccc(-c5c6ccc(=O)cc-6oc6cc(O)ccc56)c(C(=O)O)c4)cc3)n3nc(-c4ccco4)nc23)n1,DMKGPDIYPHHYPX-UHFFFAOYSA-N,CC(CCCCCCC(C)CC1CCC(C2C3CCCCC3CC3CC(C)CCC32)CC1)CC1CCC(CC(C)CC2CC3CCCC3C3CC(C4CCCC4)CC23)CC1,10.1016/j.ejmech.2019.111886,31787357,1,False,False,pending_dual_review,eligible_for_primary_evidence_review,
BDB-50559047,50559047,Cn1cc2c(nc(NC(=O)Nc3ccc(CC(=O)OCCCNC(=S)Nc4ccc(-c5c6ccc(=O)cc-6oc6cc(O)ccc56)c(C(=O)O)c4)cc3)n3nc(-c4ccco4)nc23)n1,LKXAEYHXGCKBKG-UHFFFAOYSA-N,CC(CCCCCC(C)CC1CCC(C2C3CCCCC3CC3CC(C)CCC32)CC1)CC1CCC(CC(C)CC2CC3CCCC3C3CC(C4CCCC4)CC23)CC1,10.1016/j.ejmech.2019.111886,31787357,1,False,False,pending_dual_review,eligible_for_primary_evidence_review,
BDB-50559048,50559048,Cn1cc2c(nc(NC(=O)Nc3ccc(CC(=O)OCCCOCCOCCOCCCN)cc3)n3nc(-c4ccco4)nc23)n1,XUEDVZKENNMVLD-UHFFFAOYSA-N,CC(CC1CCCCC1)CC1CC2CCCC2C2CC(C3CCCC3)CC12,10.1016/j.ejmech.2019.111886,31787357,1,False,False,pending_dual_review,eligible_for_primary_evidence_review,
BDB-50559049,50559049,Cn1cc2c(nc(NC(=O)Nc3ccc(CC(=O)OCCOCCOCCN)cc3)n3nc(-c4ccco4)nc23)n1,BTEKWZPDFLLQDW-UHFFFAOYSA-N,CC(CC1CCCCC1)CC1CC2CCCC2C2CC(C3CCCC3)CC12,10.1016/j.ejmech.2019.111886,31787357,1,False,False,pending_dual_review,eligible_for_primary_evidence_review,
BDB-50559050,50559050,Cn1cc2c(nc(NC(=O)Nc3ccc(CC(=O)OCCCCCN)cc3)n3nc(-c4ccco4)nc23)n1,TUGBHWOXFIMBMK-UHFFFAOYSA-N,CC(CC1CCCCC1)CC1CC2CCCC2C2CC(C3CCCC3)CC12,10.1016/j.ejmech.2019.111886,31787357,1,False,False,pending_dual_review,eligible_for_primary_evidence_review,
BDB-50559051,50559051,Cn1cc2c(nc(NC(=O)Nc3ccc(CC(=O)OCCCCN)cc3)n3nc(-c4ccco4)nc23)n1,IITFFGIRMVIZAP-UHFFFAOYSA-N,CC(CC1CCCCC1)CC1CC2CCCC2C2CC(C3CCCC3)CC12,10.1016/j.ejmech.2019.111886,31787357,1,False,False,pending_dual_review,eligible_for_primary_evidence_review,
BDB-50559052,50559052,Cn1cc2c(nc(NC(=O)Nc3ccc(CC(=O)OCCCN)cc3)n3nc(-c4ccco4)nc23)n1,XSJZNWWHXQZMOC-UHFFFAOYSA-N,CC(CC1CCCCC1)CC1CC2CCCC2C2CC(C3CCCC3)CC12,10.1016/j.ejmech.2019.111886,31787357,1,False,False,pending_dual_review,eligible_for_primary_evidence_review,
BDB-50559053,50559053,Cn1cc2c(nc(NC(=O)Nc3ccc(CC(=O)OCCCOCCOCCOCCCNC(=O)OC(C)(C)C)cc3)n3nc(-c4ccco4)nc23)n1,AHAOGTIMMFDVLG-UHFFFAOYSA-N,CC(CC1CCCCC1)CC1CC2CCCC2C2CC(C3CCCC3)CC12,10.1016/j.ejmech.2019.111886,31787357,1,False,False,pending_dual_review,eligible_for_primary_evidence_review,
BDB-50559054,50559054,Cn1cc2c(nc(NC(=O)Nc3ccc(CC(=O)OCCOCCOCCNC(=O)OC(C)(C)C)cc3)n3nc(-c4ccco4)nc23)n1,VMDCKEROIPKTLV-UHFFFAOYSA-N,CC(CC1CCCCC1)CC1CC2CCCC2C2CC(C3CCCC3)CC12,10.1016/j.ejmech.2019.111886,31787357,1,False,False,pending_dual_review,eligible_for_primary_evidence_review,
BDB-50559055,50559055,Cn1cc2c(nc(NC(=O)Nc3ccc(CC(=O)OCCCCCNC(=O)OC(C)(C)C)cc3)n3nc(-c4ccco4)nc23)n1,XMDPZUSARWMGBX-UHFFFAOYSA-N,CC(CC1CCCCC1)CC1CC2CCCC2C2CC(C3CCCC3)CC12,10.1016/j.ejmech.2019.111886,31787357,1,False,False,pending_dual_review,eligible_for_primary_evidence_review,
BDB-50559056,50559056,Cn1cc2c(nc(NC(=O)Nc3ccc(CC(=O)OCCCCNC(=O)OC(C)(C)C)cc3)n3nc(-c4ccco4)nc23)n1,HLGJNEFOSUCSDA-UHFFFAOYSA-N,CC(CC1CCCCC1)CC1CC2CCCC2C2CC(C3CCCC3)CC12,10.1016/j.ejmech.2019.111886,31787357,1,False,False,pending_dual_review,eligible_for_primary_evidence_review,
BDB-50559057,50559057,Cn1cc2c(nc(NC(=O)Nc3ccc(CC(=O)OCCCNC(=O)OC(C)(C)C)cc3)n3nc(-c4ccco4)nc23)n1,FYIZJTPWTGJUMN-UHFFFAOYSA-N,CC(CC1CCCCC1)CC1CC2CCCC2C2CC(C3CCCC3)CC12,10.1016/j.ejmech.2019.111886,31787357,1,False,False,pending_dual_review,eligible_for_primary_evidence_review,
BDB-50561597,50561597,CCCNc1nc(C#Cc2ccc(F)s2)nc2c1ncn2[C@@H]1O[C@H](C(=O)NC)[C@@H](O)[C@H]1O,RWPOCMUWBQOIFX-KSVNGYGVSA-N,C1CCC(CCC2CCC3CCC(C4CCCC4)C3C2)C1,10.1021/acsmedchemlett.9b00637,33062176,1,False,False,pending_dual_review,eligible_for_primary_evidence_review,
BDB-50561598,50561598,CCCNc1nc(C#Cc2ccc(F)s2)nc2c1ncn2[C@H]1[C@H](O)[C@H](O)[C@]2(C(=O)NC)C[C@H]12,FOXPDRZFJUMWPE-YWNJHDJRSA-N,C1CCC(CCC2CCC3CCC(C4CCC5CC54)C3C2)C1,10.1021/acsmedchemlett.9b00637,33062176,1,False,False,pending_dual_review,eligible_for_primary_evidence_review,
BDB-50561600,50561600,CNC(=O)[C@@]12C[C@@H]1[C@@H](n1cnc3c(NC)nc(C#Cc4ccc(F)s4)nc31)[C@H](O)[C@@H]2O,NHRLDLXSIQAXQX-AQPYCOETSA-N,C1CCC(CCC2CCC3CCC(C4CCC5CC54)C3C2)C1,10.1021/acsmedchemlett.9b00637,33062176,1,False,False,pending_dual_review,eligible_for_primary_evidence_review,
BDB-50563124,50563124,COc1ccc(N2CCOCC2)c2sc(NC(=O)N3CCCCC3)nc12,BZOJMFUQVIRUQP-UHFFFAOYSA-N,CC(CC1CC2CCCC(C3CCCCC3)C2C1)C1CCCCC1,10.1016/j.ejmech.2021.113214,33548636,1,False,False,pending_dual_review,eligible_for_primary_evidence_review,
BDB-50563125,50563125,COc1ccc(N2CCOCC2)c2sc(NC(=O)N3CC=CCC3)nc12,SJFBTOOXZLJLKA-UHFFFAOYSA-N,CC(CC1CC2CCCC(C3CCCCC3)C2C1)C1CCCCC1,10.1016/j.ejmech.2021.113214,33548636|34695776,2,False,False,pending_dual_review,eligible_for_primary_evidence_review,
BDB-50563126,50563126,COc1ccc(N2CCOCC2)c2sc(NC(=O)N3CCC(O)CC3)nc12,ZMJFDVFDZKENAT-UHFFFAOYSA-N,CC(CC1CC2CCCC(C3CCCCC3)C2C1)C1CCCCC1,10.1016/j.ejmech.2021.113214,33548636,1,False,False,pending_dual_review,eligible_for_primary_evidence_review,
BDB-50563127,50563127,COc1ccc(N2CCOCC2)c2sc(NC(=O)N3CCC(OC)CC3)nc12,AJALRWKUIRQDLA-UHFFFAOYSA-N,CC(CC1CC2CCCC(C3CCCCC3)C2C1)C1CCCCC1,10.1016/j.ejmech.2021.113214,33548636,1,False,False,pending_dual_review,eligible_for_primary_evidence_review,
BDB-50563128,50563128,COc1ccc(N2CCOCC2)c2sc(NC(=O)N3CCC(F)CC3)nc12,BDQMFCOBESCDSN-UHFFFAOYSA-N,CC(CC1CC2CCCC(C3CCCCC3)C2C1)C1CCCCC1,10.1016/j.ejmech.2021.113214,33548636,1,False,False,pending_dual_review,eligible_for_primary_evidence_review,
BDB-50563129,50563129,COc1ccc(N2CCOCC2)c2sc(NC(=O)N3CCCC(F)C3)nc12,KLQJTRVIMNGXNY-UHFFFAOYSA-N,CC(CC1CC2CCCC(C3CCCCC3)C2C1)C1CCCCC1,10.1016/j.ejmech.2021.113214,33548636,1,False,False,pending_dual_review,eligible_for_primary_evidence_review,
BDB-50563130,50563130,COc1ccc(N2CCOCC2)c2sc(NC(=O)N3CCC(CF)CC3)nc12,FFLSMIVBQPLWHK-UHFFFAOYSA-N,CC(CC1CC2CCCC(C3CCCCC3)C2C1)C1CCCCC1,10.1016/j.ejmech.2021.113214,33548636,1,False,False,pending_dual_review,eligible_for_primary_evidence_review,
BDB-50563131,50563131,COc1ccc(N2CCOCC2)c2sc(NC(=O)N3CCC(OCCF)CC3)nc12,PGUJWGVKBUPWCI-UHFFFAOYSA-N,CC(CC1CC2CCCC(C3CCCCC3)C2C1)C1CCCCC1,10.1016/j.ejmech.2021.113214,33548636,1,False,False,pending_dual_review,eligible_for_primary_evidence_review,
BDB-50563132,50563132,COc1ccc(N2CCOCC2)c2sc(NC(=O)N3CCC(COCCF)CC3)nc12,LRWUOVFGKOZKOP-UHFFFAOYSA-N,CC(CC1CC2CCCC(C3CCCCC3)C2C1)C1CCCCC1,10.1016/j.ejmech.2021.113214,33548636,1,False,False,pending_dual_review,eligible_for_primary_evidence_review,
BDB-50563133,50563133,COc1ccc(N2CCOCC2)c2sc(NC(=O)N3CCC(F)(CO)CC3)nc12,JQBOBZKXJWNDHE-UHFFFAOYSA-N,CC(CC1CC2CCCC(C3CCCCC3)C2C1)C1CCCCC1,10.1016/j.ejmech.2021.113214,33548636,1,False,False,pending_dual_review,eligible_for_primary_evidence_review,
BDB-50563134,50563134,COc1ccc(N2CCOCC2)c2sc(NC(=O)N3CCC(O)(CF)CC3)nc12,MVLSLPSPDRUARX-UHFFFAOYSA-N,CC(CC1CC2CCCC(C3CCCCC3)C2C1)C1CCCCC1,10.1016/j.ejmech.2021.113214,33548636,1,False,False,pending_dual_review,eligible_for_primary_evidence_review,
BDB-50563135,50563135,COc1ccc(N2CCOCC2)c2sc(NC(=O)N3CCC(O)(CCF)CC3)nc12,SARLGQILBNHBNH-UHFFFAOYSA-N,CC(CC1CC2CCCC(C3CCCCC3)C2C1)C1CCCCC1,10.1016/j.ejmech.2021.113214,33548636,1,False,False,pending_dual_review,eligible_for_primary_evidence_review,
BDB-50563136,50563136,COc1ccc(N2CCOCC2)c2sc(NC(=O)N3CCC(C(O)CF)CC3)nc12,CFTYVILBDGWYNT-UHFFFAOYSA-N,CC(CC1CC2CCCC(C3CCCCC3)C2C1)C1CCCCC1,10.1016/j.ejmech.2021.113214,33548636|34695776,2,False,False,pending_dual_review,eligible_for_primary_evidence_review,
BDB-50563137,50563137,COc1ccc(N2CCOCC2)c2sc(NC(=O)N3CCC(C(C)(O)CF)CC3)nc12,XLSHBFBIJJWDBN-UHFFFAOYSA-N,CC(CC1CC2CCCC(C3CCCCC3)C2C1)C1CCCCC1,10.1016/j.ejmech.2021.113214,33548636|34695776,2,False,False,pending_dual_review,eligible_for_primary_evidence_review,
BDB-50563138,50563138,CC1(O)CCN(C(=O)Nc2nc3c(OCCF)ccc(N4CCOCC4)c3s2)CC1,FKAMJDQVNRCUNU-UHFFFAOYSA-N,CC(CC1CC2CCCC(C3CCCCC3)C2C1)C1CCCCC1,10.1016/j.ejmech.2021.113214,33548636,1,False,False,pending_dual_review,eligible_for_primary_evidence_review,
BDB-50573587,50573587,CCNC(=O)[C@H]1O[C@@H](n2cnc3c(NCCCCc4ccccc4)ncnc32)[C@H](O)[C@@H]1O,ZFCWTCGMLFOWCC-RQXXJAGISA-N,C1CCC(CCCCCC2CCCC3C(C4CCCC4)CCC23)CC1,10.1016/j.ejmech.2021.113607,34171656,1,False,False,pending_dual_review,eligible_for_primary_evidence_review,
BDB-50573591,50573591,Nc1ncnc2c1nc(C#Cc1ccccc1)n2[C@H]1C[C@H](O)[C@@H](CO)O1,XCPOOYABRFHDAQ-GZBFAFLISA-N,C1CCC(CCC2CC3CCCCC3C2C2CCCC2)CC1,10.1016/j.ejmech.2021.113607,34171656,1,False,False,pending_dual_review,eligible_for_primary_evidence_review,
BDB-50580276,50580276,Nc1ccccc1NC(=O)c1ccc(CCn2ncc3c2nc(N)n2nc(-c4ccco4)nc32)cc1,DZRIVOQHNGLBGP-UHFFFAOYSA-N,CC(CC1CCCCC1)C1CCC(CCC2CCC3C2CCC2CC(C4CCCC4)CC23)CC1,10.1021/acs.jmedchem.1c01155,34783558,1,False,False,pending_dual_review,eligible_for_primary_evidence_review,
BDB-50580277,50580277,Nc1ccccc1NC(=O)c1ccc(CCn2ccc3c2nc(N)n2nc(-c4ccco4)nc32)cc1,GHOMFFHRIOBIKE-UHFFFAOYSA-N,CC(CC1CCCCC1)C1CCC(CCC2CCC3C2CCC2CC(C4CCCC4)CC23)CC1,10.1021/acs.jmedchem.1c01155,34783558,1,False,False,pending_dual_review,eligible_for_primary_evidence_review,
BDB-50580278,50580278,Nc1nc(NCCc2ccc(C(=O)NO)cc2)nc2nc(-c3ccco3)nn12,AVCPDULDISFOHI-UHFFFAOYSA-N,C1CCC(CCCC2CCC3CC(C4CCCC4)CC3C2)CC1,10.1021/acs.jmedchem.1c01155,34783558,1,False,False,pending_dual_review,eligible_for_primary_evidence_review,
BDB-50580279,50580279,Nc1nc(NCCc2ccc(/C=C/C(=O)NO)cc2)nc2nc(-c3ccco3)nn12,TXCRAGVUXHGLPS-BQYQJAHWSA-N,C1CCC(CCCC2CCC3CC(C4CCCC4)CC3C2)CC1,10.1021/acs.jmedchem.1c01155,34783558,1,False,False,pending_dual_review,eligible_for_primary_evidence_review,
BDB-50580280,50580280,Nc1nc(NCCc2ccc(OCCCC(=O)NO)cc2)nc2nc(-c3ccco3)nn12,MGOBEEYFYBDGSS-UHFFFAOYSA-N,C1CCC(CCCC2CCC3CC(C4CCCC4)CC3C2)CC1,10.1021/acs.jmedchem.1c01155,34783558,1,False,False,pending_dual_review,eligible_for_primary_evidence_review,
BDB-50580281,50580281,Nc1nc(NCCc2ccc(OCCCCC(=O)NO)cc2)nc2nc(-c3ccco3)nn12,VETCHORPIRWOCW-UHFFFAOYSA-N,C1CCC(CCCC2CCC3CC(C4CCCC4)CC3C2)CC1,10.1021/acs.jmedchem.1c01155,34783558,1,False,False,pending_dual_review,eligible_for_primary_evidence_review,
BDB-50580282,50580282,Nc1nc(NCCc2ccc(OCCCCCC(=O)NO)cc2)nc2nc(-c3ccco3)nn12,REJIPFWBCXKIMB-UHFFFAOYSA-N,C1CCC(CCCC2CCC3CC(C4CCCC4)CC3C2)CC1,10.1021/acs.jmedchem.1c01155,34783558,1,False,False,pending_dual_review,eligible_for_primary_evidence_review,
BDB-50580283,50580283,Nc1nc(NCCc2ccc(NC(=O)CCCCCCC(=O)NO)cc2)nc2nc(-c3ccco3)nn12,ZWXLWDCEWHLMNV-UHFFFAOYSA-N,C1CCC(CCCC2CCC3CC(C4CCCC4)CC3C2)CC1,10.1021/acs.jmedchem.1c01155,34783558,1,False,False,pending_dual_review,eligible_for_primary_evidence_review,
BDB-50580284,50580284,CN(CCc1ccc(C(=O)NO)cc1)c1nc(N)n2nc(-c3ccco3)nc2n1,IOMJKXFMIZAAME-UHFFFAOYSA-N,C1CCC(CCCC2CCC3CC(C4CCCC4)CC3C2)CC1,10.1021/acs.jmedchem.1c01155,34783558,1,False,False,pending_dual_review,eligible_for_primary_evidence_review,
BDB-50580285,50580285,CCN(CCc1ccc(C(=O)NO)cc1)c1nc(N)n2nc(-c3ccco3)nc2n1,UNBQOQNISDAVST-UHFFFAOYSA-N,C1CCC(CCCC2CCC3CC(C4CCCC4)CC3C2)CC1,10.1021/acs.jmedchem.1c01155,34783558,1,False,False,pending_dual_review,eligible_for_primary_evidence_review,
BDB-50580286,50580286,Nc1nc(NCc2ccc(C(=O)NO)cc2)nc2nc(-c3ccco3)nn12,VHKFWRYNVLFWIK-UHFFFAOYSA-N,C1CCC(CCC2CCC3CC(C4CCCC4)CC3C2)CC1,10.1021/acs.jmedchem.1c01155,34783558,1,False,False,pending_dual_review,eligible_for_primary_evidence_review,
BDB-50580287,50580287,Nc1nc(NCc2ccc(/C=C/C(=O)NO)cc2)nc2nc(-c3ccco3)nn12,XHZNQDGLRKTUOF-BQYQJAHWSA-N,C1CCC(CCC2CCC3CC(C4CCCC4)CC3C2)CC1,10.1021/acs.jmedchem.1c01155,34783558,1,False,False,pending_dual_review,eligible_for_primary_evidence_review,
BDB-50580288,50580288,Nc1nc(NCc2ccc(OCCCCC(=O)NO)cc2)nc2nc(-c3ccco3)nn12,FRNQVYATKNOAPE-UHFFFAOYSA-N,C1CCC(CCC2CCC3CC(C4CCCC4)CC3C2)CC1,10.1021/acs.jmedchem.1c01155,34783558,1,False,False,pending_dual_review,eligible_for_primary_evidence_review,
BDB-50580289,50580289,Nc1nc(NCCCc2ccc(C(=O)NO)cc2)nc2nc(-c3ccco3)nn12,HDCIDGKVVBLQNA-UHFFFAOYSA-N,C1CCC(CCCCC2CCC3CC(C4CCCC4)CC3C2)CC1,10.1021/acs.jmedchem.1c01155,34783558,1,False,False,pending_dual_review,eligible_for_primary_evidence_review,
BDB-50580290,50580290,Nc1nc(NCCOc2ccc(C(=O)NO)cc2)nc2nc(-c3ccco3)nn12,PJNUGWFLZYJQDS-UHFFFAOYSA-N,C1CCC(CCCCC2CCC3CC(C4CCCC4)CC3C2)CC1,10.1021/acs.jmedchem.1c01155,34783558,1,False,False,pending_dual_review,eligible_for_primary_evidence_review,
BDB-50580291,50580291,CN(CCOc1ccc(C(=O)NO)cc1)c1nc(N)n2nc(-c3ccco3)nc2n1,RQNYNPQSFZHGLT-UHFFFAOYSA-N,C1CCC(CCCCC2CCC3CC(C4CCCC4)CC3C2)CC1,10.1021/acs.jmedchem.1c01155,34783558,1,False,False,pending_dual_review,eligible_for_primary_evidence_review,
BDB-50580293,50580293,Nc1nc(N2CCN(CCc3ccc(C(=O)NO)cc3)CC2)nc2nc(-c3ccco3)nn12,HRGQWBYMUJHLHD-UHFFFAOYSA-N,C1CCC(CCC2CCC(C3CCC4CC(C5CCCC5)CC4C3)CC2)CC1,10.1021/acs.jmedchem.1c01155,34783558,1,False,False,pending_dual_review,eligible_for_primary_evidence_review,
BDB-50580297,50580297,Nc1nc2c(cnn2CCCCC(=O)NO)c2nc(-c3ccco3)nn12,FAZBEZDKEBAKNB-UHFFFAOYSA-N,C1CCC(C2CC3CCC4CCCC4C3C2)C1,10.1021/acs.jmedchem.1c01155,34783558,1,False,False,pending_dual_review,eligible_for_primary_evidence_review,
BDB-50580298,50580298,Nc1nc2c(cnn2CCCCCC(=O)NO)c2nc(-c3ccco3)nn12,SMQFPFXIHZOKAJ-UHFFFAOYSA-N,C1CCC(C2CC3CCC4CCCC4C3C2)C1,10.1021/acs.jmedchem.1c01155,34783558,1,False,False,pending_dual_review,eligible_for_primary_evidence_review,
BDB-50580299,50580299,Nc1nc2c(cnn2CCCCCCC(=O)NO)c2nc(-c3ccco3)nn12,HHKAELVQDULMKP-UHFFFAOYSA-N,C1CCC(C2CC3CCC4CCCC4C3C2)C1,10.1021/acs.jmedchem.1c01155,34783558,1,False,False,pending_dual_review,eligible_for_primary_evidence_review,
BDB-50580300,50580300,Nc1nc2c(cnn2CCN2CCC(c3ccc(C(=O)NO)cc3)CC2)c2nc(-c3ccco3)nn12,NMKAJPHALRXTLU-UHFFFAOYSA-N,C1CCC(C2CCC(CCC3CCC4C3CCC3CC(C5CCCC5)CC34)CC2)CC1,10.1021/acs.jmedchem.1c01155,34783558,1,False,False,pending_dual_review,eligible_for_primary_evidence_review,
BDB-50580301,50580301,Nc1nc2c(cnn2CCN2Cc3ccc(C(=O)NO)cc3C2)c2nc(-c3ccco3)nn12,WBKWIRHTEROPAG-UHFFFAOYSA-N,C1CCC(C2CC3CCC4C(CCC5CC6CCCCC6C5)CCC4C3C2)C1,10.1021/acs.jmedchem.1c01155,34783558,1,False,False,pending_dual_review,eligible_for_primary_evidence_review,
BDB-50580302,50580302,Nc1nc2c(cnn2CCN2CCc3ccc(C(=O)NO)cc3C2)c2nc(-c3ccco3)nn12,ZUIXKIVDGVFYKM-UHFFFAOYSA-N,C1CCC2CC(CCC3CCC4C3CCC3CC(C5CCCC5)CC34)CCC2C1,10.1021/acs.jmedchem.1c01155,34783558,1,False,False,pending_dual_review,eligible_for_primary_evidence_review,
BDB-50580303,50580303,Nc1ccccc1NC(=O)c1ccc(CCNc2nc(N)n3nc(-c4ccco4)nc3n2)cc1,AUEMIAAGFHBEHB-UHFFFAOYSA-N,CC(CC1CCCCC1)C1CCC(CCCC2CCC3CC(C4CCCC4)CC3C2)CC1,10.1021/acs.jmedchem.1c01155,34783558,1,False,False,pending_dual_review,eligible_for_primary_evidence_review,
BDB-50580304,50580304,Nc1ccccc1NC(=O)c1ccc(CNc2nc(N)n3nc(-c4ccco4)nc3n2)cc1,FBNAXKWJSPCGRZ-UHFFFAOYSA-N,CC(CC1CCCCC1)C1CCC(CCC2CCC3CC(C4CCCC4)CC3C2)CC1,10.1021/acs.jmedchem.1c01155,34783558,1,False,False,pending_dual_review,eligible_for_primary_evidence_review,
BDB-50580305,50580305,Nc1ccccc1NC(=O)c1ccc(CCCNc2nc(N)n3nc(-c4ccco4)nc3n2)cc1,DSSCLJMOOUNHMW-UHFFFAOYSA-N,CC(CC1CCCCC1)C1CCC(CCCCC2CCC3CC(C4CCCC4)CC3C2)CC1,10.1021/acs.jmedchem.1c01155,34783558,1,False,False,pending_dual_review,eligible_for_primary_evidence_review,
BDB-50580306,50580306,Nc1ccccc1NC(=O)c1ccc(OCCNc2nc(N)n3nc(-c4ccco4)nc3n2)cc1,AUZWAYKCSYCHBB-UHFFFAOYSA-N,CC(CC1CCCCC1)C1CCC(CCCCC2CCC3CC(C4CCCC4)CC3C2)CC1,10.1021/acs.jmedchem.1c01155,34783558,1,False,False,pending_dual_review,eligible_for_primary_evidence_review,
BDB-50580307,50580307,Nc1ccccc1NC(=O)c1ccc(Cn2ncc3c2nc(N)n2nc(-c4ccco4)nc32)cc1,GMMXBVCRHOZFEY-UHFFFAOYSA-N,CC(CC1CCCCC1)C1CCC(CC2CCC3C2CCC2CC(C4CCCC4)CC23)CC1,10.1021/acs.jmedchem.1c01155,34783558,1,False,False,pending_dual_review,eligible_for_primary_evidence_review,
BDB-50580308,50580308,Nc1ccccc1NC(=O)c1ccc(CCCn2ncc3c2nc(N)n2nc(-c4ccco4)nc32)cc1,ONXZCTJYOFXBKU-UHFFFAOYSA-N,CC(CC1CCCCC1)C1CCC(CCCC2CCC3C2CCC2CC(C4CCCC4)CC23)CC1,10.1021/acs.jmedchem.1c01155,34783558,1,False,False,pending_dual_review,eligible_for_primary_evidence_review,
BDB-50580309,50580309,Nc1ccccc1NC(=O)c1ccc(OCCn2ncc3c2nc(N)n2nc(-c4ccco4)nc32)cc1,GBAYBCPJSLOJHA-UHFFFAOYSA-N,CC(CC1CCCCC1)C1CCC(CCCC2CCC3C2CCC2CC(C4CCCC4)CC23)CC1,10.1021/acs.jmedchem.1c01155,34783558,1,False,False,pending_dual_review,eligible_for_primary_evidence_review,
BDB-50580310,50580310,Nc1cc(F)ccc1NC(=O)c1ccc(CCNc2nc(N)n3nc(-c4ccco4)nc3n2)cc1,OJSWNBSTDSTLPO-UHFFFAOYSA-N,CC(CC1CCCCC1)C1CCC(CCCC2CCC3CC(C4CCCC4)CC3C2)CC1,10.1021/acs.jmedchem.1c01155,34783558,1,False,False,pending_dual_review,eligible_for_primary_evidence_review,
BDB-50580311,50580311,Nc1cc(F)ccc1NC(=O)c1ccc(CCn2ncc3c2nc(N)n2nc(-c4ccco4)nc32)cc1,AWMBFBCZLVOQAV-UHFFFAOYSA-N,CC(CC1CCCCC1)C1CCC(CCC2CCC3C2CCC2CC(C4CCCC4)CC23)CC1,10.1021/acs.jmedchem.1c01155,34783558,1,False,False,pending_dual_review,eligible_for_primary_evidence_review,
BDB-50580312,50580312,Nc1cc(F)ccc1NC(=O)c1ccc(CCCn2ncc3c2nc(N)n2nc(-c4ccco4)nc32)cc1,WEOBCIOBRRLENQ-UHFFFAOYSA-N,CC(CC1CCCCC1)C1CCC(CCCC2CCC3C2CCC2CC(C4CCCC4)CC23)CC1,10.1021/acs.jmedchem.1c01155,34783558,1,False,False,pending_dual_review,eligible_for_primary_evidence_review,
BDB-50580313,50580313,Cc1ccc(-c2nc3c4cnn(CCc5ccc(C(=O)Nc6ccccc6N)cc5)c4nc(N)n3n2)o1,FVLDYTZUJJMUSG-UHFFFAOYSA-N,CC(CC1CCCCC1)C1CCC(CCC2CCC3C2CCC2CC(C4CCCC4)CC23)CC1,10.1021/acs.jmedchem.1c01155,34783558,1,False,False,pending_dual_review,eligible_for_primary_evidence_review,
BDB-50580314,50580314,N#Cc1cccc(-c2nc3c4cnn(CCc5ccc(C(=O)Nc6ccccc6N)cc5)c4nc(N)n3n2)c1,UQCHHZDJWVSCKK-UHFFFAOYSA-N,CC(CC1CCCCC1)C1CCC(CCC2CCC3C2CCC2CC(C4CCCCC4)CC23)CC1,10.1021/acs.jmedchem.1c01155,34783558,1,False,False,pending_dual_review,eligible_for_primary_evidence_review,
BDB-50580512,50580512,Nc1nc(-c2ccc(OCCCN3CCCCC3)cc2)c2c(n1)-c1ccccc1C2,QYDDQJVHZBTEMT-UHFFFAOYSA-N,C1CCC(CCCCC2CCC(C3CCCC4C5CCCCC5CC34)CC2)CC1,10.1021/acs.jmedchem.0c00914,34107215,1,False,False,pending_dual_review,eligible_for_primary_evidence_review,
BDB-50580514,50580514,Nc1nc(-c2ccc(OCCCN3CCCCC3)cc2)c2c(n1)-c1ccc(OCCCN3CCCCC3)cc1C2,WBLFYMQYQYGVGK-UHFFFAOYSA-N,C1CCC(CCCCC2CCC(C3CCCC4C5CCC(CCCCC6CCCCC6)CC5CC34)CC2)CC1,10.1021/acs.jmedchem.0c00914,34107215,1,False,False,pending_dual_review,eligible_for_primary_evidence_review,
BDB-50580517,50580517,Nc1nc(-c2ccccc2)c2c(n1)-c1cc(OCCCN3CCCCC3)ccc1C2,DCSZPCOOHYVVRY-UHFFFAOYSA-N,C1CCC(CCCCC2CCC3CC4C(C5CCCCC5)CCCC4C3C2)CC1,10.1021/acs.jmedchem.0c00914,34107215,1,False,False,pending_dual_review,eligible_for_primary_evidence_review,
BDB-50580518,50580518,Nc1nc(-c2ccc(OCCCN3CCCCC3)cc2)c2c(n1)-c1ccccc1C2=O,OYWQMDWRCCYZOE-UHFFFAOYSA-N,CC1C2CCCCC2C2CCCC(C3CCC(CCCCC4CCCCC4)CC3)C12,10.1021/acs.jmedchem.0c00914,34107215,1,False,False,pending_dual_review,eligible_for_primary_evidence_review,
BDB-50580519,50580519,Nc1nc(-c2ccccc2)c2c(n1)-c1ccc(OCCCN3CCCC3)cc1C2=O,SWTVGVLYEISYND-UHFFFAOYSA-N,CC1C2CC(CCCCC3CCCC3)CCC2C2CCCC(C3CCCCC3)C12,10.1021/acs.jmedchem.0c00914,34107215,1,False,False,pending_dual_review,eligible_for_primary_evidence_review,
BDB-50580520,50580520,Nc1nc(-c2ccccc2)c2c(n1)-c1cc(OCCCN3CCCC3)ccc1C2=O,QPCGSLWGRJGHNY-UHFFFAOYSA-N,CC1C2CCC(CCCCC3CCCC3)CC2C2CCCC(C3CCCCC3)C12,10.1021/acs.jmedchem.0c00914,34107215,1,False,False,pending_dual_review,eligible_for_primary_evidence_review,
BDB-50580521,50580521,Nc1nc(-c2ccccc2)c2c(n1)-c1ccc(OCCCN3CCCCC3)cc1C2=O,LVKNXJNGRXMDCY-UHFFFAOYSA-N,CC1C2CC(CCCCC3CCCCC3)CCC2C2CCCC(C3CCCCC3)C12,10.1021/acs.jmedchem.0c00914,34107215,1,False,False,pending_dual_review,eligible_for_primary_evidence_review,
BDB-50580523,50580523,Nc1nc(-c2ccc(OCCCN3CCCCC3)cc2)c2c(n1)-c1ccc(OCCCN3CCCCC3)cc1C2=O,NCHOEXFBJYYHOD-UHFFFAOYSA-N,CC1C2CC(CCCCC3CCCCC3)CCC2C2CCCC(C3CCC(CCCCC4CCCCC4)CC3)C12,10.1021/acs.jmedchem.0c00914,34107215,1,False,False,pending_dual_review,eligible_for_primary_evidence_review,
BDB-50583546,50583546,Cc1cc(F)cc(-c2nc(NC(=O)c3cccnc3)sc2-c2ccncc2)c1,GIFTWWDTQQTTNZ-UHFFFAOYSA-N,CC(CC1CC(C2CCCCC2)C(C2CCCCC2)C1)C1CCCCC1,10.1021/acsmedchemlett.1c00685,35450351,1,False,False,pending_dual_review,eligible_for_primary_evidence_review,
BDB-50584555,50584555,N#Cc1c(-c2ccccc2)nc(N)nc1-c1cccc(O)c1,HLNXFOVLLWEQOT-UHFFFAOYSA-N,C1CCC(C2CCCC(C3CCCCC3)C2)CC1,10.1021/acs.jmedchem.1c01636,35068155,1,False,False,pending_dual_review,eligible_for_primary_evidence_review,
BDB-50584556,50584556,COc1cccc(-c2nc(N)nc(-c3ccccc3)c2C#N)c1,XSVZFWPNIDCBRR-UHFFFAOYSA-N,C1CCC(C2CCCC(C3CCCCC3)C2)CC1,10.1021/acs.jmedchem.1c01636,35068155,1,False,False,pending_dual_review,eligible_for_primary_evidence_review,
BDB-50584557,50584557,CCNc1nc(-c2ccccc2)c(C#N)c(-c2cccc(C#N)c2)n1,XQALNUCOQAIYDW-UHFFFAOYSA-N,C1CCC(C2CCCC(C3CCCCC3)C2)CC1,10.1021/acs.jmedchem.1c01636,35068155,1,False,False,pending_dual_review,eligible_for_primary_evidence_review,
BDB-50584558,50584558,CNc1nc(-c2ccccc2)c(C#N)c(-c2cccc(O)c2)n1,MXEDVKWPVQFWSK-UHFFFAOYSA-N,C1CCC(C2CCCC(C3CCCCC3)C2)CC1,10.1021/acs.jmedchem.1c01636,35068155,1,False,False,pending_dual_review,eligible_for_primary_evidence_review,
BDB-50584559,50584559,COc1cc(OC)cc(-c2nc(N)nc(-c3ccccc3)c2C#N)c1,SZQFSZMJTLCNNM-UHFFFAOYSA-N,C1CCC(C2CCCC(C3CCCCC3)C2)CC1,10.1021/acs.jmedchem.1c01636,35068155,1,False,False,pending_dual_review,eligible_for_primary_evidence_review,
BDB-50584560,50584560,COc1cc(-c2nc(N)nc(-c3ccccc3)c2C#N)cc(OC)c1OC,UZINKADFUHQKSE-UHFFFAOYSA-N,C1CCC(C2CCCC(C3CCCCC3)C2)CC1,10.1021/acs.jmedchem.1c01636,35068155,1,False,False,pending_dual_review,eligible_for_primary_evidence_review,
BDB-50584561,50584561,CNc1nc(-c2ccccc2)c(C#N)c(-c2cccc(C#N)c2)n1,VJPHWQIOSDEUON-UHFFFAOYSA-N,C1CCC(C2CCCC(C3CCCCC3)C2)CC1,10.1021/acs.jmedchem.1c01636,35068155,1,False,False,pending_dual_review,eligible_for_primary_evidence_review,
BDB-50584562,50584562,COc1ccc(-c2nc(N)nc(-c3ccccc3)c2C#N)c(OC)c1,PNBCTUMVJAWYEL-UHFFFAOYSA-N,C1CCC(C2CCCC(C3CCCCC3)C2)CC1,10.1021/acs.jmedchem.1c01636,35068155,1,False,False,pending_dual_review,eligible_for_primary_evidence_review,
BDB-50584563,50584563,N#Cc1c(-c2ccccc2)nc(N)nc1-c1ccc(F)cc1F,GUMMWHMFNHOBRC-UHFFFAOYSA-N,C1CCC(C2CCCC(C3CCCCC3)C2)CC1,10.1021/acs.jmedchem.1c01636,35068155,1,False,False,pending_dual_review,eligible_for_primary_evidence_review,
BDB-50584564,50584564,N#Cc1c(-c2ccccc2)nc(N)nc1-c1ccc(O)cc1,MULYEIUZRXJOPV-UHFFFAOYSA-N,C1CCC(C2CCCC(C3CCCCC3)C2)CC1,10.1021/acs.jmedchem.1c01636,35068155,1,False,False,pending_dual_review,eligible_for_primary_evidence_review,
BDB-50584565,50584565,N#Cc1c(-c2ccccc2)nc(N)nc1-c1ccc(F)cc1,BTLZBEXWKAFPMU-UHFFFAOYSA-N,C1CCC(C2CCCC(C3CCCCC3)C2)CC1,10.1021/acs.jmedchem.1c01636,35068155,1,False,False,pending_dual_review,eligible_for_primary_evidence_review,
BDB-50584566,50584566,N#Cc1c(-c2ccccc2)nc(N)nc1-c1cccc(Cl)c1,LYHGCXADSYJYPC-UHFFFAOYSA-N,C1CCC(C2CCCC(C3CCCCC3)C2)CC1,10.1021/acs.jmedchem.1c01636,35068155,1,False,False,pending_dual_review,eligible_for_primary_evidence_review,
BDB-50584567,50584567,N#Cc1c(-c2cccc(Cl)c2)nc(N)nc1-c1cccc(Cl)c1,DUBWJRNGMFSKHY-UHFFFAOYSA-N,C1CCC(C2CCCC(C3CCCCC3)C2)CC1,10.1021/acs.jmedchem.1c01636,35068155,1,False,False,pending_dual_review,eligible_for_primary_evidence_review,
BDB-50584568,50584568,CCNc1nc(-c2ccccc2)c(C#N)c(-c2cccc(Cl)c2)n1,BPAHLMUPCSONJW-UHFFFAOYSA-N,C1CCC(C2CCCC(C3CCCCC3)C2)CC1,10.1021/acs.jmedchem.1c01636,35068155,1,False,False,pending_dual_review,eligible_for_primary_evidence_review,
BDB-50584570,50584570,Cc1ccc(-c2nc(N)nc(-c3ccccc3)c2C#N)cc1,IPQZTOBDMJAGFR-UHFFFAOYSA-N,C1CCC(C2CCCC(C3CCCCC3)C2)CC1,10.1021/acs.jmedchem.1c01636,35068155,1,False,False,pending_dual_review,eligible_for_primary_evidence_review,
BDB-50584571,50584571,N#Cc1c(-c2cccc(Cl)c2)nc(N)nc1-c1ccc2c(c1)OCO2,KMBVXKKQIMJFGO-UHFFFAOYSA-N,C1CCC(C2CCCC(C3CCC4CCCC4C3)C2)CC1,10.1021/acs.jmedchem.1c01636,35068155,1,False,False,pending_dual_review,eligible_for_primary_evidence_review,
BDB-50584572,50584572,CCNc1nc(-c2ccccc2)c(C#N)c(-c2ccccc2)n1,PWPVXXQGVNSOEC-UHFFFAOYSA-N,C1CCC(C2CCCC(C3CCCCC3)C2)CC1,10.1021/acs.jmedchem.1c01636,35068155,1,False,False,pending_dual_review,eligible_for_primary_evidence_review,
BDB-50584574,50584574,N#Cc1c(-c2ccccc2)nc(Nc2ccccc2)nc1-c1ccccc1F,ZRVRVLXRGSBCGS-UHFFFAOYSA-N,C1CCC(CC2CC(C3CCCCC3)CC(C3CCCCC3)C2)CC1,10.1021/acs.jmedchem.1c01636,35068155,1,False,False,pending_dual_review,eligible_for_primary_evidence_review,
BDB-50584575,50584575,N#Cc1c(-c2ccccc2)nc(N)nc1-c1ccccc1F,XVGNUGGJZMCHSD-UHFFFAOYSA-N,C1CCC(C2CCCC(C3CCCCC3)C2)CC1,10.1021/acs.jmedchem.1c01636,35068155,1,False,False,pending_dual_review,eligible_for_primary_evidence_review,
BDB-50584576,50584576,N#Cc1cccc(-c2nc(N)nc(-c3ccccc3)c2C#N)c1,QWHDOXIDJMBFKO-UHFFFAOYSA-N,C1CCC(C2CCCC(C3CCCCC3)C2)CC1,10.1021/acs.jmedchem.1c01636,35068155,1,False,False,pending_dual_review,eligible_for_primary_evidence_review,
BDB-50584578,50584578,CCNc1nc(-c2ccccc2)c(C#N)c(-c2ccc3c(c2)OCO3)n1,WQYYGXOMSXSAHD-UHFFFAOYSA-N,C1CCC(C2CCCC(C3CCC4CCCC4C3)C2)CC1,10.1021/acs.jmedchem.1c01636,35068155,1,False,False,pending_dual_review,eligible_for_primary_evidence_review,
BDB-50584579,50584579,COc1ccc(-c2nc(N)nc(-c3ccccc3)c2C#N)cc1,VGHHWYLVZKNMAQ-UHFFFAOYSA-N,C1CCC(C2CCCC(C3CCCCC3)C2)CC1,10.1021/acs.jmedchem.1c01636,35068155,1,False,False,pending_dual_review,eligible_for_primary_evidence_review,
BDB-50584580,50584580,N#Cc1c(-c2cccc(Cl)c2)nc(N)nc1-c1cc(Cl)cc(Cl)c1,PMBXKIWJJWYXHO-UHFFFAOYSA-N,C1CCC(C2CCCC(C3CCCCC3)C2)CC1,10.1021/acs.jmedchem.1c01636,35068155,1,False,False,pending_dual_review,eligible_for_primary_evidence_review,
BDB-50584581,50584581,N#Cc1c(-c2ccccc2)nc(N)nc1-c1ccc2ccccc2c1,BUXDJJICYXLCEH-UHFFFAOYSA-N,C1CCC(C2CCCC(C3CCC4CCCCC4C3)C2)CC1,10.1021/acs.jmedchem.1c01636,35068155,1,False,False,pending_dual_review,eligible_for_primary_evidence_review,
BDB-50584583,50584583,CNc1nc(-c2ccccc2)c(C#N)c(-c2ccccc2)n1,WPCXBPHMYDCKEE-UHFFFAOYSA-N,C1CCC(C2CCCC(C3CCCCC3)C2)CC1,10.1021/acs.jmedchem.1c01636,35068155,1,False,False,pending_dual_review,eligible_for_primary_evidence_review,
BDB-50584584,50584584,N#Cc1c(-c2ccccc2)nc(N)nc1-c1ccc(Br)cc1,HORISOMNNFKRPV-UHFFFAOYSA-N,C1CCC(C2CCCC(C3CCCCC3)C2)CC1,10.1021/acs.jmedchem.1c01636,35068155,1,False,False,pending_dual_review,eligible_for_primary_evidence_review,
BDB-50584586,50584586,CNc1nc(-c2ccccc2)c(C#N)c(-c2cc(OC)cc(OC)c2)n1,RFXPYGZBAWEIIF-UHFFFAOYSA-N,C1CCC(C2CCCC(C3CCCCC3)C2)CC1,10.1021/acs.jmedchem.1c01636,35068155,1,False,False,pending_dual_review,eligible_for_primary_evidence_review,
BDB-50584587,50584587,N#Cc1c(-c2ccccc2)nc(Nc2ccccc2)nc1-c1ccc2c(c1)OCO2,ZNBRYEVLXCVDPZ-UHFFFAOYSA-N,C1CCC(CC2CC(C3CCCCC3)CC(C3CCC4CCCC4C3)C2)CC1,10.1021/acs.jmedchem.1c01636,35068155,1,False,False,pending_dual_review,eligible_for_primary_evidence_review,
BDB-50584588,50584588,CNc1nc(-c2ccccc2)c(C#N)c(-c2cc(OC)c(OC)c(OC)c2)n1,WPAJIVUBONCJIM-UHFFFAOYSA-N,C1CCC(C2CCCC(C3CCCCC3)C2)CC1,10.1021/acs.jmedchem.1c01636,35068155,1,False,False,pending_dual_review,eligible_for_primary_evidence_review,
BDB-50584589,50584589,CCNc1nc(-c2ccccc2)c(C#N)c(-c2cccnc2)n1,SRVINJBXJYZZHN-UHFFFAOYSA-N,C1CCC(C2CCCC(C3CCCCC3)C2)CC1,10.1021/acs.jmedchem.1c01636,35068155,1,False,False,pending_dual_review,eligible_for_primary_evidence_review,
BDB-50584590,50584590,N#Cc1c(-c2ccc(F)cc2)nc(N)nc1-c1ccc2c(c1)OCO2,XWCRWBCXMPOZKC-UHFFFAOYSA-N,C1CCC(C2CCCC(C3CCC4CCCC4C3)C2)CC1,10.1021/acs.jmedchem.1c01636,35068155,1,False,False,pending_dual_review,eligible_for_primary_evidence_review,
BDB-50584591,50584591,COc1ccccc1-c1nc(N)nc(-c2ccccc2)c1C#N,OHTSIFNHVYVBAC-UHFFFAOYSA-N,C1CCC(C2CCCC(C3CCCCC3)C2)CC1,10.1021/acs.jmedchem.1c01636,35068155,1,False,False,pending_dual_review,eligible_for_primary_evidence_review,
BDB-50584592,50584592,CNc1nc(-c2ccccc2)c(C#N)c(-c2cccc(OC)c2)n1,DRBHUGDRIPBTOO-UHFFFAOYSA-N,C1CCC(C2CCCC(C3CCCCC3)C2)CC1,10.1021/acs.jmedchem.1c01636,35068155,1,False,False,pending_dual_review,eligible_for_primary_evidence_review,
BDB-50584593,50584593,N#Cc1c(-c2ccccc2)nc(N)nc1-c1cccc(F)c1,OXTPAAODKNTIDX-UHFFFAOYSA-N,C1CCC(C2CCCC(C3CCCCC3)C2)CC1,10.1021/acs.jmedchem.1c01636,35068155,1,False,False,pending_dual_review,eligible_for_primary_evidence_review,
BDB-50584595,50584595,N#Cc1c(-c2ccccc2)nc(N)nc1-c1cc(Cl)cc(Cl)c1,PAZRMYRDSOCPQZ-UHFFFAOYSA-N,C1CCC(C2CCCC(C3CCCCC3)C2)CC1,10.1021/acs.jmedchem.1c01636,35068155,1,False,False,pending_dual_review,eligible_for_primary_evidence_review,
BDB-50584598,50584598,N#Cc1c(-c2ccccc2)nc(Nc2ccccc2)nc1-c1cccc(O)c1,MFZLBHLPVUJXAP-UHFFFAOYSA-N,C1CCC(CC2CC(C3CCCCC3)CC(C3CCCCC3)C2)CC1,10.1021/acs.jmedchem.1c01636,35068155,1,False,False,pending_dual_review,eligible_for_primary_evidence_review,
BDB-50584601,50584601,N#Cc1c(-c2ccccc2)nc(N)nc1-c1cccnc1,FZUDOEQNHSMNGI-UHFFFAOYSA-N,C1CCC(C2CCCC(C3CCCCC3)C2)CC1,10.1021/acs.jmedchem.1c01636,35068155,1,False,False,pending_dual_review,eligible_for_primary_evidence_review,
BDB-50584608,50584608,N#Cc1c(-c2ccccc2)nc(Nc2ccccc2)nc1-c1ccco1,PMGRDIKEQFHCSA-UHFFFAOYSA-N,C1CCC(CC2CC(C3CCCCC3)CC(C3CCCC3)C2)CC1,10.1021/acs.jmedchem.1c01636,35068155,1,False,False,pending_dual_review,eligible_for_primary_evidence_review,
BDB-50584610,50584610,Cc1ccc(-c2nc(Nc3ccccc3)nc(-c3ccccc3)c2C#N)cc1,ZZAJCKFJMOXCIC-UHFFFAOYSA-N,C1CCC(CC2CC(C3CCCCC3)CC(C3CCCCC3)C2)CC1,10.1021/acs.jmedchem.1c01636,35068155,1,False,False,pending_dual_review,eligible_for_primary_evidence_review,
BDB-50584611,50584611,N#Cc1c(-c2ccccc2)nc(Nc2ccccc2)nc1-c1cccs1,GUWBZZFXXGUADQ-UHFFFAOYSA-N,C1CCC(CC2CC(C3CCCCC3)CC(C3CCCC3)C2)CC1,10.1021/acs.jmedchem.1c01636,35068155,1,False,False,pending_dual_review,eligible_for_primary_evidence_review,
BDB-50584614,50584614,N#Cc1c(-c2ccccc2)nc(Nc2ccccc2)nc1-c1ccccc1,ZUBMCJJTNUKCAN-UHFFFAOYSA-N,C1CCC(CC2CC(C3CCCCC3)CC(C3CCCCC3)C2)CC1,10.1021/acs.jmedchem.1c01636,35068155,1,False,False,pending_dual_review,eligible_for_primary_evidence_review,
BDB-50584618,50584618,COc1cc(-c2nc(Nc3ccccc3)nc(-c3ccccc3)c2C#N)cc(OC)c1OC,CMWBSQPZZQAERS-UHFFFAOYSA-N,C1CCC(CC2CC(C3CCCCC3)CC(C3CCCCC3)C2)CC1,10.1021/acs.jmedchem.1c01636,35068155,1,False,False,pending_dual_review,eligible_for_primary_evidence_review,
BDB-50584619,50584619,COc1cccc(-c2nc(Nc3ccccc3)nc(-c3ccccc3)c2C#N)c1,HVKSQMNCIJCXTN-UHFFFAOYSA-N,C1CCC(CC2CC(C3CCCCC3)CC(C3CCCCC3)C2)CC1,10.1021/acs.jmedchem.1c01636,35068155,1,False,False,pending_dual_review,eligible_for_primary_evidence_review,
BDB-50584621,50584621,N#Cc1c(-c2ccccc2)nc(N)nc1-c1ccncc1,ZQFWRYVAFXRGNA-UHFFFAOYSA-N,C1CCC(C2CCCC(C3CCCCC3)C2)CC1,10.1021/acs.jmedchem.1c01636,35068155,1,False,False,pending_dual_review,eligible_for_primary_evidence_review,
BDB-50584623,50584623,Nc1nc(-c2ccccc2)c2c(n1)-c1ccccc1C2,UWHWGZQVQROQEV-UHFFFAOYSA-N,C1CCC(C2CCCC3C4CCCCC4CC23)CC1,10.1021/acs.jmedchem.1c01636,35068155,1,False,False,pending_dual_review,eligible_for_primary_evidence_review,
BDB-50584624,50584624,COc1cc(OC)cc(-c2nc(Nc3ccccc3)nc(-c3ccccc3)c2C#N)c1,QTZGCTNEXDQSIT-UHFFFAOYSA-N,C1CCC(CC2CC(C3CCCCC3)CC(C3CCCCC3)C2)CC1,10.1021/acs.jmedchem.1c01636,35068155,1,False,False,pending_dual_review,eligible_for_primary_evidence_review,
BDB-50584625,50584625,N#Cc1c(-c2ccccc2)nc(Nc2ccccc2)nc1-c1cccnc1,GQSKEQHAKMIFLM-UHFFFAOYSA-N,C1CCC(CC2CC(C3CCCCC3)CC(C3CCCCC3)C2)CC1,10.1021/acs.jmedchem.1c01636,35068155,1,False,False,pending_dual_review,eligible_for_primary_evidence_review,
BDB-50584626,50584626,N#Cc1c(-c2ccccc2)nc(Nc2ccccc2)nc1-c1cccc(Cl)c1,NZUQAQCHCOUJTE-UHFFFAOYSA-N,C1CCC(CC2CC(C3CCCCC3)CC(C3CCCCC3)C2)CC1,10.1021/acs.jmedchem.1c01636,35068155,1,False,False,pending_dual_review,eligible_for_primary_evidence_review,
BDB-50584627,50584627,COc1ccc(-c2nc(Nc3ccccc3)nc(-c3ccccc3)c2C#N)cc1,BUXCOYHTBSPMTD-UHFFFAOYSA-N,C1CCC(CC2CC(C3CCCCC3)CC(C3CCCCC3)C2)CC1,10.1021/acs.jmedchem.1c01636,35068155,1,False,False,pending_dual_review,eligible_for_primary_evidence_review,
BDB-50584628,50584628,N#Cc1c(-c2ccccc2)nc(Nc2ccccc2)nc1-c1ccsc1,VHSORKHQIDYNCA-UHFFFAOYSA-N,C1CCC(CC2CC(C3CCCCC3)CC(C3CCCC3)C2)CC1,10.1021/acs.jmedchem.1c01636,35068155,1,False,False,pending_dual_review,eligible_for_primary_evidence_review,
BDB-50584629,50584629,N#Cc1c(-c2ccccc2)nc(Nc2ccccc2)nc1-c1ccoc1,UTSMDVBQXYDAIT-UHFFFAOYSA-N,C1CCC(CC2CC(C3CCCCC3)CC(C3CCCC3)C2)CC1,10.1021/acs.jmedchem.1c01636,35068155,1,False,False,pending_dual_review,eligible_for_primary_evidence_review,
BDB-50585019,50585019,Cn1cc(-c2cnc(N)n3nc(-c4ccccn4)nc23)ccc1=O,USUFLURSSLHPRT-UHFFFAOYSA-N,CC1CCC(C2CCCC3CC(C4CCCCC4)CC32)CC1,10.1021/acsmedchemlett.1c00599,35295085,1,False,False,pending_dual_review,eligible_for_primary_evidence_review,
BDB-50585025,50585025,Cc1cccc(-c2nc3c(-c4ccc(=O)n(C)c4)cnc(N)n3n2)n1,GSBQCIJZFCKAMC-UHFFFAOYSA-N,CC1CCC(C2CCCC3CC(C4CCCCC4)CC32)CC1,10.1021/acsmedchemlett.1c00599,35295085,1,False,False,pending_dual_review,eligible_for_primary_evidence_review,
BDB-50585027,50585027,Cn1cc(-c2cnc(N)nc2-c2ccco2)ccc1=O,KLQQNDZPIWTDSO-UHFFFAOYSA-N,CC1CCC(C2CCCCC2C2CCCC2)CC1,10.1021/acsmedchemlett.1c00599,35295085,1,False,False,pending_dual_review,eligible_for_primary_evidence_review,
BDB-50590599,50590599,C(#Cc1ncnc2ccccc12)c1ccccc1,ZVBDVBWPZLPSRE-UHFFFAOYSA-N,C1CCC(CCC2CCCC3CCCCC32)CC1,,35933788,1,False,False,pending_dual_review,eligible_for_primary_evidence_review,
BDB-50590600,50590600,c1ccc(-c2ncnc3ccccc23)cc1,VEFDQCSIVBIYFQ-UHFFFAOYSA-N,C1CCC(C2CCCC3CCCCC32)CC1,,35933788,1,False,False,pending_dual_review,eligible_for_primary_evidence_review,
BDB-50590607,50590607,Cc1ccc(-c2nc(N)nc3ccccc23)cc1,OLLUETSUNFSDTO-UHFFFAOYSA-N,C1CCC(C2CCCC3CCCCC32)CC1,,35933788,1,False,False,pending_dual_review,eligible_for_primary_evidence_review,
BDB-50590608,50590608,Cc1ccccc1-c1nc(N)nc2ccccc12,WNELVCPSUUYWIF-UHFFFAOYSA-N,C1CCC(C2CCCC3CCCCC32)CC1,,35933788,1,False,False,pending_dual_review,eligible_for_primary_evidence_review,
BDB-50590610,50590610,N#Cc1cccc(-c2nc(N)nc3ccccc23)c1,LMYIAFWTRZFZGK-UHFFFAOYSA-N,C1CCC(C2CCCC3CCCCC32)CC1,,35933788,1,False,False,pending_dual_review,eligible_for_primary_evidence_review,
BDB-50590611,50590611,COc1ccc(-c2nc(N)nc3ccccc23)cc1,ZYHTXQWTMFGCED-UHFFFAOYSA-N,C1CCC(C2CCCC3CCCCC32)CC1,,35933788,1,False,False,pending_dual_review,eligible_for_primary_evidence_review,
BDB-50590612,50590612,COc1cccc(-c2nc(N)nc3ccccc23)c1,KOERVEQMLLHMCN-UHFFFAOYSA-N,C1CCC(C2CCCC3CCCCC32)CC1,,35933788,1,False,False,pending_dual_review,eligible_for_primary_evidence_review,
BDB-50590613,50590613,COc1ccccc1-c1nc(N)nc2ccccc12,CUSJWWGUDQVSKR-UHFFFAOYSA-N,C1CCC(C2CCCC3CCCCC32)CC1,,35933788,1,False,False,pending_dual_review,eligible_for_primary_evidence_review,
BDB-50590615,50590615,Nc1nc(-c2ccccc2N)c2ccccc2n1,HVZOSMQWSORQON-UHFFFAOYSA-N,C1CCC(C2CCCC3CCCCC32)CC1,,35933788,1,False,False,pending_dual_review,eligible_for_primary_evidence_review,
BDB-50590616,50590616,Nc1nc(-c2ccc(F)cc2)c2ccccc2n1,XHWBBCWZZNNRJC-UHFFFAOYSA-N,C1CCC(C2CCCC3CCCCC32)CC1,,35933788,1,False,False,pending_dual_review,eligible_for_primary_evidence_review,
BDB-50590617,50590617,Nc1nc(-c2cccc(F)c2)c2ccccc2n1,NMYMGCCAOLNYOQ-UHFFFAOYSA-N,C1CCC(C2CCCC3CCCCC32)CC1,,35933788,1,False,False,pending_dual_review,eligible_for_primary_evidence_review,
BDB-50590618,50590618,Nc1nc(-c2ccccc2F)c2ccccc2n1,JDOJBYFGBQKAOF-UHFFFAOYSA-N,C1CCC(C2CCCC3CCCCC32)CC1,,35933788,1,False,False,pending_dual_review,eligible_for_primary_evidence_review,
BDB-50590619,50590619,Nc1nc(-c2ccco2)c2ccccc2n1,WSRXVXXAETUCPW-UHFFFAOYSA-N,C1CCC2C(C1)CCCC2C1CCCC1,,35933788,1,False,False,pending_dual_review,eligible_for_primary_evidence_review,
BDB-50590620,50590620,Nc1nc(-c2ccoc2)c2ccccc2n1,FLSAHBDOOINLML-UHFFFAOYSA-N,C1CCC2C(C1)CCCC2C1CCCC1,,35933788,1,False,False,pending_dual_review,eligible_for_primary_evidence_review,
BDB-50590621,50590621,Nc1nc(-c2cccs2)c2ccccc2n1,BDYQZCHNJVRETF-UHFFFAOYSA-N,C1CCC2C(C1)CCCC2C1CCCC1,,35933788,1,False,False,pending_dual_review,eligible_for_primary_evidence_review,
BDB-50590625,50590625,Nc1nc(-c2ccco2)c2cc(Br)ccc2n1,XDIROSBRBKJBMH-UHFFFAOYSA-N,C1CCC2C(C1)CCCC2C1CCCC1,,35933788,1,False,False,pending_dual_review,eligible_for_primary_evidence_review,
BDB-50590626,50590626,Cc1ccc2nc(N)nc(-c3ccco3)c2c1,ZNXYQBMXCGAFAR-UHFFFAOYSA-N,C1CCC2C(C1)CCCC2C1CCCC1,,35933788,1,False,False,pending_dual_review,eligible_for_primary_evidence_review,
BDB-50594626,50594626,S=c1sc2c(ncn3nc(-c4ccco4)nc23)n1CCc1ccccc1,XPAQPYZCAVWTII-UHFFFAOYSA-N,CC1CC2C3CC(C4CCCC4)CC3CCC2C1CCC1CCCCC1,,34695776,1,False,False,pending_dual_review,eligible_for_primary_evidence_review,
BDB-50594627,50594627,Nc1nc(NCCc2ccc(O)cc2)nc(Nc2nnc(-c3ccc([N+](=O)[O-])cc3)s2)n1,ZHVULIIPYBZWKD-UHFFFAOYSA-N,C1CCC(CCCC2CCCC(CC3CCC(C4CCCCC4)C3)C2)CC1,,34695776,1,False,False,pending_dual_review,eligible_for_primary_evidence_review,
BDB-50594629,50594629,CCCn1c(=O)c2c(nc(-c3cccc(OCCCCl)c3)n2C)n(CCC)c1=O,DPZDWHKDTFMQIK-UHFFFAOYSA-N,CC1CC(C)C2CC(C3CCCCC3)CC2C1,,34695776,1,False,False,pending_dual_review,eligible_for_primary_evidence_review,
BDB-50594630,50594630,C#CCn1c(-c2cccc(OCCCCl)c2)nc2c1c(=O)n(CCC)c(=O)n2CCC,SIMPIOXJKIDBIK-UHFFFAOYSA-N,CC1CC(C)C2CC(C3CCCCC3)CC2C1,,34695776,1,False,False,pending_dual_review,eligible_for_primary_evidence_review,
BDB-50594631,50594631,CCCn1c(=O)c2c(nc(-c3ccc(OCCCCl)cc3)n2C)n(CCC)c1=O,DEDVMAROBAPHIL-UHFFFAOYSA-N,CC1CC(C)C2CC(C3CCCCC3)CC2C1,,34695776,1,False,False,pending_dual_review,eligible_for_primary_evidence_review,
BDB-50594633,50594633,Cc1ccc(-c2cn3c(=O)n(Cc4ccccc4)nc3c(N)n2)o1,SOECXBOQVLMSRD-UHFFFAOYSA-N,CC1C(CC2CCCCC2)CC2CCC(C3CCCC3)CC21,,34695776,1,False,False,pending_dual_review,eligible_for_primary_evidence_review,
BDB-50594635,50594635,CC1=C(C)C2C(=O)NC(NC(=O)c3ccccc3)=NC2S1,QHYQMCDBOOZTIT-UHFFFAOYSA-N,CC(CC1CC(C)C2CCCC2C1)C1CCCCC1,,34695776,1,False,False,pending_dual_review,eligible_for_primary_evidence_review,
BDB-50594640,50594640,Nc1nc(NCc2ccccc2)nc2cn(-c3ccccc3)nc12,CAXPGPCHHLIKHY-UHFFFAOYSA-N,C1CCC(CCC2CCC3CC(C4CCCCC4)CC3C2)CC1,,34695776,1,False,False,pending_dual_review,eligible_for_primary_evidence_review,
BDB-50594649,50594649,N=c1nc(N)c2c(C(F)(F)F)cc(-c3ccccc3)nc2[nH]1,AHLKXFPBCIRJTL-UHFFFAOYSA-N,CC1CCC2CCC(C3CCCCC3)CC2C1,,34695776,1,False,False,pending_dual_review,eligible_for_primary_evidence_review,
BDB-50594650,50594650,O=c1[nH]c(=O)c2c(C(F)(F)F)cc(-c3ccccc3)nc2[nH]1,MLVVOWKKUORGGR-UHFFFAOYSA-N,CC1CC(C)C2CCC(C3CCCCC3)CC2C1,,34695776,1,False,False,pending_dual_review,eligible_for_primary_evidence_review,
BDB-50594653,50594653,CCn1c(Br)nc2c(NCCc3ccccc3)cc(N)cc21,WVAMXXSOZXMUOF-UHFFFAOYSA-N,C1CCC(CCCC2CCCC3CCCC23)CC1,,34695776,1,False,False,pending_dual_review,eligible_for_primary_evidence_review,
BDB-50594660,50594660,Nc1nc(NCCc2ccc(O)cc2)nc(Nc2nc(-c3ccc(F)cc3)cs2)n1,WZTQLJTYRDRDJZ-UHFFFAOYSA-N,C1CCC(CCCC2CCCC(CC3CCC(C4CCCCC4)C3)C2)CC1,,34695776,1,False,False,pending_dual_review,eligible_for_primary_evidence_review,
BDB-50594665,50594665,CCOc1cc2occ(-c3nc(C)cs3)c(=O)c2cc1CC,RSUBSFUTPHFLEX-UHFFFAOYSA-N,CC1C2CCCCC2CCC1C1CCCC1,,34695776,1,False,False,pending_dual_review,eligible_for_primary_evidence_review,
BDB-50600734,50600734,CCCCCCNC(=O)c1cn2c(nc3ccccc32)c(N)n1,SUDDEGUTWQAPPJ-UHFFFAOYSA-N,C1CCC2C(C1)CC1CCCCC12,,35714367,1,False,False,pending_dual_review,eligible_for_primary_evidence_review,
BDB-50600735,50600735,CC(C)CNC(=O)c1cn2c(nc3ccccc32)c(N)n1,FXIFYNGLZONIFC-UHFFFAOYSA-N,C1CCC2C(C1)CC1CCCCC12,,35714367,1,False,False,pending_dual_review,eligible_for_primary_evidence_review,
BDB-50600736,50600736,Nc1nc(C(=O)NCC(F)F)cn2c1nc1ccccc12,RRZHVNJTYPWAFA-UHFFFAOYSA-N,C1CCC2C(C1)CC1CCCCC12,,35714367,1,False,False,pending_dual_review,eligible_for_primary_evidence_review,
BDB-50600737,50600737,COCCNC(=O)c1cn2c(nc3ccccc32)c(N)n1,HZANAMUPGFPPGQ-UHFFFAOYSA-N,C1CCC2C(C1)CC1CCCCC12,,35714367,1,False,False,pending_dual_review,eligible_for_primary_evidence_review,
BDB-50600738,50600738,CC(O)CNC(=O)c1cn2c(nc3ccccc32)c(N)n1,RWJRZYAMVMHVLR-UHFFFAOYSA-N,C1CCC2C(C1)CC1CCCCC12,,35714367,1,False,False,pending_dual_review,eligible_for_primary_evidence_review,
BDB-50600739,50600739,CC(CO)NC(=O)c1cn2c(nc3ccccc32)c(N)n1,MPLJWMKGKODGLF-UHFFFAOYSA-N,C1CCC2C(C1)CC1CCCCC12,,35714367,1,False,False,pending_dual_review,eligible_for_primary_evidence_review,
BDB-50600740,50600740,Nc1nc(C(=O)NCCCO)cn2c1nc1ccccc12,URHVWVKNDKNOHD-UHFFFAOYSA-N,C1CCC2C(C1)CC1CCCCC12,,35714367,1,False,False,pending_dual_review,eligible_for_primary_evidence_review,
BDB-50600741,50600741,Nc1nc(C(=O)Nc2ccccc2)cn2c1nc1ccccc12,ONNOHMCPIYQQNG-UHFFFAOYSA-N,CC(CC1CCCCC1)C1CCC2CC3CCCCC3C2C1,,35714367,1,False,False,pending_dual_review,eligible_for_primary_evidence_review,
BDB-50600742,50600742,Cc1ccc(NC(=O)c2cn3c(nc4ccccc43)c(N)n2)cc1,LOQHXWKDEDJFJB-UHFFFAOYSA-N,CC(CC1CCCCC1)C1CCC2CC3CCCCC3C2C1,,35714367,1,False,False,pending_dual_review,eligible_for_primary_evidence_review,
BDB-50600743,50600743,COc1cccc(NC(=O)c2cn3c(nc4ccccc43)c(N)n2)c1,DOSISOPJJVBDBY-UHFFFAOYSA-N,CC(CC1CCCCC1)C1CCC2CC3CCCCC3C2C1,,35714367,1,False,False,pending_dual_review,eligible_for_primary_evidence_review,
BDB-50600744,50600744,Nc1nc(C(=O)Nc2ccc(Cl)cc2)cn2c1nc1ccccc12,PIKGYBQWYKWUAW-UHFFFAOYSA-N,CC(CC1CCCCC1)C1CCC2CC3CCCCC3C2C1,,35714367,1,False,False,pending_dual_review,eligible_for_primary_evidence_review,
BDB-50600745,50600745,Nc1nc(C(=O)Nc2ccccn2)cn2c1nc1ccccc12,WFRBRQJCFTZRKA-UHFFFAOYSA-N,CC(CC1CCCCC1)C1CCC2CC3CCCCC3C2C1,,35714367,1,False,False,pending_dual_review,eligible_for_primary_evidence_review,
BDB-50600749,50600749,Nc1nc(C(=O)NCc2ccco2)cn2c1nc1ccccc12,XYJGRLSPECOLGF-UHFFFAOYSA-N,CC(CCC1CCCC1)C1CCC2CC3CCCCC3C2C1,,35714367,1,False,False,pending_dual_review,eligible_for_primary_evidence_review,
BDB-50600750,50600750,Nc1nc(C(=O)NCc2cccc3cccnc23)cn2c1nc1ccccc12,WGSYUOJQRJTJOT-UHFFFAOYSA-N,CC(CCC1CCCC2CCCCC21)C1CCC2CC3CCCCC3C2C1,,35714367,1,False,False,pending_dual_review,eligible_for_primary_evidence_review,
BDB-50600751,50600751,Nc1nc(C(=O)NCCc2cccc(Cl)c2)cn2c1nc1ccccc12,NEBGFABBLQXFDT-UHFFFAOYSA-N,CC(CCCC1CCCCC1)C1CCC2CC3CCCCC3C2C1,,35714367,1,False,False,pending_dual_review,eligible_for_primary_evidence_review,
BDB-50600752,50600752,COc1ccc(CCNC(=O)c2cn3c(nc4ccccc43)c(N)n2)cc1,RWXNXIWADJCZKB-UHFFFAOYSA-N,CC(CCCC1CCCCC1)C1CCC2CC3CCCCC3C2C1,,35714367,1,False,False,pending_dual_review,eligible_for_primary_evidence_review,
BDB-50600753,50600753,Nc1nc(C(=O)NCCc2ccc(O)cc2)cn2c1nc1ccccc12,SXKLTAFCGBYRBA-UHFFFAOYSA-N,CC(CCCC1CCCCC1)C1CCC2CC3CCCCC3C2C1,,35714367,1,False,False,pending_dual_review,eligible_for_primary_evidence_review,
BDB-50600754,50600754,Nc1nc(C(=O)NCCc2ccc3c(c2)OCO3)cn2c1nc1ccccc12,FIMLSBSFZOAVBJ-UHFFFAOYSA-N,CC(CCCC1CCC2CCCC2C1)C1CCC2CC3CCCCC3C2C1,,35714367,1,False,False,pending_dual_review,eligible_for_primary_evidence_review,
BDB-50600756,50600756,Nc1nc(C(=O)Nc2cccnc2)cn2c1nc1ccccc12,PPEFRSWUZNIXOL-UHFFFAOYSA-N,CC(CC1CCCCC1)C1CCC2CC3CCCCC3C2C1,,35714367,1,False,False,pending_dual_review,eligible_for_primary_evidence_review,
BDB-50600759,50600759,Nc1nc(C(=O)NCCc2cccnc2)cn2c1nc1ccccc12,KYBUZZJOISNZDJ-UHFFFAOYSA-N,CC(CCCC1CCCCC1)C1CCC2CC3CCCCC3C2C1,,35714367,1,False,False,pending_dual_review,eligible_for_primary_evidence_review,
BDB-50600760,50600760,Nc1nc(C(=O)NCCc2ccncc2)cn2c1nc1ccccc12,KANSMJOWONNNKU-UHFFFAOYSA-N,CC(CCCC1CCCCC1)C1CCC2CC3CCCCC3C2C1,,35714367,1,False,False,pending_dual_review,eligible_for_primary_evidence_review,
BDB-50602666,50602666,CNC(=O)[C@@]12C[C@@H]1[C@@H](n1cnc3c(NCCc4ccc(OC)c(O)c4)nc(OCC(C)C)nc31)[C@H](O)[C@@H]2O,WUWAIBYOOHQJEL-MRAWFPONSA-N,C1CCC(CCCC2CCCC3C2CCC3C2CCC3CC32)CC1,,34844790,1,False,False,pending_dual_review,eligible_for_primary_evidence_review,
BDB-50602667,50602667,CNC(=O)[C@@]12C[C@@H]1[C@@H](n1cnc3c(NCc4ccc(O)c(OC)c4)nc(C#Cc4ccc(Cl)s4)nc31)[C@H](O)[C@@H]2O,HEQOMIVWTXTFCQ-QSNYBYPBSA-N,C1CCC(CCC2CC(CCC3CCCC3)CC3C2CCC3C2CCC3CC32)CC1,,34844790,1,False,False,pending_dual_review,eligible_for_primary_evidence_review,
BDB-50602668,50602668,CNC(=O)[C@@]12C[C@@H]1[C@@H](n1cnc3c(NCCc4ccc(OC)c(O)c4)nc(OC)nc31)[C@H](O)[C@@H]2O,GJBHTDNKZRHMMV-BGCLTTEDSA-N,C1CCC(CCCC2CCCC3C2CCC3C2CCC3CC32)CC1,,34844790,1,False,False,pending_dual_review,eligible_for_primary_evidence_review,
BDB-50602669,50602669,COc1cc(CCNc2nc(OCC(C)C)nc3c2ncn3[C@H]2[C@H](O)[C@H](O)[C@@H]3C[C@@H]32)ccc1O,RMSPTRHMWVZXTN-LFDFRMOKSA-N,C1CCC(CCCC2CCCC3C2CCC3C2CCC3CC32)CC1,,34844790,1,False,False,pending_dual_review,eligible_for_primary_evidence_review,
BDB-50602670,50602670,CNC(=O)[C@@]12C[C@@H]1[C@@H](n1cnc3c(NCCc4ccc(OC)c(O)c4)nc(OCC4CC4)nc31)[C@H](O)[C@@H]2O,MJPMZHWMGJXXMQ-MRAWFPONSA-N,C1CCC(CCCC2CC(CCC3CC3)CC3C2CCC3C2CCC3CC32)CC1,,34844790,1,False,False,pending_dual_review,eligible_for_primary_evidence_review,
BDB-50602671,50602671,CNC(=O)[C@@]12C[C@@H]1[C@@H](n1cnc3c(NCCc4ccc(OC)c(O)c4)nc(OCCC(C)C)nc31)[C@H](O)[C@@H]2O,BBUDWDJHOPLKCB-ZFDFLGGNSA-N,C1CCC(CCCC2CCCC3C2CCC3C2CCC3CC32)CC1,,34844790,1,False,False,pending_dual_review,eligible_for_primary_evidence_review,
BDB-50602672,50602672,O[C@@H]1[C@H](O)[C@@H]2C[C@@H]2[C@H]1n1cnc2c(NCCc3ccccc3)nc(I)nc21,IQGAZYZEEDTONE-USNPWTNRSA-N,C1CCC(CCCC2CCCC3C2CCC3C2CCC3CC32)CC1,,34844790,1,False,False,pending_dual_review,eligible_for_primary_evidence_review,
BDB-50604909,50604909,Nc1nc(-c2ccco2)c2cnn(CCCCC(=O)NO)c2n1,RDCWDIGHSNQTQV-UHFFFAOYSA-N,C1CCC(C2CCCC3CCCC32)C1,,35390714,1,False,False,pending_dual_review,eligible_for_primary_evidence_review,
BDB-50604910,50604910,Nc1nc(-c2ccco2)c2cnn(CCCCCC(=O)NO)c2n1,BWJZCCYISKKVKL-UHFFFAOYSA-N,C1CCC(C2CCCC3CCCC32)C1,,35390714,1,False,False,pending_dual_review,eligible_for_primary_evidence_review,
BDB-50604911,50604911,Nc1nc(-c2ccco2)c2cnn(CCCCCCC(=O)NO)c2n1,PLLHVTPDCUZFDP-UHFFFAOYSA-N,C1CCC(C2CCCC3CCCC32)C1,,35390714,1,False,False,pending_dual_review,eligible_for_primary_evidence_review,
BDB-50604912,50604912,Nc1nc(-c2ccco2)c2cnn(CCCCCCCC(=O)NO)c2n1,SECVDVLEPFNKCJ-UHFFFAOYSA-N,C1CCC(C2CCCC3CCCC32)C1,,35390714,1,False,False,pending_dual_review,eligible_for_primary_evidence_review,
BDB-50604913,50604913,Cc1ccc(-c2nc(N)nc3c2cnn3CCCCC(=O)NO)o1,MMJNYIWYIYPYPL-UHFFFAOYSA-N,C1CCC(C2CCCC3CCCC32)C1,,35390714,1,False,False,pending_dual_review,eligible_for_primary_evidence_review,
BDB-50604914,50604914,Cc1ccc(-c2nc(N)nc3c2cnn3CCCCCC(=O)NO)o1,VRRJSSUXWTYCIP-UHFFFAOYSA-N,C1CCC(C2CCCC3CCCC32)C1,,35390714,1,False,False,pending_dual_review,eligible_for_primary_evidence_review,
BDB-50604915,50604915,Cc1ccc(-c2nc(N)nc3c2cnn3CCCCCCC(=O)NO)o1,YUQKZARLBONGOS-UHFFFAOYSA-N,C1CCC(C2CCCC3CCCC32)C1,,35390714,1,False,False,pending_dual_review,eligible_for_primary_evidence_review,
BDB-50604916,50604916,Cc1ccc(-c2nc(N)nc3c2cnn3CCCCCCCC(=O)NO)o1,GGMGVPCWEIDZHF-UHFFFAOYSA-N,C1CCC(C2CCCC3CCCC32)C1,,35390714,1,False,False,pending_dual_review,eligible_for_primary_evidence_review,
BDB-50604919,50604919,Nc1nc(-c2ccco2)c2cnn(CCc3ccc(C(=O)NO)cc3)c2n1,XGYFFCOYBGQRAT-UHFFFAOYSA-N,C1CCC(CCC2CCC3C(C4CCCC4)CCCC23)CC1,,35390714,1,False,False,pending_dual_review,eligible_for_primary_evidence_review,
BDB-50604920,50604920,Cc1ccc(-c2nc(N)nc3c2cnn3CCc2ccc(C(=O)NO)cc2)o1,CUXLIIGSXPPSOO-UHFFFAOYSA-N,C1CCC(CCC2CCC3C(C4CCCC4)CCCC23)CC1,,35390714,1,False,False,pending_dual_review,eligible_for_primary_evidence_review,
BDB-50604921,50604921,Nc1nc(-c2ccco2)c2cnn(CCCc3ccc(C(=O)NO)cc3)c2n1,YMIMLGQXEFPMRD-UHFFFAOYSA-N,C1CCC(CCCC2CCC3C(C4CCCC4)CCCC23)CC1,,35390714,1,False,False,pending_dual_review,eligible_for_primary_evidence_review,
BDB-50604923,50604923,Nc1nc(-c2ccco2)c2cnn(Cc3ccc(C(=O)Nc4ccccc4N)cc3)c2n1,JHAWXEVOLNLZAS-UHFFFAOYSA-N,CC(CC1CCCCC1)C1CCC(CC2CCC3C(C4CCCC4)CCCC23)CC1,,35390714,1,False,False,pending_dual_review,eligible_for_primary_evidence_review,
BDB-50604925,50604925,Nc1nc(-c2ccco2)c2cnn(CCc3ccc(C(=O)Nc4ccccc4N)cc3)c2n1,BENMZDAJCRYRCC-UHFFFAOYSA-N,CC(CC1CCCCC1)C1CCC(CCC2CCC3C(C4CCCC4)CCCC23)CC1,,35390714,1,False,False,pending_dual_review,eligible_for_primary_evidence_review,
BDB-50604926,50604926,Cc1ccc(-c2nc(N)nc3c2cnn3CCc2ccc(C(=O)Nc3ccccc3N)cc2)o1,ZNEAUZIRLCKZIH-UHFFFAOYSA-N,CC(CC1CCCCC1)C1CCC(CCC2CCC3C(C4CCCC4)CCCC23)CC1,,35390714,1,False,False,pending_dual_review,eligible_for_primary_evidence_review,
BDB-50604927,50604927,Nc1nc(-c2ccco2)c2cnn(CCOc3ccc(C(=O)Nc4ccccc4N)cc3)c2n1,JIWBMVULUIEYGH-UHFFFAOYSA-N,CC(CC1CCCCC1)C1CCC(CCCC2CCC3C(C4CCCC4)CCCC23)CC1,,35390714,1,False,False,pending_dual_review,eligible_for_primary_evidence_review,
BDB-50604928,50604928,Nc1nc(-c2ccco2)c2cnn(CCCc3ccc(C(=O)Nc4ccccc4N)cc3)c2n1,CEDJWZWKTKFZRY-UHFFFAOYSA-N,CC(CC1CCCCC1)C1CCC(CCCC2CCC3C(C4CCCC4)CCCC23)CC1,,35390714,1,False,False,pending_dual_review,eligible_for_primary_evidence_review,
BDB-50604929,50604929,Nc1nc(-c2ccco2)c2cnn(CCCOc3ccc(C(=O)Nc4ccccc4N)cc3)c2n1,KQKWUECNIOOYFI-UHFFFAOYSA-N,CC(CC1CCCCC1)C1CCC(CCCCC2CCC3C(C4CCCC4)CCCC23)CC1,,35390714,1,False,False,pending_dual_review,eligible_for_primary_evidence_review,
BDB-50604930,50604930,Cc1ccc(-c2nc(N)nc3c2cnn3CCCOc2ccc(C(=O)Nc3ccccc3N)cc2)o1,ZNVPCIUEQCSSIG-UHFFFAOYSA-N,CC(CC1CCCCC1)C1CCC(CCCCC2CCC3C(C4CCCC4)CCCC23)CC1,,35390714,1,False,False,pending_dual_review,eligible_for_primary_evidence_review,
BDB-50604935,50604935,Nc1nc(-c2ccco2)c2cnn(Cc3cccc(/C=C/C(=O)Nc4ccccc4N)c3)c2n1,GDRUUELOIJDTEB-ZHACJKMWSA-N,CC(CC1CCCCC1)CCC1CCCC(CC2CCC3C(C4CCCC4)CCCC23)C1,,35390714,1,False,False,pending_dual_review,eligible_for_primary_evidence_review,
BDB-50604936,50604936,Cc1ccc(-c2nc(N)nc3c2cnn3Cc2cccc(/C=C/C(=O)Nc3ccccc3N)c2)o1,HVVQUQVIRJTUQZ-ZRDIBKRKSA-N,CC(CC1CCCCC1)CCC1CCCC(CC2CCC3C(C4CCCC4)CCCC23)C1,,35390714,1,False,False,pending_dual_review,eligible_for_primary_evidence_review,
BDB-50608205,50608205,Nc1ncnc2c1ncn2[C@H]1[C@H](O)[C@H](O)[C@@]2(CO)C[C@H]12,ASKACUUUNFXIND-QSEYIEQOSA-N,C1CCC2C(C1)CCC2C1CCC2CC21,,34825182,1,False,False,pending_dual_review,eligible_for_primary_evidence_review,
BDB-50617314,50617314,CC1=C(C(=O)OC(C)C)C(c2ccoc2)n2c(nc3cc(Cl)ccc32)N1,FOGWPZMPWZMOAM-UHFFFAOYSA-N,C1CCC(C2CCCC3CC4CCCCC4C32)C1,10.1021/acs.jmedchem.2c01768,36517209,1,False,False,pending_dual_review,eligible_for_primary_evidence_review,
BDB-50617315,50617315,CC1=C(C(=O)OC(C)C)C(c2ccoc2)n2c(nc3cc(Br)ccc32)N1,MISOEBQUFLOPOI-UHFFFAOYSA-N,C1CCC(C2CCCC3CC4CCCCC4C32)C1,10.1021/acs.jmedchem.2c01768,36517209,1,False,False,pending_dual_review,eligible_for_primary_evidence_review,
BDB-50617316,50617316,CC1=C(C(=O)OC(C)C)[C@@H](c2ccoc2)n2c(nc3cc(Cl)ccc32)N1,FOGWPZMPWZMOAM-QGZVFWFLSA-N,C1CCC(C2CCCC3CC4CCCCC4C32)C1,,36517209,1,False,False,pending_dual_review,eligible_for_primary_evidence_review,
BDB-50627155,50627155,O=c1[nH]nc(NC2CCCC2)c2nnn(Cc3cccs3)c12,RATZCLQARSHGQO-UHFFFAOYSA-N,CC1CCC(CC2CCCC2)C2CCC(CC3CCCC3)C12,,37465301,1,False,False,pending_dual_review,eligible_for_primary_evidence_review,
BDB-50628402,50628402,CCCCC#Cc1nc(NCc2cccc(I)c2)c2nc(-c3cccs3)n([C@@H]3OC[C@@H](O)[C@H]3O)c2n1,IDPMEQMBDQUCKT-NDKUEENFSA-N,C1CCC(CCC2CCCC3C2CC(C2CCCC2)C3C2CCCC2)CC1,10.1021/acs.jmedchem.3c00806,37603705,1,False,False,pending_dual_review,eligible_for_primary_evidence_review,
BDB-50628405,50628405,O[C@@H]1[C@H](O)CS[C@H]1n1c(-c2ccco2)nc2c(NCc3cccc(I)c3)nc(Cl)nc21,YFDPVXTZPTZXLH-KPAZRMRSSA-N,C1CCC(CCC2CCCC3C2CC(C2CCCC2)C3C2CCCC2)CC1,10.1021/acs.jmedchem.3c00806,37603705,1,False,False,pending_dual_review,eligible_for_primary_evidence_review,
BDB-50628407,50628407,CNc1nc(NCCc2ccc(O)cc2)nc2c1nc(-c1ccco1)n2[C@@H]1SC[C@@H](O)[C@H]1O,DHICLAZXDLRRFW-SOIKWTOOSA-N,C1CCC(CCCC2CCC3CC(C4CCCC4)C(C4CCCC4)C3C2)CC1,10.1021/acs.jmedchem.3c00806,37603705,1,False,False,pending_dual_review,eligible_for_primary_evidence_review,
BDB-50628408,50628408,Nc1nc(NCCc2ccc(O)cc2)nc2c1nc(-c1cccs1)n2[C@@H]1SC[C@@H](O)[C@H]1O,XRKKJGGYJHRJNY-OWDMVUQNSA-N,C1CCC(CCCC2CCC3CC(C4CCCC4)C(C4CCCC4)C3C2)CC1,10.1021/acs.jmedchem.3c00806,37603705,1,False,False,pending_dual_review,eligible_for_primary_evidence_review,
BDB-50628409,50628409,CCCCC#Cc1nc(NCc2cccc(I)c2)c2nc(-c3ccco3)n([C@@H]3OC[C@@H](O)[C@H]3O)c2n1,MFUARYAVCZRFSJ-NDKUEENFSA-N,C1CCC(CCC2CCCC3C2CC(C2CCCC2)C3C2CCCC2)CC1,10.1021/acs.jmedchem.3c00806,37603705,1,False,False,pending_dual_review,eligible_for_primary_evidence_review,
BDB-50628415,50628415,O[C@@H]1[C@H](O)CS[C@H]1n1c(-c2cccs2)nc2c(NCc3cccc(I)c3)nc(Cl)nc21,JNXPMCXJWNUNKA-KPAZRMRSSA-N,C1CCC(CCC2CCCC3C2CC(C2CCCC2)C3C2CCCC2)CC1,10.1021/acs.jmedchem.3c00806,37603705,1,False,False,pending_dual_review,eligible_for_primary_evidence_review,
BDB-50628416,50628416,Nc1nc(NCCc2ccc(O)cc2)nc2c1nc(-c1ccco1)n2[C@@H]1SC[C@@H](O)[C@H]1O,OQHSBVMLIHPRJH-OWDMVUQNSA-N,C1CCC(CCCC2CCC3CC(C4CCCC4)C(C4CCCC4)C3C2)CC1,10.1021/acs.jmedchem.3c00806,37603705,1,False,False,pending_dual_review,eligible_for_primary_evidence_review,
BDB-50628417,50628417,CNc1nc(NCCc2ccc(O)cc2)nc2c1nc(-c1cccs1)n2[C@@H]1SC[C@@H](O)[C@H]1O,CVRVBIRSXOZJMD-SOIKWTOOSA-N,C1CCC(CCCC2CCC3CC(C4CCCC4)C(C4CCCC4)C3C2)CC1,10.1021/acs.jmedchem.3c00806,37603705,1,False,False,pending_dual_review,eligible_for_primary_evidence_review,
BDB-50638399,50638399,CCCCC#Cc1nc2c(NCc3cccc(I)c3)nc(-c3cccs3)nc2n1[C@@H]1SC[C@@H](O)[C@H]1O,GFRXCTJZAYPXGE-NDKUEENFSA-N,C1CCC(CCC2CC(C3CCCC3)CC3C(C4CCCC4)CCC23)CC1,,38845345,1,False,False,pending_dual_review,eligible_for_primary_evidence_review,
BDB-50638405,50638405,Nc1nc(-c2ccco2)nc2c1nc(-c1ccco1)n2[C@@H]1OC[C@@H](O)[C@H]1O,JFKRMUAVFJYHNX-KGBXAXFASA-N,C1CCC(C2CCC3CC(C4CCCC4)C(C4CCCC4)C3C2)C1,,38845345,1,False,False,pending_dual_review,eligible_for_primary_evidence_review,
BDB-50638408,50638408,CCCCC#Cc1nc2c(NCc3cccc(I)c3)nc(-c3ccco3)nc2n1[C@@H]1OC[C@@H](O)[C@H]1O,MHCWCXZJCKVOJZ-NDKUEENFSA-N,C1CCC(CCC2CC(C3CCCC3)CC3C(C4CCCC4)CCC23)CC1,,38845345,1,False,False,pending_dual_review,eligible_for_primary_evidence_review,
BDB-50638410,50638410,CCCCC#Cc1nc2c(NCc3cccc(I)c3)nc(-c3ccco3)nc2n1[C@@H]1SC[C@@H](O)[C@H]1O,WLNWEOWTCBAHCC-NDKUEENFSA-N,C1CCC(CCC2CC(C3CCCC3)CC3C(C4CCCC4)CCC23)CC1,,38845345,1,False,False,pending_dual_review,eligible_for_primary_evidence_review,
BDB-50638411,50638411,CCCCC#Cc1nc2c(NCc3cccc(I)c3)nc(-c3ccco3)nc2[nH]1,LVOSXNOZECHFKW-UHFFFAOYSA-N,C1CCC(CCC2CC(C3CCCC3)CC3CCCC32)CC1,,38845345,1,False,False,pending_dual_review,eligible_for_primary_evidence_review,
BDB-50638413,50638413,CCCCC#Cc1nc2c(NCc3cccc(I)c3)nc(-c3cccs3)nc2[nH]1,IZFMAMDDRPYNBC-UHFFFAOYSA-N,C1CCC(CCC2CC(C3CCCC3)CC3CCCC32)CC1,,38845345,1,False,False,pending_dual_review,eligible_for_primary_evidence_review,
BDB-50649071,50649071,Nc1nc2c3ccccc3nc(-c3cccs3)n2n1,XMSOXVWUIFQNHX-UHFFFAOYSA-N,C1CCC2C(C1)CC(C1CCCC1)C1CCCC21,,38669910,1,False,False,pending_dual_review,eligible_for_primary_evidence_review,
BDB-50649072,50649072,Nc1nc2c3cc(Br)ccc3nc(-c3ccccc3)n2n1,DAEVVVNWLHLTCV-UHFFFAOYSA-N,C1CCC(C2CC3CCCCC3C3CCCC23)CC1,,38669910,1,False,False,pending_dual_review,eligible_for_primary_evidence_review,
BDB-50657834,50657834,CCCCC#Cc1nc(N)c2nc(-c3ccco3)n([C@H]3[C@H](O)[C@H](O)[C@@H]4C[C@@H]43)c2n1,NNSNEBHCFZYLRN-RBGFHWGBSA-N,C1CCC2C(C1)CC(C1CCCC1)C2C1CCC2CC21,,39504593,1,False,False,pending_dual_review,eligible_for_primary_evidence_review,
BDB-50657837,50657837,CCCCC#Cc1nc(N)c2nc(-c3ccccc3)n([C@H]3[C@H](O)[C@H](O)[C@@H]4C[C@@H]43)c2n1,NYTAEGSTZWATJJ-VNEALKQTSA-N,C1CCC(C2CC3CCCCC3C2C2CCC3CC32)CC1,,39504593,1,False,False,pending_dual_review,eligible_for_primary_evidence_review,
BDB-50657840,50657840,CCCCC#Cc1nc(N)c2nc(Br)n([C@H]3[C@H](O)[C@H](O)[C@@H]4C[C@@H]43)c2n1,CZDRQJDDGKGPSM-BYHUDHONSA-N,C1CCC2C(C1)CCC2C1CCC2CC21,,39504593,1,False,False,pending_dual_review,eligible_for_primary_evidence_review,
BDB-50657841,50657841,CCCCC#Cc1ccc(-c2nc3c(N)nc(C#CCCCC)nc3n2[C@H]2[C@H](O)[C@H](O)[C@@H]3C[C@@H]32)cc1,VXRXHDKWIIPFTF-ONVPUPLMSA-N,C1CCC(C2CC3CCCCC3C2C2CCC3CC32)CC1,,39504593,1,False,False,pending_dual_review,eligible_for_primary_evidence_review,
BDB-50661375,50661375,Nc1nc(NCCN2CCN(c3ccccc3)CC2)nc2sc(-c3ccco3)nc12,JHCJZLMIAGYZFE-UHFFFAOYSA-N,C1CCC(C2CCC(CCCC3CCC4CC(C5CCCC5)CC4C3)CC2)CC1,,39799720,1,False,False,pending_dual_review,eligible_for_primary_evidence_review,
BDB-51080,51080,CCOC(=O)c1[nH]cnc1N=Nc1c(O)ccc2ccccc12,QFGQXFPLOJFEDK-UHFFFAOYSA-N,C1CCC(CCC2CCCC3CCCCC32)C1,10.1021/jm300280e,22563707,1,False,False,pending_dual_review,eligible_for_primary_evidence_review,
BDB-52091,52091,Cc1cc(O)c(C(C)C)cc1Nc1csc(=O)[nH]1,VWIPJQLHOXXUJE-UHFFFAOYSA-N,CC1CCC(CC2CCCCC2)C1,10.1021/jm201455y,22250781,1,False,False,pending_dual_review,eligible_for_primary_evidence_review,
BDB-57851,57851,Cc1cc(C)nc(NC(N)=NCCc2c[nH]c3ccccc23)n1,LRXTUBHKBZJFDW-UHFFFAOYSA-N,C1CCC(CCCCCC2CCC3CCCCC23)CC1,10.1021/jm100240h,20405927,1,False,False,pending_dual_review,eligible_for_primary_evidence_review,
BDB-81971,81971,CCn1c(=O)c2[nH]c(-c3ccccc3)nc2n(CC)c1=O,LVSWNSHUTPWCNF-UHFFFAOYSA-N,CC1CC(C)C2CC(C3CCCCC3)CC2C1,10.1007/bf00165806,2825043|3010074,2,False,False,pending_dual_review,eligible_for_primary_evidence_review,
BDB-82010,82010,CCCn1c(=O)c2[nH]c(-c3ccc(O)cc3)nc2n(CCC)c1=O,GLDYYZLOHBXJBU-UHFFFAOYSA-N,CC1CC(C)C2CC(C3CCCCC3)CC2C1,10.1021/jm00147a038,2993622,1,False,False,pending_dual_review,eligible_for_primary_evidence_review,
BDB-82012,82012,Cn1c(=O)c2[nH]c(-c3ccc(O)cc3)nc2n(C)c1=O,YGBHMJNRSBKDLF-UHFFFAOYSA-N,CC1CC(C)C2CC(C3CCCCC3)CC2C1,10.1021/jm00147a038,2993622,1,False,False,pending_dual_review,eligible_for_primary_evidence_review,
BDB-82013,82013,CCCn1c(=O)c2[nH]c(-c3ccc(Cl)cc3N)nc2n(CCC)c1=O,SENJBFBVCXOUFE-UHFFFAOYSA-N,CC1CC(C)C2CC(C3CCCCC3)CC2C1,,3010074,1,False,False,pending_dual_review,eligible_for_primary_evidence_review,
BDB-82015,82015,Cn1c(=O)c2[nH]c(-c3ccccc3)nc2n(C)c1=O,PJFMAVHETLRJHJ-UHFFFAOYSA-N,CC1CC(C)C2CC(C3CCCCC3)CC2C1,10.1021/jm00126a014,2724296|3010074,2,False,False,pending_dual_review,eligible_for_primary_evidence_review,
BDB-82021,82021,CCn1c(=O)c2[nH]cnc2n(CC)c1=O,GIMNFISWKTZFKJ-UHFFFAOYSA-N,CC1CC(C)C2CCCC2C1,10.1021/jm00118a032,3172141,1,False,False,pending_dual_review,eligible_for_primary_evidence_review,
BDB-82022,82022,Nc1nc(Nc2ccccc2)nc2c1ncn2[C@@H]1O[C@H](CO)[C@@H](O)[C@H]1O,SCNILGOVBBRMBK-SDBHATRESA-N,C1CCC(CC2CCC3CCC(C4CCCC4)C3C2)CC1,,35859869,1,False,False,pending_dual_review,eligible_for_primary_evidence_review,
BDB-82023,82023,Cn1c(=O)c2[nH]c(-c3ccc(S(=O)(=O)O)cc3)nc2n(C)c1=O,LXJSJIXZOAMHTG-UHFFFAOYSA-N,CC1CC(C)C2CC(C3CCCCC3)CC2C1,10.1021/jm00126a014,2724296,1,False,False,pending_dual_review,eligible_for_primary_evidence_review,
BDB-82025,82025,CCCn1c(=O)c2[nH]c(-c3ccccc3)nc2n(CCC)c1=O,CLIGSMOZKDCDRZ-UHFFFAOYSA-N,CC1CC(C)C2CC(C3CCCCC3)CC2C1,10.1021/jm00126a014,2724296|3010074,3,False,False,pending_dual_review,eligible_for_primary_evidence_review,
BDB-82038,82038,O=c1[nH]c(=O)c2nc3ccccc3nc2[nH]1,HAUGRYOERYOXHX-UHFFFAOYSA-N,CC1CC(C)C2CC3CCCCC3CC2C1,10.1021/jm058018d,16250647|3010074,2,False,False,pending_dual_review,eligible_for_primary_evidence_review,
BDB-82039,82039,CN(C)CCCNS(=O)(=O)c1ccc(Cc2nc3c([nH]2)c(=O)n(C)c(=O)n3C)cc1,CTMBZWKQUSZBCR-UHFFFAOYSA-N,CC1CC(C)C2CC(CC3CCCCC3)CC2C1,,3010074,1,False,False,pending_dual_review,eligible_for_primary_evidence_review,
BDB-82041,82041,Cn1c(=O)c2nc(-c3ccc([N+](=O)[O-])cc3)[nH]c2n(C)c1=O,GZKNQJOZTRVLIX-UHFFFAOYSA-N,CC1CC(C)C2CC(C3CCCCC3)CC2C1,,3010074,1,False,False,pending_dual_review,eligible_for_primary_evidence_review,
BDB-82043,82043,CCCCNc1c(C(=O)OCC)c(C)nc2c1cnn2CC,PCTRYMLLRKWXGF-UHFFFAOYSA-N,C1CCC2CCCC2C1,,3010074,1,False,False,pending_dual_review,eligible_for_primary_evidence_review,
BDB-82558,82558,CCCn1c(=O)c2[nH]c(-c3ccc(OCC(=O)O)cc3)nc2n(Cc2ccc(N)c(I)c2)c1=O,DKJMGIXWGPEEFF-UHFFFAOYSA-N,CC1CC(C)C2CC(C3CCCCC3)CC2C1CC1CCCCC1,10.1021/jm00399a010,10496952|3351850,2,False,False,pending_dual_review,eligible_for_primary_evidence_review,
BDB-85524,85524,CCNC(=O)C1OC(n2cnc3c(N)nc(C#CCOc4ccccc4)nc32)C(O)C1O,DVQXUGVOZYMGAZ-UHFFFAOYSA-N,C1CCC(CCCCC2CCC3CCC(C4CCCC4)C3C2)CC1,10.1007/s002109900044,10494877,1,False,False,pending_dual_review,eligible_for_primary_evidence_review,
BDB-85618,85618,CCCn1cc2c(nc(NC(=O)Nc3ccc(OC)cc3)n3nc(-c4ccco4)nc23)n1,CJRNHKSLHHWUAB-UHFFFAOYSA-N,CC(CC1CCCCC1)CC1CC2CCCC2C2CC(C3CCCC3)CC12,10.1016/j.bmc.2009.05.038|10.1016/j.bmc.2011.11.037|10.1016/s0960-894x(99)00674-5|10.1021/jm001047y|10.1021/jm010570p|10.1021/jm010818a|10.1021/jm0109614|10.1021/jm300323t|10.1021/jm991114s|10.1124/mol.61.2.415,10579811|10698437|10779381|11123985|11495585|11809867|11831890|12166943|19501513|22204739|22568637,11,False,False,pending_dual_review,eligible_for_primary_evidence_review,
BDB-85619,85619,CCCn1cc2c(nc(NC(=O)Nc3cccc(Cl)c3)n3nc(-c4ccco4)nc23)n1,NFDDKDIFVJEASK-UHFFFAOYSA-N,CC(CC1CCCCC1)CC1CC2CCCC2C2CC(C3CCCC3)CC12,10.1016/j.bmc.2009.05.038|10.1021/jm001047y|10.1021/jm0109614|10.1021/jm991114s,10579811|11123985|11831890|19501513,4,False,False,pending_dual_review,eligible_for_primary_evidence_review,
BDB-86759,86759,CN1C(=O)C2Nc3cccnc3C2N(C)C1=O,FISGPZSJKWVZJC-UHFFFAOYSA-N,CC1CC(C)C2CC3CCCCC3C2C1,10.1016/j.bmc.2007.02.043,17350268,1,False,False,pending_dual_review,eligible_for_primary_evidence_review,
BDB-86762,86762,CN1C(=O)C2C(c3ncccc3N2C)N(C)C1=O,LFUCBZCFKRZWDB-UHFFFAOYSA-N,CC1CC(C)C2CC3CCCCC3C2C1,10.1016/j.bmc.2007.02.043,17350268,1,False,False,pending_dual_review,eligible_for_primary_evidence_review,
BDB-86763,86763,CN1C(=O)C2C(c3ccncc3N2C)N(C)C1=O,REAWCTOZHAQDRA-UHFFFAOYSA-N,CC1CC(C)C2CC3CCCCC3C2C1,10.1016/j.bmc.2007.02.043,17350268,1,False,False,pending_dual_review,eligible_for_primary_evidence_review,
