candidate_id,bindingdb_monomer_id,standardized_smiles,standardized_inchikey,generic_murcko_scaffold_smiles,doi,pmid,sealed_exact_ki_measurement_count,prior_exact_structure_overlap,model_selection_generic_scaffold_overlap,primary_evidence_review_status,intake_status,quarantine_reasons
BDB-100268,100268,C[C@@H]1CC(n2cnc3c(NC4C5(CC5)C45CC5)nc(Cl)nc32)C(O)C1O,SMSFMZWLRUNMDM-NVGMAVIKSA-N,C1CCC(C2CCC3C(CC4C5(CC5)C45CC5)CCCC23)C1,,,1,False,False,pending_dual_review,quarantined_before_evidence_review,primary_publication_identifier_missing
BDB-100270,100270,C[C@@H]1CC(n2cnc3c(NC(C4CC4)C4CC4)ncnc32)C(O)C1O,AJJAFQJKXYYWNQ-VOXATMROSA-N,C1CCC(C2CCC3C(CC(C4CC4)C4CC4)CCCC23)C1,,,1,False,False,pending_dual_review,quarantined_before_evidence_review,primary_publication_identifier_missing
BDB-104773,104773,C[C@@H]1CC(n2cnc3c(NC(C4CCC4)C4CCC4)ncnc32)C(O)C1O,IJCLRSPQXRHBHE-CZSYGMEJSA-N,C1CC(C(CC2CCCC3C(C4CCCC4)CCC23)C2CCC2)C1,,,1,False,False,pending_dual_review,quarantined_before_evidence_review,primary_publication_identifier_missing
BDB-104785,104785,OC[C@H]1O[C@@H](n2cnc3c(NC(C4CC4)C4CC4)nc(Cl)nc32)[C@@H](O)C1O,HAMCUNFMNVTSNL-TVHOOIBVSA-N,C1CCC(C2CCC3C(CC(C4CC4)C4CC4)CCCC23)C1,,,1,False,False,pending_dual_review,quarantined_before_evidence_review,primary_publication_identifier_missing
BDB-104786,104786,OC[C@H]1O[C@@H](n2cnc3c(NC4C5(CC5)C45CC5)nc(Cl)nc32)[C@@H](O)C1O,FVQGJKHEUJWFHN-CXOKJZQJSA-N,C1CCC(C2CCC3C(CC4C5(CC5)C45CC5)CCCC23)C1,,,1,False,False,pending_dual_review,quarantined_before_evidence_review,primary_publication_identifier_missing
BDB-104787,104787,OC[C@H]1O[C@@H](n2cnc3c(NC(C4CCC4)C4CCC4)nc(Cl)nc32)[C@@H](O)C1O,WRZNTZAVIFSIPG-VMUDKSKOSA-N,C1CC(C(CC2CCCC3C(C4CCCC4)CCC23)C2CCC2)C1,,,1,False,False,pending_dual_review,quarantined_before_evidence_review,primary_publication_identifier_missing
BDB-104795,104795,OC[C@H]1O[C@@H](n2cnc3c(NC(C4CC4)C4CC4)ncnc32)[C@@H](O)C1O,RAVOWCMWQXNPDU-WYNAFHSXSA-N,C1CCC(C2CCC3C(CC(C4CC4)C4CC4)CCCC23)C1,,,1,False,False,pending_dual_review,quarantined_before_evidence_review,primary_publication_identifier_missing
BDB-104797,104797,OC[C@H]1O[C@@H](n2cnc3c(NC(C4CCC4)C4CCC4)ncnc32)[C@@H](O)C1O,VQFKOPZALUTGKJ-OVMZWLKVSA-N,C1CC(C(CC2CCCC3C(C4CCCC4)CCC23)C2CCC2)C1,,,1,False,False,pending_dual_review,quarantined_before_evidence_review,primary_publication_identifier_missing
BDB-10847,10847,Cn1c(=O)c2[nH]cnc2n(C)c1=O,ZFXYFBGIUFBOJW-UHFFFAOYSA-N,CC1CC(C)C2CCCC2C1,10.1007/pl00005131|10.1016/j.bmc.2008.04.039|10.1016/j.bmc.2010.01.072|10.1016/j.bmc.2010.02.014|10.1016/j.bmcl.2004.11.044|10.1021/jm00044a018|10.1021/jm00062a010|10.1021/jm000936i|10.1021/jm00118a032|10.1021/jm00126a014|10.1021/jm031136l|10.1021/jm0504149|10.1021/jm051268+|10.1021/jm060373w|10.1021/jm070123v|10.1021/jm8014876|10.1021/jm900413e,10496952|10956220|15214785|15664822|16335918|16759111|16789747|17665891|18468446|19301821|19569717|20188574|20202853|2724296|3172141|34695776|8071944|8496906|9459566,22,True,False,pending_dual_review,quarantined_before_evidence_review,exact_structure_previously_visible
BDB-10849,10849,Cn1c(=O)c2c(ncn2C)n(C)c1=O,RYYVLZVUVIJVGH-UHFFFAOYSA-N,CC1CC(C)C2CCCC2C1,10.1016/j.bmc.2008.01.041|10.1016/j.bmc.2009.05.036|10.1016/j.bmc.2013.09.044|10.1016/j.bmc.2016.09.003|10.1016/j.bmc.2019.02.004|10.1016/j.ejmech.2011.05.023|10.1016/j.ejmech.2019.111879|10.1021/acs.jmedchem.0c00237|10.1021/acs.jmedchem.7b01627|10.1021/jm00044a018|10.1021/jm00126a014|10.1021/jm2003798|10.1021/jm4011669,18262425|19481943|21661720|21664729|24139167|24164628|2724296|27658798|29681156|30808606|31780082|32667814|34695776|8071944,15,True,False,pending_dual_review,quarantined_before_evidence_review,exact_structure_previously_visible
BDB-128295,128295,Nc1nc(-n2cccn2)nc(-n2cccn2)c1Br,ATFXVNUWQOXRRU-UHFFFAOYSA-N,C1CCC(C2CCCC(C3CCCC3)C2)C1,10.1021/acs.jmedchem.0c00237,32667814|34695776,4,True,True,pending_dual_review,quarantined_before_evidence_review,exact_structure_previously_visible|generic_scaffold_overlaps_model_selection
BDB-128296,128296,Nc1nc(-n2cccn2)nc(N2CCCC2)c1Br,RZNYFNPNRHLKTG-UHFFFAOYSA-N,C1CCC(C2CCCC(C3CCCC3)C2)C1,,,1,False,True,pending_dual_review,quarantined_before_evidence_review,generic_scaffold_overlaps_model_selection|primary_publication_identifier_missing
BDB-128297,128297,Nc1nc(-n2cccn2)nc(NC2CCCC2)c1Br,CQMIUDXRCZBOOY-UHFFFAOYSA-N,C1CCC(CC2CCCC(C3CCCC3)C2)C1,,,1,False,False,pending_dual_review,quarantined_before_evidence_review,primary_publication_identifier_missing
BDB-128298,128298,Nc1nc(-n2cccn2)nc(N2CCCCC2)c1Br,JJVSQYWMMZXTGT-UHFFFAOYSA-N,C1CCC(C2CCCC(C3CCCC3)C2)CC1,,,1,False,True,pending_dual_review,quarantined_before_evidence_review,generic_scaffold_overlaps_model_selection|primary_publication_identifier_missing
BDB-128299,128299,Nc1nc(-n2cccn2)nc(NC2CC2)c1Br,DNWLPKMXZITGRO-UHFFFAOYSA-N,C1CCC(C2CCCC(CC3CC3)C2)C1,,,2,True,False,pending_dual_review,quarantined_before_evidence_review,exact_structure_previously_visible|primary_publication_identifier_missing
BDB-128300,128300,Nc1nc(-n2cccn2)nc(N2CCC2)c1Br,BBAXFDLDZBPZRN-UHFFFAOYSA-N,C1CCC(C2CCCC(C3CCC3)C2)C1,,,1,False,False,pending_dual_review,quarantined_before_evidence_review,primary_publication_identifier_missing
BDB-128301,128301,Nc1nc(-n2cccn2)nc(NC2CCC2)c1Br,VUEAJDKKLYSRME-UHFFFAOYSA-N,C1CC(CC2CCCC(C3CCCC3)C2)C1,,,1,False,False,pending_dual_review,quarantined_before_evidence_review,primary_publication_identifier_missing
BDB-128302,128302,CN(C)c1nc(-n2cccn2)nc(N)c1Br,XFEJMGUHELBLFD-UHFFFAOYSA-N,C1CCC(C2CCCC2)CC1,,,2,True,True,pending_dual_review,quarantined_before_evidence_review,exact_structure_previously_visible|generic_scaffold_overlaps_model_selection|primary_publication_identifier_missing
BDB-128303,128303,COC[C@H]1CCCN1c1nc(-n2cccn2)nc(N)c1Br,OYRRDHILGFQVLW-SECBINFHSA-N,C1CCC(C2CCCC(C3CCCC3)C2)C1,,,1,False,True,pending_dual_review,quarantined_before_evidence_review,generic_scaffold_overlaps_model_selection|primary_publication_identifier_missing
BDB-128304,128304,CNc1nc(-n2cccn2)nc(N)c1Br,HCOMUGNFBLXSBR-UHFFFAOYSA-N,C1CCC(C2CCCC2)CC1,,,1,False,True,pending_dual_review,quarantined_before_evidence_review,generic_scaffold_overlaps_model_selection|primary_publication_identifier_missing
BDB-128305,128305,Nc1nc(-n2cccn2)nc(NCC2CC2)c1Br,NVURDYXPWZOTGE-UHFFFAOYSA-N,C1CCC(C2CCCC(CCC3CC3)C2)C1,,,1,False,False,pending_dual_review,quarantined_before_evidence_review,primary_publication_identifier_missing
BDB-128306,128306,CCSc1nc(-n2cccn2)nc(N)c1Br,VXYGLBSNBUIORN-UHFFFAOYSA-N,C1CCC(C2CCCC2)CC1,,,1,False,True,pending_dual_review,quarantined_before_evidence_review,generic_scaffold_overlaps_model_selection|primary_publication_identifier_missing
BDB-128307,128307,CC(C)Sc1nc(-n2cccn2)nc(N)c1Br,SFZCZMOHXMUHDZ-UHFFFAOYSA-N,C1CCC(C2CCCC2)CC1,,,1,False,True,pending_dual_review,quarantined_before_evidence_review,generic_scaffold_overlaps_model_selection|primary_publication_identifier_missing
BDB-128308,128308,Nc1nc(-n2cccn2)nc(OCC(F)(F)F)c1Br,FWJUNYDCSATLOX-UHFFFAOYSA-N,C1CCC(C2CCCC2)CC1,,,1,False,True,pending_dual_review,quarantined_before_evidence_review,generic_scaffold_overlaps_model_selection|primary_publication_identifier_missing
BDB-128309,128309,Nc1nc(-n2cccn2)nc(-n2cccn2)c1Cl,NSIBZHWOMMEPMS-UHFFFAOYSA-N,C1CCC(C2CCCC(C3CCCC3)C2)C1,,,1,False,True,pending_dual_review,quarantined_before_evidence_review,generic_scaffold_overlaps_model_selection|primary_publication_identifier_missing
BDB-128310,128310,N#Cc1c(N)nc(-n2cccn2)nc1-n1cccn1,IRLWKWMOWQSPSY-UHFFFAOYSA-N,C1CCC(C2CCCC(C3CCCC3)C2)C1,,,1,False,True,pending_dual_review,quarantined_before_evidence_review,generic_scaffold_overlaps_model_selection|primary_publication_identifier_missing
BDB-128311,128311,Nc1nc(-c2nccs2)nc(-c2nccs2)c1Br,HPPADDHIDIGPDJ-UHFFFAOYSA-N,C1CCC(C2CCCC(C3CCCC3)C2)C1,,,2,True,True,pending_dual_review,quarantined_before_evidence_review,exact_structure_previously_visible|generic_scaffold_overlaps_model_selection|primary_publication_identifier_missing
BDB-14487,14487,Nc1ncnc2c1ncn2[C@@H]1O[C@H](CO)[C@@H](O)[C@H]1O,OIRDTQYFTABQOQ-KQYNXXCUSA-N,C1CCC2C(C1)CCC2C1CCCC1,10.1016/j.ejmech.2019.06.050|10.1021/jm201461q,22104008|31255928|35859869,3,True,True,pending_dual_review,quarantined_before_evidence_review,exact_structure_previously_visible|generic_scaffold_overlaps_model_selection
BDB-152526,152526,C=CC(=O)Nc1cc2ccccc2oc1=O,OLVMBBCCJJVATF-UHFFFAOYSA-N,CC1CCC2CCCCC2C1,10.1016/j.bioorg.2015.05.008,26042529,1,False,True,pending_dual_review,quarantined_before_evidence_review,generic_scaffold_overlaps_model_selection
BDB-156361,156361,OC1CS[C@@H](n2cnc3c(NCc4cccc(F)c4)nc(Cl)nc32)[C@H]1O,YIHCHMWFJKTKDU-PMPKIWSKSA-N,C1CCC(CCC2CCCC3C(C4CCCC4)CCC23)CC1,,,1,False,True,pending_dual_review,quarantined_before_evidence_review,generic_scaffold_overlaps_model_selection|primary_publication_identifier_missing
BDB-156362,156362,OC1CS[C@@H](n2cnc3c(NCc4cccc(Cl)c4)nc(Cl)nc32)[C@H]1O,JQUBXCDDRXAMLF-PMPKIWSKSA-N,C1CCC(CCC2CCCC3C(C4CCCC4)CCC23)CC1,,,1,False,True,pending_dual_review,quarantined_before_evidence_review,generic_scaffold_overlaps_model_selection|primary_publication_identifier_missing
BDB-156363,156363,OC1CS[C@@H](n2cnc3c(NCc4cccc(Br)c4)nc(Cl)nc32)[C@H]1O,HMQUFUXKXUSFFV-PMPKIWSKSA-N,C1CCC(CCC2CCCC3C(C4CCCC4)CCC23)CC1,,,1,False,True,pending_dual_review,quarantined_before_evidence_review,generic_scaffold_overlaps_model_selection|primary_publication_identifier_missing
BDB-156364,156364,OC1CS[C@@H](n2cnc3c(NCc4cccc(I)c4)nc(Cl)nc32)[C@H]1O,QMJFSSNSVVHFPD-PMPKIWSKSA-N,C1CCC(CCC2CCCC3C(C4CCCC4)CCC23)CC1,,,2,False,True,pending_dual_review,quarantined_before_evidence_review,generic_scaffold_overlaps_model_selection|primary_publication_identifier_missing
BDB-156365,156365,OC1CS[C@@H](n2cnc3c(NCc4ccccc4Cl)nc(Cl)nc32)[C@H]1O,XUIYCLQDMOOVSQ-PMPKIWSKSA-N,C1CCC(CCC2CCCC3C(C4CCCC4)CCC23)CC1,,,2,False,True,pending_dual_review,quarantined_before_evidence_review,generic_scaffold_overlaps_model_selection|primary_publication_identifier_missing
BDB-156366,156366,COc1ccc(Cl)cc1CNc1nc(Cl)nc2c1ncn2[C@@H]1SCC(O)[C@@H]1O,LJLMHEFJMXWPHX-ALWGXXCGSA-N,C1CCC(CCC2CCCC3C(C4CCCC4)CCC23)CC1,,,2,False,True,pending_dual_review,quarantined_before_evidence_review,generic_scaffold_overlaps_model_selection|primary_publication_identifier_missing
BDB-156367,156367,COc1ccccc1CNc1nc(Cl)nc2c1ncn2[C@@H]1SCC(O)[C@@H]1O,IXGMDIBYUXOUSR-ALWGXXCGSA-N,C1CCC(CCC2CCCC3C(C4CCCC4)CCC23)CC1,,,1,False,True,pending_dual_review,quarantined_before_evidence_review,generic_scaffold_overlaps_model_selection|primary_publication_identifier_missing
BDB-156368,156368,OC1CS[C@@H](n2cnc3c(NCc4cccc5ccccc45)nc(Cl)nc32)[C@H]1O,SBJORAVUWWLBAK-WHJCRDCLSA-N,C1CCC2C(C1)CCCC2CCC1CCCC2C(C3CCCC3)CCC12,,,1,False,False,pending_dual_review,quarantined_before_evidence_review,primary_publication_identifier_missing
BDB-156369,156369,CNc1nc(Cl)nc2c1ncn2[C@@H]1SCC(O)[C@@H]1O,ANLGHWMSNKUOET-DHSJVARPSA-N,C1CCC2C(C1)CCC2C1CCCC1,,,1,False,True,pending_dual_review,quarantined_before_evidence_review,generic_scaffold_overlaps_model_selection|primary_publication_identifier_missing
BDB-156370,156370,OC1CS[C@@H](n2cnc3c(NCc4cccc(F)c4)ncnc32)[C@H]1O,YDNYUMZDXCVVRT-GRLMSTMOSA-N,C1CCC(CCC2CCCC3C(C4CCCC4)CCC23)CC1,,,2,False,True,pending_dual_review,quarantined_before_evidence_review,generic_scaffold_overlaps_model_selection|primary_publication_identifier_missing
BDB-156371,156371,OC1CS[C@@H](n2cnc3c(NCc4cccc(Cl)c4)ncnc32)[C@H]1O,CKXSTCOOOXXOLA-GRLMSTMOSA-N,C1CCC(CCC2CCCC3C(C4CCCC4)CCC23)CC1,,,2,False,True,pending_dual_review,quarantined_before_evidence_review,generic_scaffold_overlaps_model_selection|primary_publication_identifier_missing
BDB-156372,156372,OC1CS[C@@H](n2cnc3c(NCc4cccc(Br)c4)ncnc32)[C@H]1O,YPCLFHBYRDLMJY-GRLMSTMOSA-N,C1CCC(CCC2CCCC3C(C4CCCC4)CCC23)CC1,,,2,False,True,pending_dual_review,quarantined_before_evidence_review,generic_scaffold_overlaps_model_selection|primary_publication_identifier_missing
BDB-156373,156373,OC1CS[C@@H](n2cnc3c(NCc4cccc(I)c4)ncnc32)[C@H]1O,IDVXTFYPPUNLDO-GRLMSTMOSA-N,C1CCC(CCC2CCCC3C(C4CCCC4)CCC23)CC1,,,2,False,True,pending_dual_review,quarantined_before_evidence_review,generic_scaffold_overlaps_model_selection|primary_publication_identifier_missing
BDB-156374,156374,OC1CO[C@@H](n2cnc3c(NCc4cccc(Br)c4)nc(Cl)nc32)[C@H]1O,BMUNWGDQGOJGOE-PMPKIWSKSA-N,C1CCC(CCC2CCCC3C(C4CCCC4)CCC23)CC1,,,1,False,True,pending_dual_review,quarantined_before_evidence_review,generic_scaffold_overlaps_model_selection|primary_publication_identifier_missing
BDB-156375,156375,OC1CO[C@@H](n2cnc3c(NCc4cccc(I)c4)nc(Cl)nc32)[C@H]1O,IYAFDRKTMVINNA-PMPKIWSKSA-N,C1CCC(CCC2CCCC3C(C4CCCC4)CCC23)CC1,,,1,False,True,pending_dual_review,quarantined_before_evidence_review,generic_scaffold_overlaps_model_selection|primary_publication_identifier_missing
BDB-158409,158409,[C-]#[N+]c1ccc2ncc(C(=O)c3ccc(C(=O)N(CC)C4CCCCC4)cc3)n2c1,LCPHQBYSMJYKTG-UHFFFAOYSA-N,CC(CC1CCCCC1)C1CCC(C(C)C2CCC3CCCCC32)CC1,,,1,False,False,pending_dual_review,quarantined_before_evidence_review,primary_publication_identifier_missing
BDB-158410,158410,CCN(C(=O)c1ccc(C(=O)c2cnc3ccc(Br)cn23)cc1)C1CCCCC1,PICURCPPZHMBQS-UHFFFAOYSA-N,CC(CC1CCCCC1)C1CCC(C(C)C2CCC3CCCCC32)CC1,,,1,False,False,pending_dual_review,quarantined_before_evidence_review,primary_publication_identifier_missing
BDB-158411,158411,CCN(C(=O)c1ccc(C(=O)c2cnc3ccccn23)nc1)C1CCCCC1,ILFJGLLPZRFLET-UHFFFAOYSA-N,CC(CC1CCCCC1)C1CCC(C(C)C2CCC3CCCCC32)CC1,,,1,False,False,pending_dual_review,quarantined_before_evidence_review,primary_publication_identifier_missing
BDB-158412,158412,CCN(C(=O)c1ccc(C(=O)c2cnc3ccc(F)cn23)cc1Cl)C1CCCCC1,RZGFKTRVOUYQQN-UHFFFAOYSA-N,CC(CC1CCCCC1)C1CCC(C(C)C2CCC3CCCCC32)CC1,,,1,False,False,pending_dual_review,quarantined_before_evidence_review,primary_publication_identifier_missing
BDB-158413,158413,Nc1cc(C(=O)N2CCCCCC2)ccc1C(=O)c1cnc2ccc(F)cn12,GVQJFUYQVZPPBR-UHFFFAOYSA-N,CC(C1CCCCCC1)C1CCC(C(C)C2CCC3CCCCC32)CC1,,,1,False,False,pending_dual_review,quarantined_before_evidence_review,primary_publication_identifier_missing
BDB-158414,158414,O=C(c1ccc(C(=O)N(C2CCCCC2)C2CCCCC2)cc1)c1cnc2ccccn12,DACZXRLASUCKDD-UHFFFAOYSA-N,CC(C1CCC(C(C)C(C2CCCCC2)C2CCCCC2)CC1)C1CCC2CCCCC21,,,1,False,False,pending_dual_review,quarantined_before_evidence_review,primary_publication_identifier_missing
BDB-158415,158415,CCN(C(=O)c1ccc(C(=O)c2cnc3ccccn23)cc1)c1ccccc1,MOOIKZDVFDZDQX-UHFFFAOYSA-N,CC(CC1CCCCC1)C1CCC(C(C)C2CCC3CCCCC32)CC1,,,1,False,False,pending_dual_review,quarantined_before_evidence_review,primary_publication_identifier_missing
BDB-158416,158416,O=C(c1ccc(C(=O)N2CCCc3ccccc32)cc1)c1cnc2ccccn12,DIONXHCXPVUSIO-UHFFFAOYSA-N,CC(C1CCC(C(C)C2CCC3CCCCC32)CC1)C1CCCC2CCCCC21,,,1,False,False,pending_dual_review,quarantined_before_evidence_review,primary_publication_identifier_missing
BDB-158417,158417,Cn1nc(-c2cnc3ccc(F)cn23)c2ccc(C(=O)N3CCCCCC3)cc21,UHHQVFISQIWHNE-UHFFFAOYSA-N,CC(C1CCCCCC1)C1CCC2C(CCC2C2CCC3CCCCC32)C1,,,1,False,False,pending_dual_review,quarantined_before_evidence_review,primary_publication_identifier_missing
BDB-158418,158418,Cn1nc(-c2cnc3ccc(C(F)(F)F)cn23)c2ccc(C(=O)N3CCCCCC3)cc21,QJVANQWLCDXXMG-UHFFFAOYSA-N,CC(C1CCCCCC1)C1CCC2C(CCC2C2CCC3CCCCC32)C1,,,1,False,False,pending_dual_review,quarantined_before_evidence_review,primary_publication_identifier_missing
BDB-158419,158419,Cn1nc(-c2cnc3ccc(F)cn23)c2ccc(C(=O)N3CCCCCCC3)cc21,LNFQZISFKWDTLB-UHFFFAOYSA-N,CC(C1CCCCCCC1)C1CCC2C(CCC2C2CCC3CCCCC32)C1,,,1,False,False,pending_dual_review,quarantined_before_evidence_review,primary_publication_identifier_missing
BDB-158420,158420,O=C(c1ccc2c(-c3cnc4ccc(F)cn34)nn(Cc3ccccc3)c2c1)N1CCCCCC1,QOVYCZMAVLCEJF-UHFFFAOYSA-N,CC(C1CCCCCC1)C1CCC2C(C1)C(CC1CCCCC1)CC2C1CCC2CCCCC21,,,1,False,False,pending_dual_review,quarantined_before_evidence_review,primary_publication_identifier_missing
BDB-158421,158421,CN1CCN(C(=O)n2nc(-c3cnc4ccc(F)cn34)c3ccc(C(=O)N4CCCCCC4)cc32)CC1,SZQAEQZORIFLTJ-UHFFFAOYSA-N,CC(C1CCCCCC1)C1CCC2C(C1)C(C(C)C1CCCCC1)CC2C1CCC2CCCCC21,,,1,False,False,pending_dual_review,quarantined_before_evidence_review,primary_publication_identifier_missing
BDB-158422,158422,[C-]#[N+]c1ccc2ncc(-c3noc4cc(C(=O)N5CCOCC5)ccc34)n2c1,IXNICTFAAMRHNZ-UHFFFAOYSA-N,CC(C1CCCCC1)C1CCC2C(CCC2C2CCC3CCCCC32)C1,,,1,False,False,pending_dual_review,quarantined_before_evidence_review,primary_publication_identifier_missing
BDB-158423,158423,CCN(C(=O)c1ccc2nc(-c3cnc4ccccn34)oc2c1)C1CCCCC1,ANKXUVKUUKWNJU-UHFFFAOYSA-N,CC(CC1CCCCC1)C1CCC2CC(C3CCC4CCCCC43)CC2C1,,,1,False,False,pending_dual_review,quarantined_before_evidence_review,primary_publication_identifier_missing
BDB-158424,158424,O=C(c1ccc2c(c1)nnn2-c1cnc2ccc(F)cn12)N1CCCCCC1,URNCSWGGFSAWPD-UHFFFAOYSA-N,CC(C1CCCCCC1)C1CCC2C(CCC2C2CCC3CCCCC32)C1,,,1,False,False,pending_dual_review,quarantined_before_evidence_review,primary_publication_identifier_missing
BDB-158425,158425,O=C(c1ccc2c(-c3cnc4ccc(F)cn34)c[nH]c2c1)N1CCCCCC1,OYFDSVYUUABMAR-UHFFFAOYSA-N,CC(C1CCCCCC1)C1CCC2C(CCC2C2CCC3CCCCC32)C1,,,1,False,False,pending_dual_review,quarantined_before_evidence_review,primary_publication_identifier_missing
BDB-158426,158426,Nc1nc(-c2cnc3ccc(F)cn23)c2ccc(C(=O)N3CCCCCC3)cc2n1,KAUYYUTZOLDHOF-UHFFFAOYSA-N,CC(C1CCCCCC1)C1CCC2C(CCCC2C2CCC3CCCCC32)C1,,,1,False,False,pending_dual_review,quarantined_before_evidence_review,primary_publication_identifier_missing
BDB-158427,158427,CCN(C(=O)c1ccc(C(=O)c2cnc3ccc(Cl)nn23)cc1)C1CCCCC1,WURNROSIJDLPMN-UHFFFAOYSA-N,CC(CC1CCCCC1)C1CCC(C(C)C2CCC3CCCCC32)CC1,,,1,False,False,pending_dual_review,quarantined_before_evidence_review,primary_publication_identifier_missing
BDB-175371,175371,Cn1c(=O)c2[nH]c(-c3ccc(OCC(=O)N4CCCCC4)cc3)nc2n(C)c1=O,YOBQPFOVDQGNEV-UHFFFAOYSA-N,CC1CC(C)C2CC(C3CCC(CCC(C)C4CCCCC4)CC3)CC2C1,10.1016/j.bioorg.2016.01.003,26851736,1,False,True,pending_dual_review,quarantined_before_evidence_review,generic_scaffold_overlaps_model_selection
BDB-175373,175373,CN1C(=O)C2NC(c3ccc(OCC(=O)N4CCOCC4)cc3)=NC2N(C)C1=O,QLAJNJXYWFVPBN-UHFFFAOYSA-N,CC1CC(C)C2CC(C3CCC(CCC(C)C4CCCCC4)CC3)CC2C1,10.1016/j.bioorg.2016.01.003,26851736,1,False,True,pending_dual_review,quarantined_before_evidence_review,generic_scaffold_overlaps_model_selection
BDB-175374,175374,CN1CCN(C(=O)COc2ccc(C3=NC4C(N3)C(=O)N(C)C(=O)N4C)cc2)CC1,HBOSMKWFLXUBLY-UHFFFAOYSA-N,CC1CC(C)C2CC(C3CCC(CCC(C)C4CCCCC4)CC3)CC2C1,10.1016/j.bioorg.2016.01.003,26851736,1,False,True,pending_dual_review,quarantined_before_evidence_review,generic_scaffold_overlaps_model_selection
BDB-175389,175389,COc1cc(-c2nc3c([nH]2)c(=O)n(C)c(=O)n3C)ccc1OCC(=O)N1CCCCC1,WFLGRDUCNJNMNI-UHFFFAOYSA-N,CC1CC(C)C2CC(C3CCC(CCC(C)C4CCCCC4)CC3)CC2C1,10.1016/j.bioorg.2016.01.003,26851736,1,False,True,pending_dual_review,quarantined_before_evidence_review,generic_scaffold_overlaps_model_selection
BDB-175391,175391,COc1cc(-c2nc3c([nH]2)c(=O)n(C)c(=O)n3C)ccc1OCC(=O)N1CCOCC1,YSMSNIVQSRISSP-UHFFFAOYSA-N,CC1CC(C)C2CC(C3CCC(CCC(C)C4CCCCC4)CC3)CC2C1,10.1016/j.bioorg.2016.01.003,26851736,1,False,True,pending_dual_review,quarantined_before_evidence_review,generic_scaffold_overlaps_model_selection
BDB-175392,175392,COc1cc(-c2nc3c([nH]2)c(=O)n(C)c(=O)n3C)ccc1OCC(=O)N1CCN(C)CC1,CKJJCLAGQDVVOH-UHFFFAOYSA-N,CC1CC(C)C2CC(C3CCC(CCC(C)C4CCCCC4)CC3)CC2C1,10.1016/j.bioorg.2016.01.003,26851736,1,False,True,pending_dual_review,quarantined_before_evidence_review,generic_scaffold_overlaps_model_selection
BDB-181010,181010,Cn1c(-n2nccn2)nc2c(N)nc(CCCCO)nc21,LXKQSSJIYWOEPP-UHFFFAOYSA-N,C1CCC(C2CC3CCCCC3C2)C1,10.1021/jm400491x,23789814,2,True,True,pending_dual_review,quarantined_before_evidence_review,exact_structure_previously_visible|generic_scaffold_overlaps_model_selection
BDB-181011,181011,C[C@H](O)CCc1nc(N)c2nc(-n3nccn3)n(C)c2n1,HMSFWLUZEDMXMM-ZETCQYMHSA-N,C1CCC(C2CC3CCCCC3C2)C1,10.1021/jm400491x,23789814,2,True,True,pending_dual_review,quarantined_before_evidence_review,exact_structure_previously_visible|generic_scaffold_overlaps_model_selection
BDB-181012,181012,C[C@@H](O)CCc1nc(N)c2nc(-n3nccn3)n(C)c2n1,HMSFWLUZEDMXMM-SSDOTTSWSA-N,C1CCC(C2CC3CCCCC3C2)C1,10.1021/jm400491x,23789814,2,True,True,pending_dual_review,quarantined_before_evidence_review,exact_structure_previously_visible|generic_scaffold_overlaps_model_selection
BDB-181013,181013,CCCC(O)c1nc(N)c2nc(-n3nccn3)n(C)c2n1,WGABQFRWHDCFEU-UHFFFAOYSA-N,C1CCC(C2CC3CCCCC3C2)C1,10.1021/jm400491x,23789814,2,True,True,pending_dual_review,quarantined_before_evidence_review,exact_structure_previously_visible|generic_scaffold_overlaps_model_selection
BDB-181014,181014,CCCC(=O)c1nc(N)c2nc(-n3nccn3)n(C)c2n1,DCITZRYVYKMQQH-UHFFFAOYSA-N,C1CCC(C2CC3CCCCC3C2)C1,,,1,False,True,pending_dual_review,quarantined_before_evidence_review,generic_scaffold_overlaps_model_selection|primary_publication_identifier_missing
BDB-191045,191045,O[C@H]1[C@@H](O)C[C@@]2(n3cnc4c(NC5CC5)nc(Cl)nc43)C[C@@H]12,CEIXIMCVWLWYRD-AGZVQKLTSA-N,C1CC(CC2CC2)C2CCC(C34CCCC3C4)C2C1,,,1,False,False,pending_dual_review,quarantined_before_evidence_review,primary_publication_identifier_missing
BDB-191046,191046,O[C@H]1[C@@H](O)C[C@@]2(n3cnc4c(NC5CCC5)nc(Cl)nc43)C[C@@H]12,CUKGATIWMXMKCG-WKGDZTOBSA-N,C1CC(CC2CCCC3C2CCC3C23CCCC2C3)C1,,,1,False,False,pending_dual_review,quarantined_before_evidence_review,primary_publication_identifier_missing
BDB-191050,191050,O[C@H]1[C@@H](O)C[C@@]2(n3cnc4c(NC5CCCCC5)nc(Cl)nc43)C[C@@H]12,FBEAKVULROEXMT-ORMQQPANSA-N,C1CCC(CC2CCCC3C2CCC3C23CCCC2C3)CC1,,,1,False,False,pending_dual_review,quarantined_before_evidence_review,primary_publication_identifier_missing
BDB-191051,191051,O[C@H]1[C@@H](O)C[C@@]2(n3cnc4c(NC5CCCCCC5)nc(Cl)nc43)C[C@@H]12,OFGOSNGPCLQGJG-LFPKGMGHSA-N,C1CCCC(CC2CCCC3C2CCC3C23CCCC2C3)CC1,,,1,False,False,pending_dual_review,quarantined_before_evidence_review,primary_publication_identifier_missing
BDB-191053,191053,O[C@H]1[C@@H](O)C[C@@]2(n3cnc4c(NC5CC6CCC5C6)nc(Cl)nc43)C[C@@H]12,CXBQRTGJJCJHGX-DOROLRBCSA-N,C1CC(CC2CC3CCC2C3)C2CCC(C34CCCC3C4)C2C1,,,1,False,False,pending_dual_review,quarantined_before_evidence_review,primary_publication_identifier_missing
BDB-191054,191054,O[C@H]1[C@@H](O)C[C@@]2(n3cnc4c(NC5CC6CCC5C6)nc(Cl)nc43)C[C@@H]12,CXBQRTGJJCJHGX-DOROLRBCSA-N,C1CC(CC2CC3CCC2C3)C2CCC(C34CCCC3C4)C2C1,,,1,False,False,pending_dual_review,quarantined_before_evidence_review,primary_publication_identifier_missing
BDB-191056,191056,CCC(CC)Nc1nc(Cl)nc2c1ncn2[C@@]12C[C@H](O)[C@H](O)[C@@H]1C2,AYMVFKSATLYCPH-XQDRIVNHSA-N,C1CCC2C(C1)CCC2C12CCCC1C2,,,1,False,False,pending_dual_review,quarantined_before_evidence_review,primary_publication_identifier_missing
BDB-191057,191057,O[C@H]1[C@@H](O)C[C@@]2(n3cnc4c(NCC5CC5)nc(Cl)nc43)C[C@@H]12,VDWGKCZTRLYCCA-WKGDZTOBSA-N,C1CC(CCC2CC2)C2CCC(C34CCCC3C4)C2C1,,,1,False,False,pending_dual_review,quarantined_before_evidence_review,primary_publication_identifier_missing
BDB-191059,191059,O[C@H]1[C@@H](O)C[C@@]2(n3cnc4c(NC(C5CC5)C5CC5)nc(Cl)nc43)C[C@@H]12,WNEOEKVCVVPLCJ-ZZUUJNIESA-N,C1CC(CC(C2CC2)C2CC2)C2CCC(C34CCCC3C4)C2C1,,,1,False,False,pending_dual_review,quarantined_before_evidence_review,primary_publication_identifier_missing
BDB-191066,191066,OCc1cc(F)c(F)cc1CNc1nc(Cl)nc2c1ncn2[C@@]12C[C@H](O)[C@H](O)[C@@H]1C2,FCXFKNMITJNUQK-QUPAPELASA-N,C1CCC(CCC2CCCC3C2CCC3C23CCCC2C3)CC1,,,1,False,False,pending_dual_review,quarantined_before_evidence_review,primary_publication_identifier_missing
BDB-191067,191067,Nc1nc(Cl)nc2c1ncn2[C@@]12C[C@H](O)[C@H](O)[C@@H]1C2,FPUWZABNVPWCTR-CCCMEWHLSA-N,C1CCC2C(C1)CCC2C12CCCC1C2,,,1,False,False,pending_dual_review,quarantined_before_evidence_review,primary_publication_identifier_missing
BDB-198126,198126,CNC(=O)C1OC(n2cnc3c(NCc4cccc(I)c4)nc(Cl)nc32)C(O)C1O,IPSYPUKKXMNCNQ-UHFFFAOYSA-N,C1CCC(CCC2CCCC3C(C4CCCC4)CCC23)CC1,10.1111/cbdd.12801,27282729,1,False,True,pending_dual_review,quarantined_before_evidence_review,generic_scaffold_overlaps_model_selection
BDB-204853,204853,Cn1cc2c(nc(NNC(=S)Nc3ccc(-c4c5ccc(=O)cc-5oc5cc(O)ccc45)c(C(=O)O)c3)n3nc(-c4ccco4)nc23)n1,WNVCMUJTUUNZEO-UHFFFAOYSA-N,CC(CCC1CC2CCCC2C2CC(C3CCCC3)CC12)CC1CCC(C2C3CCCCC3CC3CC(C)CCC32)CC1,,,1,False,False,pending_dual_review,quarantined_before_evidence_review,primary_publication_identifier_missing
BDB-204854,204854,Cn1cc2c(nc(NCCCNC(=S)Nc3ccc(-c4c5ccc(=O)cc-5oc5cc(O)ccc45)c(C(=O)O)c3)n3nc(-c4ccco4)nc23)n1,OYUGPDTWADCFAD-UHFFFAOYSA-N,CC(CCCCCC1CC2CCCC2C2CC(C3CCCC3)CC12)CC1CCC(C2C3CCCCC3CC3CC(C)CCC32)CC1,,,1,False,False,pending_dual_review,quarantined_before_evidence_review,primary_publication_identifier_missing
BDB-204855,204855,Cn1cc2c(nc(NCCCCNC(=S)Nc3ccc(-c4c5ccc(=O)cc-5oc5cc(O)ccc45)c(C(=O)O)c3)n3nc(-c4ccco4)nc23)n1,LCOCYLSQCMDGHJ-UHFFFAOYSA-N,CC(CCCCCCC1CC2CCCC2C2CC(C3CCCC3)CC12)CC1CCC(C2C3CCCCC3CC3CC(C)CCC32)CC1,,,1,False,False,pending_dual_review,quarantined_before_evidence_review,primary_publication_identifier_missing
BDB-204856,204856,Cn1cc2c(nc(NCCCCCNC(=S)Nc3ccc(-c4c5ccc(=O)cc-5oc5cc(O)ccc45)c(C(=O)O)c3)n3nc(-c4ccco4)nc23)n1,GJQZTOMIXVZSNR-UHFFFAOYSA-N,CC(CCCCCCCC1CC2CCCC2C2CC(C3CCCC3)CC12)CC1CCC(C2C3CCCCC3CC3CC(C)CCC32)CC1,,,1,False,False,pending_dual_review,quarantined_before_evidence_review,primary_publication_identifier_missing
BDB-204858,204858,Cn1cc2c(nc(NCCCOCCOOCCCCCNC(=S)Nc3ccc(-c4c5ccc(=O)cc-5oc5cc(O)ccc45)c(C(=O)O)c3)n3nc(-c4ccco4)nc23)n1,NRZLTNQUDGJDTN-UHFFFAOYSA-N,CC(CCCCCCCCCCCCCCCC1CC2CCCC2C2CC(C3CCCC3)CC12)CC1CCC(C2C3CCCCC3CC3CC(C)CCC32)CC1,,,1,False,False,pending_dual_review,quarantined_before_evidence_review,primary_publication_identifier_missing
BDB-204859,204859,Nc1nc2cccc(Cl)c2c2nc(-c3ccco3)nn12,LTHNIAHTIWLCEM-UHFFFAOYSA-N,C1CCC(C2CC3CCC4CCCCC4C3C2)C1,,,1,False,False,pending_dual_review,quarantined_before_evidence_review,primary_publication_identifier_missing
BDB-204860,204860,C#CCCCC(=O)Nc1nc2cccc(Cl)c2c2nc(-c3ccco3)nn12,UBFZMKZYXVCALG-UHFFFAOYSA-N,C1CCC(C2CC3CCC4CCCCC4C3C2)C1,,,1,False,False,pending_dual_review,quarantined_before_evidence_review,primary_publication_identifier_missing
BDB-204861,204861,N=c1ccc2c(-c3ccc(C(=O)NCCCCCCn4cc(CCCC(=O)Nc5nc6ccc(Cl)cc6c6nc(-c7ccco7)nn56)nn4)cc3C(=O)O)c3ccc(N)c(S(=O)(=O)O)c3oc-2c1S(=O)(=O)O,OWAPJDQJQMNRHK-UHFFFAOYSA-N,CC(CCCC1CCC(CCCCCCCC(C)C2CCC(C3C4CCCCC4CC4CC(C)CCC43)CC2)C1)CC1CC2CCCCC2C2CC(C3CCCC3)CC12,,,1,False,False,pending_dual_review,quarantined_before_evidence_review,primary_publication_identifier_missing
BDB-204863,204863,Cn1cc2c(nc(NC(=O)Nc3ccc(CC(=O)NCCCC(=O)OC(C)(C)C)cc3)n3nc(-c4ccco4)nc23)n1,OIQIWYIQBQXEQV-UHFFFAOYSA-N,CC(CC1CCCCC1)CC1CC2CCCC2C2CC(C3CCCC3)CC12,,,1,False,False,pending_dual_review,quarantined_before_evidence_review,primary_publication_identifier_missing
BDB-204864,204864,Cn1cc2c(nc(NC(=O)Nc3ccc(CC(=O)NCCCCC(=O)OC(C)(C)C)cc3)n3nc(-c4ccco4)nc23)n1,HTWBMJJZSWDXTM-UHFFFAOYSA-N,CC(CC1CCCCC1)CC1CC2CCCC2C2CC(C3CCCC3)CC12,,,1,False,False,pending_dual_review,quarantined_before_evidence_review,primary_publication_identifier_missing
BDB-204865,204865,Cn1cc2c(nc(NC(=O)Nc3ccc(CC(=O)NCCCCCC(=O)OC(C)(C)C)cc3)n3nc(-c4ccco4)nc23)n1,RLGJQPKKUSHIJZ-UHFFFAOYSA-N,CC(CC1CCCCC1)CC1CC2CCCC2C2CC(C3CCCC3)CC12,,,1,False,False,pending_dual_review,quarantined_before_evidence_review,primary_publication_identifier_missing
BDB-204866,204866,Cn1cc2c(nc(NC(=O)Nc3ccc(CC(=O)NCCOOCCCCC(=O)OC(C)(C)C)cc3)n3nc(-c4ccco4)nc23)n1,FBANBNAFWMJAME-UHFFFAOYSA-N,CC(CC1CCCCC1)CC1CC2CCCC2C2CC(C3CCCC3)CC12,,,1,False,False,pending_dual_review,quarantined_before_evidence_review,primary_publication_identifier_missing
BDB-204867,204867,Cn1cc2c(nc(NC(=O)Nc3ccc(CC(=O)NCCCOCCOOCCCCCNC(=O)OC(C)(C)C)cc3)n3nc(-c4ccco4)nc23)n1,QJONFWQCTLVVDI-UHFFFAOYSA-N,CC(CC1CCCCC1)CC1CC2CCCC2C2CC(C3CCCC3)CC12,,,1,False,False,pending_dual_review,quarantined_before_evidence_review,primary_publication_identifier_missing
BDB-204868,204868,Cn1cc2c(nc(NC(=O)Nc3ccc(CC(=O)NCCCCNC(=S)Nc4ccc(-c5c6ccc(=O)cc-6oc6cc(O)ccc56)c(C(=O)O)c4)cc3)n3nc(-c4ccco4)nc23)n1,BUBAUPAIHHUCIV-UHFFFAOYSA-N,CC(CCCCCCC(C)CC1CCC(C2C3CCCCC3CC3CC(C)CCC32)CC1)CC1CCC(CC(C)CC2CC3CCCC3C3CC(C4CCCC4)CC23)CC1,,,1,False,False,pending_dual_review,quarantined_before_evidence_review,primary_publication_identifier_missing
BDB-204869,204869,Cn1cc2c(nc(NC(=O)Nc3ccc(CC(=O)NCCCCN)cc3)n3nc(-c4ccco4)nc23)n1,ZFLXFYPGXCIWRG-UHFFFAOYSA-N,CC(CC1CCCCC1)CC1CC2CCCC2C2CC(C3CCCC3)CC12,,,1,False,False,pending_dual_review,quarantined_before_evidence_review,primary_publication_identifier_missing
BDB-204870,204870,Cn1cc2c(nc(NC(=O)Nc3ccc(CC(=O)NCCCCCN)cc3)n3nc(-c4ccco4)nc23)n1,BKRMHMBQECVLAH-UHFFFAOYSA-N,CC(CC1CCCCC1)CC1CC2CCCC2C2CC(C3CCCC3)CC12,,,1,False,False,pending_dual_review,quarantined_before_evidence_review,primary_publication_identifier_missing
BDB-204871,204871,Cn1cc2c(nc(NC(=O)Nc3ccc(CC(=O)NCCOOCCCCN)cc3)n3nc(-c4ccco4)nc23)n1,JYDYPNMDJSWYTQ-UHFFFAOYSA-N,CC(CC1CCCCC1)CC1CC2CCCC2C2CC(C3CCCC3)CC12,,,1,False,False,pending_dual_review,quarantined_before_evidence_review,primary_publication_identifier_missing
BDB-204872,204872,Cn1cc2c(nc(NC(=O)Nc3ccc(CC(=O)NCCCOCCOOCCCCCN)cc3)n3nc(-c4ccco4)nc23)n1,XYJFBOLPYWWSPF-UHFFFAOYSA-N,CC(CC1CCCCC1)CC1CC2CCCC2C2CC(C3CCCC3)CC12,,,1,False,False,pending_dual_review,quarantined_before_evidence_review,primary_publication_identifier_missing
BDB-204873,204873,Cn1cc2c(nc(NC(=O)Nc3ccc(CC(=O)NCCCNC(=S)Nc4ccc(-c5c6ccc(=O)cc-6oc6cc(O)ccc56)c(C(=O)O)c4)cc3)n3nc(-c4ccco4)nc23)n1,WYVNZDSJKJKNIB-UHFFFAOYSA-N,CC(CCCCCC(C)CC1CCC(C2C3CCCCC3CC3CC(C)CCC32)CC1)CC1CCC(CC(C)CC2CC3CCCC3C3CC(C4CCCC4)CC23)CC1,,,1,False,False,pending_dual_review,quarantined_before_evidence_review,primary_publication_identifier_missing
BDB-204874,204874,Cn1cc2c(nc(NC(=O)Nc3ccc(CC(=O)NCCCN)cc3)n3nc(-c4ccco4)nc23)n1,FFNNUALNYZSPNX-UHFFFAOYSA-N,CC(CC1CCCCC1)CC1CC2CCCC2C2CC(C3CCCC3)CC12,,,1,False,False,pending_dual_review,quarantined_before_evidence_review,primary_publication_identifier_missing
BDB-204875,204875,Cn1cc2c(nc(NC(=O)Nc3ccc(CC(=O)NCCCCCNC(=S)Nc4ccc(-c5c6ccc(=O)cc-6oc6cc(O)ccc56)c(C(=O)O)c4)cc3)n3nc(-c4ccco4)nc23)n1,RXXLYTXIIWCHLH-UHFFFAOYSA-N,CC(CCCCCCCC(C)CC1CCC(C2C3CCCCC3CC3CC(C)CCC32)CC1)CC1CCC(CC(C)CC2CC3CCCC3C3CC(C4CCCC4)CC23)CC1,,,1,False,False,pending_dual_review,quarantined_before_evidence_review,primary_publication_identifier_missing
BDB-204876,204876,Cn1cc2c(nc(NC(=O)Nc3ccc(CC(=O)NCCOOCCCCNC(=S)Nc4ccc(-c5c6ccc(=O)cc-6oc6cc(O)ccc56)c(C(=O)O)c4)cc3)n3nc(-c4ccco4)nc23)n1,YZODOEYKVKCETQ-UHFFFAOYSA-N,CC(CCCCCCCCCCC(C)CC1CCC(C2C3CCCCC3CC3CC(C)CCC32)CC1)CC1CCC(CC(C)CC2CC3CCCC3C3CC(C4CCCC4)CC23)CC1,,,1,False,False,pending_dual_review,quarantined_before_evidence_review,primary_publication_identifier_missing
BDB-204877,204877,Cn1cc2c(nc(NC(=O)Nc3ccc(CC(=O)NCCCOCCOOCCCCCNC(=S)Nc4ccc(-c5c6ccc(=O)cc-6oc6cc(O)ccc56)c(C(=O)O)c4)cc3)n3nc(-c4ccco4)nc23)n1,XSEMWNLQDNVZEV-UHFFFAOYSA-N,CC(CCCCCCCCCCCCCCCC(C)CC1CCC(C2C3CCCCC3CC3CC(C)CCC32)CC1)CC1CCC(CC(C)CC2CC3CCCC3C3CC(C4CCCC4)CC23)CC1,,,1,False,False,pending_dual_review,quarantined_before_evidence_review,primary_publication_identifier_missing
BDB-204878,204878,C#CCCC(=O)Nc1nc2nn(C)cc2c2nc(-c3ccco3)nn12,RKYLNOINWNNTQG-UHFFFAOYSA-N,C1CCC(C2CC3CCC4CCCC4C3C2)C1,,,1,False,False,pending_dual_review,quarantined_before_evidence_review,primary_publication_identifier_missing
BDB-204879,204879,C#CCCCC(=O)Nc1nc2nn(C)cc2c2nc(-c3ccco3)nn12,FUMIWYQFHWMBFT-UHFFFAOYSA-N,C1CCC(C2CC3CCC4CCCC4C3C2)C1,,,1,False,False,pending_dual_review,quarantined_before_evidence_review,primary_publication_identifier_missing
BDB-204880,204880,C#CCCCCC(=O)Nc1nc2nn(C)cc2c2nc(-c3ccco3)nn12,QCDXAQOOYGGZCE-UHFFFAOYSA-N,C1CCC(C2CC3CCC4CCCC4C3C2)C1,,,1,False,False,pending_dual_review,quarantined_before_evidence_review,primary_publication_identifier_missing
BDB-204881,204881,C#CCCCCCC(=O)Nc1nc2nn(C)cc2c2nc(-c3ccco3)nn12,FLBJZDPCFSBABT-UHFFFAOYSA-N,C1CCC(C2CC3CCC4CCCC4C3C2)C1,,,1,False,False,pending_dual_review,quarantined_before_evidence_review,primary_publication_identifier_missing
BDB-21172,21172,CN1CCN(CC(=O)Nc2cc(-n3cccn3)nc(-c3ccco3)n2)CC1,QMZAMLTVEASZQQ-UHFFFAOYSA-N,CC(CC1CCCCC1)CC1CC(C2CCCC2)CC(C2CCCC2)C1,10.1016/j.bmcl.2008.09.048|10.1021/jm070623o|10.1021/jm701185v,18189346|18307292|18835161,3,False,True,pending_dual_review,quarantined_before_evidence_review,generic_scaffold_overlaps_model_selection
BDB-21173,21173,CCCn1c(=O)c2[nH]c(C3CCCC3)nc2n(CCC)c1=O,FFBDFADSZUINTG-UHFFFAOYSA-N,CC1CC(C)C2CC(C3CCCC3)CC2C1,10.1007/bf00165806|10.1007/pl00005131|10.1016/j.bmc.2008.01.013|10.1016/j.bmc.2008.04.039|10.1016/j.bmc.2009.02.030|10.1016/j.bmc.2010.09.043|10.1016/j.ejmech.2008.10.017|10.1016/j.ejmech.2013.09.001|10.1016/j.ejmech.2014.10.020|10.1016/j.ejmech.2019.111936|10.1016/s0960-894x(99)00398-4|10.1021/acs.jmedchem.0c00564|10.1021/acs.jmedchem.0c01431|10.1021/acs.jmedchem.1c01636|10.1021/acs.jmedchem.5b01586|10.1021/acs.jmedchem.7b00138|10.1021/acs.jmedchem.9b00106|10.1021/jm00044a018|10.1021/jm000936i|10.1021/jm00097a016|10.1021/jm001054m|10.1021/jm00126a014|10.1021/jm00398a020|10.1021/jm030977p|10.1021/jm031136l|10.1021/jm049597+|10.1021/jm0504149|10.1021/jm050792d|10.1021/jm058018d|10.1021/jm060373w|10.1021/jm070123v|10.1021/jm0708376|10.1021/jm201177b|10.1021/jm701159t|10.1021/jm701594y|10.1021/jm8014876|10.1021/jm901785w|10.1021/jm970084v|10.1111/cbdd.12801|10.1124/mol.61.2.415,10476879|10956220|11462973|11809867|1404238|15163184|15214785|15771447|16250647|16335918|16366607|16789747|17665891|17927167|18258439|18269230|18468446|18637670|19036477|19282184|19301821|20408530|20937560|22257095|24077183|25462223|26824742|2724296|27282729|2825043|28368607|31306001|31855793|32573250|33372800|3346878|35068155|36517209|8071944|9258366|9459566,47,True,True,pending_dual_review,quarantined_before_evidence_review,exact_structure_previously_visible|generic_scaffold_overlaps_model_selection
BDB-21174,21174,CN1CCN(CC(=O)Nc2cc(-c3nccs3)nc(-c3ccco3)n2)CC1,NPNLXWRCDBORLG-UHFFFAOYSA-N,CC(CC1CCCCC1)CC1CC(C2CCCC2)CC(C2CCCC2)C1,10.1021/jm070623o|10.1021/jm701185v,18189346|18307292,2,True,True,pending_dual_review,quarantined_before_evidence_review,exact_structure_previously_visible|generic_scaffold_overlaps_model_selection
BDB-21175,21175,Cc1cc(C)n(-c2cc(NC(=O)CN3CCN(C)CC3)nc(-c3ccco3)n2)n1,BWVAXODRSJSHDC-UHFFFAOYSA-N,CC(CC1CCCCC1)CC1CC(C2CCCC2)CC(C2CCCC2)C1,10.1021/jm070623o|10.1021/jm701185v,18189346|18307292,2,False,True,pending_dual_review,quarantined_before_evidence_review,generic_scaffold_overlaps_model_selection
BDB-21176,21176,Cc1ccc(-c2nc(NC(=O)CN3CCN(C)CC3)cc(-n3cccn3)n2)o1,RSJQVIXBHCEQHV-UHFFFAOYSA-N,CC(CC1CCCCC1)CC1CC(C2CCCC2)CC(C2CCCC2)C1,10.1021/jm701185v,18307292,1,False,True,pending_dual_review,quarantined_before_evidence_review,generic_scaffold_overlaps_model_selection
BDB-21177,21177,Cc1ccc(-c2nc(NC(=O)CN3CCN(C)CC3)cc(-n3nccc3C)n2)o1,SHZQNWHJWFFGPA-UHFFFAOYSA-N,CC(CC1CCCCC1)CC1CC(C2CCCC2)CC(C2CCCC2)C1,10.1021/jm701185v,18307292,1,False,True,pending_dual_review,quarantined_before_evidence_review,generic_scaffold_overlaps_model_selection
BDB-21178,21178,Cc1cc(C)n(-c2cc(NC(=O)CN3CCN(C)CC3)nc(-c3ccc(C)o3)n2)n1,QIPISTDFCOPXCR-UHFFFAOYSA-N,CC(CC1CCCCC1)CC1CC(C2CCCC2)CC(C2CCCC2)C1,10.1021/jm701185v|10.1021/jm701187w,18307292|18307293,2,False,True,pending_dual_review,quarantined_before_evidence_review,generic_scaffold_overlaps_model_selection
BDB-21179,21179,Cc1ccc(-c2nc(NC(=O)CN3CCN(C)CC3)cc(-c3nccs3)n2)o1,RSXYRGSDOLORMR-UHFFFAOYSA-N,CC(CC1CCCCC1)CC1CC(C2CCCC2)CC(C2CCCC2)C1,10.1021/jm701185v,18307292,1,False,True,pending_dual_review,quarantined_before_evidence_review,generic_scaffold_overlaps_model_selection
BDB-21180,21180,CN1CCN(CC(=O)Nc2cc(-c3ccccn3)nc(-c3cccs3)n2)CC1,QFYGWYSCRHAECE-UHFFFAOYSA-N,CC(CC1CCCCC1)CC1CC(C2CCCCC2)CC(C2CCCC2)C1,10.1021/jm701185v,18307292,1,False,True,pending_dual_review,quarantined_before_evidence_review,generic_scaffold_overlaps_model_selection
BDB-21181,21181,CN1CCN(CC(=O)Nc2cc(-n3cccn3)nc(-n3cccn3)n2)CC1,QLEOUVARNDJFJN-UHFFFAOYSA-N,CC(CC1CCCCC1)CC1CC(C2CCCC2)CC(C2CCCC2)C1,10.1021/jm701185v,18307292,1,False,True,pending_dual_review,quarantined_before_evidence_review,generic_scaffold_overlaps_model_selection
BDB-21182,21182,Cc1cc(C)n(-c2nc(NC(=O)CN3CCN(C)CC3)cc(-c3nccs3)n2)n1,QHUIIOCQAIOLJY-UHFFFAOYSA-N,CC(CC1CCCCC1)CC1CC(C2CCCC2)CC(C2CCCC2)C1,10.1016/j.bmcl.2008.09.048|10.1021/jm701185v,18307292|18835161,2,False,True,pending_dual_review,quarantined_before_evidence_review,generic_scaffold_overlaps_model_selection
BDB-21183,21183,Cc1cc(C)n(-c2nc(NC(=O)CN3CCN(C)CC3)cc(-c3cnco3)n2)n1,SOTLFSJXJXCTLT-UHFFFAOYSA-N,CC(CC1CCCCC1)CC1CC(C2CCCC2)CC(C2CCCC2)C1,10.1021/jm701185v,18307292,1,False,True,pending_dual_review,quarantined_before_evidence_review,generic_scaffold_overlaps_model_selection
BDB-21184,21184,Cc1cc(C)n(-c2nc(NC(=O)CN3CCN(C)CC3)cc(-c3ocnc3C)n2)n1,LEQUNUQCDRRCMW-UHFFFAOYSA-N,CC(CC1CCCCC1)CC1CC(C2CCCC2)CC(C2CCCC2)C1,10.1021/jm701185v,18307292,1,False,True,pending_dual_review,quarantined_before_evidence_review,generic_scaffold_overlaps_model_selection
BDB-21185,21185,CN1CCN(CC(=O)Nc2cc(-n3cccn3)nc(-c3nccs3)n2)CC1,PSCBVZXHPONWAG-UHFFFAOYSA-N,CC(CC1CCCCC1)CC1CC(C2CCCC2)CC(C2CCCC2)C1,10.1021/jm701185v,18307292,1,False,True,pending_dual_review,quarantined_before_evidence_review,generic_scaffold_overlaps_model_selection
BDB-21186,21186,CN1CCN(CC(=O)Nc2cc(-n3cccn3)nc(-c3ccccn3)n2)CC1,VBPKAULCBBOHDH-UHFFFAOYSA-N,CC(CC1CCCCC1)CC1CC(C2CCCCC2)CC(C2CCCC2)C1,10.1021/jm701185v,18307292,1,False,True,pending_dual_review,quarantined_before_evidence_review,generic_scaffold_overlaps_model_selection
BDB-21187,21187,Cc1cc(C)n(-c2cc(NC(=O)CN3CCN(C)CC3)nc(-c3ccccn3)n2)n1,IWFABDHEBLKWSW-UHFFFAOYSA-N,CC(CC1CCCCC1)CC1CC(C2CCCCC2)CC(C2CCCC2)C1,10.1021/jm701185v,18307292,1,False,True,pending_dual_review,quarantined_before_evidence_review,generic_scaffold_overlaps_model_selection
BDB-21188,21188,Cc1cc(C)n(-c2cc(NC(=O)CN3CCN(C)CC3)nc(-c3nccs3)n2)n1,WVDKULPCDHAQIA-UHFFFAOYSA-N,CC(CC1CCCCC1)CC1CC(C2CCCC2)CC(C2CCCC2)C1,10.1021/jm4011669|10.1021/jm701185v,18307292|24164628,2,True,True,pending_dual_review,quarantined_before_evidence_review,exact_structure_previously_visible|generic_scaffold_overlaps_model_selection
BDB-21190,21190,Nc1nc(NCCc2ccc(O)cc2)nc2nc(-c3ccco3)nn12,PWTBZOIUWZOPFT-UHFFFAOYSA-N,C1CCC(CCCC2CCC3CC(C4CCCC4)CC3C2)CC1,10.1007/pl00005326|10.1016/j.bmcl.2004.03.104|10.1016/j.bmcl.2005.07.052|10.1016/j.ejmech.2008.10.017|10.1016/j.ejmech.2017.12.007|10.1016/j.ejmech.2018.06.020|10.1016/j.ejmech.2019.111936|10.1021/acs.jmedchem.0c00237|10.1021/acs.jmedchem.0c00564|10.1021/acs.jmedchem.0c01431|10.1021/acs.jmedchem.1c01155|10.1021/acs.jmedchem.1c01636|10.1021/acs.jmedchem.2c01768|10.1021/acs.jmedchem.5b00828|10.1021/acs.jmedchem.5b01586|10.1021/acs.jmedchem.6b00653|10.1021/acs.jmedchem.6b01068|10.1021/acs.jmedchem.7b00138|10.1021/acs.jmedchem.9b01340|10.1021/acsmedchemlett.7b00138|10.1021/jm058018d|10.1021/jm2003798|10.1021/jm4011669|10.1021/jm701594y|10.1021/jm900718w|10.1124/mol.61.2.415,10496952|11809867|15149696|16153830|16250647|18637670|19036477|19743865|21661720|24164628|26356532|26824742|27312113|27933962|28368607|28626529|29268131|29909340|31557025|31855793|32573250|32667814|33372800|34695776|34783558|35068155|35859869|35933788|36517209|9933143,37,True,False,pending_dual_review,quarantined_before_evidence_review,exact_structure_previously_visible
BDB-21192,21192,CCN1CCN(CC(=O)Nc2cc(-n3nc(C)cc3C)nc(-c3ccc(C)o3)n2)CC1,ADUMYZLFDDEFPS-UHFFFAOYSA-N,CC(CC1CCCCC1)CC1CC(C2CCCC2)CC(C2CCCC2)C1,10.1021/jm701187w,18307293,1,False,True,pending_dual_review,quarantined_before_evidence_review,generic_scaffold_overlaps_model_selection
BDB-21194,21194,Cc1cc(C)n(-c2cc(NC(=O)CN3CCC[C@H](CN(C)C)C3)nc(-c3ccc(C)o3)n2)n1,KRQSPIGYXUHKMU-LJQANCHMSA-N,CC(CC1CCCCC1)CC1CC(C2CCCC2)CC(C2CCCC2)C1,10.1021/jm701187w,18307293,1,False,True,pending_dual_review,quarantined_before_evidence_review,generic_scaffold_overlaps_model_selection
BDB-21195,21195,Cc1cc(C)n(-c2cc(NC(=O)CN3CCC[C@@H](CN(C)C)C3)nc(-c3ccc(C)o3)n2)n1,KRQSPIGYXUHKMU-IBGZPJMESA-N,CC(CC1CCCCC1)CC1CC(C2CCCC2)CC(C2CCCC2)C1,10.1021/jm701187w,18307293,1,False,True,pending_dual_review,quarantined_before_evidence_review,generic_scaffold_overlaps_model_selection
BDB-21196,21196,Cc1cc(C)n(-c2cc(NC(=O)CN3CCC(CN(C)C)CC3)nc(-c3ccc(C)o3)n2)n1,IRGVKZAWAFXJJG-UHFFFAOYSA-N,CC(CC1CCCCC1)CC1CC(C2CCCC2)CC(C2CCCC2)C1,10.1021/jm701187w,18307293,1,False,True,pending_dual_review,quarantined_before_evidence_review,generic_scaffold_overlaps_model_selection
BDB-21197,21197,CC(=O)N1CCN(CC(=O)Nc2cc(-n3nc(C)cc3C)nc(-c3ccc(C)o3)n2)CC1,DVMXMPFGPAWRLB-UHFFFAOYSA-N,CC(CC1CCCCC1)CC1CC(C2CCCC2)CC(C2CCCC2)C1,10.1021/jm701187w,18307293,1,False,True,pending_dual_review,quarantined_before_evidence_review,generic_scaffold_overlaps_model_selection
BDB-21198,21198,Cc1cc(C)n(-c2cc(NC(=O)CN3CCOCC3)nc(-c3ccc(C)o3)n2)n1,ABOTXPKVARXPFD-UHFFFAOYSA-N,CC(CC1CCCCC1)CC1CC(C2CCCC2)CC(C2CCCC2)C1,10.1021/jm701187w,18307293,1,False,True,pending_dual_review,quarantined_before_evidence_review,generic_scaffold_overlaps_model_selection
BDB-21200,21200,COC1CCN(CC(=O)Nc2cc(-n3nc(C)cc3C)nc(-c3ccc(C)o3)n2)CC1,PXIFQOPKARTYCR-UHFFFAOYSA-N,CC(CC1CCCCC1)CC1CC(C2CCCC2)CC(C2CCCC2)C1,10.1021/jm701187w,18307293,1,False,True,pending_dual_review,quarantined_before_evidence_review,generic_scaffold_overlaps_model_selection
BDB-21201,21201,Cc1cc(C)n(-c2cc(NC(=O)CC3CCN(C)CC3)nc(-c3ccc(C)o3)n2)n1,BKVXJUVJYOXVBD-UHFFFAOYSA-N,CC(CC1CCCCC1)CC1CC(C2CCCC2)CC(C2CCCC2)C1,10.1021/jm701187w,18307293,1,False,True,pending_dual_review,quarantined_before_evidence_review,generic_scaffold_overlaps_model_selection
BDB-21211,21211,Cc1cc(C)n(-c2cc(NC(=O)CCN(C)C)nc(-c3ccc(C)o3)n2)n1,AACWUFIIMOHGSO-UHFFFAOYSA-N,C1CCC(C2CCCC(C3CCCC3)C2)C1,10.1021/jm701187w,18307293,1,False,True,pending_dual_review,quarantined_before_evidence_review,generic_scaffold_overlaps_model_selection
BDB-21220,21220,CCNC(=O)[C@H]1O[C@@H](n2cnc3c(N)ncnc32)[C@H](O)[C@@H]1O,JADDQZYHOWSFJD-FLNNQWSLSA-N,C1CCC2C(C1)CCC2C1CCCC1,10.1007/s002109900044|10.1016/j.bmc.2007.01.055|10.1016/j.bmc.2012.11.021|10.1016/j.bmcl.2006.01.110|10.1016/j.bmcl.2007.10.028|10.1016/j.bmcl.2009.11.131|10.1016/j.chembiol.2004.12.010|10.1016/j.ejmech.2013.09.001|10.1016/j.ejmech.2019.06.050|10.1016/j.ejmech.2020.112478|10.1016/s0960-894x(00)00017-2|10.1016/s0960-894x(01)00347-x|10.1016/s0960-894x(01)00610-2|10.1021/acs.jmedchem.5b00215|10.1021/acs.jmedchem.7b00457|10.1021/acs.jmedchem.8b01662|10.1021/acsmedchemlett.7b00138|10.1021/jm00091a003|10.1021/jm001054m|10.1021/jm021074j|10.1021/jm0300431|10.1021/jm031143+|10.1021/jm0408161|10.1021/jm049408n|10.1021/jm049947s|10.1021/jm050792d|10.1021/jm061045z|10.1021/jm061170a|10.1021/jm061278q|10.1021/jm0708376|10.1021/jm201177b|10.1021/jm201461q|10.1021/jm300095s|10.1021/jm300965a|10.1021/jm4011669|10.1021/jm701159t|10.1021/jm901785w|10.1021/jm970084v|10.1021/jm9707737|10.1021/jm990321p|10.1021/ml200189u,10494877|10714510|10956189|11459663|11462973|11714602|12672250|14584936|15239649|15267242|15481989|15734651|15743197|1619615|16366607|16487705|17201410|17228880|17306548|17378544|17927167|17967536|18269230|20031406|20408530|22104008|22257095|22486652|22921089|23245803|24077183|24164628|24900277|25780876|28590753|28626529|30605331|31255928|32659606|36517209|9258366|9572897,52,True,True,pending_dual_review,quarantined_before_evidence_review,exact_structure_previously_visible|generic_scaffold_overlaps_model_selection
BDB-21221,21221,CNC(=O)[C@H]1O[C@@H](n2cnc3c(NCc4cccc(I)c4)nc(Cl)nc32)[C@H](O)[C@@H]1O,IPSYPUKKXMNCNQ-PFHKOEEOSA-N,C1CCC(CCC2CCCC3C(C4CCCC4)CCC23)CC1,10.1016/j.bmc.2008.08.007|10.1016/j.bmc.2009.03.034|10.1016/j.bmc.2009.10.011|10.1016/j.bmcl.2004.07.042|10.1016/j.bmcl.2008.01.070|10.1016/j.bmcl.2008.04.001|10.1016/j.ejmech.2013.09.001|10.1016/j.ejmech.2018.08.042|10.1021/acs.jmedchem.6b01183|10.1021/acs.jmedchem.7b00241|10.1021/acs.jmedchem.7b00805|10.1021/jm049580r|10.1021/jm070259t|10.1021/jm0708376|10.1021/jm201177b|10.1021/jm701159t|10.1021/jm8008647,15341938|15771421|17555308|17927167|18255292|18269230|18424135|18752961|18811138|19375920|19879151|22257095|24077183|27933810|28380296|28799755|30144700,17,False,True,pending_dual_review,quarantined_before_evidence_review,generic_scaffold_overlaps_model_selection
BDB-224617,224617,c1ccc(Nc2nc3ccccc3c3[nH]c(C4CCCC4)nc23)cc1,VUYDJBYOJKYWBY-UHFFFAOYSA-N,C1CCC(CC2CC3CCCCC3C3CC(C4CCCC4)CC23)CC1,,,1,False,False,pending_dual_review,quarantined_before_evidence_review,primary_publication_identifier_missing
BDB-224618,224618,Cc1ccc(Nc2nc3ccccc3c3[nH]c(C4CCCC4)nc23)cc1,FHLIAQGQHFKJLO-UHFFFAOYSA-N,C1CCC(CC2CC3CCCCC3C3CC(C4CCCC4)CC23)CC1,,,1,False,False,pending_dual_review,quarantined_before_evidence_review,primary_publication_identifier_missing
BDB-25400,25400,OC[C@H]1O[C@@H](n2cnc3c(NC4CCCC4)ncnc32)[C@H](O)[C@@H]1O,SQMWSBKSHWARHU-SDBHATRESA-N,C1CCC(CC2CCCC3C(C4CCCC4)CCC23)C1,10.1007/pl00005131|10.1016/j.bmc.2007.09.035|10.1016/j.bmc.2008.01.013|10.1021/acs.jmedchem.8b01662|10.1021/jm00091a003|10.1021/jm049597+|10.1021/jm050726b|10.1021/jm300965a|10.1021/jm701594y|10.1021/jm9707737|10.1021/jm990321p,10956189|15771447|1619615|16366590|17933541|18258439|18637670|22921089|30605331|9459566|9572897,11,False,True,pending_dual_review,quarantined_before_evidence_review,generic_scaffold_overlaps_model_selection
BDB-26231,26231,CC(=O)Nc1cc(-c2ccccc2)nc(-n2nc(C)cc2C)n1,OPNAWTWHKNBYIX-UHFFFAOYSA-N,C1CCC(C2CCCC(C3CCCC3)C2)CC1,10.1016/j.bmcl.2008.09.048|10.1021/jm800851u,18835161|18947224,2,False,True,pending_dual_review,quarantined_before_evidence_review,generic_scaffold_overlaps_model_selection
BDB-26232,26232,CC(=O)Nc1cc(-c2cccnc2)nc(-n2nc(C)cc2C)n1,LTWAUSKVHLPSOA-UHFFFAOYSA-N,C1CCC(C2CCCC(C3CCCC3)C2)CC1,10.1021/jm800851u,18947224,1,False,True,pending_dual_review,quarantined_before_evidence_review,generic_scaffold_overlaps_model_selection
BDB-26233,26233,CC(=O)Nc1cc(-c2ccncc2)nc(-n2nc(C)cc2C)n1,KUMYJQZMYWIEHZ-UHFFFAOYSA-N,C1CCC(C2CCCC(C3CCCC3)C2)CC1,10.1021/jm800851u,18947224,1,False,True,pending_dual_review,quarantined_before_evidence_review,generic_scaffold_overlaps_model_selection
BDB-26234,26234,COc1cccc(-c2cc(NC(C)=O)nc(-n3nc(C)cc3C)n2)c1,QTJDEJXKPAATAY-UHFFFAOYSA-N,C1CCC(C2CCCC(C3CCCC3)C2)CC1,10.1016/j.bmcl.2008.09.048|10.1021/jm800851u,18835161|18947224,2,False,True,pending_dual_review,quarantined_before_evidence_review,generic_scaffold_overlaps_model_selection
BDB-26235,26235,COc1cccc(-c2cc(NC(C)=O)nc(-n3nc(C)cc3C)n2)c1F,MHSIRMSFRHMBDY-UHFFFAOYSA-N,C1CCC(C2CCCC(C3CCCC3)C2)CC1,10.1021/jm800851u,18947224,1,True,True,pending_dual_review,quarantined_before_evidence_review,exact_structure_previously_visible|generic_scaffold_overlaps_model_selection
BDB-26236,26236,COc1cc(OC)cc(-c2cc(NC(C)=O)nc(-n3nc(C)cc3C)n2)c1,XGFRRYAZOMJDQL-UHFFFAOYSA-N,C1CCC(C2CCCC(C3CCCC3)C2)CC1,10.1016/j.bmcl.2008.09.048|10.1021/jm800851u,18835161|18947224,2,True,True,pending_dual_review,quarantined_before_evidence_review,exact_structure_previously_visible|generic_scaffold_overlaps_model_selection
BDB-26237,26237,COc1cncc(-c2cc(NC(C)=O)nc(-n3nc(C)cc3C)n2)c1,ZPOFECDYIXUBJD-UHFFFAOYSA-N,C1CCC(C2CCCC(C3CCCC3)C2)CC1,10.1021/jm800851u|10.1021/jm800908d,18947224|19140664,2,True,True,pending_dual_review,quarantined_before_evidence_review,exact_structure_previously_visible|generic_scaffold_overlaps_model_selection
BDB-26238,26238,CC(=O)Nc1cc(-c2cncc(O)c2)nc(-n2nc(C)cc2C)n1,TWPKWYDANODGCY-UHFFFAOYSA-N,C1CCC(C2CCCC(C3CCCC3)C2)CC1,10.1021/jm800851u,18947224,1,True,True,pending_dual_review,quarantined_before_evidence_review,exact_structure_previously_visible|generic_scaffold_overlaps_model_selection
BDB-26239,26239,COCCOc1cncc(-c2cc(NC(C)=O)nc(-n3nc(C)cc3C)n2)c1,LHFROBFAPLSYRB-UHFFFAOYSA-N,C1CCC(C2CCCC(C3CCCC3)C2)CC1,10.1021/jm800851u,18947224,1,False,True,pending_dual_review,quarantined_before_evidence_review,generic_scaffold_overlaps_model_selection
BDB-26240,26240,COc1cncc(-c2cc(NC(=O)CN3CCOCC3)nc(-n3nc(C)cc3C)n2)c1,CYCJQENBXNRINR-UHFFFAOYSA-N,CC(CC1CCCCC1)CC1CC(C2CCCCC2)CC(C2CCCC2)C1,10.1021/jm800851u,18947224,1,True,True,pending_dual_review,quarantined_before_evidence_review,exact_structure_previously_visible|generic_scaffold_overlaps_model_selection
BDB-26241,26241,CCC(=O)Nc1cc(-c2cncc(OC)c2)nc(-n2nc(C)cc2C)n1,IXMNYLMWWGRTJQ-UHFFFAOYSA-N,C1CCC(C2CCCC(C3CCCC3)C2)CC1,10.1021/jm800851u,18947224,1,True,True,pending_dual_review,quarantined_before_evidence_review,exact_structure_previously_visible|generic_scaffold_overlaps_model_selection
BDB-26242,26242,COC(=O)Nc1cc(-c2cncc(OC)c2)nc(-n2nc(C)cc2C)n1,OIGKTTFTKCPYQX-UHFFFAOYSA-N,C1CCC(C2CCCC(C3CCCC3)C2)CC1,10.1021/jm800851u,18947224,1,True,True,pending_dual_review,quarantined_before_evidence_review,exact_structure_previously_visible|generic_scaffold_overlaps_model_selection
BDB-26243,26243,CCOC(=O)Nc1cc(-c2cncc(OC)c2)nc(-n2nc(C)cc2C)n1,LZPFERLGKNQAQE-UHFFFAOYSA-N,C1CCC(C2CCCC(C3CCCC3)C2)CC1,10.1021/jm800851u,18947224,1,True,True,pending_dual_review,quarantined_before_evidence_review,exact_structure_previously_visible|generic_scaffold_overlaps_model_selection
BDB-26244,26244,CC(=O)Nc1cc(-c2cc(N3CCOCC3)ccn2)nc(-n2nc(C)cc2C)n1,IGPZAROLAAZMAV-UHFFFAOYSA-N,C1CCC(C2CCCC(C3CCCC(C4CCCC4)C3)C2)CC1,10.1021/jm800851u,18947224,1,False,True,pending_dual_review,quarantined_before_evidence_review,generic_scaffold_overlaps_model_selection
BDB-26245,26245,CC(=O)Nc1cc(-c2cncc(N3CCOCC3)c2)nc(-n2nc(C)cc2C)n1,CPUAZCHEZPJRLH-UHFFFAOYSA-N,C1CCC(C2CCCC(C3CCCC(C4CCCC4)C3)C2)CC1,10.1021/jm800851u,18947224,1,True,True,pending_dual_review,quarantined_before_evidence_review,exact_structure_previously_visible|generic_scaffold_overlaps_model_selection
BDB-26246,26246,CC(=O)Nc1cc(-c2ccnc(N3CCOCC3)c2)nc(-n2nc(C)cc2C)n1,SSWHPIYEHLSRFD-UHFFFAOYSA-N,C1CCC(C2CCCC(C3CCCC(C4CCCC4)C3)C2)CC1,10.1021/jm800851u,18947224,1,False,True,pending_dual_review,quarantined_before_evidence_review,generic_scaffold_overlaps_model_selection
BDB-26247,26247,CC(=O)Nc1cc(-c2cccc(N3CCOCC3)n2)nc(-n2nc(C)cc2C)n1,ONJXHXVTYOPVIN-UHFFFAOYSA-N,C1CCC(C2CCCC(C3CCCC(C4CCCC4)C3)C2)CC1,10.1021/jm800851u,18947224,1,True,True,pending_dual_review,quarantined_before_evidence_review,exact_structure_previously_visible|generic_scaffold_overlaps_model_selection
BDB-26248,26248,CC(=O)Nc1cc(-c2cccc(N)n2)nc(-n2nc(C)cc2C)n1,IJOJVQBWEGAGTM-UHFFFAOYSA-N,C1CCC(C2CCCC(C3CCCC3)C2)CC1,10.1021/jm800851u,18947224,1,False,True,pending_dual_review,quarantined_before_evidence_review,generic_scaffold_overlaps_model_selection
BDB-26249,26249,CC(=O)Nc1cc(-c2cccc(N(C)C)n2)nc(-n2nc(C)cc2C)n1,PZIMFNJQILPVJP-UHFFFAOYSA-N,C1CCC(C2CCCC(C3CCCC3)C2)CC1,10.1021/jm800851u,18947224,1,True,True,pending_dual_review,quarantined_before_evidence_review,exact_structure_previously_visible|generic_scaffold_overlaps_model_selection
BDB-26251,26251,CC(=O)Nc1cc(-c2cccc(N3CCCCC3)n2)nc(-n2nc(C)cc2C)n1,JOXNJVPEQQKBIP-UHFFFAOYSA-N,C1CCC(C2CCCC(C3CCCC(C4CCCC4)C3)C2)CC1,10.1021/jm800851u,18947224,1,False,True,pending_dual_review,quarantined_before_evidence_review,generic_scaffold_overlaps_model_selection
BDB-26253,26253,CC(=O)Nc1cc(-c2cccc(N3CCN(C)CC3)n2)nc(-n2nc(C)cc2C)n1,CQMWNSQCEMHNIW-UHFFFAOYSA-N,C1CCC(C2CCCC(C3CCCC(C4CCCC4)C3)C2)CC1,10.1021/jm800851u,18947224,1,True,True,pending_dual_review,quarantined_before_evidence_review,exact_structure_previously_visible|generic_scaffold_overlaps_model_selection
BDB-26254,26254,COCCN(C)c1cccc(-c2cc(NC(C)=O)nc(-n3nc(C)cc3C)n2)n1,DYRFUYFXUGUOIA-UHFFFAOYSA-N,C1CCC(C2CCCC(C3CCCC3)C2)CC1,10.1021/jm800851u,18947224,1,True,True,pending_dual_review,quarantined_before_evidence_review,exact_structure_previously_visible|generic_scaffold_overlaps_model_selection
BDB-26255,26255,COC1CN(c2cccc(-c3cc(NC(C)=O)nc(-n4nc(C)cc4C)n3)n2)C1,UHHRYINUVNKFTA-UHFFFAOYSA-N,C1CCC(C2CCCC(C3CCCC(C4CCC4)C3)C2)C1,10.1021/jm800851u,18947224,1,True,True,pending_dual_review,quarantined_before_evidence_review,exact_structure_previously_visible|generic_scaffold_overlaps_model_selection
BDB-26256,26256,COC1CCN(c2cccc(-c3cc(NC(C)=O)nc(-n4nc(C)cc4C)n3)n2)CC1,JENSDTKXNVHSSN-UHFFFAOYSA-N,C1CCC(C2CCCC(C3CCCC(C4CCCC4)C3)C2)CC1,10.1021/jm4011669|10.1021/jm800851u,18947224|24164628,2,True,True,pending_dual_review,quarantined_before_evidence_review,exact_structure_previously_visible|generic_scaffold_overlaps_model_selection
BDB-26257,26257,CC(=O)Nc1cc(-c2cccc(N3CCC(O)CC3)n2)nc(-n2nc(C)cc2C)n1,NOMOVVSYFDZGOW-UHFFFAOYSA-N,C1CCC(C2CCCC(C3CCCC(C4CCCC4)C3)C2)CC1,10.1021/jm800851u,18947224,1,True,True,pending_dual_review,quarantined_before_evidence_review,exact_structure_previously_visible|generic_scaffold_overlaps_model_selection
BDB-303145,303145,COc1cccc2c(C(=O)NCc3cccc(C(C)(O)C(F)(F)F)n3)nc(N)nc12,LONMATKAFHVAFY-UHFFFAOYSA-N,CC(CCC1CCCCC1)C1CCCC2CCCCC21,,,1,False,False,pending_dual_review,quarantined_before_evidence_review,primary_publication_identifier_missing
BDB-303150,303150,COc1cccc2c(C(=O)NCc3cccc(C4(O)CCC4)n3)nc(N)nc12,VXDLOVPDFJTWEC-UHFFFAOYSA-N,CC(CCC1CCCC(C2CCC2)C1)C1CCCC2CCCCC21,,,1,False,False,pending_dual_review,quarantined_before_evidence_review,primary_publication_identifier_missing
BDB-303181,303181,COc1cccc2c(C(=O)NCc3cccc(C4CC4)n3)nc(N)nc12,FBJJDKJRBPRPAG-UHFFFAOYSA-N,CC(CCC1CCCC(C2CC2)C1)C1CCCC2CCCCC21,,,1,False,False,pending_dual_review,quarantined_before_evidence_review,primary_publication_identifier_missing
BDB-303197,303197,COc1cccc2c(C(=O)NCc3cccc(-c4cccc(O)c4)n3)nc(N)nc12,RBBLJMAFQNNTJC-UHFFFAOYSA-N,CC(CCC1CCCC(C2CCCCC2)C1)C1CCCC2CCCCC21,,,1,False,False,pending_dual_review,quarantined_before_evidence_review,primary_publication_identifier_missing
BDB-303235,303235,COc1cccc2c(C(=O)NCc3cccc(-c4ccccn4)n3)nc(N)nc12,HQAKYJIASAEKHF-UHFFFAOYSA-N,CC(CCC1CCCC(C2CCCCC2)C1)C1CCCC2CCCCC21,,,1,False,False,pending_dual_review,quarantined_before_evidence_review,primary_publication_identifier_missing
BDB-303246,303246,COc1cccc2c(C(=O)NCc3nc(C)ccc3C)nc(N)nc12,QYHUCMOECUOQHQ-UHFFFAOYSA-N,CC(CCC1CCCCC1)C1CCCC2CCCCC21,,,1,False,False,pending_dual_review,quarantined_before_evidence_review,primary_publication_identifier_missing
BDB-303248,303248,CCn1cccc(CNC(=O)c2nc(N)nc3c(OC)cccc23)c1=O,LVTOEEMEIYXWNO-UHFFFAOYSA-N,CC1CCCCC1CCC(C)C1CCCC2CCCCC21,,,1,False,False,pending_dual_review,quarantined_before_evidence_review,primary_publication_identifier_missing
BDB-303251,303251,COc1cccc2c(C(=O)NCc3cccc4ccncc34)nc(N)nc12,DALCTBKRHYONPT-UHFFFAOYSA-N,CC(CCC1CCCC2CCCCC21)C1CCCC2CCCCC21,,,1,False,False,pending_dual_review,quarantined_before_evidence_review,primary_publication_identifier_missing
BDB-303252,303252,COc1cccc2c(C(=O)NCc3cccc(C)c3)nc(N)nc12,HCEXVHMHLFKUIU-UHFFFAOYSA-N,CC(CCC1CCCCC1)C1CCCC2CCCCC21,,,1,False,False,pending_dual_review,quarantined_before_evidence_review,primary_publication_identifier_missing
BDB-303254,303254,COc1cccc2c(C(=O)NCc3ncccc3C(F)(F)F)nc(N)nc12,DBXSCSQCWLXCEZ-UHFFFAOYSA-N,CC(CCC1CCCCC1)C1CCCC2CCCCC21,,,1,False,False,pending_dual_review,quarantined_before_evidence_review,primary_publication_identifier_missing
BDB-303255,303255,COc1cccc2c(C(=O)NCc3nc(C)ccc3F)nc(N)nc12,CAQCVGLHZNMOBU-UHFFFAOYSA-N,CC(CCC1CCCCC1)C1CCCC2CCCCC21,,,1,False,False,pending_dual_review,quarantined_before_evidence_review,primary_publication_identifier_missing
BDB-303259,303259,COc1cccc2c(C(=O)NCc3ncccc3C)nc(N)nc12,ICKIWYFJJCIZFQ-UHFFFAOYSA-N,CC(CCC1CCCCC1)C1CCCC2CCCCC21,,,1,False,False,pending_dual_review,quarantined_before_evidence_review,primary_publication_identifier_missing
BDB-303260,303260,COc1cccc2c(C(=O)NCc3ncccc3F)nc(N)nc12,CXIBGHBNYZZHNE-UHFFFAOYSA-N,CC(CCC1CCCCC1)C1CCCC2CCCCC21,,,1,False,False,pending_dual_review,quarantined_before_evidence_review,primary_publication_identifier_missing
BDB-303261,303261,COc1cccc2c(C(=O)NCc3ccc(F)cn3)nc(N)nc12,MRFQGUWGIIRBRK-UHFFFAOYSA-N,CC(CCC1CCCCC1)C1CCCC2CCCCC21,,,1,False,False,pending_dual_review,quarantined_before_evidence_review,primary_publication_identifier_missing
BDB-303263,303263,COc1cccc2c(C(=O)NCc3ncc(C)cc3C)nc(N)nc12,NOIXUKMFMVIGGD-UHFFFAOYSA-N,CC(CCC1CCCCC1)C1CCCC2CCCCC21,,,1,False,False,pending_dual_review,quarantined_before_evidence_review,primary_publication_identifier_missing
BDB-303264,303264,COc1cccc2c(C(=O)NCc3ncc(F)cc3F)nc(N)nc12,AZLXKIFCBLXTFL-UHFFFAOYSA-N,CC(CCC1CCCCC1)C1CCCC2CCCCC21,,,1,False,False,pending_dual_review,quarantined_before_evidence_review,primary_publication_identifier_missing
BDB-303265,303265,COc1cccc2c(C(=O)NCc3ccc4ccccc4n3)nc(N)nc12,VXRAHKIEOSPEEV-UHFFFAOYSA-N,CC(CCC1CCC2CCCCC2C1)C1CCCC2CCCCC21,,,1,False,False,pending_dual_review,quarantined_before_evidence_review,primary_publication_identifier_missing
BDB-303266,303266,COc1cccc2c(C(=O)NCc3nc(-c4ccccc4)c(C)o3)nc(N)nc12,HFFRWDPLDNMZDI-UHFFFAOYSA-N,CC(CCC1CCC(C2CCCCC2)C1)C1CCCC2CCCCC21,,,1,False,False,pending_dual_review,quarantined_before_evidence_review,primary_publication_identifier_missing
BDB-303267,303267,COc1cccc2c(C(=O)NCC3Cc4cccnc4C3)nc(N)nc12,JDDLIRSRSYOMFY-UHFFFAOYSA-N,CC(CCC1CC2CCCCC2C1)C1CCCC2CCCCC21,,,1,False,False,pending_dual_review,quarantined_before_evidence_review,primary_publication_identifier_missing
BDB-303268,303268,COc1cccc2c(C(=O)N[C@@H]3CCc4ccccc43)nc(N)nc12,JLWFASSLASVKQZ-CQSZACIVSA-N,CC(CC1CCC2CCCCC21)C1CCCC2CCCCC21,,,1,False,False,pending_dual_review,quarantined_before_evidence_review,primary_publication_identifier_missing
BDB-303269,303269,COc1cccc2c(C(=O)NC3CCc4ccccc4C3)nc(N)nc12,WDOXTJHNNHWWJT-UHFFFAOYSA-N,CC(CC1CCC2CCCCC2C1)C1CCCC2CCCCC21,,,1,False,False,pending_dual_review,quarantined_before_evidence_review,primary_publication_identifier_missing
BDB-303271,303271,COc1cccc2c(C(=O)N[C@@H](CO)c3ccccc3)nc(N)nc12,CKJVOGUNBYHRPJ-ZDUSSCGKSA-N,CC(CCC1CCCCC1)C1CCCC2CCCCC21,,,1,False,False,pending_dual_review,quarantined_before_evidence_review,primary_publication_identifier_missing
BDB-303272,303272,COc1cccc2c(C(=O)N[C@@H](CO)c3ccc4ccccc4n3)nc(N)nc12,BSINCHJNBYSRKK-INIZCTEOSA-N,CC(CCC1CCC2CCCCC2C1)C1CCCC2CCCCC21,,,1,False,False,pending_dual_review,quarantined_before_evidence_review,primary_publication_identifier_missing
BDB-303273,303273,COc1cccc2c(C(=O)NCc3ncccn3)nc(N)nc12,KCMSYAQNSSTHKI-UHFFFAOYSA-N,CC(CCC1CCCCC1)C1CCCC2CCCCC21,,,1,False,False,pending_dual_review,quarantined_before_evidence_review,primary_publication_identifier_missing
BDB-303274,303274,COc1cccc2c(C(=O)NC(C)(C)c3ccccn3)nc(N)nc12,WEPPFLKPTRAQMR-UHFFFAOYSA-N,CC(CCC1CCCCC1)C1CCCC2CCCCC21,,,1,False,False,pending_dual_review,quarantined_before_evidence_review,primary_publication_identifier_missing
BDB-303275,303275,COc1cccc2c(C(=O)NC3(c4ccccn4)CC3)nc(N)nc12,BSUFVXJJVHRIFK-UHFFFAOYSA-N,CC(CC1(C2CCCCC2)CC1)C1CCCC2CCCCC21,,,1,False,False,pending_dual_review,quarantined_before_evidence_review,primary_publication_identifier_missing
BDB-303276,303276,COc1cccc2c(C(=O)NCc3ccccc3-c3cccnc3)nc(N)nc12,HEXGBGVKJVNGQS-UHFFFAOYSA-N,CC(CCC1CCCCC1C1CCCCC1)C1CCCC2CCCCC21,,,1,False,False,pending_dual_review,quarantined_before_evidence_review,primary_publication_identifier_missing
BDB-303277,303277,COc1cccc2c(C(=O)NCc3cccc4c3OC(F)(F)O4)nc(N)nc12,BJAHYKBWTKILAC-UHFFFAOYSA-N,CC(CCC1CCCC2CCCC21)C1CCCC2CCCCC21,,,1,False,False,pending_dual_review,quarantined_before_evidence_review,primary_publication_identifier_missing
BDB-303278,303278,COc1cccc2c(C(=O)NCc3ccccc3-c3ccccn3)nc(N)nc12,QALRAGCTTBTPBH-UHFFFAOYSA-N,CC(CCC1CCCCC1C1CCCCC1)C1CCCC2CCCCC21,,,1,False,False,pending_dual_review,quarantined_before_evidence_review,primary_publication_identifier_missing
BDB-303280,303280,COc1cccc2c(C(=O)NCc3cccc(COc4ccc(F)cc4)n3)nc(N)nc12,IDDCTUDFRLJCRE-UHFFFAOYSA-N,CC(CCC1CCCC(CCC2CCCCC2)C1)C1CCCC2CCCCC21,,,1,False,False,pending_dual_review,quarantined_before_evidence_review,primary_publication_identifier_missing
BDB-303281,303281,Nc1nc(C(=O)NCc2cccc(COc3ccccn3)n2)c2cccc(F)c2n1,NHXWWHMXXSWANF-UHFFFAOYSA-N,CC(CCC1CCCC(CCC2CCCCC2)C1)C1CCCC2CCCCC21,,,1,False,False,pending_dual_review,quarantined_before_evidence_review,primary_publication_identifier_missing
BDB-303282,303282,N#Cc1ccc(OCc2cccc(CNC(=O)c3nc(N)nc4c(F)cccc34)n2)cc1,BQHKDTHYONFPSU-UHFFFAOYSA-N,CC(CCC1CCCC(CCC2CCCCC2)C1)C1CCCC2CCCCC21,,,1,False,False,pending_dual_review,quarantined_before_evidence_review,primary_publication_identifier_missing
BDB-303284,303284,COc1cccc2c(C(=O)NCc3cccc(COCC4CCCC4)n3)nc(N)nc12,YJMCNLNSLRPDKQ-UHFFFAOYSA-N,CC(CCC1CCCC(CCCC2CCCC2)C1)C1CCCC2CCCCC21,,,1,False,False,pending_dual_review,quarantined_before_evidence_review,primary_publication_identifier_missing
BDB-303285,303285,COc1cccc2c(C(=O)NCc3cccc(COCC4CC4)n3)nc(N)nc12,BBQBDBPLQFKKMG-UHFFFAOYSA-N,CC(CCC1CCCC(CCCC2CC2)C1)C1CCCC2CCCCC21,,,1,False,False,pending_dual_review,quarantined_before_evidence_review,primary_publication_identifier_missing
BDB-303286,303286,COc1cccc2c(C(=O)NCc3cccc(COCC(C)C)n3)nc(N)nc12,WOPFJIUIXCLOJH-UHFFFAOYSA-N,CC(CCC1CCCCC1)C1CCCC2CCCCC21,,,1,False,False,pending_dual_review,quarantined_before_evidence_review,primary_publication_identifier_missing
BDB-303287,303287,COc1cccc2c(C(=O)NCc3cccc(CO[C@H]4CCOC4)n3)nc(N)nc12,KTXBCAVKDUZBSL-HNNXBMFYSA-N,CC(CCC1CCCC(CCC2CCCC2)C1)C1CCCC2CCCCC21,,,1,False,False,pending_dual_review,quarantined_before_evidence_review,primary_publication_identifier_missing
BDB-303288,303288,COc1cccc2c(C(=O)NCc3cccc(CN4CCOCC4)c3)nc(N)nc12,OEQFSVYOUJWAJT-UHFFFAOYSA-N,CC(CCC1CCCC(CC2CCCCC2)C1)C1CCCC2CCCCC21,,,1,False,False,pending_dual_review,quarantined_before_evidence_review,primary_publication_identifier_missing
BDB-303289,303289,COc1cccc2c(C(=O)NCc3cccc(COc4cccc(F)c4)n3)nc(N)nc12,OWLCEZHLRLQYON-UHFFFAOYSA-N,CC(CCC1CCCC(CCC2CCCCC2)C1)C1CCCC2CCCCC21,,,1,False,False,pending_dual_review,quarantined_before_evidence_review,primary_publication_identifier_missing
BDB-303290,303290,COc1cccc2c(C(=O)NCc3cccc(CSc4ccc(F)cc4)n3)nc(N)nc12,GJLPOQZIWYYYMO-UHFFFAOYSA-N,CC(CCC1CCCC(CCC2CCCCC2)C1)C1CCCC2CCCCC21,,,1,False,False,pending_dual_review,quarantined_before_evidence_review,primary_publication_identifier_missing
BDB-303291,303291,COc1cccc2c(C(=O)NCc3cccc(CSc4nc5ccccc5[nH]4)n3)nc(N)nc12,XPLKNJUPWPHNLI-UHFFFAOYSA-N,CC(CCC1CCCC(CCC2CC3CCCCC3C2)C1)C1CCCC2CCCCC21,,,1,False,False,pending_dual_review,quarantined_before_evidence_review,primary_publication_identifier_missing
BDB-303293,303293,COc1cncc(Oc2cccc(CNC(=O)c3nc(N)nc4c(OC)cccc34)n2)c1,CBSRYNIJFIEGRP-UHFFFAOYSA-N,CC(CCC1CCCC(CC2CCCCC2)C1)C1CCCC2CCCCC21,,,1,False,False,pending_dual_review,quarantined_before_evidence_review,primary_publication_identifier_missing
BDB-303294,303294,COCCOc1ccc(Oc2cccc(CNC(=O)c3nc(N)nc4c(F)cccc34)n2)cc1,PAPWCXBNFNOJFO-UHFFFAOYSA-N,CC(CCC1CCCC(CC2CCCCC2)C1)C1CCCC2CCCCC21,,,1,False,False,pending_dual_review,quarantined_before_evidence_review,primary_publication_identifier_missing
BDB-303295,303295,COCCOc1ccc(N2CCN(c3cccc(CNC(=O)c4nc(N)nc5c(OC)cccc45)n3)CC2)cc1,MIKLQPXPXCTDBT-UHFFFAOYSA-N,CC(CCC1CCCC(C2CCC(C3CCCCC3)CC2)C1)C1CCCC2CCCCC21,,,1,False,False,pending_dual_review,quarantined_before_evidence_review,primary_publication_identifier_missing
BDB-303297,303297,COc1cccc2c(C(=O)NCc3cccn(C)c3=O)nc(N)nc12,LRKSXJHMQPMMJH-UHFFFAOYSA-N,CC1CCCCC1CCC(C)C1CCCC2CCCCC21,,,1,False,False,pending_dual_review,quarantined_before_evidence_review,primary_publication_identifier_missing
BDB-303298,303298,Nc1nc(C(=O)NCc2ccccc2-n2cccn2)c2cccc(F)c2n1,SYOBOQUGDGVGIV-UHFFFAOYSA-N,CC(CCC1CCCCC1C1CCCC1)C1CCCC2CCCCC21,,,1,False,False,pending_dual_review,quarantined_before_evidence_review,primary_publication_identifier_missing
BDB-303299,303299,Nc1nc(C(=O)NCc2cccc(-c3ccccn3)n2)c2cccc(F)c2n1,LMDCKJWVCWRHCO-UHFFFAOYSA-N,CC(CCC1CCCC(C2CCCCC2)C1)C1CCCC2CCCCC21,,,1,False,False,pending_dual_review,quarantined_before_evidence_review,primary_publication_identifier_missing
BDB-303301,303301,Nc1nc(C(=O)NCc2ccccc2-c2ncccn2)c2cccc(F)c2n1,UWYYEGFJAQJCRA-UHFFFAOYSA-N,CC(CCC1CCCCC1C1CCCCC1)C1CCCC2CCCCC21,,,1,False,False,pending_dual_review,quarantined_before_evidence_review,primary_publication_identifier_missing
BDB-303302,303302,CC(C)c1cccc(-c2cccc(CNC(=O)c3nc(N)nc4c(F)cccc34)n2)c1,OFRQQIPWXXMUCO-UHFFFAOYSA-N,CC(CCC1CCCC(C2CCCCC2)C1)C1CCCC2CCCCC21,,,1,False,False,pending_dual_review,quarantined_before_evidence_review,primary_publication_identifier_missing
BDB-303303,303303,CC(C)Oc1cccc(-c2cccc(CNC(=O)c3nc(N)nc4c(F)cccc34)n2)c1,UXNVOAWJIOYOFQ-UHFFFAOYSA-N,CC(CCC1CCCC(C2CCCCC2)C1)C1CCCC2CCCCC21,,,1,False,False,pending_dual_review,quarantined_before_evidence_review,primary_publication_identifier_missing
BDB-303304,303304,Nc1nc(C(=O)NCc2ncccc2-c2ncccn2)c2cccc(F)c2n1,MRUCCWKSDUYJSK-UHFFFAOYSA-N,CC(CCC1CCCCC1C1CCCCC1)C1CCCC2CCCCC21,,,1,False,False,pending_dual_review,quarantined_before_evidence_review,primary_publication_identifier_missing
BDB-303305,303305,Cc1ccc(-c2cccnc2CNC(=O)c2nc(N)nc3c(F)cccc23)nc1,CTPPBSMPKZDBPP-UHFFFAOYSA-N,CC(CCC1CCCCC1C1CCCCC1)C1CCCC2CCCCC21,,,1,False,False,pending_dual_review,quarantined_before_evidence_review,primary_publication_identifier_missing
BDB-303306,303306,Cc1csc(-c2cccc(CNC(=O)c3nc(N)nc4c(F)cccc34)n2)n1,HFARZORBEKNBCJ-UHFFFAOYSA-N,CC(CCC1CCCC(C2CCCC2)C1)C1CCCC2CCCCC21,,,1,False,False,pending_dual_review,quarantined_before_evidence_review,primary_publication_identifier_missing
BDB-303307,303307,Nc1nc(C(=O)NCc2cccc(-c3cnco3)n2)c2cccc(F)c2n1,OTFLNKYYLJHENJ-UHFFFAOYSA-N,CC(CCC1CCCC(C2CCCC2)C1)C1CCCC2CCCCC21,,,1,False,False,pending_dual_review,quarantined_before_evidence_review,primary_publication_identifier_missing
BDB-303308,303308,Nc1nc(C(=O)NCc2cccc(C(F)F)n2)c2cccc(F)c2n1,AMFBVWDXTWHQFE-UHFFFAOYSA-N,CC(CCC1CCCCC1)C1CCCC2CCCCC21,,,1,False,False,pending_dual_review,quarantined_before_evidence_review,primary_publication_identifier_missing
BDB-303309,303309,Cc1ccc(CNC(=O)c2nc(N)nc3c(F)cccc23)nc1,WVAJSVYZSBTJFU-UHFFFAOYSA-N,CC(CCC1CCCCC1)C1CCCC2CCCCC21,,,1,False,False,pending_dual_review,quarantined_before_evidence_review,primary_publication_identifier_missing
BDB-303310,303310,Cc1ccc(CCNC(=O)c2nc(N)nc3c(F)cccc23)nc1,POXZMNOTXNNBAL-UHFFFAOYSA-N,CC(CCCC1CCCCC1)C1CCCC2CCCCC21,,,1,False,False,pending_dual_review,quarantined_before_evidence_review,primary_publication_identifier_missing
BDB-303311,303311,COC(=O)c1ccccc1CNC(=O)c1nc(N)nc2c(F)cccc12,XVIDLOZKQDGUPG-UHFFFAOYSA-N,CC(CCC1CCCCC1)C1CCCC2CCCCC21,,,1,False,False,pending_dual_review,quarantined_before_evidence_review,primary_publication_identifier_missing
BDB-303312,303312,COC(=O)c1cccc(CNC(=O)c2nc(N)nc3c(F)cccc23)n1,OGIWYNWAUJRTGL-UHFFFAOYSA-N,CC(CCC1CCCCC1)C1CCCC2CCCCC21,,,1,False,False,pending_dual_review,quarantined_before_evidence_review,primary_publication_identifier_missing
BDB-303313,303313,Cc1ccc(F)c(CNC(=O)c2nc(N)nc3c(F)cccc23)n1,XUOQQYOPHXXBLN-UHFFFAOYSA-N,CC(CCC1CCCCC1)C1CCCC2CCCCC21,,,1,False,False,pending_dual_review,quarantined_before_evidence_review,primary_publication_identifier_missing
BDB-303314,303314,COc1ccc(C)c(CNC(=O)c2nc(N)nc3c(F)cccc23)n1,RMFOGOQJELCEON-UHFFFAOYSA-N,CC(CCC1CCCCC1)C1CCCC2CCCCC21,,,1,False,False,pending_dual_review,quarantined_before_evidence_review,primary_publication_identifier_missing
BDB-303315,303315,CC(C)Oc1cccc(CNC(=O)c2nc(N)nc3c(F)cccc23)n1,RIARDWCERDHTRL-UHFFFAOYSA-N,CC(CCC1CCCCC1)C1CCCC2CCCCC21,,,1,False,False,pending_dual_review,quarantined_before_evidence_review,primary_publication_identifier_missing
BDB-303316,303316,CC1(O)CCN(c2cccc(CNC(=O)c3nc(N)nc4c(F)cccc34)n2)CC1,ZMPOAKLVHRSJSG-UHFFFAOYSA-N,CC(CCC1CCCC(C2CCCCC2)C1)C1CCCC2CCCCC21,,,1,False,False,pending_dual_review,quarantined_before_evidence_review,primary_publication_identifier_missing
BDB-303317,303317,Nc1nc(C(=O)NCc2cccc3cncn23)c2cccc(F)c2n1,VAOHQEHQLJOPMA-UHFFFAOYSA-N,CC(CCC1CCCC2CCCC21)C1CCCC2CCCCC21,,,1,False,False,pending_dual_review,quarantined_before_evidence_review,primary_publication_identifier_missing
BDB-303318,303318,Cc1cccn2cc(CNC(=O)c3nc(N)nc4c(F)cccc34)nc12,WSGZIHDFZAYSIK-UHFFFAOYSA-N,CC(CCC1CC2CCCCC2C1)C1CCCC2CCCCC21,,,1,False,False,pending_dual_review,quarantined_before_evidence_review,primary_publication_identifier_missing
BDB-303319,303319,CC(C)c1nc(CNC(=O)c2nc(N)nc3c(F)cccc23)cs1,WNUOFCWJTGUYOS-UHFFFAOYSA-N,CC(CCC1CCCC1)C1CCCC2CCCCC21,,,1,False,False,pending_dual_review,quarantined_before_evidence_review,primary_publication_identifier_missing
BDB-303320,303320,Nc1nc(C(=O)NCc2cc(C3CC3)on2)c2cccc(F)c2n1,GLMFPRIDQIRTRC-UHFFFAOYSA-N,CC(CCC1CCC(C2CC2)C1)C1CCCC2CCCCC21,,,1,False,False,pending_dual_review,quarantined_before_evidence_review,primary_publication_identifier_missing
BDB-303323,303323,Nc1nc(C(=O)NCC23CC4CC(CC(C4)C2)C3)c2cccc(F)c2n1,AAVBFLAAVMARPI-UHFFFAOYSA-N,CC(CCC12CC3CC(CC(C3)C1)C2)C1CCCC2CCCCC21,,,1,False,False,pending_dual_review,quarantined_before_evidence_review,primary_publication_identifier_missing
BDB-303324,303324,Nc1nc(C(=O)NCC2CCN(c3ncc(F)cn3)CC2)c2cccc(F)c2n1,CYPKPEUWGJHJKZ-UHFFFAOYSA-N,CC(CCC1CCC(C2CCCCC2)CC1)C1CCCC2CCCCC21,,,1,False,False,pending_dual_review,quarantined_before_evidence_review,primary_publication_identifier_missing
BDB-303325,303325,Nc1nc(C(=O)NCC2CC3CCC2C3)c2cccc(F)c2n1,ZOHKLRJRZLGUSG-UHFFFAOYSA-N,CC(CCC1CC2CCC1C2)C1CCCC2CCCCC21,,,1,False,False,pending_dual_review,quarantined_before_evidence_review,primary_publication_identifier_missing
BDB-303331,303331,Cc1cccc(CNC(=O)c2nc(N)nc3c(Cl)cc(Cl)cc23)n1,FAVLXAXZEVBBRF-UHFFFAOYSA-N,CC(CCC1CCCCC1)C1CCCC2CCCCC21,,,1,False,False,pending_dual_review,quarantined_before_evidence_review,primary_publication_identifier_missing
BDB-303336,303336,Cc1ccc(F)c(CNC(=O)c2nc(N)nc3c(-c4ncco4)cccc23)n1,ZFKLGDLHQUZBGF-UHFFFAOYSA-N,CC(CCC1CCCCC1)C1CCCC2C(C3CCCC3)CCCC12,,,1,False,False,pending_dual_review,quarantined_before_evidence_review,primary_publication_identifier_missing
BDB-303337,303337,Nc1nc(C(=O)NCc2ncccn2)c2cccc(I)c2n1,AXKJCFPTKIIJDK-UHFFFAOYSA-N,CC(CCC1CCCCC1)C1CCCC2CCCCC21,,,1,False,False,pending_dual_review,quarantined_before_evidence_review,primary_publication_identifier_missing
BDB-303340,303340,Nc1nc(C(=O)NCc2cccc(Cc3ccc(F)c(F)c3)n2)c2cccc(F)c2n1,SJCZONOHUNELFB-UHFFFAOYSA-N,CC(CCC1CCCC(CC2CCCCC2)C1)C1CCCC2CCCCC21,,,1,False,False,pending_dual_review,quarantined_before_evidence_review,primary_publication_identifier_missing
BDB-303341,303341,COc1cccc2c(C(=O)NCc3cccc(Cc4ccccc4)n3)nc(N)nc12,YPNUAAXHRAOWJF-UHFFFAOYSA-N,CC(CCC1CCCC(CC2CCCCC2)C1)C1CCCC2CCCCC21,,,1,False,False,pending_dual_review,quarantined_before_evidence_review,primary_publication_identifier_missing
BDB-303343,303343,COc1cccc2c(C(=O)NCc3cccc(Cc4ccc(N5CCOCC5)nc4)n3)nc(N)nc12,LMPXBXKPYUTLCF-UHFFFAOYSA-N,CC(CCC1CCCC(CC2CCC(C3CCCCC3)CC2)C1)C1CCCC2CCCCC21,,,1,False,False,pending_dual_review,quarantined_before_evidence_review,primary_publication_identifier_missing
BDB-303344,303344,COCCOc1cccc(Cc2cccc(CNC(=O)c3nc(N)nc4c(OC)cccc34)n2)c1,INSYQOJDVWNXNK-UHFFFAOYSA-N,CC(CCC1CCCC(CC2CCCCC2)C1)C1CCCC2CCCCC21,,,1,False,False,pending_dual_review,quarantined_before_evidence_review,primary_publication_identifier_missing
BDB-303346,303346,COc1cccc2c(C(=O)NCc3cccc(Cc4cncc(-c5ncco5)c4)n3)nc(N)nc12,PHYDLXRCNQOXPK-UHFFFAOYSA-N,CC(CCC1CCCC(CC2CCCC(C3CCCC3)C2)C1)C1CCCC2CCCCC21,,,1,False,False,pending_dual_review,quarantined_before_evidence_review,primary_publication_identifier_missing
BDB-303347,303347,COCOC(C)(C)c1ccc(Cc2cccc(CNC(=O)c3nc(N)nc4c(OC)cccc34)n2)cn1,RZECSYRYNINVEI-UHFFFAOYSA-N,CC(CCC1CCCC(CC2CCCCC2)C1)C1CCCC2CCCCC21,,,1,False,False,pending_dual_review,quarantined_before_evidence_review,primary_publication_identifier_missing
BDB-303348,303348,COc1cccc2c(C(=O)NCc3cccc(Cc4cncc(N5CCOCC5)c4)n3)nc(N)nc12,WSTCDMRVYVQEEL-UHFFFAOYSA-N,CC(CCC1CCCC(CC2CCCC(C3CCCCC3)C2)C1)C1CCCC2CCCCC21,,,1,False,False,pending_dual_review,quarantined_before_evidence_review,primary_publication_identifier_missing
BDB-303349,303349,Nc1nc(C(=O)NCc2cccc(Cc3ccccc3F)n2)c2cccc(F)c2n1,QJXYSXJPLQIREX-UHFFFAOYSA-N,CC(CCC1CCCC(CC2CCCCC2)C1)C1CCCC2CCCCC21,,,1,False,False,pending_dual_review,quarantined_before_evidence_review,primary_publication_identifier_missing
BDB-303350,303350,Nc1nc(C(=O)NCc2cccc(Cc3ccncc3)n2)c2cccc(F)c2n1,BGEZILNDGFFCAU-UHFFFAOYSA-N,CC(CCC1CCCC(CC2CCCCC2)C1)C1CCCC2CCCCC21,,,1,False,False,pending_dual_review,quarantined_before_evidence_review,primary_publication_identifier_missing
BDB-333216,333216,O[C@@H]1[C@H](O)CS[C@H]1c1nnc2c(NCCc3ccccc3)nccn12,PTZPWDNCDJPKDB-MGPQQGTHSA-N,C1CCC(CCCC2CCCC3C(C4CCCC4)CCC23)CC1,,,1,False,True,pending_dual_review,quarantined_before_evidence_review,generic_scaffold_overlaps_model_selection|primary_publication_identifier_missing
BDB-333218,333218,O[C@@H]1[C@H](O)CS[C@H]1c1nnc2c(NCc3cccc(F)c3)nccn12,UAXXFNWGIZWLPR-JHJVBQTASA-N,C1CCC(CCC2CCCC3C(C4CCCC4)CCC23)CC1,,,1,False,True,pending_dual_review,quarantined_before_evidence_review,generic_scaffold_overlaps_model_selection|primary_publication_identifier_missing
BDB-333232,333232,O[C@@H]1[C@H](O)CS[C@H]1c1nnc2c(NC3CC3c3ccccc3)nccn12,UNQRJNKDMHISGL-CLACGNGHSA-N,C1CCC(C2CC2CC2CCCC3C(C4CCCC4)CCC23)CC1,,,1,False,False,pending_dual_review,quarantined_before_evidence_review,primary_publication_identifier_missing
BDB-333246,333246,CN1CCN(Nc2nccn3c([C@@H]4SC[C@@H](O)[C@H]4O)nnc23)CC1,MMFRGJFWQSOXIM-GMTAPVOTSA-N,C1CCC(CC2CCCC3C(C4CCCC4)CCC23)CC1,,,1,False,True,pending_dual_review,quarantined_before_evidence_review,generic_scaffold_overlaps_model_selection|primary_publication_identifier_missing
BDB-333247,333247,O[C@@H]1[C@H](O)CS[C@H]1c1nnc2c(NN3CCOCC3)nccn12,DPLSSTBUKSWMRW-OPRDCNLKSA-N,C1CCC(CC2CCCC3C(C4CCCC4)CCC23)CC1,,,1,False,True,pending_dual_review,quarantined_before_evidence_review,generic_scaffold_overlaps_model_selection|primary_publication_identifier_missing
BDB-333250,333250,C[C@H](Nc1nccn2c([C@@H]3SC[C@@H](O)[C@H]3O)nnc12)c1cccc(Cl)c1,OTWLRHJGPZHMCM-KQURDKLPSA-N,C1CCC(CCC2CCCC3C(C4CCCC4)CCC23)CC1,,,1,False,True,pending_dual_review,quarantined_before_evidence_review,generic_scaffold_overlaps_model_selection|primary_publication_identifier_missing
BDB-333252,333252,O[C@@H]1[C@H](O)CS[C@H]1c1nnc2c(NCc3ccccc3Cl)nccn12,NJFMYELGJXKRQV-JHJVBQTASA-N,C1CCC(CCC2CCCC3C(C4CCCC4)CCC23)CC1,,,1,False,True,pending_dual_review,quarantined_before_evidence_review,generic_scaffold_overlaps_model_selection|primary_publication_identifier_missing
BDB-333253,333253,O[C@@H]1[C@H](O)CS[C@H]1c1nnc2c(NCc3ccc(Cl)cc3)nccn12,NVLINNWLQMAJSZ-JHJVBQTASA-N,C1CCC(CCC2CCCC3C(C4CCCC4)CCC23)CC1,,,1,False,True,pending_dual_review,quarantined_before_evidence_review,generic_scaffold_overlaps_model_selection|primary_publication_identifier_missing
BDB-333255,333255,O[C@@H]1[C@H](O)CS[C@H]1c1nnc2c(NCCc3ccccc3F)nccn12,GHIWAWBFFQJLRK-MGPQQGTHSA-N,C1CCC(CCCC2CCCC3C(C4CCCC4)CCC23)CC1,,,1,False,True,pending_dual_review,quarantined_before_evidence_review,generic_scaffold_overlaps_model_selection|primary_publication_identifier_missing
BDB-333260,333260,O[C@@H]1[C@H](O)CS[C@H]1c1nnc2c(NCc3cc(Cl)cc(Cl)c3)nccn12,OMLGKEMOBJEFNY-JHJVBQTASA-N,C1CCC(CCC2CCCC3C(C4CCCC4)CCC23)CC1,,,1,False,True,pending_dual_review,quarantined_before_evidence_review,generic_scaffold_overlaps_model_selection|primary_publication_identifier_missing
BDB-333261,333261,O[C@@H]1[C@H](O)CS[C@H]1c1nnc2c(NCc3cc(Cl)ccc3Cl)nccn12,MIODIQLOPBWNGQ-JHJVBQTASA-N,C1CCC(CCC2CCCC3C(C4CCCC4)CCC23)CC1,,,1,False,True,pending_dual_review,quarantined_before_evidence_review,generic_scaffold_overlaps_model_selection|primary_publication_identifier_missing
BDB-333262,333262,O[C@@H]1[C@H](O)CS[C@H]1c1nnc2c(NCc3cccs3)nccn12,SCECWKKUUPKNIA-GMTAPVOTSA-N,C1CCC(CCC2CCCC3C(C4CCCC4)CCC23)C1,,,1,False,False,pending_dual_review,quarantined_before_evidence_review,primary_publication_identifier_missing
BDB-35785,35785,Nc1nc(C(=O)NCc2ccccn2)cc(-c2ccco2)n1,BENBHTCDSUCPSQ-UHFFFAOYSA-N,CC(CCC1CCCCC1)C1CCCC(C2CCCC2)C1,10.1016/j.bmc.2009.07.078|10.1016/j.bmcl.2009.03.142,19362836|19695884,2,True,False,pending_dual_review,quarantined_before_evidence_review,exact_structure_previously_visible
BDB-35804,35804,CCNC(=O)[C@H]1O[C@@H](n2cnc3c(N)nc(NCCc4ccc(CCC(=O)O)cc4)nc32)[C@H](O)[C@@H]1O,PAOANWZGLPPROA-RQXXJAGISA-N,C1CCC(CCCC2CCC3CCC(C4CCCC4)C3C2)CC1,10.1007/pl00005131|10.1016/j.bmc.2008.01.041|10.1016/j.bmc.2009.05.036|10.1016/j.bmc.2012.11.021|10.1016/j.bmcl.2009.11.131|10.1016/j.ejmech.2015.10.030|10.1016/j.ejmech.2019.06.050|10.1021/acs.jmedchem.5b00215|10.1021/acs.jmedchem.5b00828|10.1021/jm031143+|10.1021/jm201461q|10.1021/jm4011669|10.1021/jm9804984|10.1021/ml200189u|10.1021/ml5002486,10212124|15267242|18262425|19481943|20031406|22104008|23245803|24164628|24900277|25221664|25780876|26356532|26513641|31255928|9459566,15,True,True,pending_dual_review,quarantined_before_evidence_review,exact_structure_previously_visible|generic_scaffold_overlaps_model_selection
BDB-35829,35829,Cc1cccc(CNC(=O)c2cc(-c3ccc(C)o3)nc(N)n2)n1,JWJMIQCWBFWBLV-UHFFFAOYSA-N,CC(CCC1CCCCC1)C1CCCC(C2CCCC2)C1,10.1016/j.bmc.2009.07.078|10.1021/jm4011669,19695884|24164628,2,True,False,pending_dual_review,quarantined_before_evidence_review,exact_structure_previously_visible
BDB-375227,375227,Nc1cc(Cl)c(-c2ccncc2)c(-c2cccnc2)n1,RESVCXRAWXYKBO-UHFFFAOYSA-N,C1CCC(C2CCCCC2C2CCCCC2)CC1,,,1,False,True,pending_dual_review,quarantined_before_evidence_review,generic_scaffold_overlaps_model_selection|primary_publication_identifier_missing
BDB-375228,375228,Nc1cc(Br)c(-c2ccncc2)c(-c2cccnc2)n1,IPWUMLNQSJDQEN-UHFFFAOYSA-N,C1CCC(C2CCCCC2C2CCCCC2)CC1,,,1,False,True,pending_dual_review,quarantined_before_evidence_review,generic_scaffold_overlaps_model_selection|primary_publication_identifier_missing
BDB-375229,375229,Nc1cc(Cl)c(-c2ccnc(F)c2)c(-c2cccnc2)n1,JNYHGOGFLOVUNA-UHFFFAOYSA-N,C1CCC(C2CCCCC2C2CCCCC2)CC1,,,1,False,True,pending_dual_review,quarantined_before_evidence_review,generic_scaffold_overlaps_model_selection|primary_publication_identifier_missing
BDB-375232,375232,Nc1cc(Cl)c(-c2ccnc(F)c2)c(-c2ccncc2)n1,MRVFIXUTHSACFC-UHFFFAOYSA-N,C1CCC(C2CCCCC2C2CCCCC2)CC1,,,1,False,True,pending_dual_review,quarantined_before_evidence_review,generic_scaffold_overlaps_model_selection|primary_publication_identifier_missing
BDB-375233,375233,Nc1cc(Br)c(-c2ccnc(F)c2)c(-c2ccncc2)n1,GURBAXXWOCKMDW-UHFFFAOYSA-N,C1CCC(C2CCCCC2C2CCCCC2)CC1,,,1,False,True,pending_dual_review,quarantined_before_evidence_review,generic_scaffold_overlaps_model_selection|primary_publication_identifier_missing
BDB-415448,415448,CCn1c(=O)c2c(C)c(CN3CCNC3=O)sc2n(CCOC)c1=O,GYVASRMLYXWTLJ-UHFFFAOYSA-N,CC1CC(C)C2CC(CC3CCCC3C)CC2C1,,,1,False,False,pending_dual_review,quarantined_before_evidence_review,primary_publication_identifier_missing
BDB-415449,415449,CCn1c(=O)c2c(C)c(CN3CCNC3=O)sc2n(CC2CCO2)c1=O,CDWIRFUAQXSUGR-UHFFFAOYSA-N,CC1CCCC1CC1CC2C(C)CC(C)C(CC3CCC3)C2C1,,,1,False,False,pending_dual_review,quarantined_before_evidence_review,primary_publication_identifier_missing
BDB-415450,415450,COCCn1c(=O)n(C(C)C)c(=O)c2c(C)c(CN3CCNC3=O)sc21,MQDFKQJWAVLPSG-UHFFFAOYSA-N,CC1CC(C)C2CC(CC3CCCC3C)CC2C1,,,1,False,False,pending_dual_review,quarantined_before_evidence_review,primary_publication_identifier_missing
BDB-415451,415451,CCn1c(=O)c2c(C)c(Cn3cc[nH]c3=O)sc2n(CCOC)c1=O,FLYJDKQWLFTMBW-UHFFFAOYSA-N,CC1CC(C)C2CC(CC3CCCC3C)CC2C1,,,1,False,False,pending_dual_review,quarantined_before_evidence_review,primary_publication_identifier_missing
BDB-415452,415452,CCn1c(=O)c2c(C)c(Cn3nc[nH]c3=O)sc2n(CCC(F)(F)F)c1=O,HXOPQSRXIGIZDD-UHFFFAOYSA-N,CC1CC(C)C2CC(CC3CCCC3C)CC2C1,,,1,False,False,pending_dual_review,quarantined_before_evidence_review,primary_publication_identifier_missing
BDB-415453,415453,CCn1c(=O)c2c(C)c(Cn3cn[nH]c3=O)sc2n(CCC(F)(F)F)c1=O,GTNNKMDPAIQNRD-UHFFFAOYSA-N,CC1CC(C)C2CC(CC3CCCC3C)CC2C1,,,1,False,False,pending_dual_review,quarantined_before_evidence_review,primary_publication_identifier_missing
BDB-42435,42435,Cc1ccc(COC(=O)c2nn(-c3ccccc3)nc2N)cc1,XNMNQDOKBYKDCH-UHFFFAOYSA-N,CC(CCC1CCCCC1)C1CCC(C2CCCCC2)C1,10.1021/acs.jmedchem.8b00204,29792714,1,False,True,pending_dual_review,quarantined_before_evidence_review,generic_scaffold_overlaps_model_selection
BDB-434782,434782,CNC(=O)[C@]12CC1[C@@H](n1cnc3cnc(C#Cc4ccccc4)nc31)[C@H](O)C2O,BRCXBJVBLCRLID-MKENEEBKSA-N,C1CCC(CCC2CCC3CCC(C4CCC5CC54)C3C2)CC1,,,1,False,False,pending_dual_review,quarantined_before_evidence_review,primary_publication_identifier_missing
BDB-471618,471618,COc1cccc2c1nc(N)n1nc([C@@H]3CCCN(CCC(F)(F)F)C3)nc21,CIOUUKXDVHLQBK-LLVKDONJSA-N,C1CCC(C2CC3CCC4CCCCC4C3C2)CC1,,,1,False,False,pending_dual_review,quarantined_before_evidence_review,primary_publication_identifier_missing
BDB-471619,471619,COc1cccc2c1nc(N)n1nc([C@@H]3CCCN(CC(C(F)(F)F)C(F)(F)F)C3)nc21,LYFMYVPXIHXVMJ-SNVBAGLBSA-N,C1CCC(C2CC3CCC4CCCCC4C3C2)CC1,,,1,False,False,pending_dual_review,quarantined_before_evidence_review,primary_publication_identifier_missing
BDB-471620,471620,COc1cccc2c1nc(N)n1nc([C@@H]3CCCN(CC(F)F)C3)nc21,ZLFLYFMSAXYACA-SNVBAGLBSA-N,C1CCC(C2CC3CCC4CCCCC4C3C2)CC1,,,1,False,False,pending_dual_review,quarantined_before_evidence_review,primary_publication_identifier_missing
BDB-471621,471621,COc1cccc2c1nc(N)n1nc([C@@H]3CCCN(CCN(C)C)C3)nc21,KGYQUWCKSKWSRF-CYBMUJFWSA-N,C1CCC(C2CC3CCC4CCCCC4C3C2)CC1,,,1,False,False,pending_dual_review,quarantined_before_evidence_review,primary_publication_identifier_missing
BDB-471622,471622,CCN1CCC[C@@H](c2nc3c4cccc(OC)c4nc(N)n3n2)C1,KQYXIRYQRFIKHN-LLVKDONJSA-N,C1CCC(C2CC3CCC4CCCCC4C3C2)CC1,,,1,False,False,pending_dual_review,quarantined_before_evidence_review,primary_publication_identifier_missing
BDB-471623,471623,COCCN1CCC[C@@H](c2nc3c4cccc(OC)c4nc(N)n3n2)C1,BQPKCHHSTWORNX-GFCCVEGCSA-N,C1CCC(C2CC3CCC4CCCCC4C3C2)CC1,,,1,False,False,pending_dual_review,quarantined_before_evidence_review,primary_publication_identifier_missing
BDB-471624,471624,CCCCN1CCC[C@@H](c2nc3c4cccc(OC)c4nc(N)n3n2)C1,ZFFZSMPLOARMIQ-CYBMUJFWSA-N,C1CCC(C2CC3CCC4CCCCC4C3C2)CC1,,,1,False,False,pending_dual_review,quarantined_before_evidence_review,primary_publication_identifier_missing
BDB-471625,471625,COc1cccc2c1nc(N)n1nc([C@@H]3CCCN(CC(C)C)C3)nc21,ZLPYPKKMUPOAAT-CYBMUJFWSA-N,C1CCC(C2CC3CCC4CCCCC4C3C2)CC1,,,1,False,False,pending_dual_review,quarantined_before_evidence_review,primary_publication_identifier_missing
BDB-471626,471626,C#CC(C)(C)N1CCC[C@@H](c2nc3c4cccc(OC)c4nc(N)n3n2)C1,JVGURZNCPGNVQV-CYBMUJFWSA-N,C1CCC(C2CC3CCC4CCCCC4C3C2)CC1,,,1,False,False,pending_dual_review,quarantined_before_evidence_review,primary_publication_identifier_missing
BDB-471627,471627,COc1cccc2c1nc(N)n1nc([C@@H]3CCCN(CC4(C)CC4)C3)nc21,OWASLPKVZQNLOO-CYBMUJFWSA-N,C1CC(CC2CC2)CC(C2CC3CCC4CCCCC4C3C2)C1,,,1,False,False,pending_dual_review,quarantined_before_evidence_review,primary_publication_identifier_missing
BDB-471628,471628,COc1cccc2c1nc(N)n1nc([C@@H]3CCCN(CCC(F)(F)C(F)(F)F)C3)nc21,GXBBHKPBPAWGSY-LLVKDONJSA-N,C1CCC(C2CC3CCC4CCCCC4C3C2)CC1,,,1,False,False,pending_dual_review,quarantined_before_evidence_review,primary_publication_identifier_missing
BDB-471629,471629,COc1cccc2c1nc(N)n1nc([C@H]3CCCN(CCC(F)(F)F)C3)nc21,CIOUUKXDVHLQBK-NSHDSACASA-N,C1CCC(C2CC3CCC4CCCCC4C3C2)CC1,,,1,False,False,pending_dual_review,quarantined_before_evidence_review,primary_publication_identifier_missing
BDB-471630,471630,COc1cccc2c1nc(N)n1nc([C@@H]3CCCNC3)nc21,ZLXLEOMHSGQPEM-SECBINFHSA-N,C1CCC(C2CC3CCC4CCCCC4C3C2)CC1,,,1,False,False,pending_dual_review,quarantined_before_evidence_review,primary_publication_identifier_missing
BDB-471631,471631,COc1cccc2c1nc(N)n1nc([C@@H]3CCCN(CCC4CC4)C3)nc21,ADHYXWXOSNAIGE-CQSZACIVSA-N,C1CC(CCC2CC2)CC(C2CC3CCC4CCCCC4C3C2)C1,,,1,False,False,pending_dual_review,quarantined_before_evidence_review,primary_publication_identifier_missing
BDB-471632,471632,COc1cccc2c1nc(N)n1nc([C@@H]3CCCN(CCN4CCOCC4)C3)nc21,NRNOCYPDVHHMKD-OAHLLOKOSA-N,C1CCC(CCC2CCCC(C3CC4CCC5CCCCC5C4C3)C2)CC1,,,1,False,False,pending_dual_review,quarantined_before_evidence_review,primary_publication_identifier_missing
BDB-471633,471633,COc1cccc2c1nc(N)n1nc([C@@H]3CCCN(CCCC(F)(F)F)C3)nc21,KWDVJQCUYKUIIL-GFCCVEGCSA-N,C1CCC(C2CC3CCC4CCCCC4C3C2)CC1,,,1,False,False,pending_dual_review,quarantined_before_evidence_review,primary_publication_identifier_missing
BDB-471634,471634,COc1cccc2c1nc(N)n1nc([C@@H]3CCCN(CC4CC(F)(F)C4)C3)nc21,DQRMLCRPXVHBDL-CYBMUJFWSA-N,C1CC(CC2CCCC(C3CC4CCC5CCCCC5C4C3)C2)C1,,,1,False,False,pending_dual_review,quarantined_before_evidence_review,primary_publication_identifier_missing
BDB-471635,471635,COc1cccc2c1nc(N)n1nc([C@@H]3CCCN(CC4(C)COC4)C3)nc21,HBFOHAXHKGYAPC-CYBMUJFWSA-N,C1CC(CC2CCCC(C3CC4CCC5CCCCC5C4C3)C2)C1,,,1,False,False,pending_dual_review,quarantined_before_evidence_review,primary_publication_identifier_missing
BDB-471636,471636,COc1cccc2c1nc(N)n1nc([C@@H]3CCCN(c4nnc(C)s4)C3)nc21,FOPBRGPOUCTCED-LLVKDONJSA-N,C1CCC(C2CCCC(C3CC4CCC5CCCCC5C4C3)C2)C1,,,1,False,False,pending_dual_review,quarantined_before_evidence_review,primary_publication_identifier_missing
BDB-471637,471637,COc1cccc2c1nc(N)n1nc([C@@H]3CCCN(c4nncs4)C3)nc21,BOHSFOBHAOYNNZ-SNVBAGLBSA-N,C1CCC(C2CCCC(C3CC4CCC5CCCCC5C4C3)C2)C1,,,1,False,False,pending_dual_review,quarantined_before_evidence_review,primary_publication_identifier_missing
BDB-471638,471638,COc1cccc2c1nc(N)n1nc([C@@H]3CCCN(c4ncns4)C3)nc21,KCWIXUPKULZFBX-SNVBAGLBSA-N,C1CCC(C2CCCC(C3CC4CCC5CCCCC5C4C3)C2)C1,,,1,False,False,pending_dual_review,quarantined_before_evidence_review,primary_publication_identifier_missing
BDB-471639,471639,COc1cccc2c1nc(N)n1nc([C@@H]3CCCN(c4ncc(C)s4)C3)nc21,KSBOCOSWBGYPSC-GFCCVEGCSA-N,C1CCC(C2CCCC(C3CC4CCC5CCCCC5C4C3)C2)C1,,,1,False,False,pending_dual_review,quarantined_before_evidence_review,primary_publication_identifier_missing
BDB-471640,471640,COc1cccc2c1nc(N)n1nc([C@@H]3CCCN(CC(F)(F)F)C3)nc21,NLWFJGAHYVXSOT-SNVBAGLBSA-N,C1CCC(C2CC3CCC4CCCCC4C3C2)CC1,,,1,False,False,pending_dual_review,quarantined_before_evidence_review,primary_publication_identifier_missing
BDB-471641,471641,COc1cccc2c1nc(N)n1nc([C@@H]3CCCN(C[C@@H](C4CC4)C(F)(F)F)C3)nc21,BJWMDWVLNFDKST-HIFRSBDPSA-N,C1CC(CCC2CC2)CC(C2CC3CCC4CCCCC4C3C2)C1,,,1,False,False,pending_dual_review,quarantined_before_evidence_review,primary_publication_identifier_missing
BDB-471642,471642,COc1cccc2c1nc(N)n1nc([C@@H]3CCCN(C[C@H](C4CC4)C(F)(F)F)C3)nc21,BJWMDWVLNFDKST-UKRRQHHQSA-N,C1CC(CCC2CC2)CC(C2CC3CCC4CCCCC4C3C2)C1,,,1,False,False,pending_dual_review,quarantined_before_evidence_review,primary_publication_identifier_missing
BDB-471643,471643,Nc1nc2c(OC(F)F)cccc2c2nc([C@@H]3CCCN(CC(F)F)C3)nn12,VYBDFOLLSRXWHH-SECBINFHSA-N,C1CCC(C2CC3CCC4CCCCC4C3C2)CC1,,,1,False,False,pending_dual_review,quarantined_before_evidence_review,primary_publication_identifier_missing
BDB-471644,471644,Nc1nc2cc(Cl)ccc2c2nc([C@@H]3CCCN(CC(F)F)C3)nn12,SEVYFXUTVOVIEK-SECBINFHSA-N,C1CCC(C2CC3CCC4CCCCC4C3C2)CC1,,,1,False,False,pending_dual_review,quarantined_before_evidence_review,primary_publication_identifier_missing
BDB-471645,471645,Nc1nc2c(Cl)cccc2c2nc(C3CCCN(CCC(F)(F)F)C3)nn12,CDNIOYQMGAPSCE-UHFFFAOYSA-N,C1CCC(C2CC3CCC4CCCCC4C3C2)CC1,,,1,False,False,pending_dual_review,quarantined_before_evidence_review,primary_publication_identifier_missing
BDB-471646,471646,Nc1nc2ccccc2c2nc([C@@H]3CCCN(CC(F)F)C3)nn12,CINSLZLPUPSQNL-SNVBAGLBSA-N,C1CCC(C2CC3CCC4CCCCC4C3C2)CC1,,,1,False,False,pending_dual_review,quarantined_before_evidence_review,primary_publication_identifier_missing
BDB-471647,471647,Nc1nc2c(O)cccc2c2nc([C@H]3CCC[C@@H](CCC(F)(F)F)C3)nn12,LRGYFQACFDGNDG-QWRGUYRKSA-N,C1CCC(C2CC3CCC4CCCCC4C3C2)CC1,,,1,False,False,pending_dual_review,quarantined_before_evidence_review,primary_publication_identifier_missing
BDB-471648,471648,Nc1nc2c(O)cccc2c2nc([C@H]3CCC[C@H](CCC(F)(F)F)C3)nn12,LRGYFQACFDGNDG-MNOVXSKESA-N,C1CCC(C2CC3CCC4CCCCC4C3C2)CC1,,,1,False,False,pending_dual_review,quarantined_before_evidence_review,primary_publication_identifier_missing
BDB-471649,471649,Nc1nc2c(O)cccc2c2nc([C@@H]3CCC[C@@H](CCC(F)(F)F)C3)nn12,LRGYFQACFDGNDG-WDEREUQCSA-N,C1CCC(C2CC3CCC4CCCCC4C3C2)CC1,,,1,False,False,pending_dual_review,quarantined_before_evidence_review,primary_publication_identifier_missing
BDB-471650,471650,Nc1nc2c(O)cccc2c2nc([C@@H]3CCC[C@H](CCC(F)(F)F)C3)nn12,LRGYFQACFDGNDG-GHMZBOCLSA-N,C1CCC(C2CC3CCC4CCCCC4C3C2)CC1,,,1,False,False,pending_dual_review,quarantined_before_evidence_review,primary_publication_identifier_missing
BDB-471651,471651,COc1cccc2c1nc(N)n1nc([C@H]3CCC[C@@H](N)C3)nc21,XQIOLDDBTXSMAM-VHSXEESVSA-N,C1CCC(C2CC3CCC4CCCCC4C3C2)CC1,,,1,False,False,pending_dual_review,quarantined_before_evidence_review,primary_publication_identifier_missing
BDB-471652,471652,COc1cccc2c1nc(N)n1nc([C@H]3CCC[C@H](N)C3)nc21,XQIOLDDBTXSMAM-UWVGGRQHSA-N,C1CCC(C2CC3CCC4CCCCC4C3C2)CC1,,,1,False,False,pending_dual_review,quarantined_before_evidence_review,primary_publication_identifier_missing
BDB-471653,471653,COc1cccc2c1nc(N)n1nc([C@@H]3CCC[C@@H](N)C3)nc21,XQIOLDDBTXSMAM-NXEZZACHSA-N,C1CCC(C2CC3CCC4CCCCC4C3C2)CC1,,,1,False,False,pending_dual_review,quarantined_before_evidence_review,primary_publication_identifier_missing
BDB-471654,471654,COc1cccc2c1nc(N)n1nc([C@@H]3CCC[C@H](N)C3)nc21,XQIOLDDBTXSMAM-ZJUUUORDSA-N,C1CCC(C2CC3CCC4CCCCC4C3C2)CC1,,,1,False,False,pending_dual_review,quarantined_before_evidence_review,primary_publication_identifier_missing
BDB-471655,471655,CCC(C)(C)N1CCC[C@@H](c2nc3c4cccc(OC)c4nc(N)n3n2)C1,HEELQWXMEDFXIC-CYBMUJFWSA-N,C1CCC(C2CC3CCC4CCCCC4C3C2)CC1,,,1,False,False,pending_dual_review,quarantined_before_evidence_review,primary_publication_identifier_missing
BDB-471656,471656,COc1cccc2c1nc(N)n1nc([C@H]3CCCCN(CC(F)(F)F)C3)nc21,MFESCWRGHHNLIY-NSHDSACASA-N,C1CCCC(C2CC3CCC4CCCCC4C3C2)CC1,,,1,False,False,pending_dual_review,quarantined_before_evidence_review,primary_publication_identifier_missing
BDB-471657,471657,COc1cccc2c1nc(N)n1nc([C@@H]3CCCCN(CC(F)(F)F)C3)nc21,MFESCWRGHHNLIY-LLVKDONJSA-N,C1CCCC(C2CC3CCC4CCCCC4C3C2)CC1,,,1,False,False,pending_dual_review,quarantined_before_evidence_review,primary_publication_identifier_missing
BDB-471658,471658,COc1cccc2c1nc(N)n1nc(C3CNCC(F)(F)C3)nc21,OSBIIPHUJPCBSF-UHFFFAOYSA-N,C1CCC(C2CC3CCC4CCCCC4C3C2)CC1,,,1,False,False,pending_dual_review,quarantined_before_evidence_review,primary_publication_identifier_missing
BDB-471659,471659,COc1cccc2c1nc(N)n1nc([C@H]3CNCC(F)(F)C3)nc21,OSBIIPHUJPCBSF-MRVPVSSYSA-N,C1CCC(C2CC3CCC4CCCCC4C3C2)CC1,,,1,False,False,pending_dual_review,quarantined_before_evidence_review,primary_publication_identifier_missing
BDB-471660,471660,COc1cccc2c1nc(N)n1nc([C@@H]3CN(CC(F)F)CC(F)(F)C3)nc21,PKPHVIYURJVTMV-VIFPVBQESA-N,C1CCC(C2CC3CCC4CCCCC4C3C2)CC1,,,2,False,False,pending_dual_review,quarantined_before_evidence_review,primary_publication_identifier_missing
BDB-471662,471662,COc1cccc2c1nc(N)n1nc([C@H]3CC4CC[C@@H]3N(CC(F)(F)F)C4)nc21,ZCOWAJONFTZWIN-OLPBLLBXSA-N,C1CCC2C(C1)CCC1CC(C3CC4CCC3CC4)CC12,,,1,False,False,pending_dual_review,quarantined_before_evidence_review,primary_publication_identifier_missing
BDB-471663,471663,COc1cccc2c1nc(N)n1nc([C@@H]3CCCN(S(=O)(=O)c4ccccc4)C3)nc21,DWQYJDORJDANOW-CQSZACIVSA-N,CC(C)(C1CCCCC1)C1CCCC(C2CC3CCC4CCCCC4C3C2)C1,,,1,False,False,pending_dual_review,quarantined_before_evidence_review,primary_publication_identifier_missing
BDB-471664,471664,COc1cccc2c1nc(N)n1nc([C@@H]3CCCN(C(=O)c4ccccc4)C3)nc21,LXRVFNRQAYJWCO-OAHLLOKOSA-N,CC(C1CCCCC1)C1CCCC(C2CC3CCC4CCCCC4C3C2)C1,,,1,False,False,pending_dual_review,quarantined_before_evidence_review,primary_publication_identifier_missing
BDB-471665,471665,COc1cccc2c1nc(N)n1nc([C@@H]3CCCN(C(=O)C(C)(C)C)C3)nc21,XPCLIFKCFZMOIO-GFCCVEGCSA-N,C1CCC(C2CC3CCC4CCCCC4C3C2)CC1,,,1,False,False,pending_dual_review,quarantined_before_evidence_review,primary_publication_identifier_missing
BDB-471666,471666,COc1cccc2c1nc(N)n1nc([C@@H]3CCCN(C(=O)c4cccs4)C3)nc21,CWONNTHYABQNDR-GFCCVEGCSA-N,CC(C1CCCC1)C1CCCC(C2CC3CCC4CCCCC4C3C2)C1,,,1,False,False,pending_dual_review,quarantined_before_evidence_review,primary_publication_identifier_missing
BDB-471667,471667,COc1cccc2c1nc(N)n1nc([C@@H]3CCCN(C(=O)c4ocnc4C)C3)nc21,MAQRTBSGGHHARL-GFCCVEGCSA-N,CC(C1CCCC1)C1CCCC(C2CC3CCC4CCCCC4C3C2)C1,,,1,False,False,pending_dual_review,quarantined_before_evidence_review,primary_publication_identifier_missing
BDB-471668,471668,COc1cccc(C(=O)N2CCC[C@@H](c3nc4c5cccc(OC)c5nc(N)n4n3)C2)c1,RYJKBXQRNKPNDW-OAHLLOKOSA-N,CC(C1CCCCC1)C1CCCC(C2CC3CCC4CCCCC4C3C2)C1,,,1,False,False,pending_dual_review,quarantined_before_evidence_review,primary_publication_identifier_missing
BDB-471669,471669,COc1cccc2c1nc(N)n1nc([C@@H]3CCCN(C(=O)C(C)(C)F)C3)nc21,QVTUPDNLXZGTES-LLVKDONJSA-N,C1CCC(C2CC3CCC4CCCCC4C3C2)CC1,,,1,False,False,pending_dual_review,quarantined_before_evidence_review,primary_publication_identifier_missing
BDB-471670,471670,COc1cccc2c1nc(N)n1nc([C@@H]3CCCN(CC(C)(C)F)C3)nc21,APLBTVKAKOUMTB-GFCCVEGCSA-N,C1CCC(C2CC3CCC4CCCCC4C3C2)CC1,,,1,False,False,pending_dual_review,quarantined_before_evidence_review,primary_publication_identifier_missing
BDB-471671,471671,COc1cccc2c1nc(N)n1nc([C@@H]3CCCN(CC4CCOCC4)C3)nc21,YPRIASUCVVRSGF-OAHLLOKOSA-N,C1CCC(CC2CCCC(C3CC4CCC5CCCCC5C4C3)C2)CC1,,,1,False,False,pending_dual_review,quarantined_before_evidence_review,primary_publication_identifier_missing
BDB-471672,471672,COc1cccc2c1nc(N)n1nc([C@@H]3CCCN(Cc4cccnc4)C3)nc21,QSNCVXOITBSXMY-OAHLLOKOSA-N,C1CCC(CC2CCCC(C3CC4CCC5CCCCC5C4C3)C2)CC1,,,1,False,False,pending_dual_review,quarantined_before_evidence_review,primary_publication_identifier_missing
BDB-471673,471673,COc1cccc2c1nc(N)n1nc([C@@H]3CCCN(Cc4cc(F)cc(C(F)(F)F)c4)C3)nc21,SRDVDMWPMOTPDG-CQSZACIVSA-N,C1CCC(CC2CCCC(C3CC4CCC5CCCCC5C4C3)C2)CC1,,,1,False,False,pending_dual_review,quarantined_before_evidence_review,primary_publication_identifier_missing
BDB-471674,471674,COc1cccc2c1nc(N)n1nc([C@@H]3CCCN(CC4CCCC4)C3)nc21,WCKVKHNSEYYCLB-OAHLLOKOSA-N,C1CCC(CC2CCCC(C3CC4CCC5CCCCC5C4C3)C2)C1,,,1,False,False,pending_dual_review,quarantined_before_evidence_review,primary_publication_identifier_missing
BDB-471675,471675,COc1cccc2c1nc(N)n1nc([C@@H]3CCCN(Cc4cnc(C)s4)C3)nc21,DBYRTLFIBGDGNT-CYBMUJFWSA-N,C1CCC(CC2CCCC(C3CC4CCC5CCCCC5C4C3)C2)C1,,,1,False,False,pending_dual_review,quarantined_before_evidence_review,primary_publication_identifier_missing
BDB-471676,471676,COc1cccc2c1nc(N)n1nc([C@@H]3CCCN(C4CCC(F)(F)CC4)C3)nc21,IRQBOFLHLUKKQG-CYBMUJFWSA-N,C1CCC(C2CCCC(C3CC4CCC5CCCCC5C4C3)C2)CC1,,,1,False,False,pending_dual_review,quarantined_before_evidence_review,primary_publication_identifier_missing
BDB-471677,471677,COc1cccc2c1nc(N)n1nc(C3CCCN(c4ccccc4)C3)nc21,WSPVEDBZEWNIIQ-UHFFFAOYSA-N,C1CCC(C2CCCC(C3CC4CCC5CCCCC5C4C3)C2)CC1,,,1,False,False,pending_dual_review,quarantined_before_evidence_review,primary_publication_identifier_missing
BDB-471678,471678,COc1cccc2c1nc(N)n1nc([C@@H]3CCCN(c4ccccc4)C3)nc21,WSPVEDBZEWNIIQ-CQSZACIVSA-N,C1CCC(C2CCCC(C3CC4CCC5CCCCC5C4C3)C2)CC1,,,1,False,False,pending_dual_review,quarantined_before_evidence_review,primary_publication_identifier_missing
BDB-471679,471679,COc1cccc2c1nc(N)n1nc(C3CCN(c4cccc(F)c4)C3)nc21,WFCGUNDVRFEZAY-UHFFFAOYSA-N,C1CCC(C2CCC(C3CC4CCC5CCCCC5C4C3)C2)CC1,,,1,False,False,pending_dual_review,quarantined_before_evidence_review,primary_publication_identifier_missing
BDB-471680,471680,COc1cccc2c1nc(N)n1nc([C@@H]3CCCN(C4CC4)C3)nc21,PEINOCZPDAATCW-LLVKDONJSA-N,C1CC(C2CC2)CC(C2CC3CCC4CCCCC4C3C2)C1,,,1,False,False,pending_dual_review,quarantined_before_evidence_review,primary_publication_identifier_missing
BDB-471681,471681,COc1cccc2c1nc(N)n1nc([C@@H]3CCN(CC(F)(F)F)C3)nc21,OJRXWVAPJWHSPA-SECBINFHSA-N,C1CCC(C2CC3CCC4CCCCC4C3C2)C1,,,1,False,False,pending_dual_review,quarantined_before_evidence_review,primary_publication_identifier_missing
BDB-471682,471682,COc1cccc2c1nc(N)n1nc([C@H]3CN(C4CCC(F)(F)CC4)CCO3)nc21,RKVYIXVEDULMLX-OAHLLOKOSA-N,C1CCC(C2CCCC(C3CC4CCC5CCCCC5C4C3)C2)CC1,,,1,False,False,pending_dual_review,quarantined_before_evidence_review,primary_publication_identifier_missing
BDB-471683,471683,COc1cccc2c1nc(N)n1nc([C@@H]3CC(F)(F)CCO3)nc21,GWLXKAIKLPBRJG-JTQLQIEISA-N,C1CCC(C2CC3CCC4CCCCC4C3C2)CC1,,,1,False,False,pending_dual_review,quarantined_before_evidence_review,primary_publication_identifier_missing
BDB-471684,471684,COc1cccc2c1nc(N)n1nc([C@H]3CC(F)(F)CCO3)nc21,GWLXKAIKLPBRJG-SNVBAGLBSA-N,C1CCC(C2CC3CCC4CCCCC4C3C2)CC1,,,1,False,False,pending_dual_review,quarantined_before_evidence_review,primary_publication_identifier_missing
BDB-471685,471685,Nc1nc2c3c(ccc2c2nc([C@H]4CCCN(CCC(F)(F)F)C4)nn12)OC(F)(F)O3,DEFWYCPHRXWTIF-VIFPVBQESA-N,C1CCC(C2CC3CCC4C5CCCC5CCC4C3C2)CC1,,,1,False,False,pending_dual_review,quarantined_before_evidence_review,primary_publication_identifier_missing
BDB-471686,471686,Nc1nc2c3c(ccc2c2nc([C@@H]4CCCN(CCC(F)(F)F)C4)nn12)OC(F)(F)O3,DEFWYCPHRXWTIF-SECBINFHSA-N,C1CCC(C2CC3CCC4C5CCCC5CCC4C3C2)CC1,,,1,False,False,pending_dual_review,quarantined_before_evidence_review,primary_publication_identifier_missing
BDB-471687,471687,COc1cccc2c1nc(N)n1nc([C@@H]3CC(F)(F)CN3)nc21,QINQHYPPQTWSON-QMMMGPOBSA-N,C1CCC(C2CC3CCC4CCCCC4C3C2)C1,,,1,False,False,pending_dual_review,quarantined_before_evidence_review,primary_publication_identifier_missing
BDB-471688,471688,COc1cccc2c1nc(N)n1nc([C@@H]3CCC(F)(F)CN3)nc21,OIUASLQNZUATSP-VIFPVBQESA-N,C1CCC(C2CC3CCC4CCCCC4C3C2)CC1,,,1,False,False,pending_dual_review,quarantined_before_evidence_review,primary_publication_identifier_missing
BDB-471689,471689,COc1cccc2c1nc(N)n1nc([C@H]3CCC(F)(F)CN3)nc21,OIUASLQNZUATSP-SECBINFHSA-N,C1CCC(C2CC3CCC4CCCCC4C3C2)CC1,,,1,False,False,pending_dual_review,quarantined_before_evidence_review,primary_publication_identifier_missing
BDB-471690,471690,COc1cccc2c1nc(N)n1nc([C@H]3CC4CC[C@H]3N(CC(F)(F)F)C4)nc21,ZCOWAJONFTZWIN-HEVMSJOKSA-N,C1CCC2C(C1)CCC1CC(C3CC4CCC3CC4)CC12,,,1,False,False,pending_dual_review,quarantined_before_evidence_review,primary_publication_identifier_missing
BDB-471691,471691,COc1cccc2c1nc(N)n1nc([C@@H]3CC4CC[C@@H]3N(CC(F)(F)F)C4)nc21,ZCOWAJONFTZWIN-SOYIIFOFSA-N,C1CCC2C(C1)CCC1CC(C3CC4CCC3CC4)CC12,,,1,False,False,pending_dual_review,quarantined_before_evidence_review,primary_publication_identifier_missing
BDB-471692,471692,COc1cccc2c1nc(N)n1nc([C@@H]3CC4CC[C@H]3N(CC(F)(F)F)C4)nc21,ZCOWAJONFTZWIN-SKVSWLLESA-N,C1CCC2C(C1)CCC1CC(C3CC4CCC3CC4)CC12,,,1,False,False,pending_dual_review,quarantined_before_evidence_review,primary_publication_identifier_missing
BDB-48290,48290,O=C(Nc1nc2ccccc2[nH]1)c1ccccc1,LYLQJTSHZYGWBO-UHFFFAOYSA-N,CC(CC1CC2CCCCC2C1)C1CCCCC1,10.1021/acs.jmedchem.8b00204,29792714,1,False,True,pending_dual_review,quarantined_before_evidence_review,generic_scaffold_overlaps_model_selection
BDB-493735,493735,Nc1nnc(-c2cccc(C(F)(F)F)c2)c(-c2ccccc2)n1,IHPQFXCVGTXJSY-UHFFFAOYSA-N,C1CCC(C2CCCCC2C2CCCCC2)CC1,,,1,False,True,pending_dual_review,quarantined_before_evidence_review,generic_scaffold_overlaps_model_selection|primary_publication_identifier_missing
BDB-493737,493737,Nc1nnc(-c2ccc(F)c(Cl)c2)c(-c2ccccc2)n1,WHNYFURMDAJUOY-UHFFFAOYSA-N,C1CCC(C2CCCCC2C2CCCCC2)CC1,,,1,False,True,pending_dual_review,quarantined_before_evidence_review,generic_scaffold_overlaps_model_selection|primary_publication_identifier_missing
BDB-493738,493738,Nc1nnc(-c2ccc3cc[nH]c3c2)c(-c2ccccc2)n1,XNLHKANPOVEYAM-UHFFFAOYSA-N,C1CCC(C2CCCCC2C2CCC3CCCC3C2)CC1,,,1,False,False,pending_dual_review,quarantined_before_evidence_review,primary_publication_identifier_missing
BDB-493740,493740,COc1cc(OC)cc(-c2nnc(N)nc2-c2ccccc2)c1,GHCKNEYIPWFIHJ-UHFFFAOYSA-N,C1CCC(C2CCCCC2C2CCCCC2)CC1,,,1,False,True,pending_dual_review,quarantined_before_evidence_review,generic_scaffold_overlaps_model_selection|primary_publication_identifier_missing
BDB-493742,493742,Nc1nnc(-c2ccc3occc3c2)c(-c2ccccc2)n1,DBRXMCUUTHHREX-UHFFFAOYSA-N,C1CCC(C2CCCCC2C2CCC3CCCC3C2)CC1,,,1,False,False,pending_dual_review,quarantined_before_evidence_review,primary_publication_identifier_missing
BDB-493745,493745,Nc1nnc(-c2ccnc(Cl)c2)c(-c2ccccc2)n1,HCVRXRUXNXGAJZ-UHFFFAOYSA-N,C1CCC(C2CCCCC2C2CCCCC2)CC1,,,1,False,True,pending_dual_review,quarantined_before_evidence_review,generic_scaffold_overlaps_model_selection|primary_publication_identifier_missing
BDB-493747,493747,Cc1cc(Cl)cc(-c2nnc(N)nc2-c2ccccc2)c1,LGVPYELINABLML-UHFFFAOYSA-N,C1CCC(C2CCCCC2C2CCCCC2)CC1,,,1,False,True,pending_dual_review,quarantined_before_evidence_review,generic_scaffold_overlaps_model_selection|primary_publication_identifier_missing
BDB-493749,493749,Cc1cc(-c2nnc(N)nc2-c2ccccc2)cc(Cl)n1,CIQKMAODEOFLCF-UHFFFAOYSA-N,C1CCC(C2CCCCC2C2CCCCC2)CC1,,,1,False,True,pending_dual_review,quarantined_before_evidence_review,generic_scaffold_overlaps_model_selection|primary_publication_identifier_missing
BDB-493750,493750,Nc1nnc(-c2ccc3ccccc3c2)c(-c2ccccc2)n1,QORLVZVXTMAYJJ-UHFFFAOYSA-N,C1CCC(C2CCCCC2C2CCC3CCCCC3C2)CC1,,,1,False,False,pending_dual_review,quarantined_before_evidence_review,primary_publication_identifier_missing
BDB-493753,493753,Nc1nnc(-c2ccnc(C3CC3)c2)c(-c2ccccc2)n1,SVGBFMFACSLBMH-UHFFFAOYSA-N,C1CCC(C2CCCCC2C2CCCC(C3CC3)C2)CC1,,,1,False,False,pending_dual_review,quarantined_before_evidence_review,primary_publication_identifier_missing
BDB-493754,493754,CC1(C)C=C(c2nnc(N)nc2-c2ccccc2)CC(C)(C)O1,CHNYMUHUUJFUHJ-UHFFFAOYSA-N,C1CCC(C2CCCCC2C2CCCCC2)CC1,,,1,False,True,pending_dual_review,quarantined_before_evidence_review,generic_scaffold_overlaps_model_selection|primary_publication_identifier_missing
BDB-493756,493756,Cc1cc(-c2nnc(N)nc2-c2cccc(F)c2)cc(Cl)n1,NORPSLFVKUSIOR-UHFFFAOYSA-N,C1CCC(C2CCCCC2C2CCCCC2)CC1,,,1,False,True,pending_dual_review,quarantined_before_evidence_review,generic_scaffold_overlaps_model_selection|primary_publication_identifier_missing
BDB-493757,493757,Cc1cc(-c2nnc(N)nc2-c2ccc(F)cc2)cc(Cl)n1,NCWQLHHDGDXIJN-UHFFFAOYSA-N,C1CCC(C2CCCCC2C2CCCCC2)CC1,,30125720|34695776|35714367,4,True,True,pending_dual_review,quarantined_before_evidence_review,exact_structure_previously_visible|generic_scaffold_overlaps_model_selection
BDB-493760,493760,Nc1nnc(-c2cnn(Cc3ccccc3)c2)c(-c2ccccc2)n1,GSGBBHGXQRBPTD-UHFFFAOYSA-N,C1CCC(CC2CCC(C3CCCCC3C3CCCCC3)C2)CC1,,,1,False,False,pending_dual_review,quarantined_before_evidence_review,primary_publication_identifier_missing
BDB-493761,493761,Cc1cc(-c2nnc(N)nc2-c2ccc(OC(F)F)cc2)cc(C)c1C#N,WQMTZOQDYGNJHK-UHFFFAOYSA-N,C1CCC(C2CCCCC2C2CCCCC2)CC1,,,1,False,True,pending_dual_review,quarantined_before_evidence_review,generic_scaffold_overlaps_model_selection|primary_publication_identifier_missing
BDB-493764,493764,Cc1cc(-c2nnc(N)nc2-c2ccc(Cl)cc2)cc(C)n1,FQGPESZLQLSFSS-UHFFFAOYSA-N,C1CCC(C2CCCCC2C2CCCCC2)CC1,,,1,False,True,pending_dual_review,quarantined_before_evidence_review,generic_scaffold_overlaps_model_selection|primary_publication_identifier_missing
BDB-493765,493765,Nc1nnc(-c2cc(Cl)nc(C(F)(F)F)c2)c(-c2ccc(F)cc2)n1,LGWZYEYBDVFUJX-UHFFFAOYSA-N,C1CCC(C2CCCCC2C2CCCCC2)CC1,,,1,False,True,pending_dual_review,quarantined_before_evidence_review,generic_scaffold_overlaps_model_selection|primary_publication_identifier_missing
BDB-493767,493767,Cc1cc(-c2nnc(N)nc2-c2ccccc2F)cc(Cl)n1,RJOBHNRSFMJGBB-UHFFFAOYSA-N,C1CCC(C2CCCCC2C2CCCCC2)CC1,,,1,False,True,pending_dual_review,quarantined_before_evidence_review,generic_scaffold_overlaps_model_selection|primary_publication_identifier_missing
BDB-493768,493768,Cc1cc(-c2nnc(N)nc2-c2ccccc2)cc(C(F)F)n1,MNGOGRYXCCAACX-UHFFFAOYSA-N,C1CCC(C2CCCCC2C2CCCCC2)CC1,,,1,False,True,pending_dual_review,quarantined_before_evidence_review,generic_scaffold_overlaps_model_selection|primary_publication_identifier_missing
BDB-493769,493769,Nc1nnc(-c2cc(Cl)nc(C(F)F)c2)c(-c2ccccc2)n1,LIEMFCIWVVJSSA-UHFFFAOYSA-N,C1CCC(C2CCCCC2C2CCCCC2)CC1,,,1,False,True,pending_dual_review,quarantined_before_evidence_review,generic_scaffold_overlaps_model_selection|primary_publication_identifier_missing
BDB-493770,493770,Nc1nnc(-c2cc(Cl)nc(CF)c2)c(-c2ccccc2)n1,WQANLJXFMGVEPO-UHFFFAOYSA-N,C1CCC(C2CCCCC2C2CCCCC2)CC1,,,1,False,True,pending_dual_review,quarantined_before_evidence_review,generic_scaffold_overlaps_model_selection|primary_publication_identifier_missing
BDB-493771,493771,Cc1cc(-c2nnc(N)nc2-c2ccccc2F)cc(C(F)(F)F)n1,PJTUHOGDEKJPQS-UHFFFAOYSA-N,C1CCC(C2CCCCC2C2CCCCC2)CC1,,,1,False,True,pending_dual_review,quarantined_before_evidence_review,generic_scaffold_overlaps_model_selection|primary_publication_identifier_missing
BDB-493773,493773,Nc1nnc(-c2cc(Cl)cc(Cl)c2)c(-c2ccccn2)n1,CZKXWZHTPADASF-UHFFFAOYSA-N,C1CCC(C2CCCCC2C2CCCCC2)CC1,,,1,False,True,pending_dual_review,quarantined_before_evidence_review,generic_scaffold_overlaps_model_selection|primary_publication_identifier_missing
BDB-493775,493775,CN(C)c1cc(-c2nnc(N)nc2-c2ccccc2)ccn1,BWQVRLLSLPIRHB-UHFFFAOYSA-N,C1CCC(C2CCCCC2C2CCCCC2)CC1,,,1,False,True,pending_dual_review,quarantined_before_evidence_review,generic_scaffold_overlaps_model_selection|primary_publication_identifier_missing
BDB-493776,493776,Cc1cc(-c2nnc(N)nc2-c2ccccc2)cc(Br)n1,ICKLVGVENQMCQO-UHFFFAOYSA-N,C1CCC(C2CCCCC2C2CCCCC2)CC1,,,1,False,True,pending_dual_review,quarantined_before_evidence_review,generic_scaffold_overlaps_model_selection|primary_publication_identifier_missing
BDB-493777,493777,Cc1cc(-c2nnc(N)nc2-c2ccccc2)cc(C)[n+]1[O-],NKQOTFYKXPHZJD-UHFFFAOYSA-N,C1CCC(C2CCCCC2C2CCCCC2)CC1,,,1,False,True,pending_dual_review,quarantined_before_evidence_review,generic_scaffold_overlaps_model_selection|primary_publication_identifier_missing
BDB-493778,493778,Nc1nnc(-c2cc(Cl)cc(C(F)(F)F)c2)c(-c2ncccn2)n1,UNACIDLSWILRFY-UHFFFAOYSA-N,C1CCC(C2CCCCC2C2CCCCC2)CC1,,,1,False,True,pending_dual_review,quarantined_before_evidence_review,generic_scaffold_overlaps_model_selection|primary_publication_identifier_missing
BDB-493780,493780,CC1CCCN(c2nnc(N)nc2-c2ccccc2)C1,QLDNJJUNUWJMSA-UHFFFAOYSA-N,C1CCC(C2CCCCC2C2CCCCC2)CC1,,,1,False,True,pending_dual_review,quarantined_before_evidence_review,generic_scaffold_overlaps_model_selection|primary_publication_identifier_missing
BDB-493784,493784,Cc1csc(Nc2nnc(N)nc2-c2ccccc2)n1,HKUXCZJOGNAUSQ-UHFFFAOYSA-N,C1CCC(C2CCCCC2CC2CCCC2)CC1,,,1,False,False,pending_dual_review,quarantined_before_evidence_review,primary_publication_identifier_missing
BDB-493785,493785,Nc1nnc(N2CCOC(CO)C2)c(-c2ccccc2)n1,RDGDHIJBLJBHQT-UHFFFAOYSA-N,C1CCC(C2CCCCC2C2CCCCC2)CC1,,,1,False,True,pending_dual_review,quarantined_before_evidence_review,generic_scaffold_overlaps_model_selection|primary_publication_identifier_missing
BDB-493786,493786,Nc1nnc(Oc2ccccc2)c(-c2ccccc2)n1,JZNOOJAREOQSSX-UHFFFAOYSA-N,C1CCC(CC2CCCCC2C2CCCCC2)CC1,,,1,False,False,pending_dual_review,quarantined_before_evidence_review,primary_publication_identifier_missing
BDB-493787,493787,Nc1nnc(Oc2cccc(C(F)(F)F)c2)c(-c2ccccc2)n1,SYTPKACITVINPA-UHFFFAOYSA-N,C1CCC(CC2CCCCC2C2CCCCC2)CC1,,,1,False,False,pending_dual_review,quarantined_before_evidence_review,primary_publication_identifier_missing
BDB-493788,493788,Nc1nnc(-n2ccc(=O)cc2)c(-c2ccccc2)n1,LBYRXUHCQZFPFE-UHFFFAOYSA-N,CC1CCC(C2CCCCC2C2CCCCC2)CC1,,,1,False,True,pending_dual_review,quarantined_before_evidence_review,generic_scaffold_overlaps_model_selection|primary_publication_identifier_missing
BDB-493789,493789,Cc1ncccc1Oc1nnc(N)nc1-c1ccccc1,KFWWMGZJNHYQBW-UHFFFAOYSA-N,C1CCC(CC2CCCCC2C2CCCCC2)CC1,,,1,False,False,pending_dual_review,quarantined_before_evidence_review,primary_publication_identifier_missing
BDB-493791,493791,Cn1nc(C(F)(F)F)cc1Oc1nnc(N)nc1-c1ccccc1,NKFSORWFWCKRDH-UHFFFAOYSA-N,C1CCC(C2CCCCC2CC2CCCC2)CC1,,,1,False,False,pending_dual_review,quarantined_before_evidence_review,primary_publication_identifier_missing
BDB-493792,493792,Cc1ccc(Sc2nnc(N)nc2-c2ccccc2)cc1,VENQYDVPWPNZHO-UHFFFAOYSA-N,C1CCC(CC2CCCCC2C2CCCCC2)CC1,,,1,False,False,pending_dual_review,quarantined_before_evidence_review,primary_publication_identifier_missing
BDB-493793,493793,Nc1nnc(-c2cc(Cl)cc(OS(=O)(=O)C(F)(F)F)c2)c(-c2ccccc2)n1,GLMVCTJDLKLOFG-UHFFFAOYSA-N,C1CCC(C2CCCCC2C2CCCCC2)CC1,,,1,False,True,pending_dual_review,quarantined_before_evidence_review,generic_scaffold_overlaps_model_selection|primary_publication_identifier_missing
BDB-493794,493794,CC(=O)Nc1cc(-c2nnc(N)nc2-c2ccccc2)ccc1O,KIHUMUPRLXSFIN-UHFFFAOYSA-N,C1CCC(C2CCCCC2C2CCCCC2)CC1,,,1,False,True,pending_dual_review,quarantined_before_evidence_review,generic_scaffold_overlaps_model_selection|primary_publication_identifier_missing
BDB-493797,493797,Cc1cn(-c2nnc(N)nc2-c2ccccc2)cc(C)c1=O,JKHKZYJFIRNOLF-UHFFFAOYSA-N,CC1CCC(C2CCCCC2C2CCCCC2)CC1,,,1,False,True,pending_dual_review,quarantined_before_evidence_review,generic_scaffold_overlaps_model_selection|primary_publication_identifier_missing
BDB-493798,493798,Cc1cc(-c2nnc(N)nc2-c2ccccc2)cc(N2CCC2)n1,VBWKHLUINYVROR-UHFFFAOYSA-N,C1CCC(C2CCCCC2C2CCCC(C3CCC3)C2)CC1,,,1,False,False,pending_dual_review,quarantined_before_evidence_review,primary_publication_identifier_missing
BDB-493799,493799,Cc1cc(-c2nnc(N)nc2-c2ccc(F)cc2)cc(N2CCC2)n1,OZRFIJYBOMLPRU-UHFFFAOYSA-N,C1CCC(C2CCCCC2C2CCCC(C3CCC3)C2)CC1,,,1,False,False,pending_dual_review,quarantined_before_evidence_review,primary_publication_identifier_missing
BDB-50001493,50001493,CCCn1c(=O)[nH]c(=O)c2[nH]cnc21,SIQPXVQCUCHWDI-UHFFFAOYSA-N,CC1CC(C)C2CCCC2C1,10.1021/jm00062a010|10.1021/jm00126a014|10.1021/jm051268+|10.1021/jm900413e,16759111|19569717|2724296|34695776|8496906,5,True,False,pending_dual_review,quarantined_before_evidence_review,exact_structure_previously_visible
BDB-50001496,50001496,CCCn1c(=O)n(C)c(=O)c2c1ncn2CC,MBUIHYBKDMAGEF-UHFFFAOYSA-N,CC1CC(C)C2CCCC2C1,10.1021/jm00062a010,8496906,1,True,False,pending_dual_review,quarantined_before_evidence_review,exact_structure_previously_visible
BDB-50001499,50001499,CCCn1cnc2c1c(=O)n(C)c(=O)n2CCC,HERBEZMVPIUPHT-UHFFFAOYSA-N,CC1CC(C)C2CCCC2C1,10.1021/jm00062a010,8496906,1,True,False,pending_dual_review,quarantined_before_evidence_review,exact_structure_previously_visible
BDB-50001500,50001500,CCCn1c(=O)c2c(ncn2C)n(CCC)c1=O,QVAYTZAGDQIWMB-UHFFFAOYSA-N,CC1CC(C)C2CCCC2C1,10.1021/jm00126a014,2724296,1,True,False,pending_dual_review,quarantined_before_evidence_review,exact_structure_previously_visible
BDB-50001509,50001509,CCCn1c(=O)n(C)c(=O)c2[nH]cnc21,MCPROACZLSAAPY-UHFFFAOYSA-N,CC1CC(C)C2CCCC2C1,10.1021/jm00062a010,8496906,1,True,False,pending_dual_review,quarantined_before_evidence_review,exact_structure_previously_visible
BDB-50001513,50001513,CCCn1c(=O)n(CC)c(=O)c2[nH]cnc21,UUNPXVUWXYVOOY-UHFFFAOYSA-N,CC1CC(C)C2CCCC2C1,10.1021/jm00062a010,8496906,1,True,False,pending_dual_review,quarantined_before_evidence_review,exact_structure_previously_visible
BDB-50001515,50001515,Cn1c(=O)[nH]c(=O)c2[nH]cnc21,GMSNIKWWOQHZGF-UHFFFAOYSA-N,CC1CC(C)C2CCCC2C1,10.1021/jm00100a008|10.1021/jm00126a014,1331453|2724296,2,True,False,pending_dual_review,quarantined_before_evidence_review,exact_structure_previously_visible
BDB-50003077,50003077,COc1ccc(C2CCN(C(=O)COc3ccc(-c4cc5c([nH]4)c(=O)n(C)c(=O)n5C)cc3OC)CC2)cc1,NULTXTUWPROTNK-UHFFFAOYSA-N,CC1CC(C)C2CC(C3CCC(CCC(C)C4CCC(C5CCCCC5)CC4)CC3)CC2C1,10.1016/j.bmc.2008.01.002,18226909,1,False,True,pending_dual_review,quarantined_before_evidence_review,generic_scaffold_overlaps_model_selection
BDB-50003078,50003078,CCCn1c(=O)n(C)c(=O)c2[nH]c(-c3ccc(OCC(=O)N4CCN(c5ccc(F)cc5)CC4)cc3)cc21,SLHFRTFEGMLRBP-UHFFFAOYSA-N,CC1CC(C)C2CC(C3CCC(CCC(C)C4CCC(C5CCCCC5)CC4)CC3)CC2C1,10.1016/j.bmc.2008.01.002,18226909,1,True,True,pending_dual_review,quarantined_before_evidence_review,exact_structure_previously_visible|generic_scaffold_overlaps_model_selection
BDB-50003079,50003079,COc1cc(-c2cc3c([nH]2)c(=O)n(C)c(=O)n3C)ccc1OCC(=O)N1CCN(c2ccccc2)CC1,RYWZUEMEXXUQOG-UHFFFAOYSA-N,CC1CC(C)C2CC(C3CCC(CCC(C)C4CCC(C5CCCCC5)CC4)CC3)CC2C1,10.1016/j.bmc.2008.01.002,18226909,1,False,True,pending_dual_review,quarantined_before_evidence_review,generic_scaffold_overlaps_model_selection
BDB-50003080,50003080,CCCn1c(=O)c2[nH]c(-c3ccc(OCC(=O)N4CCC(c5ccccc5)CC4)cc3)cc2n(CCC)c1=O,MSQKTUZSXKPPLD-UHFFFAOYSA-N,CC1CC(C)C2CC(C3CCC(CCC(C)C4CCC(C5CCCCC5)CC4)CC3)CC2C1,10.1016/j.bmc.2008.01.002,18226909,1,False,True,pending_dual_review,quarantined_before_evidence_review,generic_scaffold_overlaps_model_selection
BDB-50003081,50003081,CCCn1c(=O)n(C)c(=O)c2[nH]c(-c3ccc(OCC(=O)N4CCN(c5ccccc5Cl)CC4)cc3)cc21,HRSQJYMVPNMXJV-UHFFFAOYSA-N,CC1CC(C)C2CC(C3CCC(CCC(C)C4CCC(C5CCCCC5)CC4)CC3)CC2C1,10.1016/j.bmc.2008.01.002,18226909,1,False,True,pending_dual_review,quarantined_before_evidence_review,generic_scaffold_overlaps_model_selection
BDB-50003082,50003082,Cn1c(=O)c2[nH]c(-c3ccc(OCC(=O)N4CCC(c5ccccc5)CC4)cc3)cc2n(C)c1=O,RGRBCQJPMFJKHU-UHFFFAOYSA-N,CC1CC(C)C2CC(C3CCC(CCC(C)C4CCC(C5CCCCC5)CC4)CC3)CC2C1,10.1016/j.bmc.2008.01.002,18226909,1,False,True,pending_dual_review,quarantined_before_evidence_review,generic_scaffold_overlaps_model_selection
BDB-50003083,50003083,CCCn1c(=O)c2[nH]c(-c3ccc(OCC(=O)N4CCC(c5ccccc5)(c5ccccc5)CC4)cc3)cc2n(CCC)c1=O,JGISKOZDRGMTGT-UHFFFAOYSA-N,CC1CC(C)C2CC(C3CCC(CCC(C)C4CCC(C5CCCCC5)(C5CCCCC5)CC4)CC3)CC2C1,10.1016/j.bmc.2008.01.002,18226909,1,False,True,pending_dual_review,quarantined_before_evidence_review,generic_scaffold_overlaps_model_selection
BDB-50003085,50003085,CCCn1c(=O)c2[nH]c(-c3ccc(OC(C)C(=O)N4CCN(c5ccccc5)CC4)cc3)cc2n(CCC)c1=O,HGCVDYJWBKDNNU-UHFFFAOYSA-N,CC1CC(C)C2CC(C3CCC(CCC(C)C4CCC(C5CCCCC5)CC4)CC3)CC2C1,10.1016/j.bmc.2008.01.002,18226909,1,False,True,pending_dual_review,quarantined_before_evidence_review,generic_scaffold_overlaps_model_selection
BDB-50003087,50003087,CCCn1c(=O)c2[nH]c(-c3ccc(OCC(=O)N4CCN(c5ccccc5Cl)CC4)cc3)cc2n(CCC)c1=O,RMAKKUPIQMHZBE-UHFFFAOYSA-N,CC1CC(C)C2CC(C3CCC(CCC(C)C4CCC(C5CCCCC5)CC4)CC3)CC2C1,10.1016/j.bmc.2008.01.002,18226909,1,False,True,pending_dual_review,quarantined_before_evidence_review,generic_scaffold_overlaps_model_selection
BDB-50003088,50003088,CCCn1c(=O)c2[nH]c(-c3ccc(OCC(=O)N4CCN(c5ccccc5)CC4)cc3)cc2n(C)c1=O,MVXQPTZVKKODKU-UHFFFAOYSA-N,CC1CC(C)C2CC(C3CCC(CCC(C)C4CCC(C5CCCCC5)CC4)CC3)CC2C1,10.1016/j.bmc.2008.01.002,18226909,1,False,True,pending_dual_review,quarantined_before_evidence_review,generic_scaffold_overlaps_model_selection
BDB-50003089,50003089,CC(Oc1ccc(-c2cc3c([nH]2)c(=O)n(C)c(=O)n3C)cc1)C(=O)N1CCN(c2ccccc2Cl)CC1,PISRJZTUJLQZAW-UHFFFAOYSA-N,CC1CC(C)C2CC(C3CCC(CCC(C)C4CCC(C5CCCCC5)CC4)CC3)CC2C1,10.1016/j.bmc.2008.01.002,18226909,1,False,True,pending_dual_review,quarantined_before_evidence_review,generic_scaffold_overlaps_model_selection
BDB-50003090,50003090,Cn1c(=O)c2[nH]c(-c3ccc(OCC(=O)N4CCN(c5ccccn5)CC4)cc3)cc2n(C)c1=O,COZXTLBZZGTRNN-UHFFFAOYSA-N,CC1CC(C)C2CC(C3CCC(CCC(C)C4CCC(C5CCCCC5)CC4)CC3)CC2C1,10.1016/j.bmc.2008.01.002,18226909,1,False,True,pending_dual_review,quarantined_before_evidence_review,generic_scaffold_overlaps_model_selection
BDB-50003091,50003091,CCCn1c(=O)n(C)c(=O)c2[nH]c(-c3ccc(OCC(=O)N4CCN(c5ccccc5)CC4)cc3)cc21,PQIRGDHHYVPGOT-UHFFFAOYSA-N,CC1CC(C)C2CC(C3CCC(CCC(C)C4CCC(C5CCCCC5)CC4)CC3)CC2C1,10.1016/j.bmc.2008.01.002,18226909,1,False,True,pending_dual_review,quarantined_before_evidence_review,generic_scaffold_overlaps_model_selection
BDB-50003092,50003092,CCCn1c(=O)c2[nH]c(-c3ccc(OCC(=O)N4CCN(c5ccccc5Cl)CC4)cc3)cc2n(C)c1=O,MKWRTDUPKXOHRX-UHFFFAOYSA-N,CC1CC(C)C2CC(C3CCC(CCC(C)C4CCC(C5CCCCC5)CC4)CC3)CC2C1,10.1016/j.bmc.2008.01.002,18226909,1,False,True,pending_dual_review,quarantined_before_evidence_review,generic_scaffold_overlaps_model_selection
BDB-50003093,50003093,CCCn1c(=O)n(C)c(=O)c2[nH]c(-c3ccc(OCC(=O)N4CCC(c5ccccc5OC)CC4)cc3)cc21,GLIFQVOPSIXKGO-UHFFFAOYSA-N,CC1CC(C)C2CC(C3CCC(CCC(C)C4CCC(C5CCCCC5)CC4)CC3)CC2C1,10.1016/j.bmc.2008.01.002,18226909,1,False,True,pending_dual_review,quarantined_before_evidence_review,generic_scaffold_overlaps_model_selection
BDB-50003094,50003094,CCCn1c(=O)c2[nH]c(-c3ccc(OCC(=O)N4CCN(c5ccccc5)CC4)cc3)cc2n(CCC)c1=O,ULPAZGVYSKTRNT-UHFFFAOYSA-N,CC1CC(C)C2CC(C3CCC(CCC(C)C4CCC(C5CCCCC5)CC4)CC3)CC2C1,10.1016/j.bmc.2008.01.002,18226909,1,False,True,pending_dual_review,quarantined_before_evidence_review,generic_scaffold_overlaps_model_selection
BDB-50003095,50003095,CCn1c(=O)c2[nH]c(-c3ccc(OCC(=O)N4CCN(c5ccccc5)CC4)cc3)cc2n(CC)c1=O,YNTUOLUMNOOQFL-UHFFFAOYSA-N,CC1CC(C)C2CC(C3CCC(CCC(C)C4CCC(C5CCCCC5)CC4)CC3)CC2C1,10.1016/j.bmc.2008.01.002,18226909,1,False,True,pending_dual_review,quarantined_before_evidence_review,generic_scaffold_overlaps_model_selection
BDB-50003096,50003096,CCCn1c(=O)n(C)c(=O)c2[nH]c(-c3ccc(OC(C)(C)C(=O)N4CCN(c5ccccc5)CC4)cc3)cc21,GEXWFLCTMIFCHI-UHFFFAOYSA-N,CC1CC(C)C2CC(C3CCC(CCC(C)C4CCC(C5CCCCC5)CC4)CC3)CC2C1,10.1016/j.bmc.2008.01.002,18226909,1,False,True,pending_dual_review,quarantined_before_evidence_review,generic_scaffold_overlaps_model_selection
BDB-50003097,50003097,CCCn1c(=O)n(C)c(=O)c2[nH]c(-c3ccc(OCC(=O)N4CCN(c5c(Cl)cncc5Cl)CC4)cc3)cc21,RGSUVGOQHJBZIW-UHFFFAOYSA-N,CC1CC(C)C2CC(C3CCC(CCC(C)C4CCC(C5CCCCC5)CC4)CC3)CC2C1,10.1016/j.bmc.2008.01.002,18226909,1,False,True,pending_dual_review,quarantined_before_evidence_review,generic_scaffold_overlaps_model_selection
BDB-50003098,50003098,COCCn1c(=O)c2[nH]c(-c3ccc(OCC(=O)N4CCN(c5ccccc5)CC4)cc3)cc2n(CCOC)c1=O,BUGXUFTUXBXARC-UHFFFAOYSA-N,CC1CC(C)C2CC(C3CCC(CCC(C)C4CCC(C5CCCCC5)CC4)CC3)CC2C1,10.1016/j.bmc.2008.01.002,18226909,1,False,True,pending_dual_review,quarantined_before_evidence_review,generic_scaffold_overlaps_model_selection
BDB-50003099,50003099,CC(Oc1ccc(-c2cc3c([nH]2)c(=O)n(C)c(=O)n3C)cc1)C(=O)N1CCN(c2ccccc2)CC1,VXBBOGZPJCZHFS-UHFFFAOYSA-N,CC1CC(C)C2CC(C3CCC(CCC(C)C4CCC(C5CCCCC5)CC4)CC3)CC2C1,10.1016/j.bmc.2008.01.002,18226909,1,False,True,pending_dual_review,quarantined_before_evidence_review,generic_scaffold_overlaps_model_selection
BDB-50003100,50003100,Cn1c(=O)c2[nH]c(-c3ccc(OCC(=O)N4CCN(c5ccc(C#N)cc5)CC4)cc3)cc2n(C)c1=O,UEQUPTZSDGBOJI-UHFFFAOYSA-N,CC1CC(C)C2CC(C3CCC(CCC(C)C4CCC(C5CCCCC5)CC4)CC3)CC2C1,10.1016/j.bmc.2008.01.002,18226909,1,False,True,pending_dual_review,quarantined_before_evidence_review,generic_scaffold_overlaps_model_selection
BDB-50003102,50003102,Cn1c(=O)c2[nH]c(-c3ccc(OCC(=O)N4CCN(c5ncccn5)CC4)cc3)cc2n(C)c1=O,OQBCAYIGBJHTLB-UHFFFAOYSA-N,CC1CC(C)C2CC(C3CCC(CCC(C)C4CCC(C5CCCCC5)CC4)CC3)CC2C1,10.1016/j.bmc.2008.01.002,18226909,1,False,True,pending_dual_review,quarantined_before_evidence_review,generic_scaffold_overlaps_model_selection
BDB-50003103,50003103,Cn1c(=O)c2[nH]c(-c3ccc(OCC(=O)N4CCN(c5c(Cl)cncc5Cl)CC4)cc3)cc2n(C)c1=O,NIJYZDRAKAUXOS-UHFFFAOYSA-N,CC1CC(C)C2CC(C3CCC(CCC(C)C4CCC(C5CCCCC5)CC4)CC3)CC2C1,10.1016/j.bmc.2008.01.002,18226909,1,False,True,pending_dual_review,quarantined_before_evidence_review,generic_scaffold_overlaps_model_selection
BDB-50003104,50003104,Cn1c(=O)c2[nH]c(-c3ccc(OCC(=O)N4CCN(c5ccc(O)cc5)CC4)cc3)cc2n(C)c1=O,SJGDZSBNMDQWIZ-UHFFFAOYSA-N,CC1CC(C)C2CC(C3CCC(CCC(C)C4CCC(C5CCCCC5)CC4)CC3)CC2C1,10.1016/j.bmc.2008.01.002,18226909,1,False,True,pending_dual_review,quarantined_before_evidence_review,generic_scaffold_overlaps_model_selection
BDB-50003105,50003105,CC(Oc1ccc(-c2cc3c([nH]2)c(=O)n(C)c(=O)n3C)cc1)C(=O)N1CCN(c2ccc(Br)cc2)CC1,LAHZJSOACGPWCR-UHFFFAOYSA-N,CC1CC(C)C2CC(C3CCC(CCC(C)C4CCC(C5CCCCC5)CC4)CC3)CC2C1,10.1016/j.bmc.2008.01.002,18226909,1,False,True,pending_dual_review,quarantined_before_evidence_review,generic_scaffold_overlaps_model_selection
BDB-50003107,50003107,CCCn1c(=O)c2[nH]c(-c3ccc(OCC(=O)N4CCN(c5ccc(C(F)(F)F)cc5)CC4)cc3)cc2n(CCC)c1=O,FOSDVAMOMCOKRT-UHFFFAOYSA-N,CC1CC(C)C2CC(C3CCC(CCC(C)C4CCC(C5CCCCC5)CC4)CC3)CC2C1,10.1016/j.bmc.2008.01.002,18226909,1,False,True,pending_dual_review,quarantined_before_evidence_review,generic_scaffold_overlaps_model_selection
BDB-50003115,50003115,Cn1c(=O)c2[nH]c(-c3ccc(OCC(=O)N4CCN(c5ccc(C(F)(F)F)cc5)CC4)cc3)cc2n(C)c1=O,KIALUZDOKLHLGO-UHFFFAOYSA-N,CC1CC(C)C2CC(C3CCC(CCC(C)C4CCC(C5CCCCC5)CC4)CC3)CC2C1,10.1016/j.bmc.2008.01.002,18226909,1,False,True,pending_dual_review,quarantined_before_evidence_review,generic_scaffold_overlaps_model_selection
BDB-50003120,50003120,Cn1c(=O)c2[nH]c(-c3ccc(OCC(=O)N4CCN(c5ccccc5)CC4)cc3)cc2n(C)c1=O,YFOHBZPJQXLDMO-UHFFFAOYSA-N,CC1CC(C)C2CC(C3CCC(CCC(C)C4CCC(C5CCCCC5)CC4)CC3)CC2C1,10.1016/j.bmc.2008.01.002,18226909,1,True,True,pending_dual_review,quarantined_before_evidence_review,exact_structure_previously_visible|generic_scaffold_overlaps_model_selection
BDB-50003128,50003128,Cn1c(=O)c2[nH]c(-c3ccc(OCC(=O)N4CCN(c5ccccc5Cl)CC4)cc3)cc2n(C)c1=O,HMONSTNBPLTKBW-UHFFFAOYSA-N,CC1CC(C)C2CC(C3CCC(CCC(C)C4CCC(C5CCCCC5)CC4)CC3)CC2C1,10.1016/j.bmc.2008.01.002,18226909,1,False,True,pending_dual_review,quarantined_before_evidence_review,generic_scaffold_overlaps_model_selection
BDB-50003197,50003197,CN1CCN(C(=O)COc2ccc(-c3cc4c([nH]3)c(=O)n(C)c(=O)n4C)cc2)CC1,JXHZOGRCMMGJHI-UHFFFAOYSA-N,CC1CC(C)C2CC(C3CCC(CCC(C)C4CCCCC4)CC3)CC2C1,10.1016/j.bmc.2008.01.002,18226909,1,False,True,pending_dual_review,quarantined_before_evidence_review,generic_scaffold_overlaps_model_selection
BDB-50003208,50003208,COc1cc(-c2cc3c([nH]2)c(=O)n(C)c(=O)n3C)ccc1OCC(=O)N1CCc2ccccc2C1,OKBCCHMQJIBFNP-UHFFFAOYSA-N,CC1CC(C)C2CC(C3CCC(CCC(C)C4CCC5CCCCC5C4)CC3)CC2C1,10.1016/j.bmc.2008.01.002,18226909,1,False,True,pending_dual_review,quarantined_before_evidence_review,generic_scaffold_overlaps_model_selection
BDB-50003209,50003209,Cn1c(=O)c2[nH]c(-c3ccc(OCC(=O)N4CCC(O)(c5ccc(Cl)cc5)CC4)cc3)cc2n(C)c1=O,GNRRSCILMNXIJY-UHFFFAOYSA-N,CC1CC(C)C2CC(C3CCC(CCC(C)C4CCC(C5CCCCC5)CC4)CC3)CC2C1,10.1016/j.bmc.2008.01.002,18226909,1,False,True,pending_dual_review,quarantined_before_evidence_review,generic_scaffold_overlaps_model_selection
BDB-50003210,50003210,CCCn1c(=O)n(C)c(=O)c2[nH]c(-c3ccc(OCC(=O)N4CCc5ccccc5C4)cc3)cc21,TVYGQOAGWHNVNS-UHFFFAOYSA-N,CC1CC(C)C2CC(C3CCC(CCC(C)C4CCC5CCCCC5C4)CC3)CC2C1,10.1016/j.bmc.2008.01.002,18226909,2,False,True,pending_dual_review,quarantined_before_evidence_review,generic_scaffold_overlaps_model_selection
BDB-50003211,50003211,Cn1c(=O)c2[nH]c(-c3ccc(OCC(=O)N4CCc5ccccc5C4)cc3)cc2n(C)c1=O,XICBEZUAIRPALD-UHFFFAOYSA-N,CC1CC(C)C2CC(C3CCC(CCC(C)C4CCC5CCCCC5C4)CC3)CC2C1,10.1016/j.bmc.2008.01.002,18226909,1,True,True,pending_dual_review,quarantined_before_evidence_review,exact_structure_previously_visible|generic_scaffold_overlaps_model_selection
BDB-50003214,50003214,CCCn1c(=O)c2[nH]c(-c3ccc(OC(C)(C)C(=O)N4CCN(c5ccccc5)CC4)cc3)cc2n(CCC)c1=O,RCNXLDXCCDAYCZ-UHFFFAOYSA-N,CC1CC(C)C2CC(C3CCC(CCC(C)C4CCC(C5CCCCC5)CC4)CC3)CC2C1,10.1016/j.bmc.2008.01.002,18226909,1,True,True,pending_dual_review,quarantined_before_evidence_review,exact_structure_previously_visible|generic_scaffold_overlaps_model_selection
BDB-50003215,50003215,COc1ccccc1N1CCN(C(=O)COc2ccc(-c3cc4c([nH]3)c(=O)n(C)c(=O)n4C)cc2)CC1,IPTSLCJIXLAWGA-UHFFFAOYSA-N,CC1CC(C)C2CC(C3CCC(CCC(C)C4CCC(C5CCCCC5)CC4)CC3)CC2C1,10.1016/j.bmc.2008.01.002,18226909,1,False,True,pending_dual_review,quarantined_before_evidence_review,generic_scaffold_overlaps_model_selection
BDB-50003217,50003217,Cn1c(=O)c2[nH]c(-c3ccc(OCC(=O)N4CCN(c5ccc(F)cc5)CC4)cc3)cc2n(C)c1=O,OXMNYRSFVFPRSG-UHFFFAOYSA-N,CC1CC(C)C2CC(C3CCC(CCC(C)C4CCC(C5CCCCC5)CC4)CC3)CC2C1,10.1016/j.bmc.2008.01.002,18226909,1,False,True,pending_dual_review,quarantined_before_evidence_review,generic_scaffold_overlaps_model_selection
BDB-50003218,50003218,CCCn1c(=O)c2[nH]c(-c3ccc(OC(C)C(=O)N4CCc5ccccc5C4)cc3)cc2n(CCC)c1=O,QIJQMGMWNNEWQE-UHFFFAOYSA-N,CC1CC(C)C2CC(C3CCC(CCC(C)C4CCC5CCCCC5C4)CC3)CC2C1,10.1016/j.bmc.2008.01.002,18226909,1,False,True,pending_dual_review,quarantined_before_evidence_review,generic_scaffold_overlaps_model_selection
BDB-50003219,50003219,Cn1c(=O)c2[nH]c(-c3ccc(OC(C)(C)C(=O)N4CCN(c5ccccc5)CC4)cc3)cc2n(C)c1=O,FENZVXYTZBQCNH-UHFFFAOYSA-N,CC1CC(C)C2CC(C3CCC(CCC(C)C4CCC(C5CCCCC5)CC4)CC3)CC2C1,10.1016/j.bmc.2008.01.002,18226909,1,False,True,pending_dual_review,quarantined_before_evidence_review,generic_scaffold_overlaps_model_selection
BDB-50003220,50003220,CCCn1c(=O)c2[nH]c(-c3ccc(OCC(=O)N4CCN(c5c(Cl)cncc5Cl)CC4)cc3)cc2n(CCC)c1=O,FUEMYLOSTYUJAL-UHFFFAOYSA-N,CC1CC(C)C2CC(C3CCC(CCC(C)C4CCC(C5CCCCC5)CC4)CC3)CC2C1,10.1016/j.bmc.2008.01.002,18226909,1,False,True,pending_dual_review,quarantined_before_evidence_review,generic_scaffold_overlaps_model_selection
BDB-50003221,50003221,COc1cc(OCC(=O)N2CCN(c3ccccc3)CC2)ccc1-c1cc2c([nH]1)c(=O)n(C)c(=O)n2C,CSSFLQDIZXHZCC-UHFFFAOYSA-N,CC1CC(C)C2CC(C3CCC(CCC(C)C4CCC(C5CCCCC5)CC4)CC3)CC2C1,10.1016/j.bmc.2008.01.002,18226909,1,False,True,pending_dual_review,quarantined_before_evidence_review,generic_scaffold_overlaps_model_selection
BDB-50003223,50003223,CCCn1c(=O)c2[nH]c(-c3ccc(OCC(=O)N4CCc5ccccc5C4)cc3)cc2n(CCC)c1=O,QGKDRDIIMCNPMP-UHFFFAOYSA-N,CC1CC(C)C2CC(C3CCC(CCC(C)C4CCC5CCCCC5C4)CC3)CC2C1,10.1016/j.bmc.2008.01.002,18226909,1,False,True,pending_dual_review,quarantined_before_evidence_review,generic_scaffold_overlaps_model_selection
BDB-50003224,50003224,COc1ccc(N2CCN(C(=O)COc3ccc(-c4cc5c([nH]4)c(=O)n(C)c(=O)n5C)cc3)CC2)cc1,BJDSGGOVWSZMIQ-UHFFFAOYSA-N,CC1CC(C)C2CC(C3CCC(CCC(C)C4CCC(C5CCCCC5)CC4)CC3)CC2C1,10.1016/j.bmc.2008.01.002,18226909,1,False,True,pending_dual_review,quarantined_before_evidence_review,generic_scaffold_overlaps_model_selection
BDB-50003225,50003225,Cn1c(=O)c2[nH]c(-c3ccc(OCC(=O)N4CCN(c5ccc(Br)cc5)CC4)cc3)cc2n(C)c1=O,WZUIISQBVTWPJF-UHFFFAOYSA-N,CC1CC(C)C2CC(C3CCC(CCC(C)C4CCC(C5CCCCC5)CC4)CC3)CC2C1,10.1016/j.bmc.2008.01.002,18226909,1,False,True,pending_dual_review,quarantined_before_evidence_review,generic_scaffold_overlaps_model_selection
BDB-50003226,50003226,Cn1c(=O)c2[nH]c(-c3ccc(OCC(=O)N4CCN(c5ccc(Cl)cc5)CC4)cc3)cc2n(C)c1=O,UIKITGOEYICETD-UHFFFAOYSA-N,CC1CC(C)C2CC(C3CCC(CCC(C)C4CCC(C5CCCCC5)CC4)CC3)CC2C1,10.1016/j.bmc.2008.01.002,18226909,1,False,True,pending_dual_review,quarantined_before_evidence_review,generic_scaffold_overlaps_model_selection
BDB-50003227,50003227,COc1cc(OCC(=O)N2CCc3ccccc3C2)ccc1-c1cc2c([nH]1)c(=O)n(C)c(=O)n2C,JQQMPNPMWAEDPY-UHFFFAOYSA-N,CC1CC(C)C2CC(C3CCC(CCC(C)C4CCC5CCCCC5C4)CC3)CC2C1,10.1016/j.bmc.2008.01.002,18226909,1,False,True,pending_dual_review,quarantined_before_evidence_review,generic_scaffold_overlaps_model_selection
BDB-50003229,50003229,CCCn1c(=O)n(C)c(=O)c2[nH]c(-c3ccc(OCC(=O)N4CCC(c5ccc(OC)cc5)CC4)cc3)cc21,DSWCYOLXLXYNKI-UHFFFAOYSA-N,CC1CC(C)C2CC(C3CCC(CCC(C)C4CCC(C5CCCCC5)CC4)CC3)CC2C1,10.1016/j.bmc.2008.01.002,18226909,1,False,True,pending_dual_review,quarantined_before_evidence_review,generic_scaffold_overlaps_model_selection
BDB-50003230,50003230,CCCn1c(=O)c2[nH]c(-c3ccc(OCC(=O)N4CCC(O)(c5ccccc5)CC4)cc3)cc2n(CCC)c1=O,VCHSWNYVNZOQFN-UHFFFAOYSA-N,CC1CC(C)C2CC(C3CCC(CCC(C)C4CCC(C5CCCCC5)CC4)CC3)CC2C1,10.1016/j.bmc.2008.01.002,18226909,1,False,True,pending_dual_review,quarantined_before_evidence_review,generic_scaffold_overlaps_model_selection
BDB-50003234,50003234,CCCn1c(=O)n(C)c(=O)c2[nH]c(-c3ccc(OCC(=O)N4CCN(c5cccc(Cl)c5)CC4)cc3)cc21,JFMMFYOROPNMEM-UHFFFAOYSA-N,CC1CC(C)C2CC(C3CCC(CCC(C)C4CCC(C5CCCCC5)CC4)CC3)CC2C1,10.1016/j.bmc.2008.01.002,18226909,1,False,True,pending_dual_review,quarantined_before_evidence_review,generic_scaffold_overlaps_model_selection
BDB-50004461,50004461,CCCCC#Cc1nc(N)c2ncn([C@@H]3O[C@H](C(=O)NCC)[C@H](O)C3O)c2n1,FDEACFAXFCKCHZ-FEWYLQRLSA-N,C1CCC2C(C1)CCC2C1CCCC1,10.1007/s002109900044,10494877,1,False,True,pending_dual_review,quarantined_before_evidence_review,generic_scaffold_overlaps_model_selection
BDB-50004566,50004566,Nc1nc2ccc(Cl)cc2c2nc(-c3ccco3)nn12,MSJODEOZODDVGW-UHFFFAOYSA-N,C1CCC(C2CC3CCC4CCCCC4C3C2)C1,10.1007/pl00005131|10.1007/pl00005326|10.1016/j.bmc.2010.02.014|10.1016/j.chembiol.2004.12.010|10.1021/jm001047y|10.1021/jm0300431|10.1021/jm701594y|10.1021/jm960482i|10.1021/jm970084v,11123985|14584936|15734651|18637670|20202853|8863790|9258366|9459566|9933143,20,True,False,pending_dual_review,quarantined_before_evidence_review,exact_structure_previously_visible
BDB-50004572,50004572,CCCn1c(=O)c2c(nc(C3CCCC3)n2C)n(CCC)c1=O,IEKYXRLUXURDTP-UHFFFAOYSA-N,CC1CC(C)C2CC(C3CCCC3)CC2C1,10.1021/jm00126a014,2724296,1,False,True,pending_dual_review,quarantined_before_evidence_review,generic_scaffold_overlaps_model_selection
BDB-50004589,50004589,CCn1c(=O)c2[nH]c(C3CCCC3)nc2n(CC)c1=O,ALAWEPCLEBECQL-UHFFFAOYSA-N,CC1CC(C)C2CC(C3CCCC3)CC2C1,10.1021/acs.jmedchem.9b01340,31557025,2,False,True,pending_dual_review,quarantined_before_evidence_review,generic_scaffold_overlaps_model_selection
BDB-50006730,50006730,CC(Cc1ccccc1)Nc1ncnc2c1ncn2C1OC(CO)C(O)C1O,RIRGCFBBHQEQQH-UHFFFAOYSA-N,C1CCC(CCCC2CCCC3C(C4CCCC4)CCC23)CC1,10.1007/pl00005131,9459566,2,False,True,pending_dual_review,quarantined_before_evidence_review,generic_scaffold_overlaps_model_selection
BDB-50008405,50008405,CCCn1c(=O)c2[nH]c(-c3ccc(OCC(=O)O)cc3)nc2n(CCC)c1=O,QTMMGCYGCFXBFI-UHFFFAOYSA-N,CC1CC(C)C2CC(C3CCCCC3)CC2C1,10.1021/jm00147a038|10.1021/jm00399a010|10.1021/jm0506221|10.1021/jm990421v,10737749|16392813|2993622|3351850,4,True,False,pending_dual_review,quarantined_before_evidence_review,exact_structure_previously_visible
BDB-50008415,50008415,OCC1OC(n2cnc3c(NC4CCCC4)nc(Cl)nc32)C(O)C1O,XSMYYYQVWPZWIZ-UHFFFAOYSA-N,C1CCC(CC2CCCC3C(C4CCCC4)CCC23)C1,10.1007/pl00005131,9459566,1,False,True,pending_dual_review,quarantined_before_evidence_review,generic_scaffold_overlaps_model_selection
BDB-50009525,50009525,Nc1nc(Cl)nc2c1ncn2[C@@H]1O[C@H](CO)[C@@H](O)[C@H]1O,BIXYYZIIJIXVFW-UUOKFMHZSA-N,C1CCC2C(C1)CCC2C1CCCC1,10.1021/jm4011669|10.1021/jm9707737,24164628|9572897,2,False,True,pending_dual_review,quarantined_before_evidence_review,generic_scaffold_overlaps_model_selection
BDB-50009552,50009552,OC[C@H]1O[C@@H](n2cnc3c(NC4CCCCC4)ncnc32)[C@H](O)[C@@H]1O,SZBULDQSDUXAPJ-XNIJJKJLSA-N,C1CCC(CC2CCCC3C(C4CCCC4)CCC23)CC1,10.1021/jm990321p,10956189,1,False,True,pending_dual_review,quarantined_before_evidence_review,generic_scaffold_overlaps_model_selection
BDB-50009680,50009680,Nc1ncnc2c1ncn2C1CCCC1,KTJWHJNBTXITCB-UHFFFAOYSA-N,C1CCC2C(C1)CCC2C1CCCC1,10.1016/j.bmc.2009.02.030,19282184,1,False,True,pending_dual_review,quarantined_before_evidence_review,generic_scaffold_overlaps_model_selection
BDB-50011292,50011292,COc1ccc(C2CCOCC2)c2oc(NC(=O)c3ccnc(N4CCOCC4)c3)nc12,FFSZJFKBYPFJNE-UHFFFAOYSA-N,CC(CC1CC2CCCC(C3CCCCC3)C2C1)C1CCCC(C2CCCCC2)C1,10.1021/jm4011669,24164628,1,True,True,pending_dual_review,quarantined_before_evidence_review,exact_structure_previously_visible|generic_scaffold_overlaps_model_selection
BDB-50011293,50011293,COc1cnc(N2CCOCC2)c2sc(NC(=O)c3ccc(F)cc3)nc12,IVSNRJJOEPNTNL-UHFFFAOYSA-N,CC(CC1CC2CCCC(C3CCCCC3)C2C1)C1CCCCC1,10.1021/jm4011669,24164628,1,True,False,pending_dual_review,quarantined_before_evidence_review,exact_structure_previously_visible
BDB-50011294,50011294,COc1ccc(N2CCOCC2)c2sc(NC(=O)N3CCC(C)(O)CC3)nc12,XNBRWUQWSKXMPW-UHFFFAOYSA-N,CC(CC1CC2CCCC(C3CCCCC3)C2C1)C1CCCCC1,10.1016/j.ejmech.2019.111879|10.1016/j.ejmech.2021.113214|10.1021/acs.jmedchem.0c00237|10.1021/acs.jmedchem.6b01584|10.1021/jm4011669,24164628|28055204|31780082|32667814|33548636|34695776|35462165,9,True,False,pending_dual_review,quarantined_before_evidence_review,exact_structure_previously_visible
BDB-50011295,50011295,CC1(C)CCCN(c2nnc(N)nc2-c2ccccc2)C1,QRDFCTALHLWPRP-UHFFFAOYSA-N,C1CCC(C2CCCCC2C2CCCCC2)CC1,10.1021/jm4011669,24164628,2,True,True,pending_dual_review,quarantined_before_evidence_review,exact_structure_previously_visible|generic_scaffold_overlaps_model_selection
BDB-50011296,50011296,CC1CN(c2nnc(N)nc2-c2ccccc2)CC(C)O1,FHMBLRWJWFTBHM-UHFFFAOYSA-N,C1CCC(C2CCCCC2C2CCCCC2)CC1,10.1021/jm4011669,24164628,2,True,True,pending_dual_review,quarantined_before_evidence_review,exact_structure_previously_visible|generic_scaffold_overlaps_model_selection
BDB-50011297,50011297,O=C(c1ccc(C(=O)N2CCCCCC2)cc1)c1cnc2ccc(F)cn12,YBPAWHNMCWLDIZ-UHFFFAOYSA-N,CC(C1CCCCCC1)C1CCC(C(C)C2CCC3CCCCC32)CC1,10.1016/j.ejmech.2019.111569|10.1021/jm4011669,24164628|31404862,4,True,False,pending_dual_review,quarantined_before_evidence_review,exact_structure_previously_visible
BDB-50011298,50011298,COC[C@H]1CCCN1C(=O)c1ccc2c(-c3cnc4ccc(C#N)cn34)nn(C)c2c1,DXNSJZNPTGVXTF-QGZVFWFLSA-N,CC(C1CCCC1)C1CCC2C(CCC2C2CCC3CCCCC32)C1,10.1021/jm4011669,24164628,2,True,False,pending_dual_review,quarantined_before_evidence_review,exact_structure_previously_visible
BDB-50011299,50011299,O=C(c1ccc2c(-c3cnc4ccc(F)cn34)noc2c1)N1CCCCCC1,BJPPZBFNKQTDEC-UHFFFAOYSA-N,CC(C1CCCCCC1)C1CCC2C(CCC2C2CCC3CCCCC32)C1,10.1021/jm4011669,24164628,2,True,False,pending_dual_review,quarantined_before_evidence_review,exact_structure_previously_visible
BDB-50011300,50011300,CC(O)CCc1nc(N)c2nc(-n3nccn3)n(C)c2n1,HMSFWLUZEDMXMM-UHFFFAOYSA-N,C1CCC(C2CC3CCCCC3C2)C1,10.1021/jm400491x|10.1021/jm4011669,23789814|24164628,3,True,True,pending_dual_review,quarantined_before_evidence_review,exact_structure_previously_visible|generic_scaffold_overlaps_model_selection
BDB-50011301,50011301,CC(=O)CCc1nc(N)c2nc(-n3nccn3)n(C)c2n1,PLXYHOBIHWLDSZ-UHFFFAOYSA-N,C1CCC(C2CC3CCCCC3C2)C1,10.1021/jm400491x|10.1021/jm4011669,23789814|24164628,3,True,True,pending_dual_review,quarantined_before_evidence_review,exact_structure_previously_visible|generic_scaffold_overlaps_model_selection
BDB-50011302,50011302,Nc1nc(-c2ccco2)nc2sc(CN3CCOCC3)cc12,WKCYYQAUFYIEID-UHFFFAOYSA-N,C1CCC(CC2CC3CCC(C4CCCC4)CC3C2)CC1,10.1021/jm4011669,24164628,1,True,True,pending_dual_review,quarantined_before_evidence_review,exact_structure_previously_visible|generic_scaffold_overlaps_model_selection
BDB-50011303,50011303,Nc1nc(-c2ccco2)nc2sc(CN3CCCC(F)(F)C3)cc12,KYXCXHCFXDUHNI-UHFFFAOYSA-N,C1CCC(CC2CC3CCC(C4CCCC4)CC3C2)CC1,10.1021/jm4011669,24164628,1,True,True,pending_dual_review,quarantined_before_evidence_review,exact_structure_previously_visible|generic_scaffold_overlaps_model_selection
BDB-50011304,50011304,C[C@@H]1CCC[C@H](C)N1Cc1cc2c(N)nc(-c3ccco3)nc2s1,PVOIMUIDWFQGQH-TXEJJXNPSA-N,C1CCC(CC2CC3CCC(C4CCCC4)CC3C2)CC1,10.1021/jm4011669,24164628,1,True,True,pending_dual_review,quarantined_before_evidence_review,exact_structure_previously_visible|generic_scaffold_overlaps_model_selection
BDB-50018158,50018158,Cn1c(=O)c2c(nc(C3CCCC3)n2C)n(C)c1=O,OPZSOXDVIPQMSR-UHFFFAOYSA-N,CC1CC(C)C2CC(C3CCCC3)CC2C1,10.1021/jm00126a014,2724296,1,False,True,pending_dual_review,quarantined_before_evidence_review,generic_scaffold_overlaps_model_selection
BDB-50021080,50021080,CCCn1c(=O)c2[nH]c(-c3ccc(OCC(=O)Nc4ccc(C)cc4)cc3)nc2n(CCC)c1=O,FRVBLOCRPDPORZ-UHFFFAOYSA-N,CC(CCC1CCC(C2CC3CC(C)CC(C)C3C2)CC1)CC1CCCCC1,10.1021/jm00147a038,2993622,1,False,True,pending_dual_review,quarantined_before_evidence_review,generic_scaffold_overlaps_model_selection
BDB-50021085,50021085,CCCn1c(=O)c2[nH]c(-c3ccc(OCC(=O)Nc4ccc(O)cc4)cc3)nc2n(CCC)c1=O,AOXCQJMAPNFAQR-UHFFFAOYSA-N,CC(CCC1CCC(C2CC3CC(C)CC(C)C3C2)CC1)CC1CCCCC1,10.1021/jm00147a038,2993622,1,False,True,pending_dual_review,quarantined_before_evidence_review,generic_scaffold_overlaps_model_selection
BDB-50021087,50021087,Cc1ccc(NC(=O)COc2ccc(-c3nc4c([nH]3)c(=O)n(C)c(=O)n4C)cc2)cc1,JTUSFHCKBNBIHL-UHFFFAOYSA-N,CC(CCC1CCC(C2CC3CC(C)CC(C)C3C2)CC1)CC1CCCCC1,10.1021/jm00147a038,2993622,1,False,True,pending_dual_review,quarantined_before_evidence_review,generic_scaffold_overlaps_model_selection
BDB-50026816,50026816,CCNC(=O)[C@H]1O[C@@H](n2cnc3c(N)nc(NCCc4ccc(CCC(=O)Nc5ccc(OC(C)=O)c([N+](=O)[O-])c5)cc4)nc32)[C@H](O)[C@@H]1O,FDVZSKDDSYLYNX-YRIIQKNPSA-N,CC(CCC1CCC(CCCC2CCC3CCC(C4CCCC4)C3C2)CC1)CC1CCCCC1,10.1021/ml5002486,25221664,1,True,True,pending_dual_review,quarantined_before_evidence_review,exact_structure_previously_visible|generic_scaffold_overlaps_model_selection
BDB-50026817,50026817,CCNC(=O)[C@H]1O[C@@H](n2cnc3c(N)nc(NCCc4ccc(CCC(=O)Nc5ccc(O)c([N+](=O)[O-])c5)cc4)nc32)[C@H](O)[C@@H]1O,UXTWNGBPJFUVIK-NLJXWPIHSA-N,CC(CCC1CCC(CCCC2CCC3CCC(C4CCCC4)C3C2)CC1)CC1CCCCC1,10.1021/ml5002486,25221664,1,False,True,pending_dual_review,quarantined_before_evidence_review,generic_scaffold_overlaps_model_selection
BDB-50026818,50026818,CCNC(=O)[C@H]1O[C@@H](n2cnc3c(N)nc(NCCc4ccc(CCC(=O)Nc5ccc(OC(=O)CCCCN=[N+]=[N-])c([N+](=O)[O-])c5)cc4)nc32)[C@H](O)[C@@H]1O,YUKLIOPWFOODOO-KCIBBDPESA-N,CC(CCC1CCC(CCCC2CCC3CCC(C4CCCC4)C3C2)CC1)CC1CCCCC1,10.1021/ml5002486,25221664,1,False,True,pending_dual_review,quarantined_before_evidence_review,generic_scaffold_overlaps_model_selection
BDB-50034171,50034171,CNC(=O)C1OC(n2cnc3c(NCc4cccc(I)c4)ncnc32)C(O)C1O,HUJXGQILHAUCCV-UHFFFAOYSA-N,C1CCC(CCC2CCCC3C(C4CCCC4)CCC23)CC1,10.1007/pl00005131,9459566,1,False,True,pending_dual_review,quarantined_before_evidence_review,generic_scaffold_overlaps_model_selection
BDB-50037422,50037422,CCCCn1c(=O)c2[nH]c(-c3ccc(OCC(=O)O)cc3)nc2n(CCCC)c1=O,XOJJNLCMZUFINT-UHFFFAOYSA-N,CC1CC(C)C2CC(C3CCCCC3)CC2C1,10.1021/jm990421v,10737749,1,True,False,pending_dual_review,quarantined_before_evidence_review,exact_structure_previously_visible
BDB-50037429,50037429,Cn1c(=O)c2c(nc(/C=C/c3cccc(Cl)c3)n2C)n(C)c1=O,WBWFIUAVMCNYPG-BQYQJAHWSA-N,CC1CC(C)C2CC(CCC3CCCCC3)CC2C1,10.1021/jm301686s|10.1021/jm400336x|10.1021/jm7009364,18181565|23281824|23631427,3,True,False,pending_dual_review,quarantined_before_evidence_review,exact_structure_previously_visible
BDB-50037435,50037435,C=CCn1c(=O)c2[nH]c(-c3ccc(OCC(=O)O)cc3)nc2n(CC=C)c1=O,CZKQVHBXRSZWAF-UHFFFAOYSA-N,CC1CC(C)C2CC(C3CCCCC3)CC2C1,10.1021/jm990421v,10737749,1,True,False,pending_dual_review,quarantined_before_evidence_review,exact_structure_previously_visible
BDB-50040055,50040055,Cn1c(=O)c2nn(C3CCCC3)nc2n(C)c1=O,OWAOIUIZMPUSFT-UHFFFAOYSA-N,CC1CC(C)C2CC(C3CCCC3)CC2C1,10.1021/jm00044a018,8071944,1,False,True,pending_dual_review,quarantined_before_evidence_review,generic_scaffold_overlaps_model_selection
BDB-50040060,50040060,CCCn1c(=O)c2nn(C3CCCC3)nc2n(CCC)c1=O,NNWLQONDBRIJRY-UHFFFAOYSA-N,CC1CC(C)C2CC(C3CCCC3)CC2C1,10.1021/jm00044a018,8071944,1,False,True,pending_dual_review,quarantined_before_evidence_review,generic_scaffold_overlaps_model_selection
BDB-50041895,50041895,CCNC(=O)C1OC(n2cnc3c(N)nc(C#CCC(C)O)nc32)C(O)C1O,MYRWWGHDNMTNMA-UHFFFAOYSA-N,C1CCC2C(C1)CCC2C1CCCC1,10.1007/s002109900044,10494877,1,False,True,pending_dual_review,quarantined_before_evidence_review,generic_scaffold_overlaps_model_selection
BDB-50041901,50041901,CCNC(=O)C1OC(n2cnc3c(N)nc(C#CCCCC#N)nc32)C(O)C1O,DYUTVMYUMCFDOY-UHFFFAOYSA-N,C1CCC2C(C1)CCC2C1CCCC1,10.1007/s002109900044,10494877,1,False,True,pending_dual_review,quarantined_before_evidence_review,generic_scaffold_overlaps_model_selection
BDB-50041905,50041905,CCNC(=O)C1OC(n2cnc3c(N)nc(C#CC(O)c4ccccc4)nc32)C(O)C1O,WOAZCBPWCCREDO-UHFFFAOYSA-N,C1CCC(CCCC2CCC3CCC(C4CCCC4)C3C2)CC1,10.1007/s002109900044,10494877,1,False,True,pending_dual_review,quarantined_before_evidence_review,generic_scaffold_overlaps_model_selection
BDB-50041906,50041906,CCNC(=O)C1OC(n2cnc3c(N)nc(C#CC(C)O)nc32)C(O)C1O,GPCASTDOVZHXHU-UHFFFAOYSA-N,C1CCC2C(C1)CCC2C1CCCC1,10.1007/s002109900044,10494877,1,False,True,pending_dual_review,quarantined_before_evidence_review,generic_scaffold_overlaps_model_selection
BDB-50041912,50041912,CCNC(=O)C1OC(n2cnc3c(N)nc(C#CC(C)(O)c4ccccc4)nc32)C(O)C1O,YUGNPNQJJOBKPP-UHFFFAOYSA-N,C1CCC(CCCC2CCC3CCC(C4CCCC4)C3C2)CC1,10.1007/s002109900044,10494877,1,False,True,pending_dual_review,quarantined_before_evidence_review,generic_scaffold_overlaps_model_selection
BDB-50047977,50047977,CNC(=O)c1cnc(N)n2nc(-c3ccco3)nc12,XXBJWZWBDPCJLY-UHFFFAOYSA-N,C1CCC(C2CC3CCCCC3C2)C1,10.1021/jm500752h,24972108,1,False,True,pending_dual_review,quarantined_before_evidence_review,generic_scaffold_overlaps_model_selection
BDB-50047979,50047979,CCOC(=O)c1cnc(N)n2nc(-c3ccco3)nc12,PUVYFFNVIIAMAD-UHFFFAOYSA-N,C1CCC(C2CC3CCCCC3C2)C1,10.1021/jm500752h,24972108,1,False,True,pending_dual_review,quarantined_before_evidence_review,generic_scaffold_overlaps_model_selection
BDB-50047990,50047990,CCOC(=O)c1cnc(NC)n2nc(-c3ccco3)nc12,JNJYDJMAHYQBPZ-UHFFFAOYSA-N,C1CCC(C2CC3CCCCC3C2)C1,10.1021/jm500752h,24972108,1,False,True,pending_dual_review,quarantined_before_evidence_review,generic_scaffold_overlaps_model_selection
BDB-50047991,50047991,CCNc1ncc(C(=O)OCC)c2nc(-c3ccco3)nn12,WNENJDQWBOEYHM-UHFFFAOYSA-N,C1CCC(C2CC3CCCCC3C2)C1,10.1021/jm500752h,24972108,1,False,True,pending_dual_review,quarantined_before_evidence_review,generic_scaffold_overlaps_model_selection
BDB-50047992,50047992,CCCCCNc1ncc(C(=O)OCC)c2nc(-c3ccco3)nn12,BYVXDGHIVFXMHD-UHFFFAOYSA-N,C1CCC(C2CC3CCCCC3C2)C1,10.1021/jm500752h,24972108,1,False,True,pending_dual_review,quarantined_before_evidence_review,generic_scaffold_overlaps_model_selection
BDB-50047993,50047993,CCOC(=O)c1cnc(NC(C)C)n2nc(-c3ccco3)nc12,UCGUGXYLRHNYAX-UHFFFAOYSA-N,C1CCC(C2CC3CCCCC3C2)C1,10.1021/jm500752h,24972108,1,False,True,pending_dual_review,quarantined_before_evidence_review,generic_scaffold_overlaps_model_selection
BDB-50047994,50047994,CCCCC(CC)CNc1ncc(C(=O)OCC)c2nc(-c3ccco3)nn12,UWLYAOJAQQPBDW-UHFFFAOYSA-N,C1CCC(C2CC3CCCCC3C2)C1,10.1021/jm500752h,24972108,1,False,True,pending_dual_review,quarantined_before_evidence_review,generic_scaffold_overlaps_model_selection
BDB-50048023,50048023,CCOC(=O)c1cnc(N2CCCC2)n2nc(-c3ccco3)nc12,YXPRLIQLCNQBBZ-UHFFFAOYSA-N,C1CCC(C2CC3CCCC(C4CCCC4)C3C2)C1,10.1021/jm500752h,24972108,1,False,True,pending_dual_review,quarantined_before_evidence_review,generic_scaffold_overlaps_model_selection
BDB-50048026,50048026,CCOC(=O)c1cnc(NCCOC)n2nc(-c3ccco3)nc12,SQXDUEUOZAKGTJ-UHFFFAOYSA-N,C1CCC(C2CC3CCCCC3C2)C1,10.1021/jm500752h,24972108,1,False,True,pending_dual_review,quarantined_before_evidence_review,generic_scaffold_overlaps_model_selection
BDB-50048027,50048027,CCOC(=O)c1cnc(N(C)C)n2nc(-c3ccco3)nc12,ZNWCUZMDMIZYKM-UHFFFAOYSA-N,C1CCC(C2CC3CCCCC3C2)C1,10.1021/jm500752h,24972108,1,False,True,pending_dual_review,quarantined_before_evidence_review,generic_scaffold_overlaps_model_selection
BDB-50048031,50048031,CCOC(=O)c1cnc(NCC(C)C)n2nc(-c3ccco3)nc12,ZZXIVHBZTITUIW-UHFFFAOYSA-N,C1CCC(C2CC3CCCCC3C2)C1,10.1021/jm500752h,24972108,1,False,True,pending_dual_review,quarantined_before_evidence_review,generic_scaffold_overlaps_model_selection
BDB-50048032,50048032,CCOC(=O)c1cnc(NOC)n2nc(-c3ccco3)nc12,IRZJBPUHUWWPCT-UHFFFAOYSA-N,C1CCC(C2CC3CCCCC3C2)C1,10.1021/jm500752h,24972108,1,False,True,pending_dual_review,quarantined_before_evidence_review,generic_scaffold_overlaps_model_selection
BDB-50048034,50048034,CCNc1ncc(C(=O)O)c2nc(-c3ccco3)nn12,ZKXDVIJDWCKBCG-UHFFFAOYSA-N,C1CCC(C2CC3CCCCC3C2)C1,10.1021/jm500752h,24972108,1,False,True,pending_dual_review,quarantined_before_evidence_review,generic_scaffold_overlaps_model_selection
BDB-50048035,50048035,CCCCCNc1ncc(C(=O)O)c2nc(-c3ccco3)nn12,IZOYRNZUKBFKMC-UHFFFAOYSA-N,C1CCC(C2CC3CCCCC3C2)C1,10.1021/jm500752h,24972108,1,False,True,pending_dual_review,quarantined_before_evidence_review,generic_scaffold_overlaps_model_selection
BDB-50048036,50048036,CC(C)Nc1ncc(C(=O)O)c2nc(-c3ccco3)nn12,XCVQRDMKSKEIRQ-UHFFFAOYSA-N,C1CCC(C2CC3CCCCC3C2)C1,10.1021/jm500752h,24972108,1,False,True,pending_dual_review,quarantined_before_evidence_review,generic_scaffold_overlaps_model_selection
BDB-50048037,50048037,CCCCC(CC)CNc1ncc(C(=O)O)c2nc(-c3ccco3)nn12,TZOGMSFSIZUEEN-UHFFFAOYSA-N,C1CCC(C2CC3CCCCC3C2)C1,10.1021/jm500752h,24972108,1,False,True,pending_dual_review,quarantined_before_evidence_review,generic_scaffold_overlaps_model_selection
BDB-50048057,50048057,CCOC(=O)c1cnc(SC)n2nc(-c3ccco3)nc12,FYVFQKPIXSURSP-UHFFFAOYSA-N,C1CCC(C2CC3CCCCC3C2)C1,10.1021/jm500752h,24972108,1,False,True,pending_dual_review,quarantined_before_evidence_review,generic_scaffold_overlaps_model_selection
BDB-50048466,50048466,Nc1nc2c(cnn2CCc2ccccc2)c2nc(-c3ccco3)nn12,UTLPKQYUXOEJIL-UHFFFAOYSA-N,C1CCC(CCC2CCC3C2CCC2CC(C4CCCC4)CC23)CC1,10.1007/pl00005326|10.1016/j.bmc.2009.05.038|10.1016/j.bmc.2010.02.048|10.1016/j.bmc.2011.11.037|10.1016/j.bmcl.2004.03.104|10.1016/j.bmcl.2005.02.031|10.1016/j.bmcl.2005.07.052|10.1016/j.bmcl.2008.05.069|10.1016/j.bmcl.2008.05.074|10.1021/acs.jmedchem.0c00237|10.1021/acs.jmedchem.1c01155|10.1021/jm010924c|10.1021/jm030977p|10.1021/jm4011669|10.1021/jm701594y|10.1021/jm9708689|10.1124/mol.61.2.415,11754583|11809867|15149696|15163184|15808481|16153830|18558486|18562199|18637670|19501513|20303771|22204739|24164628|32667814|34783558|35462165|9622554|9933143,19,True,True,pending_dual_review,quarantined_before_evidence_review,exact_structure_previously_visible|generic_scaffold_overlaps_model_selection
BDB-50051230,50051230,Nc1nc2n[nH]cc2c2nc(-c3ccco3)nn12,YKWJNVFPKLFRRE-UHFFFAOYSA-N,C1CCC(C2CC3CCC4CCCC4C3C2)C1,10.1016/j.bmc.2009.05.038|10.1021/jm001047y,11123985|19501513,2,True,False,pending_dual_review,quarantined_before_evidence_review,exact_structure_previously_visible
BDB-50051234,50051234,Nc1nc2nn(CCc3ccccc3)cc2c2nc(-c3ccco3)nn12,PUYNLRZJFOQWRV-UHFFFAOYSA-N,C1CCC(CCC2CC3CCC4CC(C5CCCC5)CC4C3C2)CC1,10.1016/j.bmc.2009.05.038|10.1021/jm001047y|10.1021/jm030852k|10.1021/jm991114s,10579811|11123985|13678407|19501513,4,True,False,pending_dual_review,quarantined_before_evidence_review,exact_structure_previously_visible
BDB-50051241,50051241,Nc1nc2c(cnn2CCCc2ccccc2)c2nc(-c3ccco3)nn12,XMXGGIWSFRIOKL-UHFFFAOYSA-N,C1CCC(CCCC2CCC3C2CCC2CC(C4CCCC4)CC23)CC1,10.1016/j.bmc.2009.05.038|10.1016/j.bmc.2011.11.037|10.1021/jm010924c,11754583|19501513|22204739,3,True,True,pending_dual_review,quarantined_before_evidence_review,exact_structure_previously_visible|generic_scaffold_overlaps_model_selection
BDB-50051242,50051242,CCCCn1cc2c(nc(N)n3nc(-c4ccco4)nc23)n1,NSGXVWJIQHDYOE-UHFFFAOYSA-N,C1CCC(C2CC3CCC4CCCC4C3C2)C1,10.1016/j.bmc.2009.05.038|10.1021/jm001047y,11123985|19501513,2,True,False,pending_dual_review,quarantined_before_evidence_review,exact_structure_previously_visible
BDB-50055094,50055094,Nc1nc(CCCc2ccccc2)nc2cn(-c3ccccc3)nc12,QXNZRRSDCMNJDB-UHFFFAOYSA-N,C1CCC(CCCC2CCC3CC(C4CCCCC4)CC3C2)CC1,10.1016/j.bmc.2016.04.048|10.1016/j.ejmech.2014.07.060,25063944|27161878|34695776,4,True,True,pending_dual_review,quarantined_before_evidence_review,exact_structure_previously_visible|generic_scaffold_overlaps_model_selection
BDB-50055095,50055095,COc1ccccc1CCCc1nc(N)c2nn(-c3ccccc3)cc2n1,PPZARYOCIWUJNS-UHFFFAOYSA-N,C1CCC(CCCC2CCC3CC(C4CCCCC4)CC3C2)CC1,10.1016/j.ejmech.2014.07.060,25063944,1,False,True,pending_dual_review,quarantined_before_evidence_review,generic_scaffold_overlaps_model_selection
BDB-50055096,50055096,COc1cccc(CCCc2nc(N)c3nn(-c4ccccc4)cc3n2)c1,ZCPXGQGRCJYMLF-UHFFFAOYSA-N,C1CCC(CCCC2CCC3CC(C4CCCCC4)CC3C2)CC1,10.1016/j.ejmech.2014.07.060,25063944,1,False,True,pending_dual_review,quarantined_before_evidence_review,generic_scaffold_overlaps_model_selection
BDB-50055097,50055097,COc1ccc(CCCc2nc(N)c3nn(-c4ccccc4)cc3n2)cc1,JVYZZVMFKUDDFA-UHFFFAOYSA-N,C1CCC(CCCC2CCC3CC(C4CCCCC4)CC3C2)CC1,10.1016/j.ejmech.2014.07.060,25063944,1,False,True,pending_dual_review,quarantined_before_evidence_review,generic_scaffold_overlaps_model_selection
BDB-50055098,50055098,Nc1nc(CCCc2ccccc2O)nc2cn(-c3ccccc3)nc12,BKWRHOCWDPOKTI-UHFFFAOYSA-N,C1CCC(CCCC2CCC3CC(C4CCCCC4)CC3C2)CC1,10.1016/j.ejmech.2014.07.060,25063944,1,False,True,pending_dual_review,quarantined_before_evidence_review,generic_scaffold_overlaps_model_selection
BDB-50055099,50055099,Nc1nc(CCCc2cccc(O)c2)nc2cn(-c3ccccc3)nc12,SHQKGVUFKLDRQI-UHFFFAOYSA-N,C1CCC(CCCC2CCC3CC(C4CCCCC4)CC3C2)CC1,10.1016/j.ejmech.2014.07.060,25063944,1,False,True,pending_dual_review,quarantined_before_evidence_review,generic_scaffold_overlaps_model_selection
BDB-50055100,50055100,Nc1nc(CCCc2ccc(O)cc2)nc2cn(-c3ccccc3)nc12,OOMFSONRFBINNP-UHFFFAOYSA-N,C1CCC(CCCC2CCC3CC(C4CCCCC4)CC3C2)CC1,10.1016/j.ejmech.2014.07.060,25063944,1,False,True,pending_dual_review,quarantined_before_evidence_review,generic_scaffold_overlaps_model_selection
BDB-50060165,50060165,Nc1ccnc2c1ncn2[C@@H]1O[C@H](CO)[C@@H](O)[C@H]1O,NVUDDRWKCUAERS-PNHWDRBUSA-N,C1CCC2C(C1)CCC2C1CCCC1,10.1021/acschembio.6b00357,27439119,1,False,True,pending_dual_review,quarantined_before_evidence_review,generic_scaffold_overlaps_model_selection
BDB-50064696,50064696,Nc1nc2c(cnn2CCCc2ccc3c(c2)OCO3)c2nc(-c3ccco3)nn12,ULSNKDYWRFKLBP-UHFFFAOYSA-N,C1CCC(C2CC3CCC4C(CCCC5CCC6CCCC6C5)CCC4C3C2)C1,10.1016/j.bmc.2009.05.038|10.1021/jm9708689,19501513|9622554,2,True,False,pending_dual_review,quarantined_before_evidence_review,exact_structure_previously_visible
BDB-50064700,50064700,Nc1nc2c(cnn2CCCc2ccc(O)cc2)c2nc(-c3ccco3)nn12,AXDUXMMFIPBLRQ-UHFFFAOYSA-N,C1CCC(CCCC2CCC3C2CCC2CC(C4CCCC4)CC23)CC1,10.1016/j.bmc.2009.05.038|10.1016/j.bmcl.2010.08.021|10.1016/j.bmcl.2010.11.082|10.1021/jm9708689,19501513|20801028|21185184|9622554,4,True,True,pending_dual_review,quarantined_before_evidence_review,exact_structure_previously_visible|generic_scaffold_overlaps_model_selection
BDB-50064702,50064702,COc1ccc(CCCn2ncc3c2nc(N)n2nc(-c4ccco4)nc32)cc1OC,YWQKIVSBEVCNDE-UHFFFAOYSA-N,C1CCC(CCCC2CCC3C2CCC2CC(C4CCCC4)CC23)CC1,10.1016/j.bmc.2009.05.038|10.1021/jm9708689,19501513|9622554,2,True,True,pending_dual_review,quarantined_before_evidence_review,exact_structure_previously_visible|generic_scaffold_overlaps_model_selection
BDB-50064902,50064902,CC(C)(O)CC(=O)Nc1ccc(C(=O)Nc2nccs2)cc1,GSINYWQAHFZJDY-UHFFFAOYSA-N,CC(CC1CCCC1)C1CCCCC1,10.1016/j.bmcl.2015.01.062,25701253,1,False,True,pending_dual_review,quarantined_before_evidence_review,generic_scaffold_overlaps_model_selection
BDB-50064903,50064903,CC(C)(C)CC(=O)Nc1ccc(C(=O)Nc2nccs2)nc1,WBYXHZPHWCAWTA-UHFFFAOYSA-N,CC(CC1CCCC1)C1CCCCC1,10.1016/j.bmcl.2015.01.062,25701253,1,False,True,pending_dual_review,quarantined_before_evidence_review,generic_scaffold_overlaps_model_selection
BDB-50064904,50064904,CC(C)CCNc1ccc(C(=O)Nc2nccs2)cc1,JDSMYKUUOQVDLL-UHFFFAOYSA-N,CC(CC1CCCC1)C1CCCCC1,10.1016/j.bmcl.2015.01.062,25701253,1,False,True,pending_dual_review,quarantined_before_evidence_review,generic_scaffold_overlaps_model_selection
BDB-50065004,50065004,CCN(CC)CCC(C)CC(=O)Nc1ccc(C(=O)Nc2nccs2)cc1,JLEPEBSBJCWJFQ-UHFFFAOYSA-N,CC(CC1CCCC1)C1CCCCC1,10.1016/j.bmcl.2015.01.062,25701253,1,False,True,pending_dual_review,quarantined_before_evidence_review,generic_scaffold_overlaps_model_selection
BDB-50065005,50065005,CCN(CC)CCCCCCCC(=O)Nc1ccc(C(=O)Nc2nccs2)cc1,WYGDKFREYAXKEJ-UHFFFAOYSA-N,CC(CC1CCCC1)C1CCCCC1,10.1016/j.bmcl.2015.01.062,25701253,1,False,True,pending_dual_review,quarantined_before_evidence_review,generic_scaffold_overlaps_model_selection
BDB-50065006,50065006,CCN(CC)CCCCCC(=O)Nc1ccc(C(=O)Nc2nccs2)cc1,CAHWXIVPCAZWCX-UHFFFAOYSA-N,CC(CC1CCCC1)C1CCCCC1,10.1016/j.bmcl.2015.01.062,25701253,1,False,True,pending_dual_review,quarantined_before_evidence_review,generic_scaffold_overlaps_model_selection
BDB-50065007,50065007,CCN(CC)CCCCC(=O)Nc1ccc(C(=O)Nc2nccs2)cc1,KKGWFGLSDOMJAN-UHFFFAOYSA-N,CC(CC1CCCC1)C1CCCCC1,10.1016/j.bmcl.2015.01.062,25701253,1,False,True,pending_dual_review,quarantined_before_evidence_review,generic_scaffold_overlaps_model_selection
BDB-50078420,50078420,CCn1nnc([C@H]2O[C@@H](n3cnc4c(Nc5ccc(Cl)cc5F)nc(Cl)nc43)[C@H](O)[C@@H]2O)n1,HLHAFTISHRHDPF-PFHKOEEOSA-N,C1CCC(CC2CCCC3C2CCC3C2CCC(C3CCCC3)C2)CC1,10.1021/acs.jmedchem.5b00074,25699637,1,True,True,pending_dual_review,quarantined_before_evidence_review,exact_structure_previously_visible|generic_scaffold_overlaps_model_selection
BDB-50078421,50078421,CCn1nnc([C@H]2O[C@@H](n3cnc4c(NCc5ccccc5I)nc(Cl)nc43)[C@H](O)[C@@H]2O)n1,SXSHOTNATXYYEG-MOROJQBDSA-N,C1CCC(CCC2CCCC3C2CCC3C2CCC(C3CCCC3)C2)CC1,10.1021/acs.jmedchem.5b00074,25699637,1,True,True,pending_dual_review,quarantined_before_evidence_review,exact_structure_previously_visible|generic_scaffold_overlaps_model_selection
BDB-50078422,50078422,CCn1nnc([C@H]2O[C@@H](n3cnc4c(N)ncnc43)[C@H](O)[C@@H]2O)n1,MAIBBTQWLYABNH-FLNNQWSLSA-N,C1CCC(C2CCC(C3CCC4CCCCC43)C2)C1,10.1021/acs.jmedchem.5b00074,25699637,1,True,True,pending_dual_review,quarantined_before_evidence_review,exact_structure_previously_visible|generic_scaffold_overlaps_model_selection
BDB-50078423,50078423,CCn1nnc([C@H]2O[C@@H](n3cnc4c(N)nc(Cl)nc43)[C@H](O)[C@@H]2O)n1,KCFSAWYFAYDKQD-QMWPFBOUSA-N,C1CCC(C2CCC(C3CCC4CCCCC43)C2)C1,10.1021/acs.jmedchem.5b00074,25699637,1,True,True,pending_dual_review,quarantined_before_evidence_review,exact_structure_previously_visible|generic_scaffold_overlaps_model_selection
BDB-50078424,50078424,CCn1nnc([C@H]2O[C@@H](n3cnc4c(NC)ncnc43)[C@H](O)[C@@H]2O)n1,XLNLUOHNKKMJIG-QRIDJOKKSA-N,C1CCC(C2CCC(C3CCC4CCCCC43)C2)C1,10.1021/acs.jmedchem.5b00074,25699637,1,True,True,pending_dual_review,quarantined_before_evidence_review,exact_structure_previously_visible|generic_scaffold_overlaps_model_selection
BDB-50078425,50078425,CCn1nnc([C@H]2O[C@@H](n3cnc4c(NC)nc(Cl)nc43)[C@H](O)[C@@H]2O)n1,PCCBWJONNFIZJH-FLNNQWSLSA-N,C1CCC(C2CCC(C3CCC4CCCCC43)C2)C1,10.1021/acs.jmedchem.5b00074,25699637,1,True,True,pending_dual_review,quarantined_before_evidence_review,exact_structure_previously_visible|generic_scaffold_overlaps_model_selection
BDB-50078426,50078426,CCn1nnc([C@H]2O[C@@H](n3cnc4c(NC5CC5)ncnc43)[C@H](O)[C@@H]2O)n1,DEVAFUMPTPLYOY-BQVMBELUSA-N,C1CCC(C2CCC(C3CCC4C(CC5CC5)CCCC43)C2)C1,10.1021/acs.jmedchem.5b00074|10.1021/acs.jmedchem.7b00291,25699637|28447789,2,True,True,pending_dual_review,quarantined_before_evidence_review,exact_structure_previously_visible|generic_scaffold_overlaps_model_selection
BDB-50078427,50078427,CCn1nnc([C@H]2O[C@@H](n3cnc4c(NC5CC5)nc(Cl)nc43)[C@H](O)[C@@H]2O)n1,IRRXNCFETDOCCQ-AEISUSGSSA-N,C1CCC(C2CCC(C3CCC4C(CC5CC5)CCCC43)C2)C1,10.1021/acs.jmedchem.5b00074|10.1021/acs.jmedchem.7b00291,25699637|28447789,2,True,True,pending_dual_review,quarantined_before_evidence_review,exact_structure_previously_visible|generic_scaffold_overlaps_model_selection
BDB-50078428,50078428,CCn1nnc([C@H]2O[C@@H](n3cnc4c(N[C@H]5C[C@@H]6CC[C@@H]5C6)ncnc43)[C@H](O)[C@@H]2O)n1,VBEDZGFOGYYFAA-VAKQMTRESA-N,C1CCC(C2CCC(C3CCC4C(CC5CC6CCC5C6)CCCC34)C2)C1,10.1021/acs.jmedchem.5b00074,25699637,1,True,False,pending_dual_review,quarantined_before_evidence_review,exact_structure_previously_visible
BDB-50078429,50078429,CCn1nnc([C@H]2O[C@@H](n3cnc4c(N[C@H]5C[C@@H]6CC[C@@H]5C6)nc(Cl)nc43)[C@H](O)[C@@H]2O)n1,UQOODWFWVKWKPZ-TXWJGDGWSA-N,C1CCC(C2CCC(C3CCC4C(CC5CC6CCC5C6)CCCC34)C2)C1,10.1021/acs.jmedchem.5b00074,25699637,1,True,False,pending_dual_review,quarantined_before_evidence_review,exact_structure_previously_visible
BDB-50078430,50078430,CCn1nnc([C@H]2O[C@@H](n3cnc4c(NC5CCCO5)ncnc43)[C@H](O)[C@@H]2O)n1,OZWIQLJRUYENLH-BHETVNITSA-N,C1CCC(CC2CCCC3C2CCC3C2CCC(C3CCCC3)C2)C1,10.1021/acs.jmedchem.5b00074,25699637,1,True,True,pending_dual_review,quarantined_before_evidence_review,exact_structure_previously_visible|generic_scaffold_overlaps_model_selection
BDB-50078537,50078537,CCn1nnc([C@H]2O[C@@H](n3cnc4c(NC5CCCO5)nc(Cl)nc43)[C@H](O)[C@@H]2O)n1,HAPGDXOGTRCUFO-GEVFMYGYSA-N,C1CCC(CC2CCCC3C2CCC3C2CCC(C3CCCC3)C2)C1,10.1021/acs.jmedchem.5b00074,25699637,1,True,True,pending_dual_review,quarantined_before_evidence_review,exact_structure_previously_visible|generic_scaffold_overlaps_model_selection
BDB-50078538,50078538,CCn1nnc([C@H]2O[C@@H](n3cnc4c(Nc5ccc(Cl)cc5F)ncnc43)[C@H](O)[C@@H]2O)n1,SLEKQRJDUVSCPY-MOROJQBDSA-N,C1CCC(CC2CCCC3C2CCC3C2CCC(C3CCCC3)C2)CC1,10.1021/acs.jmedchem.5b00074,25699637,1,True,True,pending_dual_review,quarantined_before_evidence_review,exact_structure_previously_visible|generic_scaffold_overlaps_model_selection
BDB-50079271,50079271,CCNC(=O)[C@H]1O[C@@H](n2cnc3c(N)nc(NCCN4CCN(c5ccc(I)cc5)CC4)nc32)[C@H](O)[C@@H]1O,IKLBWPAQQVFTEQ-QPXQOZNCSA-N,C1CCC(C2CCC(CCCC3CCC4CCC(C5CCCC5)C4C3)CC2)CC1,10.1021/acs.jmedchem.5b00215,25780876,1,True,True,pending_dual_review,quarantined_before_evidence_review,exact_structure_previously_visible|generic_scaffold_overlaps_model_selection
BDB-50079272,50079272,CCNC(=O)[C@H]1O[C@@H](n2cnc3c(N)nc(NCCN4CCN(c5ccc(Br)cc5)CC4)nc32)[C@H](O)[C@@H]1O,XOSDFDDQMHOETR-QPXQOZNCSA-N,C1CCC(C2CCC(CCCC3CCC4CCC(C5CCCC5)C4C3)CC2)CC1,10.1021/acs.jmedchem.5b00215,25780876,1,True,True,pending_dual_review,quarantined_before_evidence_review,exact_structure_previously_visible|generic_scaffold_overlaps_model_selection
BDB-50079273,50079273,CCNC(=O)[C@H]1O[C@@H](n2cnc3c(N)nc(NCCN4CCN(c5ccc(Cl)cc5)CC4)nc32)[C@H](O)[C@@H]1O,PZLZIKJDRCOOML-QPXQOZNCSA-N,C1CCC(C2CCC(CCCC3CCC4CCC(C5CCCC5)C4C3)CC2)CC1,10.1021/acs.jmedchem.5b00215,25780876,1,True,True,pending_dual_review,quarantined_before_evidence_review,exact_structure_previously_visible|generic_scaffold_overlaps_model_selection
BDB-50079293,50079293,CCNC(=O)[C@H]1O[C@@H](n2cnc3c(N)nc(NCCN4CCN(c5ccc(F)cc5)CC4)nc32)[C@H](O)[C@@H]1O,UUSVRSTYDYSXBA-QPXQOZNCSA-N,C1CCC(C2CCC(CCCC3CCC4CCC(C5CCCC5)C4C3)CC2)CC1,10.1021/acs.jmedchem.5b00215,25780876,1,True,True,pending_dual_review,quarantined_before_evidence_review,exact_structure_previously_visible|generic_scaffold_overlaps_model_selection
BDB-50079320,50079320,CCNC(=O)[C@H]1O[C@@H](n2cnc3c(N)nc(NCCN4CCN(c5ccc(CC(=O)O)cc5Br)CC4)nc32)[C@H](O)[C@@H]1O,OXDQFSDLOJUORN-UGCAPWQASA-N,C1CCC(C2CCC(CCCC3CCC4CCC(C5CCCC5)C4C3)CC2)CC1,10.1021/acs.jmedchem.5b00215,25780876,1,True,True,pending_dual_review,quarantined_before_evidence_review,exact_structure_previously_visible|generic_scaffold_overlaps_model_selection
BDB-50079321,50079321,CCNC(=O)[C@H]1O[C@@H](n2cnc3c(N)nc(NCCN4CCN(c5ccc(Cl)cc5F)CC4)nc32)[C@H](O)[C@@H]1O,JJWGGTHCGBCFBM-QPXQOZNCSA-N,C1CCC(C2CCC(CCCC3CCC4CCC(C5CCCC5)C4C3)CC2)CC1,10.1021/acs.jmedchem.5b00215,25780876,1,True,True,pending_dual_review,quarantined_before_evidence_review,exact_structure_previously_visible|generic_scaffold_overlaps_model_selection
BDB-50079322,50079322,CCNC(=O)[C@H]1O[C@@H](n2cnc3c(N)nc(NCCN4CCN(c5cccc(F)c5F)CC4)nc32)[C@H](O)[C@@H]1O,RYJFGYAMEOEOBG-QPXQOZNCSA-N,C1CCC(C2CCC(CCCC3CCC4CCC(C5CCCC5)C4C3)CC2)CC1,10.1021/acs.jmedchem.5b00215,25780876,1,True,True,pending_dual_review,quarantined_before_evidence_review,exact_structure_previously_visible|generic_scaffold_overlaps_model_selection
BDB-50079323,50079323,CCNC(=O)[C@H]1O[C@@H](n2cnc3c(N)nc(NCCN4CCN(c5cc(Cl)cc(Cl)c5)CC4)nc32)[C@H](O)[C@@H]1O,DJUDKDQJDINBSJ-QPXQOZNCSA-N,C1CCC(C2CCC(CCCC3CCC4CCC(C5CCCC5)C4C3)CC2)CC1,10.1021/acs.jmedchem.5b00215,25780876,1,True,True,pending_dual_review,quarantined_before_evidence_review,exact_structure_previously_visible|generic_scaffold_overlaps_model_selection
BDB-50079324,50079324,CCNC(=O)[C@H]1O[C@@H](n2cnc3c(N)nc(NCCN4CCN(c5ccc(Cl)c(Cl)c5)CC4)nc32)[C@H](O)[C@@H]1O,CBDPEPRMHBCTEB-QPXQOZNCSA-N,C1CCC(C2CCC(CCCC3CCC4CCC(C5CCCC5)C4C3)CC2)CC1,10.1021/acs.jmedchem.5b00215,25780876,1,True,True,pending_dual_review,quarantined_before_evidence_review,exact_structure_previously_visible|generic_scaffold_overlaps_model_selection
BDB-50079325,50079325,CCNC(=O)[C@H]1O[C@@H](n2cnc3c(N)nc(NCCN4CCN(c5ccc(F)c(Cl)c5)CC4)nc32)[C@H](O)[C@@H]1O,OLGILINEDFSECC-QPXQOZNCSA-N,C1CCC(C2CCC(CCCC3CCC4CCC(C5CCCC5)C4C3)CC2)CC1,10.1021/acs.jmedchem.5b00215,25780876,1,True,True,pending_dual_review,quarantined_before_evidence_review,exact_structure_previously_visible|generic_scaffold_overlaps_model_selection
BDB-50079326,50079326,CCNC(=O)[C@H]1O[C@@H](n2cnc3c(N)nc(NCCN4CCN(c5ccccc5OC)CC4)nc32)[C@H](O)[C@@H]1O,OUHCEJLDHLLTDI-CMCWBKRRSA-N,C1CCC(C2CCC(CCCC3CCC4CCC(C5CCCC5)C4C3)CC2)CC1,10.1021/acs.jmedchem.5b00215,25780876,1,True,True,pending_dual_review,quarantined_before_evidence_review,exact_structure_previously_visible|generic_scaffold_overlaps_model_selection
BDB-50079327,50079327,CCNC(=O)[C@H]1O[C@@H](n2cnc3c(N)nc(NCCN4CCN(c5ccccc5C(F)(F)F)CC4)nc32)[C@H](O)[C@@H]1O,XXPCRZFQXJAQCO-QPXQOZNCSA-N,C1CCC(C2CCC(CCCC3CCC4CCC(C5CCCC5)C4C3)CC2)CC1,10.1021/acs.jmedchem.5b00215,25780876,1,True,True,pending_dual_review,quarantined_before_evidence_review,exact_structure_previously_visible|generic_scaffold_overlaps_model_selection
BDB-50079328,50079328,CCNC(=O)[C@H]1O[C@@H](n2cnc3c(N)nc(NCCN4CCN(c5ccccc5Cl)CC4)nc32)[C@H](O)[C@@H]1O,JWKSLRKCKNJUQV-QPXQOZNCSA-N,C1CCC(C2CCC(CCCC3CCC4CCC(C5CCCC5)C4C3)CC2)CC1,10.1021/acs.jmedchem.5b00215,25780876,1,True,True,pending_dual_review,quarantined_before_evidence_review,exact_structure_previously_visible|generic_scaffold_overlaps_model_selection
BDB-50079329,50079329,CCNC(=O)[C@H]1O[C@@H](n2cnc3c(N)nc(NCCN4CCN(c5ccccc5F)CC4)nc32)[C@H](O)[C@@H]1O,WASZKNXEGGPPSK-QPXQOZNCSA-N,C1CCC(C2CCC(CCCC3CCC4CCC(C5CCCC5)C4C3)CC2)CC1,10.1021/acs.jmedchem.5b00215,25780876,1,True,True,pending_dual_review,quarantined_before_evidence_review,exact_structure_previously_visible|generic_scaffold_overlaps_model_selection
BDB-50079332,50079332,CCNC(=O)[C@H]1O[C@@H](n2cnc3c(N)nc(NCCN4CCN(c5cccc(C(=O)O)c5)CC4)nc32)[C@H](O)[C@@H]1O,YTZMYAPRHFADAK-QPXQOZNCSA-N,C1CCC(C2CCC(CCCC3CCC4CCC(C5CCCC5)C4C3)CC2)CC1,10.1021/acs.jmedchem.5b00215,25780876,1,True,True,pending_dual_review,quarantined_before_evidence_review,exact_structure_previously_visible|generic_scaffold_overlaps_model_selection
BDB-50079333,50079333,CCNC(=O)[C@H]1O[C@@H](n2cnc3c(N)nc(NCCN4CCN(c5cccc(Cl)c5)CC4)nc32)[C@H](O)[C@@H]1O,HROCURHVTSOKAN-QPXQOZNCSA-N,C1CCC(C2CCC(CCCC3CCC4CCC(C5CCCC5)C4C3)CC2)CC1,10.1021/acs.jmedchem.5b00215,25780876,1,True,True,pending_dual_review,quarantined_before_evidence_review,exact_structure_previously_visible|generic_scaffold_overlaps_model_selection
BDB-50079334,50079334,CCNC(=O)[C@H]1O[C@@H](n2cnc3c(N)nc(NCCN4CCN(c5ccc(CC(=O)O)cc5)CC4)nc32)[C@H](O)[C@@H]1O,KTNUWYYHFXCLOM-UGCAPWQASA-N,C1CCC(C2CCC(CCCC3CCC4CCC(C5CCCC5)C4C3)CC2)CC1,10.1021/acs.jmedchem.5b00215,25780876,1,True,True,pending_dual_review,quarantined_before_evidence_review,exact_structure_previously_visible|generic_scaffold_overlaps_model_selection
BDB-50079335,50079335,CCNC(=O)[C@H]1O[C@@H](n2cnc3c(N)nc(NCCN4CCN(c5ccc(C(=O)O)cc5)CC4)nc32)[C@H](O)[C@@H]1O,FMQNJPHYANXUNL-QPXQOZNCSA-N,C1CCC(C2CCC(CCCC3CCC4CCC(C5CCCC5)C4C3)CC2)CC1,10.1021/acs.jmedchem.5b00215,25780876,1,True,True,pending_dual_review,quarantined_before_evidence_review,exact_structure_previously_visible|generic_scaffold_overlaps_model_selection
BDB-50079336,50079336,CCNC(=O)[C@H]1O[C@@H](n2cnc3c(N)nc(NCCN4CCN(c5ccc(OCCOC)cc5)CC4)nc32)[C@H](O)[C@@H]1O,UFKWKIGRCPIVAD-IMIIHFCZSA-N,C1CCC(C2CCC(CCCC3CCC4CCC(C5CCCC5)C4C3)CC2)CC1,10.1021/acs.jmedchem.5b00215,25780876,1,True,True,pending_dual_review,quarantined_before_evidence_review,exact_structure_previously_visible|generic_scaffold_overlaps_model_selection
BDB-50079337,50079337,CCNC(=O)[C@H]1O[C@@H](n2cnc3c(N)nc(NCCN4CCN(c5ccc(OC)cc5)CC4)nc32)[C@H](O)[C@@H]1O,MVIMKMKGSXJLAG-CMCWBKRRSA-N,C1CCC(C2CCC(CCCC3CCC4CCC(C5CCCC5)C4C3)CC2)CC1,10.1021/acs.jmedchem.5b00215,25780876,1,True,True,pending_dual_review,quarantined_before_evidence_review,exact_structure_previously_visible|generic_scaffold_overlaps_model_selection
BDB-50079338,50079338,CCNC(=O)[C@H]1O[C@@H](n2cnc3c(N)nc(NCCN4CCN(c5ccc(C)cc5)CC4)nc32)[C@H](O)[C@@H]1O,SAHDAZUFESIDFC-CMCWBKRRSA-N,C1CCC(C2CCC(CCCC3CCC4CCC(C5CCCC5)C4C3)CC2)CC1,10.1021/acs.jmedchem.5b00215,25780876,1,True,True,pending_dual_review,quarantined_before_evidence_review,exact_structure_previously_visible|generic_scaffold_overlaps_model_selection
BDB-50079339,50079339,CCNC(=O)[C@H]1O[C@@H](n2cnc3c(N)nc(NCCN4CCN(c5ccc([N+](=O)[O-])cc5)CC4)nc32)[C@H](O)[C@@H]1O,LSZORRNSFRRABA-QPXQOZNCSA-N,C1CCC(C2CCC(CCCC3CCC4CCC(C5CCCC5)C4C3)CC2)CC1,10.1021/acs.jmedchem.5b00215,25780876,1,True,True,pending_dual_review,quarantined_before_evidence_review,exact_structure_previously_visible|generic_scaffold_overlaps_model_selection
BDB-50079340,50079340,CCNC(=O)[C@H]1O[C@@H](n2cnc3c(N)nc(NCCN4CCN(c5ccc(C(F)(F)F)cc5)CC4)nc32)[C@H](O)[C@@H]1O,RKLFDOIAXZNEOW-QPXQOZNCSA-N,C1CCC(C2CCC(CCCC3CCC4CCC(C5CCCC5)C4C3)CC2)CC1,10.1021/acs.jmedchem.5b00215,25780876,1,True,True,pending_dual_review,quarantined_before_evidence_review,exact_structure_previously_visible|generic_scaffold_overlaps_model_selection
BDB-50079341,50079341,CCNC(=O)[C@H]1O[C@@H](n2cnc3c(N)nc(NCCN4CCN(CCc5ccccc5)CC4)nc32)[C@H](O)[C@@H]1O,GLQXBKNCFOACJO-UGCAPWQASA-N,C1CCC(CCC2CCC(CCCC3CCC4CCC(C5CCCC5)C4C3)CC2)CC1,10.1021/acs.jmedchem.5b00215,25780876,1,True,True,pending_dual_review,quarantined_before_evidence_review,exact_structure_previously_visible|generic_scaffold_overlaps_model_selection
BDB-50079342,50079342,CCNC(=O)[C@H]1O[C@@H](n2cnc3c(N)nc(NCCN4CCN(Cc5ccccc5)CC4)nc32)[C@H](O)[C@@H]1O,KOEBHQWXJSXWRR-CMCWBKRRSA-N,C1CCC(CC2CCC(CCCC3CCC4CCC(C5CCCC5)C4C3)CC2)CC1,10.1021/acs.jmedchem.5b00215,25780876,1,True,True,pending_dual_review,quarantined_before_evidence_review,exact_structure_previously_visible|generic_scaffold_overlaps_model_selection
BDB-50079343,50079343,CCNC(=O)[C@H]1O[C@@H](n2cnc3c(N)nc(NCCCN4CCN(c5ccccc5)CC4)nc32)[C@H](O)[C@@H]1O,APKBJUYYYJBSCQ-CMCWBKRRSA-N,C1CCC(C2CCC(CCCCC3CCC4CCC(C5CCCC5)C4C3)CC2)CC1,10.1021/acs.jmedchem.5b00215,25780876,1,True,True,pending_dual_review,quarantined_before_evidence_review,exact_structure_previously_visible|generic_scaffold_overlaps_model_selection
BDB-50079344,50079344,CCNC(=O)[C@H]1O[C@@H](n2cnc3c(N)nc(NCCN4CCN(c5ccccc5)CC4)nc32)[C@H](O)[C@@H]1O,KZRRJUCUDUDDFB-QPXQOZNCSA-N,C1CCC(C2CCC(CCCC3CCC4CCC(C5CCCC5)C4C3)CC2)CC1,10.1021/acs.jmedchem.5b00215,25780876,1,True,True,pending_dual_review,quarantined_before_evidence_review,exact_structure_previously_visible|generic_scaffold_overlaps_model_selection
BDB-50079348,50079348,CCNC(=O)[C@H]1O[C@@H](n2cnc3c(N)nc(N4CCN(c5ccc(OCCOC)cc5)CC4)nc32)[C@H](O)[C@@H]1O,DHSVSNGIGFVEQT-CMCWBKRRSA-N,C1CCC(C2CCC(C3CCC4CCC(C5CCCC5)C4C3)CC2)CC1,10.1021/acs.jmedchem.5b00215,25780876,1,True,True,pending_dual_review,quarantined_before_evidence_review,exact_structure_previously_visible|generic_scaffold_overlaps_model_selection
BDB-50079349,50079349,CCNC(=O)[C@H]1O[C@@H](n2cnc3c(N)nc(N4CCN(c5ccc(OCc6ccccc6)cc5)CC4)nc32)[C@H](O)[C@@H]1O,BMVQYTBZDSZAEL-NLJXWPIHSA-N,C1CCC(CCC2CCC(C3CCC(C4CCC5CCC(C6CCCC6)C5C4)CC3)CC2)CC1,10.1021/acs.jmedchem.5b00215,25780876,1,True,True,pending_dual_review,quarantined_before_evidence_review,exact_structure_previously_visible|generic_scaffold_overlaps_model_selection
BDB-50079350,50079350,CCNC(=O)[C@H]1O[C@@H](n2cnc3c(N)nc(N4CCN(c5ccc(OCc6ccc(Cl)cc6)cc5)CC4)nc32)[C@H](O)[C@@H]1O,MUNVDVWWEQGHID-NLJXWPIHSA-N,C1CCC(CCC2CCC(C3CCC(C4CCC5CCC(C6CCCC6)C5C4)CC3)CC2)CC1,10.1021/acs.jmedchem.5b00215,25780876,1,True,True,pending_dual_review,quarantined_before_evidence_review,exact_structure_previously_visible|generic_scaffold_overlaps_model_selection
BDB-50079351,50079351,CCNC(=O)[C@H]1O[C@@H](n2cnc3c(N)nc(N4CCN(c5ccc(OCc6ccc(F)cc6)cc5)CC4)nc32)[C@H](O)[C@@H]1O,GESPVKNCXDLKEW-NLJXWPIHSA-N,C1CCC(CCC2CCC(C3CCC(C4CCC5CCC(C6CCCC6)C5C4)CC3)CC2)CC1,10.1021/acs.jmedchem.5b00215,25780876,1,True,True,pending_dual_review,quarantined_before_evidence_review,exact_structure_previously_visible|generic_scaffold_overlaps_model_selection
BDB-50079352,50079352,CCNC(=O)[C@H]1O[C@@H](n2cnc3c(N)nc(N4CCN(c5ccc(OCc6ccc(C(F)(F)F)cc6)cc5)CC4)nc32)[C@H](O)[C@@H]1O,FKJZJHHCFXKNFO-NLJXWPIHSA-N,C1CCC(CCC2CCC(C3CCC(C4CCC5CCC(C6CCCC6)C5C4)CC3)CC2)CC1,10.1021/acs.jmedchem.5b00215,25780876,1,True,True,pending_dual_review,quarantined_before_evidence_review,exact_structure_previously_visible|generic_scaffold_overlaps_model_selection
BDB-50079354,50079354,CCNC(=O)[C@H]1O[C@@H](n2cnc3c(N)nc(N4CCN(c5ccc(OCCCc6ccccc6)cc5)CC4)nc32)[C@H](O)[C@@H]1O,GDLSEFIWYFWPFI-YRIIQKNPSA-N,C1CCC(CCCCC2CCC(C3CCC(C4CCC5CCC(C6CCCC6)C5C4)CC3)CC2)CC1,10.1021/acs.jmedchem.5b00215,25780876,1,True,True,pending_dual_review,quarantined_before_evidence_review,exact_structure_previously_visible|generic_scaffold_overlaps_model_selection
BDB-50079355,50079355,CCNC(=O)[C@H]1O[C@@H](n2cnc3c(N)nc(N4CCN(c5ccc(OCC(=O)OCC)cc5)CC4)nc32)[C@H](O)[C@@H]1O,GATMPFQLRGDCAR-UGCAPWQASA-N,C1CCC(C2CCC(C3CCC4CCC(C5CCCC5)C4C3)CC2)CC1,10.1021/acs.jmedchem.5b00215,25780876,1,True,True,pending_dual_review,quarantined_before_evidence_review,exact_structure_previously_visible|generic_scaffold_overlaps_model_selection
BDB-50080286,50080286,Cc1[nH]c2nc(-c3ccccc3)nc(N[C@H](CO)CC(C)C)c2c1C,GSMWUWXMHHXWOW-INIZCTEOSA-N,C1CCC(C2CCC3CCCC3C2)CC1,10.1016/s0960-894x(99)00398-4,10476879,1,False,True,pending_dual_review,quarantined_before_evidence_review,generic_scaffold_overlaps_model_selection
BDB-50080288,50080288,CC(=O)NCCNc1nc(-c2ccccc2)nc2[nH]c(C)c(C)c12,RHBHHAJRAODTML-UHFFFAOYSA-N,C1CCC(C2CCC3CCCC3C2)CC1,10.1016/s0960-894x(99)00398-4,10476879,1,False,True,pending_dual_review,quarantined_before_evidence_review,generic_scaffold_overlaps_model_selection
BDB-50080390,50080390,Cc1ccccc1CNc1ncnc2c1ncn2[C@@H]1O[C@H](CO)[C@@H](O)[C@H]1O,OOEMZCZWZXHBKW-SCFUHWHPSA-N,C1CCC(CCC2CCCC3C(C4CCCC4)CCC23)CC1,10.1016/j.chembiol.2004.12.010|10.1021/jm049580r,15734651|15771421,2,False,True,pending_dual_review,quarantined_before_evidence_review,generic_scaffold_overlaps_model_selection
BDB-50080398,50080398,C[C@@H](Cc1ccccc1)Nc1ncnc2c1ncn2[C@@H]1O[C@H](CO)[C@@H](O)[C@H]1O,RIRGCFBBHQEQQH-KFAHYOAQSA-N,C1CCC(CCCC2CCCC3C(C4CCCC4)CCC23)CC1,10.1021/jm9707737,9572897,1,False,True,pending_dual_review,quarantined_before_evidence_review,generic_scaffold_overlaps_model_selection
BDB-50081701,50081701,CN(C)CCc1c[nH]c2cccc(O)c12,SPCIYGNTAMCTRO-UHFFFAOYSA-N,C1CCC2CCCC2C1,,,1,False,False,pending_dual_review,quarantined_before_evidence_review,primary_publication_identifier_missing
BDB-50085658,50085658,OC[C@H]1O[C@@H](n2cnc3c(NC4CCCC4)nc(Cl)nc32)[C@H](O)[C@@H]1O,XSMYYYQVWPZWIZ-IDTAVKCVSA-N,C1CCC(CC2CCCC3C(C4CCCC4)CCC23)C1,10.1016/j.bmc.2007.09.035|10.1016/j.bmcl.2004.01.011|10.1016/j.ejmech.2020.112478|10.1016/s0960-894x(00)00017-2|10.1021/acs.jmedchem.8b01662|10.1021/jm021074j|10.1021/jm050726b|10.1021/jm300965a|10.1021/jm9707737,10714510|12672250|15006389|16366590|17933541|22921089|30605331|32659606|9572897,9,True,True,pending_dual_review,quarantined_before_evidence_review,exact_structure_previously_visible|generic_scaffold_overlaps_model_selection
BDB-50085663,50085663,OC[C@H]1O[C@@H](n2cnc3c(NC4CCC[C@@H]4O)nc(Cl)nc32)[C@H](O)[C@@H]1O,YAKWYIQQJJESBB-SXWQXWLMSA-N,C1CCC(CC2CCCC3C(C4CCCC4)CCC23)C1,10.1016/s0960-894x(00)00017-2,10714510,1,False,True,pending_dual_review,quarantined_before_evidence_review,generic_scaffold_overlaps_model_selection
BDB-50085671,50085671,CCNC(=O)[C@H]1O[C@@H](n2cnc3c(NCC(c4ccccc4)c4ccccc4)nc(NCCN4CCCCC4)nc32)[C@H](O)[C@@H]1O,ADUIJXDMGJPFBW-CKXMCULTSA-N,C1CCC(CCCC2CC(CCC(C3CCCCC3)C3CCCCC3)C3CCC(C4CCCC4)C3C2)CC1,10.1016/s0960-894x(00)00017-2,10714510,1,False,True,pending_dual_review,quarantined_before_evidence_review,generic_scaffold_overlaps_model_selection
BDB-50085675,50085675,CCNC(=O)[C@H]1O[C@@H](n2cnc3c(N)nc(NC(CC)CC)nc32)[C@H](O)[C@@H]1O,FKKPZPNWJBHNJD-MEQWQQMJSA-N,C1CCC2C(C1)CCC2C1CCCC1,10.1016/s0960-894x(00)00017-2,10714510,1,False,True,pending_dual_review,quarantined_before_evidence_review,generic_scaffold_overlaps_model_selection
BDB-50086164,50086164,CCCn1c(=O)c2[nH]c(-c3ccc(OCC(=O)Nc4ccc(Cl)cc4)cc3)nc2n(CCC)c1=O,YDLQRGLBZOEJGX-UHFFFAOYSA-N,CC(CCC1CCC(C2CC3CC(C)CC(C)C3C2)CC1)CC1CCCCC1,10.1021/jm0506221|10.1021/jm990421v,10737749|16392813,2,True,True,pending_dual_review,quarantined_before_evidence_review,exact_structure_previously_visible|generic_scaffold_overlaps_model_selection
BDB-50086165,50086165,CCCn1c(=O)c2[nH]c(-c3ccc(OCC(=O)Nc4ccc(I)cc4)cc3)nc2n(CCC)c1=O,PSKLSICGXZNEBV-UHFFFAOYSA-N,CC(CCC1CCC(C2CC3CC(C)CC(C)C3C2)CC1)CC1CCCCC1,10.1016/j.ejmech.2010.04.039|10.1021/jm0506221|10.1021/jm990421v,10737749|16392813|20537438,3,True,True,pending_dual_review,quarantined_before_evidence_review,exact_structure_previously_visible|generic_scaffold_overlaps_model_selection
BDB-50086166,50086166,CCCn1c(=O)c2[nH]c(-c3ccc(OCC(=O)NCc4ccccc4)cc3)nc2n(CCC)c1=O,BZAIRJUILWPFJR-UHFFFAOYSA-N,CC(CCC1CCCCC1)CCC1CCC(C2CC3CC(C)CC(C)C3C2)CC1,10.1021/jm0506221|10.1021/jm990421v,10737749|16392813,2,True,False,pending_dual_review,quarantined_before_evidence_review,exact_structure_previously_visible
BDB-50086167,50086167,CCCn1c(=O)c2[nH]c(-c3ccc(OCC(=O)Nc4ccc([N+](=O)[O-])cc4)cc3)nc2n(CCC)c1=O,KFCWOAWPHAAPIH-UHFFFAOYSA-N,CC(CCC1CCC(C2CC3CC(C)CC(C)C3C2)CC1)CC1CCCCC1,10.1021/jm990421v,10737749,1,True,True,pending_dual_review,quarantined_before_evidence_review,exact_structure_previously_visible|generic_scaffold_overlaps_model_selection
BDB-50086168,50086168,CCCn1c(=O)c2[nH]c(-c3ccc(OCC(=O)Nc4ccccc4)cc3)nc2n(CCC)c1=O,PMGIEKWQRPFFJL-UHFFFAOYSA-N,CC(CCC1CCC(C2CC3CC(C)CC(C)C3C2)CC1)CC1CCCCC1,10.1021/jm0506221|10.1021/jm990421v,10737749|16392813,2,True,True,pending_dual_review,quarantined_before_evidence_review,exact_structure_previously_visible|generic_scaffold_overlaps_model_selection
BDB-50086169,50086169,CCCn1c(=O)c2[nH]c(-c3ccc(OCC(=O)Nc4ccc(C(=O)O)cc4)cc3)nc2n(CCC)c1=O,TVQXEDLVTCLFMN-UHFFFAOYSA-N,CC(CCC1CCC(C2CC3CC(C)CC(C)C3C2)CC1)CC1CCCCC1,10.1021/jm990421v,10737749,1,True,True,pending_dual_review,quarantined_before_evidence_review,exact_structure_previously_visible|generic_scaffold_overlaps_model_selection
BDB-50086170,50086170,CCCn1c(=O)c2[nH]c(-c3ccc(OCC(=O)Nc4ccc(C#N)cc4)cc3)nc2n(CCC)c1=O,AJBBEYXFRYFVNM-UHFFFAOYSA-N,CC(CCC1CCC(C2CC3CC(C)CC(C)C3C2)CC1)CC1CCCCC1,10.1016/j.ejmech.2010.04.039|10.1021/acs.jmedchem.9b00071|10.1021/jm011049y|10.1021/jm0506221|10.1021/jm051268+|10.1021/jm201292w|10.1021/jm900413e|10.1021/jm990421v,10737749|11906291|16392813|16759111|19569717|20537438|22148859|30835463|34695776,9,True,True,pending_dual_review,quarantined_before_evidence_review,exact_structure_previously_visible|generic_scaffold_overlaps_model_selection
BDB-50086171,50086171,CCCn1c(=O)c2[nH]c(-c3ccc(OCC(=O)Nc4ccc(C(N)=O)cc4)cc3)nc2n(CCC)c1=O,OOOUJHKGHPENGG-UHFFFAOYSA-N,CC(CCC1CCC(C2CC3CC(C)CC(C)C3C2)CC1)CC1CCCCC1,10.1021/jm990421v,10737749,1,True,True,pending_dual_review,quarantined_before_evidence_review,exact_structure_previously_visible|generic_scaffold_overlaps_model_selection
BDB-50086172,50086172,CCCn1c(=O)c2[nH]c(-c3ccc(OCC(=O)Nc4ccc(C(=O)OC)cc4)cc3)nc2n(CCC)c1=O,KRCHPUAHJLFBTQ-UHFFFAOYSA-N,CC(CCC1CCC(C2CC3CC(C)CC(C)C3C2)CC1)CC1CCCCC1,10.1021/jm990421v,10737749,1,True,True,pending_dual_review,quarantined_before_evidence_review,exact_structure_previously_visible|generic_scaffold_overlaps_model_selection
BDB-50086173,50086173,CCCn1c(=O)c2[nH]c(-c3ccc(OCC(=O)Nc4ccc(C(C)=O)cc4)cc3)nc2n(CCC)c1=O,ZKUCFFYOQOJLGT-UHFFFAOYSA-N,CC(CCC1CCC(C2CC3CC(C)CC(C)C3C2)CC1)CC1CCCCC1,10.1016/j.ejmech.2010.04.039|10.1021/jm990421v,10737749|20537438,2,True,True,pending_dual_review,quarantined_before_evidence_review,exact_structure_previously_visible|generic_scaffold_overlaps_model_selection
BDB-50086174,50086174,CCCn1c(=O)c2[nH]c(-c3ccc(OCC(=O)Nc4ccc(C(F)(F)F)cc4)cc3)nc2n(CCC)c1=O,GZUNHVCICSYXEN-UHFFFAOYSA-N,CC(CCC1CCC(C2CC3CC(C)CC(C)C3C2)CC1)CC1CCCCC1,10.1021/jm990421v,10737749,1,True,True,pending_dual_review,quarantined_before_evidence_review,exact_structure_previously_visible|generic_scaffold_overlaps_model_selection
BDB-50086176,50086176,CCCn1c(=O)c2[nH]c(-c3ccc(OCC(=O)N(Cc4ccccc4)Cc4ccccc4)cc3)nc2n(CCC)c1=O,HMEDGXBEDQKBKZ-UHFFFAOYSA-N,CC1CC(C)C2CC(C3CCC(CCC(C)C(CC4CCCCC4)CC4CCCCC4)CC3)CC2C1,10.1016/j.ejmech.2010.04.039|10.1021/jm990421v,10737749|20537438,2,True,False,pending_dual_review,quarantined_before_evidence_review,exact_structure_previously_visible
BDB-50086179,50086179,CCCn1c(=O)c2[nH]c(-c3ccc(OCC(=O)NN4C(=O)C(C)=C(C)C4=O)cc3)nc2n(CCC)c1=O,NIXWFDNYUWLKLC-UHFFFAOYSA-N,CC1CC(C)C2CC(C3CCC(CCC(C)CC4C(C)CCC4C)CC3)CC2C1,10.1021/jm990421v,10737749,1,True,False,pending_dual_review,quarantined_before_evidence_review,exact_structure_previously_visible
BDB-50086182,50086182,CCCn1c(=O)c2[nH]c(-c3ccc(OCC(=O)Nc4ccc(F)cc4)cc3)nc2n(CCC)c1=O,QZRYHFVTTSQWHO-UHFFFAOYSA-N,CC(CCC1CCC(C2CC3CC(C)CC(C)C3C2)CC1)CC1CCCCC1,10.1021/jm0506221|10.1021/jm990421v,10737749|16392813,2,True,True,pending_dual_review,quarantined_before_evidence_review,exact_structure_previously_visible|generic_scaffold_overlaps_model_selection
BDB-50086184,50086184,CCCn1c(=O)c2[nH]c(-c3ccc(OCC(=O)Nc4ccc(Br)cc4)cc3)nc2n(CCC)c1=O,GNWZTRBDJOQWCR-UHFFFAOYSA-N,CC(CCC1CCC(C2CC3CC(C)CC(C)C3C2)CC1)CC1CCCCC1,10.1021/jm0506221|10.1021/jm990421v,10737749|16392813,2,True,True,pending_dual_review,quarantined_before_evidence_review,exact_structure_previously_visible|generic_scaffold_overlaps_model_selection
BDB-50086186,50086186,CCCn1c(=O)c2[nH]c(-c3ccc(OCC(=O)Nc4ccccc4C(C)=O)cc3)nc2n(CCC)c1=O,SZTYGIVWLSLJRO-UHFFFAOYSA-N,CC(CCC1CCC(C2CC3CC(C)CC(C)C3C2)CC1)CC1CCCCC1,10.1021/jm990421v,10737749,1,True,True,pending_dual_review,quarantined_before_evidence_review,exact_structure_previously_visible|generic_scaffold_overlaps_model_selection
BDB-50086187,50086187,CCCn1c(=O)c2[nH]c(-c3ccc(OCC(=O)Nc4cccc(C(C)=O)c4)cc3)nc2n(CCC)c1=O,DSQNPGQGZQBMQL-UHFFFAOYSA-N,CC(CCC1CCC(C2CC3CC(C)CC(C)C3C2)CC1)CC1CCCCC1,10.1021/jm990421v,10737749,1,True,True,pending_dual_review,quarantined_before_evidence_review,exact_structure_previously_visible|generic_scaffold_overlaps_model_selection
BDB-50088421,50088421,OC[C@H]1O[C@@H](n2cnc3c(NCc4cccc(I)c4)nc(Cl)nc32)[C@H](O)[C@@H]1O,MIBNONCHNQYLDV-XNIJJKJLSA-N,C1CCC(CCC2CCCC3C(C4CCCC4)CCC23)CC1,10.1021/jm049580r,15771421,1,False,True,pending_dual_review,quarantined_before_evidence_review,generic_scaffold_overlaps_model_selection
BDB-50088422,50088422,OC[C@H]1O[C@@H](n2cnc3c(NCc4cccc(I)c4)ncnc32)[C@H](O)[C@@H]1O,TWLWIJNPUVZDOB-LSCFUAHRSA-N,C1CCC(CCC2CCCC3C(C4CCCC4)CCC23)CC1,10.1021/jm049408n|10.1021/jm049580r|10.1021/jm9707737,15743197|15771421|9572897,3,False,True,pending_dual_review,quarantined_before_evidence_review,generic_scaffold_overlaps_model_selection
BDB-50090850,50090850,NC[C@H]1O[C@@H](n2cnc3c(N)ncnc32)[C@H](O)[C@@H]1O,GVSGUDGNTHCZHI-KQYNXXCUSA-N,C1CCC2C(C1)CCC2C1CCCC1,10.1021/jm0300431,14584936,5,False,True,pending_dual_review,quarantined_before_evidence_review,generic_scaffold_overlaps_model_selection
BDB-50094037,50094037,COc1ccc(CCCn2ncc3c2nc(N)n2nc(-c4ccco4)nc32)cc1,AEULVFLPCJOBCE-UHFFFAOYSA-N,C1CCC(CCCC2CCC3C2CCC2CC(C4CCCC4)CC23)CC1,10.1016/j.bmcl.2010.08.021|10.1016/j.bmcl.2010.11.082|10.1021/acs.jmedchem.0c02169|10.1021/jm0009843|10.1021/jm500752h,11087559|20801028|21185184|24972108|34120444,5,True,True,pending_dual_review,quarantined_before_evidence_review,exact_structure_previously_visible|generic_scaffold_overlaps_model_selection
BDB-50094688,50094688,CC(C)CCn1cc2c(nc(N)n3nc(-c4ccco4)nc23)n1,NXSARBYAOXIQJA-UHFFFAOYSA-N,C1CCC(C2CC3CCC4CCCC4C3C2)C1,10.1016/j.bmc.2009.05.038|10.1021/jm001047y,11123985|19501513,2,True,False,pending_dual_review,quarantined_before_evidence_review,exact_structure_previously_visible
BDB-50094895,50094895,Nc1ccc(N)c2c1C(=O)c1ccccc1C2=O,FBMQNRKSAWNXBT-UHFFFAOYSA-N,CC1C2CCCCC2C(C)C2CCCCC12,10.1021/jm901647p,20095623,1,True,False,pending_dual_review,quarantined_before_evidence_review,exact_structure_previously_visible
BDB-50106535,50106535,N[C@H]1[C@@H](O)[C@H](n2cnc3c(NCc4cccc(I)c4)ncnc32)O[C@@H]1CO,HDPXLHTWJXNUCC-CTWCOEIASA-N,C1CCC(CCC2CCCC3C(C4CCCC4)CCC23)CC1,10.1021/jm0300431,14584936,7,False,True,pending_dual_review,quarantined_before_evidence_review,generic_scaffold_overlaps_model_selection
BDB-50106539,50106539,NCCNC(=O)[C@H]1O[C@@H](n2cnc3c(N)ncnc32)[C@H](O)[C@@H]1O,XZUQLQNOMFGRFJ-FLNNQWSLSA-N,C1CCC2C(C1)CCC2C1CCCC1,10.1016/j.chembiol.2004.12.010|10.1021/jm0300431|10.1021/jm300095s,14584936|15734651|22486652,13,False,True,pending_dual_review,quarantined_before_evidence_review,generic_scaffold_overlaps_model_selection
BDB-50106543,50106543,CNC(=O)[C@H]1O[C@@H](n2cnc3c(NCc4ccc(N)c(I)c4)ncnc32)[C@H](O)[C@@H]1O,LOGOEBMHHXYBID-MOROJQBDSA-N,C1CCC(CCC2CCCC3C(C4CCCC4)CCC23)CC1,10.1007/pl00005131,9459566,1,False,True,pending_dual_review,quarantined_before_evidence_review,generic_scaffold_overlaps_model_selection
BDB-50108018,50108018,Nc1ccc(CCCn2ncc3c2nc(N)n2nc(-c4ccco4)nc32)cc1,QXXUKKUVQMADQS-UHFFFAOYSA-N,C1CCC(CCCC2CCC3C2CCC2CC(C4CCCC4)CC23)CC1,10.1016/j.bmc.2009.05.038|10.1021/jm010924c|10.1021/jm0300431,11754583|14584936|19501513,3,False,True,pending_dual_review,quarantined_before_evidence_review,generic_scaffold_overlaps_model_selection
BDB-50108020,50108020,NCc1ccc(CCCn2ncc3c2nc(N)n2nc(-c4ccco4)nc32)cc1,SEYAPVQCSVXUEY-UHFFFAOYSA-N,C1CCC(CCCC2CCC3C2CCC2CC(C4CCCC4)CC23)CC1,10.1016/j.bmc.2009.05.038|10.1021/jm010924c,11754583|19501513,2,False,True,pending_dual_review,quarantined_before_evidence_review,generic_scaffold_overlaps_model_selection
BDB-50108021,50108021,Nc1nc2c(cnn2CCCc2ccc(C(=O)O)cc2)c2nc(-c3ccco3)nn12,UDSMQGVVBMEYMA-UHFFFAOYSA-N,C1CCC(CCCC2CCC3C2CCC2CC(C4CCCC4)CC23)CC1,10.1016/j.bmc.2009.05.038|10.1021/jm010924c,11754583|19501513,2,False,True,pending_dual_review,quarantined_before_evidence_review,generic_scaffold_overlaps_model_selection
BDB-50108022,50108022,Nc1nc2c(cnn2CCc2ccc(S(=O)(=O)N(CCO)CCO)cc2)c2nc(-c3ccco3)nn12,CNEVAKTYBKERIS-UHFFFAOYSA-N,C1CCC(CCC2CCC3C2CCC2CC(C4CCCC4)CC23)CC1,10.1016/j.bmc.2009.05.038|10.1021/jm010924c|10.1021/jm701594y,11754583|18637670|19501513,3,False,True,pending_dual_review,quarantined_before_evidence_review,generic_scaffold_overlaps_model_selection
BDB-50108023,50108023,N=C(N)c1ccc(CCCn2ncc3c2nc(N)n2nc(-c4ccco4)nc32)cc1,ZCGAZJGHUJYERE-UHFFFAOYSA-N,C1CCC(CCCC2CCC3C2CCC2CC(C4CCCC4)CC23)CC1,10.1016/j.bmc.2009.05.038|10.1021/jm010924c,11754583|19501513,2,False,True,pending_dual_review,quarantined_before_evidence_review,generic_scaffold_overlaps_model_selection
BDB-50108024,50108024,Nc1nc2c(cnn2CCc2ccc(S(=O)(=O)O)cc2)c2nc(-c3ccco3)nn12,ZWERJHJGEYCEAU-UHFFFAOYSA-N,C1CCC(CCC2CCC3C2CCC2CC(C4CCCC4)CC23)CC1,10.1016/j.bmc.2009.05.038|10.1021/jm010924c,11754583|19501513,2,False,True,pending_dual_review,quarantined_before_evidence_review,generic_scaffold_overlaps_model_selection
BDB-50108027,50108027,Nc1nc2c(cnn2CCc2ccc(S(=O)(=O)N(CCCl)CCCl)cc2)c2nc(-c3ccco3)nn12,AFJNCGQVDPTGRN-UHFFFAOYSA-N,C1CCC(CCC2CCC3C2CCC2CC(C4CCCC4)CC23)CC1,10.1016/j.bmc.2009.05.038|10.1021/jm010924c,11754583|19501513,2,False,True,pending_dual_review,quarantined_before_evidence_review,generic_scaffold_overlaps_model_selection
BDB-50108029,50108029,Nc1nc2c(cnn2CCc2ccc(S(N)(=O)=O)cc2)c2nc(-c3ccco3)nn12,DZOGQCZPZSZUPY-UHFFFAOYSA-N,C1CCC(CCC2CCC3C2CCC2CC(C4CCCC4)CC23)CC1,10.1016/j.bmc.2009.05.038|10.1021/jm010924c,11754583|19501513,2,False,True,pending_dual_review,quarantined_before_evidence_review,generic_scaffold_overlaps_model_selection
BDB-50108030,50108030,Nc1nc2c(cnn2CCCc2ccc(N(CCO)CCO)cc2)c2nc(-c3ccco3)nn12,KNDXQOBJPNIBGT-UHFFFAOYSA-N,C1CCC(CCCC2CCC3C2CCC2CC(C4CCCC4)CC23)CC1,10.1016/j.bmc.2009.05.038|10.1021/jm010924c,11754583|19501513,2,False,True,pending_dual_review,quarantined_before_evidence_review,generic_scaffold_overlaps_model_selection
BDB-50108031,50108031,Nc1nc2c(cnn2CCc2ccc(S(=O)(=O)NCC(=O)O)cc2)c2nc(-c3ccco3)nn12,QQNUMGZGPVLZGM-UHFFFAOYSA-N,C1CCC(CCC2CCC3C2CCC2CC(C4CCCC4)CC23)CC1,10.1016/j.bmc.2009.05.038|10.1021/jm010924c,11754583|19501513,2,False,True,pending_dual_review,quarantined_before_evidence_review,generic_scaffold_overlaps_model_selection
BDB-50108033,50108033,N#Cc1ccc(CCCn2ncc3c2nc(N)n2nc(-c4ccco4)nc32)cc1,BSYWTKZXPDAYGJ-UHFFFAOYSA-N,C1CCC(CCCC2CCC3C2CCC2CC(C4CCCC4)CC23)CC1,10.1016/j.bmc.2009.05.038|10.1021/jm010924c,11754583|19501513,2,False,True,pending_dual_review,quarantined_before_evidence_review,generic_scaffold_overlaps_model_selection
BDB-50108035,50108035,CCOC(=O)COc1ccc(CCn2ncc3c2nc(N)n2nc(-c4ccco4)nc32)cc1,XUSCPSATZZCPRH-UHFFFAOYSA-N,C1CCC(CCC2CCC3C2CCC2CC(C4CCCC4)CC23)CC1,10.1021/jm010924c,11754583,1,False,True,pending_dual_review,quarantined_before_evidence_review,generic_scaffold_overlaps_model_selection
BDB-50108036,50108036,CC(=O)Nc1ccc(CCn2ncc3c2nc(N)n2nc(-c4ccco4)nc32)cc1,ORFFEWLQAKDCPU-UHFFFAOYSA-N,C1CCC(CCC2CCC3C2CCC2CC(C4CCCC4)CC23)CC1,10.1016/j.bmc.2009.05.038|10.1021/jm010924c,11754583|19501513,2,False,True,pending_dual_review,quarantined_before_evidence_review,generic_scaffold_overlaps_model_selection
BDB-50108037,50108037,N=C(NO)c1ccc(CCCn2ncc3c2nc(N)n2nc(-c4ccco4)nc32)cc1,ZYQKVWSBXADVJY-UHFFFAOYSA-N,C1CCC(CCCC2CCC3C2CCC2CC(C4CCCC4)CC23)CC1,10.1016/j.bmc.2009.05.038|10.1021/jm010924c,11754583|19501513,2,False,True,pending_dual_review,quarantined_before_evidence_review,generic_scaffold_overlaps_model_selection
BDB-50108039,50108039,Nc1nc2c(cnn2CCCc2ccc(S(=O)(=O)O)cc2)c2nc(-c3ccco3)nn12,QTZKVEDESUEFBV-UHFFFAOYSA-N,C1CCC(CCCC2CCC3C2CCC2CC(C4CCCC4)CC23)CC1,10.1016/j.bmc.2009.05.038|10.1021/jm010924c,11754583|19501513,2,False,True,pending_dual_review,quarantined_before_evidence_review,generic_scaffold_overlaps_model_selection
BDB-50108040,50108040,Nc1nc2c(cnn2CCCc2ccc([N+](=O)[O-])cc2)c2nc(-c3ccco3)nn12,OAQZQVKTUMEBRY-UHFFFAOYSA-N,C1CCC(CCCC2CCC3C2CCC2CC(C4CCCC4)CC23)CC1,10.1016/j.bmc.2009.05.038|10.1021/jm010924c,11754583|19501513,2,False,True,pending_dual_review,quarantined_before_evidence_review,generic_scaffold_overlaps_model_selection
BDB-50108041,50108041,CCOC(=O)c1ccc(CCCn2ncc3c2nc(N)n2nc(-c4ccco4)nc32)cc1,ONKVOHAWCUQFLD-UHFFFAOYSA-N,C1CCC(CCCC2CCC3C2CCC2CC(C4CCCC4)CC23)CC1,10.1021/jm010924c,11754583,1,False,True,pending_dual_review,quarantined_before_evidence_review,generic_scaffold_overlaps_model_selection
BDB-50108042,50108042,Nc1ccc(CCn2ncc3c2nc(N)n2nc(-c4ccco4)nc32)cc1,IBPYIYGEVVBWIO-UHFFFAOYSA-N,C1CCC(CCC2CCC3C2CCC2CC(C4CCCC4)CC23)CC1,10.1016/j.bmc.2009.05.038|10.1021/jm010924c,11754583|19501513,2,False,True,pending_dual_review,quarantined_before_evidence_review,generic_scaffold_overlaps_model_selection
BDB-50108043,50108043,Nc1nc2c(cnn2CCc2ccc(N(CCO)CCO)cc2)c2nc(-c3ccco3)nn12,UBOAZJGOUUQMNL-UHFFFAOYSA-N,C1CCC(CCC2CCC3C2CCC2CC(C4CCCC4)CC23)CC1,10.1016/j.bmc.2009.05.038|10.1021/jm010924c,11754583|19501513,2,False,True,pending_dual_review,quarantined_before_evidence_review,generic_scaffold_overlaps_model_selection
BDB-50118810,50118810,C[C@H](Cc1ccccc1)Nc1ncnc2c1ncn2[C@@H]1O[C@H](CO)[C@@H](O)[C@H]1O,RIRGCFBBHQEQQH-SSFGXONLSA-N,C1CCC(CCCC2CCCC3C(C4CCCC4)CCC23)CC1,10.1021/jm00091a003|10.1021/jm061278q|10.1021/jm9707737,1619615|17378544|9572897,3,False,True,pending_dual_review,quarantined_before_evidence_review,generic_scaffold_overlaps_model_selection
BDB-50118812,50118812,CNC(=O)[C@H]1O[C@@H](n2cnc3c(NCc4cccc(I)c4)ncnc32)[C@H](O)[C@@H]1O,HUJXGQILHAUCCV-MOROJQBDSA-N,C1CCC(CCC2CCCC3C(C4CCCC4)CCC23)CC1,10.1016/j.bmc.2009.10.011|10.1016/j.bmcl.2004.07.042|10.1016/j.bmcl.2006.01.110|10.1016/j.bmcl.2008.04.001|10.1016/j.ejmech.2018.08.042|10.1021/acs.jmedchem.6b01183|10.1021/acs.jmedchem.7b00241|10.1021/acs.jmedchem.7b00805|10.1021/jm0408161|10.1021/jm049408n|10.1021/jm049580r|10.1021/jm049682h|10.1021/jm8008647|10.1021/jm970084v|10.1021/jm9707737|10.1021/jm9804984,10212124|15341491|15341938|15481989|15743197|15771421|16487705|18424135|18811138|19879151|27933810|28380296|28799755|30144700|9258366|9572897,18,True,True,pending_dual_review,quarantined_before_evidence_review,exact_structure_previously_visible|generic_scaffold_overlaps_model_selection
BDB-50119132,50119132,CNC(=O)c1cnn(-c2nc(N)c3ncn([C@@H]4O[C@H](CO)[C@@H](O)[C@H]4O)c3n2)c1,LZPZPHGJDAGEJZ-AKAIJSEGSA-N,C1CCC(C2CCC3CCC(C4CCCC4)C3C2)C1,10.1016/j.ejmech.2019.06.050|10.1016/s0960-894x(02)00609-1|10.1021/acs.jmedchem.5b00215|10.1021/jm201461q|10.1021/jm4011669,12270178|22104008|24164628|25780876|31255928,6,False,True,pending_dual_review,quarantined_before_evidence_review,generic_scaffold_overlaps_model_selection
BDB-50119134,50119134,Nc1nc(N=NCC2CCCCC2)nc2c1ncn2[C@@H]1O[C@H](CO)[C@@H](O)[C@H]1O,FLKLBEIFDXKPBA-XNIJJKJLSA-N,C1CCC(CCCC2CCC3CCC(C4CCCC4)C3C2)CC1,10.1016/s0960-894x(02)00609-1,12270178,1,False,True,pending_dual_review,quarantined_before_evidence_review,generic_scaffold_overlaps_model_selection
BDB-50119138,50119138,NC(=O)c1cnn(-c2nc(N)c3ncn([C@@H]4O[C@H](CO)[C@@H](O)[C@H]4O)c3n2)c1,NQRSQXXWXGXYDU-HTVVRFAVSA-N,C1CCC(C2CCC3CCC(C4CCCC4)C3C2)C1,10.1016/s0960-894x(02)00609-1,12270178,1,False,True,pending_dual_review,quarantined_before_evidence_review,generic_scaffold_overlaps_model_selection
BDB-50119141,50119141,Nc1nc(-c2cnn(CC3CCCCC3)c2)nc2c1ncn2[C@@H]1O[C@H](CO)[C@@H](O)[C@H]1O,BWUDUNHQQNVAHC-KHTYJDQRSA-N,C1CCC(CC2CCC(C3CCC4CCC(C5CCCC5)C4C3)C2)CC1,10.1016/s0960-894x(02)00609-1,12270178,1,False,True,pending_dual_review,quarantined_before_evidence_review,generic_scaffold_overlaps_model_selection
BDB-50119142,50119142,CCOC(=O)c1cnn(-c2nc(N)c3ncn([C@@H]4O[C@H](CO)[C@@H](O)[C@H]4O)c3n2)c1,ZPVLTIXYQGANFL-IDTAVKCVSA-N,C1CCC(C2CCC3CCC(C4CCCC4)C3C2)C1,10.1016/s0960-894x(02)00609-1,12270178,1,False,True,pending_dual_review,quarantined_before_evidence_review,generic_scaffold_overlaps_model_selection
BDB-50119143,50119143,CC(C)n1cc(-c2nc(N)c3ncn([C@@H]4O[C@H](CO)[C@@H](O)[C@H]4O)c3n2)cn1,GLFBSTDOMFXICF-UBEDBUPSSA-N,C1CCC(C2CCC3CCC(C4CCCC4)C3C2)C1,10.1016/s0960-894x(02)00609-1,12270178,1,False,True,pending_dual_review,quarantined_before_evidence_review,generic_scaffold_overlaps_model_selection
BDB-50119144,50119144,COc1ccc(-c2cnn(-c3nc(N)c4ncn([C@@H]5O[C@H](CO)[C@@H](O)[C@H]5O)c4n3)c2)cc1,BJLRXPIBFWXVOO-NVQRDWNXSA-N,C1CCC(C2CCC(C3CCC4CCC(C5CCCC5)C4C3)C2)CC1,10.1016/s0960-894x(02)00609-1,12270178,1,False,True,pending_dual_review,quarantined_before_evidence_review,generic_scaffold_overlaps_model_selection
BDB-50119148,50119148,Nc1nc(-c2cnn(Cc3ccccc3)c2)nc2c1ncn2[C@@H]1O[C@H](CO)[C@@H](O)[C@H]1O,AMAIHVYPJNVOIU-KHTYJDQRSA-N,C1CCC(CC2CCC(C3CCC4CCC(C5CCCC5)C4C3)C2)CC1,10.1016/s0960-894x(02)00609-1,12270178,1,False,True,pending_dual_review,quarantined_before_evidence_review,generic_scaffold_overlaps_model_selection
BDB-50119149,50119149,Cc1ccc(-c2cnn(-c3nc(N)c4ncn([C@@H]5O[C@H](CO)[C@@H](O)[C@H]5O)c4n3)c2)cc1,SMHXFNFQIACRLB-NVQRDWNXSA-N,C1CCC(C2CCC(C3CCC4CCC(C5CCCC5)C4C3)C2)CC1,10.1016/s0960-894x(02)00609-1,12270178,1,False,True,pending_dual_review,quarantined_before_evidence_review,generic_scaffold_overlaps_model_selection
BDB-50119150,50119150,CCCCCn1cc(-c2nc(N)c3ncn([C@@H]4O[C@H](CO)[C@@H](O)[C@H]4O)c3n2)cn1,SZQIRVBJFJWUEK-XWXWGSFUSA-N,C1CCC(C2CCC3CCC(C4CCCC4)C3C2)C1,10.1016/s0960-894x(02)00609-1,12270178,1,False,True,pending_dual_review,quarantined_before_evidence_review,generic_scaffold_overlaps_model_selection
BDB-50119151,50119151,C=CCCCn1cc(-c2nc(N)c3ncn([C@@H]4O[C@H](CO)[C@@H](O)[C@H]4O)c3n2)cn1,MJLSFASCYUXQKU-XWXWGSFUSA-N,C1CCC(C2CCC3CCC(C4CCCC4)C3C2)C1,10.1016/s0960-894x(02)00609-1,12270178,1,False,True,pending_dual_review,quarantined_before_evidence_review,generic_scaffold_overlaps_model_selection
BDB-50119152,50119152,CCNC(=O)c1cnn(-c2nc(N)c3ncn([C@@H]4O[C@H](CO)[C@@H](O)[C@H]4O)c3n2)c1,QFSPXHGURMNPTE-ORXWAGORSA-N,C1CCC(C2CCC3CCC(C4CCCC4)C3C2)C1,10.1016/s0960-894x(02)00609-1,12270178,1,False,True,pending_dual_review,quarantined_before_evidence_review,generic_scaffold_overlaps_model_selection
BDB-50119160,50119160,CC(C)(C)c1ccc(Cn2cc(-c3nc(N)c4ncn([C@@H]5O[C@H](CO)[C@@H](O)[C@H]5O)c4n3)cn2)cc1,LXIJGOPVTSVKPS-DYVMYPEFSA-N,C1CCC(CC2CCC(C3CCC4CCC(C5CCCC5)C4C3)C2)CC1,10.1016/s0960-894x(02)00609-1,12270178,1,False,True,pending_dual_review,quarantined_before_evidence_review,generic_scaffold_overlaps_model_selection
BDB-50119164,50119164,CCOC(=O)CNC(=O)c1cnn(-c2nc(N)c3ncn([C@@H]4O[C@H](CO)[C@@H](O)[C@H]4O)c3n2)c1,RVAOXOAMYXAESW-DMEFTLKTSA-N,C1CCC(C2CCC3CCC(C4CCCC4)C3C2)C1,10.1016/s0960-894x(02)00609-1,12270178,1,False,True,pending_dual_review,quarantined_before_evidence_review,generic_scaffold_overlaps_model_selection
BDB-50119165,50119165,CCCNC(=O)c1cnn(-c2nc(N)c3ncn([C@@H]4O[C@H](CO)[C@@H](O)[C@H]4O)c3n2)c1,SOZFXTLKGLGATP-UBEDBUPSSA-N,C1CCC(C2CCC3CCC(C4CCCC4)C3C2)C1,10.1016/s0960-894x(02)00609-1,12270178,1,False,True,pending_dual_review,quarantined_before_evidence_review,generic_scaffold_overlaps_model_selection
BDB-50119166,50119166,Nc1nc(-n2cc(-c3ccc(Cl)cc3)cn2)nc2c1ncn2[C@@H]1O[C@H](CO)[C@@H](O)[C@H]1O,RCZJMXUMKREDMI-SCFUHWHPSA-N,C1CCC(C2CCC(C3CCC4CCC(C5CCCC5)C4C3)C2)CC1,10.1016/s0960-894x(02)00609-1,12270178,1,False,True,pending_dual_review,quarantined_before_evidence_review,generic_scaffold_overlaps_model_selection
BDB-50119167,50119167,CN(C)C(=O)c1cnn(-c2nc(N)c3ncn([C@@H]4O[C@H](CO)[C@@H](O)[C@H]4O)c3n2)c1,HGPFIABPLAGCNQ-ORXWAGORSA-N,C1CCC(C2CCC3CCC(C4CCCC4)C3C2)C1,10.1016/s0960-894x(02)00609-1,12270178,1,False,True,pending_dual_review,quarantined_before_evidence_review,generic_scaffold_overlaps_model_selection
BDB-50119168,50119168,CCCCC#Cc1nc(N)c2ncn([C@@H]3O[C@H](CO)[C@@H](O)[C@H]3O)c2n1,AHJRSKVOELIMOX-RVXWVPLUSA-N,C1CCC2C(C1)CCC2C1CCCC1,10.1021/jm00091a003|10.1021/jm201461q,1619615|22104008,2,True,True,pending_dual_review,quarantined_before_evidence_review,exact_structure_previously_visible|generic_scaffold_overlaps_model_selection
BDB-50120757,50120757,Cc1cn2c(N)nc(-c3ccccc3)nc2n1,OFMKYUJLYPYZDV-UHFFFAOYSA-N,C1CCC(C2CCC3CCCC3C2)CC1,10.1021/jm020911e,12408713,1,False,True,pending_dual_review,quarantined_before_evidence_review,generic_scaffold_overlaps_model_selection
BDB-50120766,50120766,CC(=O)Nc1nc(-c2ccccc2)nc2nc(-c3ccccc3)cn12,PSZMXLITWRKOKN-UHFFFAOYSA-N,C1CCC(C2CCC3CC(C4CCCCC4)CC3C2)CC1,10.1021/jm020911e,12408713,1,False,True,pending_dual_review,quarantined_before_evidence_review,generic_scaffold_overlaps_model_selection
BDB-50125908,50125908,CCNc1c2c(nc(N)n3nc(-c4ccco4)nc23)nn1C,RUQBAFIWHCWACH-UHFFFAOYSA-N,C1CCC(C2CC3CCC4CCCC4C3C2)C1,10.1021/jm021023m,12646033,2,True,False,pending_dual_review,quarantined_before_evidence_review,exact_structure_previously_visible
BDB-50125910,50125910,COc1ccc(NC(=O)Nc2nc3nn(C)c(SC)c3c3nc(-c4ccco4)nn23)cc1,GJFVCSIWUJNFMJ-UHFFFAOYSA-N,CC(CC1CCCCC1)CC1CC2CCCC2C2CC(C3CCCC3)CC12,10.1021/jm021023m,12646033,1,True,False,pending_dual_review,quarantined_before_evidence_review,exact_structure_previously_visible
BDB-50125911,50125911,CCNc1c2c(nc(NC(=O)Nc3ccc(OC)cc3)n3nc(-c4ccco4)nc23)nn1C,HVOOLKXFKGSNFT-UHFFFAOYSA-N,CC(CC1CCCCC1)CC1CC2CCCC2C2CC(C3CCCC3)CC12,10.1021/jm021023m,12646033,2,True,False,pending_dual_review,quarantined_before_evidence_review,exact_structure_previously_visible
BDB-50125912,50125912,CSc1c2c(nc(N)n3nc(-c4ccco4)nc23)nn1C,SKDHZLVHBMCDJG-UHFFFAOYSA-N,C1CCC(C2CC3CCC4CCCC4C3C2)C1,10.1021/jm021023m|10.1021/jm701594y,12646033|18637670,2,True,False,pending_dual_review,quarantined_before_evidence_review,exact_structure_previously_visible
BDB-50125929,50125929,CCCSc1c2c(nc(N)n3nc(-c4ccco4)nc23)nn1C,RZTHAJGTOALPFX-UHFFFAOYSA-N,C1CCC(C2CC3CCC4CCCC4C3C2)C1,10.1016/j.bmc.2009.05.038|10.1021/jm021023m,12646033|19501513,2,True,False,pending_dual_review,quarantined_before_evidence_review,exact_structure_previously_visible
BDB-50125931,50125931,CSc1c2c(nc(NC(=O)Cc3ccc4c(c3)OCO4)n3nc(-c4ccco4)nc23)nn1C,JEUBWTWZNZWFQP-UHFFFAOYSA-N,CC(CC1CCC2CCCC2C1)CC1CC2CCCC2C2CC(C3CCCC3)CC12,10.1021/jm021023m,12646033,1,True,False,pending_dual_review,quarantined_before_evidence_review,exact_structure_previously_visible
BDB-50134814,50134814,NC[C@H]1[C@@H](O)[C@H](n2cnc3c(NCc4cccc(I)c4)ncnc32)O[C@@H]1CO,WNYCSKXAMBKIQP-HOPMXRPOSA-N,C1CCC(CCC2CCCC3C(C4CCCC4)CCC23)CC1,10.1021/jm0300431,14584936,7,False,True,pending_dual_review,quarantined_before_evidence_review,generic_scaffold_overlaps_model_selection
BDB-50137525,50137525,CNc1nc(N)n2nc(-c3ccco3)nc2n1,WUGXJMXVHUVBQK-UHFFFAOYSA-N,C1CCC(C2CC3CCCCC3C2)C1,10.1016/j.ejmech.2015.12.019,26717203,1,False,True,pending_dual_review,quarantined_before_evidence_review,generic_scaffold_overlaps_model_selection
BDB-50137526,50137526,CC(C)Nc1nc(N)n2nc(-c3ccco3)nc2n1,JVNIUHAVIAHYCZ-UHFFFAOYSA-N,C1CCC(C2CC3CCCCC3C2)C1,10.1016/j.ejmech.2015.12.019,26717203,1,False,True,pending_dual_review,quarantined_before_evidence_review,generic_scaffold_overlaps_model_selection
BDB-50138466,50138466,Nc1nc(-c2ccccc2)nc2cn(Cc3ccccc3)nc12,JUMNPIKDLASLQF-UHFFFAOYSA-N,C1CCC(CC2CC3CCC(C4CCCCC4)CC3C2)CC1,10.1016/j.ejmech.2015.11.015,26638043,1,False,True,pending_dual_review,quarantined_before_evidence_review,generic_scaffold_overlaps_model_selection
BDB-50138530,50138530,OC[C@H]1O[C@@H](n2cnc3c(N[C@@H]4CCOC4)ncnc32)[C@H](O)[C@@H]1O,OESBDSFYJMDRJY-BAYCTPFLSA-N,C1CCC(CC2CCCC3C(C4CCCC4)CCC23)C1,10.1016/j.bmc.2007.09.035,17933541,1,False,True,pending_dual_review,quarantined_before_evidence_review,generic_scaffold_overlaps_model_selection
BDB-50138722,50138722,Nc1nc(-c2cccs2)nc2cn(-c3ccccc3)nc12,XXEHHKXNADFXES-UHFFFAOYSA-N,C1CCC(C2CC3CCC(C4CCCC4)CC3C2)CC1,10.1016/j.ejmech.2015.11.015,26638043,1,False,True,pending_dual_review,quarantined_before_evidence_review,generic_scaffold_overlaps_model_selection
BDB-50144948,50144948,C[C@@]1(O)[C@H](O)[C@@H](CO)O[C@H]1n1cnc2c(N)ncnc21,PASOFFRBGIVJET-YRKGHMEHSA-N,C1CCC2C(C1)CCC2C1CCCC1,10.1021/jm9707737,9572897,1,False,True,pending_dual_review,quarantined_before_evidence_review,generic_scaffold_overlaps_model_selection
BDB-50147645,50147645,CCCN(C)C(=O)c1cc(N)c2nc(-c3ccc(Br)o3)nn2c1,CRJKDPUUJDEQAN-UHFFFAOYSA-N,C1CCC(C2CC3CCCCC3C2)C1,10.1016/j.bmcl.2004.03.104,15149696,1,False,True,pending_dual_review,quarantined_before_evidence_review,generic_scaffold_overlaps_model_selection
BDB-50147647,50147647,CCN(CC)C(=O)c1cc(N)n2nc(-c3ccc(Br)o3)nc2c1,MMYMZKBXMZBLCX-UHFFFAOYSA-N,C1CCC(C2CC3CCCCC3C2)C1,10.1016/j.bmcl.2004.03.104,15149696,1,False,True,pending_dual_review,quarantined_before_evidence_review,generic_scaffold_overlaps_model_selection
BDB-50147650,50147650,CCN(CC)C(=O)c1cc(N)c2nc(-c3ccc(Br)o3)nn2c1,ZWNVEYTUQBSCJE-UHFFFAOYSA-N,C1CCC(C2CC3CCCCC3C2)C1,10.1016/j.bmcl.2004.03.104,15149696,1,False,True,pending_dual_review,quarantined_before_evidence_review,generic_scaffold_overlaps_model_selection
BDB-50147651,50147651,CN(C)C(=O)CN(C)C(=O)c1cc(N)n2nc(-c3ccc(Br)o3)nc2c1,RLCNXJPHPVALBJ-UHFFFAOYSA-N,C1CCC(C2CC3CCCCC3C2)C1,10.1016/j.bmcl.2004.03.104,15149696,1,False,True,pending_dual_review,quarantined_before_evidence_review,generic_scaffold_overlaps_model_selection
BDB-50147664,50147664,CN(C)C(=O)CN(C)C(=O)c1cc(N)c2nc(-c3ccc(Br)o3)nn2c1,YFJWZPSPCPVPFB-UHFFFAOYSA-N,C1CCC(C2CC3CCCCC3C2)C1,10.1016/j.bmcl.2004.03.104,15149696,1,False,True,pending_dual_review,quarantined_before_evidence_review,generic_scaffold_overlaps_model_selection
BDB-50147670,50147670,CCCN(C)C(=O)c1cc(N)n2nc(-c3ccc(Br)o3)nc2c1,FTVQJMKUEVCXGK-UHFFFAOYSA-N,C1CCC(C2CC3CCCCC3C2)C1,10.1016/j.bmcl.2004.03.104,15149696,1,False,True,pending_dual_review,quarantined_before_evidence_review,generic_scaffold_overlaps_model_selection
BDB-50147866,50147866,Cc1cc(O)c2ccc(N)nc2n1,FPRARRWNHBXCFA-UHFFFAOYSA-N,C1CCC2CCCCC2C1,10.1021/jm030977p,15163184,1,False,True,pending_dual_review,quarantined_before_evidence_review,generic_scaffold_overlaps_model_selection
BDB-50147870,50147870,Cc1ccc2c(O)ccnc2n1,JVJJTRYGAHJGAZ-UHFFFAOYSA-N,C1CCC2CCCCC2C1,10.1021/jm030977p,15163184,1,False,True,pending_dual_review,quarantined_before_evidence_review,generic_scaffold_overlaps_model_selection
BDB-50147877,50147877,CCCc1cc(O)c2ccc(C)nc2n1,JAFFZYFREVCDTP-UHFFFAOYSA-N,C1CCC2CCCCC2C1,10.1021/jm030977p,15163184,2,False,True,pending_dual_review,quarantined_before_evidence_review,generic_scaffold_overlaps_model_selection
BDB-50148580,50148580,CCNC[C@H]1O[C@@H](n2cnc3c(N)ncnc32)[C@H](O)[C@@H]1O,MOZBWPNPQUIIOP-WOUKDFQISA-N,C1CCC2C(C1)CCC2C1CCCC1,10.1021/acs.jmedchem.5b00828,26356532,1,False,True,pending_dual_review,quarantined_before_evidence_review,generic_scaffold_overlaps_model_selection
BDB-50148599,50148599,N#CCCCCC#Cc1nc(N)c2ncn([C@@H]3O[C@H](CO)[C@@H](O)[C@H]3O)c2n1,XESHLCLROHUHDE-IWCJZZDYSA-N,C1CCC2C(C1)CCC2C1CCCC1,10.1021/acs.jmedchem.5b00828,26356532,1,False,True,pending_dual_review,quarantined_before_evidence_review,generic_scaffold_overlaps_model_selection
BDB-50150074,50150074,N#Cc1c(N)nc(SCc2ncc[nH]2)c(C#N)c1-c1ccc(O)cc1,OFHKDLYFKPBXER-UHFFFAOYSA-N,C1CCC(C2CCCC(CCC3CCCC3)C2)CC1,10.1021/jm049947s,15239649,1,True,True,pending_dual_review,quarantined_before_evidence_review,exact_structure_previously_visible|generic_scaffold_overlaps_model_selection
BDB-50150075,50150075,COc1cccc(-c2c(C#N)c(N)nc(SCc3ncc[nH]3)c2C#N)c1,MDNFSVVHVIXDDI-UHFFFAOYSA-N,C1CCC(C2CCCC(CCC3CCCC3)C2)CC1,10.1021/jm049947s,15239649,1,True,True,pending_dual_review,quarantined_before_evidence_review,exact_structure_previously_visible|generic_scaffold_overlaps_model_selection
BDB-50150076,50150076,COc1ccc(-c2c(C#N)c(N)nc(SCc3ncc[nH]3)c2C#N)cc1,BCWROVBBUOSFGD-UHFFFAOYSA-N,C1CCC(C2CCCC(CCC3CCCC3)C2)CC1,10.1021/jm049947s|10.1021/jm300087j,15239649|22468757,2,True,True,pending_dual_review,quarantined_before_evidence_review,exact_structure_previously_visible|generic_scaffold_overlaps_model_selection
BDB-50150077,50150077,N#Cc1c(N)nc(SCc2ncc[nH]2)c(C#N)c1-c1ccccc1,MUJWBVGOOQHTTJ-UHFFFAOYSA-N,C1CCC(C2CCCC(CCC3CCCC3)C2)CC1,10.1021/acs.jmedchem.0c01856|10.1021/jm049947s,15239649|33764785,2,True,True,pending_dual_review,quarantined_before_evidence_review,exact_structure_previously_visible|generic_scaffold_overlaps_model_selection
BDB-50150078,50150078,N#Cc1c(N)nc(SCc2ncc[nH]2)c(C#N)c1-c1cccc(O)c1,YZZLLEXNNOPPIX-UHFFFAOYSA-N,C1CCC(C2CCCC(CCC3CCCC3)C2)CC1,10.1021/acs.jmedchem.6b00552|10.1021/jm049947s,15239649|27227326,2,True,True,pending_dual_review,quarantined_before_evidence_review,exact_structure_previously_visible|generic_scaffold_overlaps_model_selection
BDB-50150762,50150762,CCn1nnc([C@H]2O[C@@H](n3cnc4c(N)nc(N[C@H](CO)Cc5ccc(OC)cc5)nc43)[C@H](O)[C@@H]2O)n1,IDGHDXRMAPTNIO-OGPXJPENSA-N,C1CCC(CCCC2CCC3CCC(C4CCC(C5CCCC5)C4)C3C2)CC1,10.1021/jm031143+,15267242,1,True,False,pending_dual_review,quarantined_before_evidence_review,exact_structure_previously_visible
BDB-50150763,50150763,CCn1nnc([C@H]2O[C@@H](n3cnc4c(N)nc(N[C@H](CO)Cc5ccc(Cl)cc5)nc43)[C@H](O)[C@@H]2O)n1,OURJBCKOCLXZST-NIQZGXKPSA-N,C1CCC(CCCC2CCC3CCC(C4CCC(C5CCCC5)C4)C3C2)CC1,10.1021/jm031143+,15267242,1,True,False,pending_dual_review,quarantined_before_evidence_review,exact_structure_previously_visible
BDB-50150764,50150764,CCn1nnc([C@H]2O[C@@H](n3cnc4c(N)nc(N[C@H](CO)Cc5ccc([N+](=O)[O-])cc5)nc43)[C@H](O)[C@@H]2O)n1,VNNIWUZWLZWHIP-OIODXMIOSA-N,C1CCC(CCCC2CCC3CCC(C4CCC(C5CCCC5)C4)C3C2)CC1,10.1021/jm031143+,15267242,1,True,False,pending_dual_review,quarantined_before_evidence_review,exact_structure_previously_visible
BDB-50150765,50150765,CCn1nnc([C@H]2O[C@@H](n3cnc4c(N)nc(N[C@H](CO)Cc5ccc(Br)cc5)nc43)[C@H](O)[C@@H]2O)n1,SSGCBXCKJQWPJL-NIQZGXKPSA-N,C1CCC(CCCC2CCC3CCC(C4CCC(C5CCCC5)C4)C3C2)CC1,10.1021/jm031143+,15267242,1,True,False,pending_dual_review,quarantined_before_evidence_review,exact_structure_previously_visible
BDB-50150766,50150766,CCn1nnc([C@H]2O[C@@H](n3cnc4c(N)nc(N[C@H](CO)Cc5ccccc5)nc43)[C@H](O)[C@@H]2O)n1,FLBKPDIBGNWXMT-NIQZGXKPSA-N,C1CCC(CCCC2CCC3CCC(C4CCC(C5CCCC5)C4)C3C2)CC1,10.1016/j.bmcl.2009.11.131|10.1021/jm031143+|10.1021/jm300087j|10.1021/jm4011669,15267242|20031406|22468757|24164628,4,True,False,pending_dual_review,quarantined_before_evidence_review,exact_structure_previously_visible
BDB-50150767,50150767,CCn1nnc([C@H]2O[C@@H](n3cnc4c(N)nc(N[C@H](CO)Cc5ccc(O)cc5)nc43)[C@H](O)[C@@H]2O)n1,OPVCMEPGQFSRQW-OIODXMIOSA-N,C1CCC(CCCC2CCC3CCC(C4CCC(C5CCCC5)C4)C3C2)CC1,10.1021/jm031143+,15267242,1,True,False,pending_dual_review,quarantined_before_evidence_review,exact_structure_previously_visible
BDB-50151188,50151188,Cn1nc(C(F)(F)F)c(CN2CCN(c3nc(N)n4nc(-c5ccco5)nc4n3)CC2)c1Cl,BTPRCXIXYZWERG-UHFFFAOYSA-N,C1CCC(CC2CCC(C3CCC4CC(C5CCCC5)CC4C3)CC2)C1,10.1021/jm0498405,15294001|35462165,2,True,False,pending_dual_review,quarantined_before_evidence_review,exact_structure_previously_visible
BDB-50152070,50152070,CNc1nc(-n2cc(-c3cccnc3)cn2)nc2c1ncn2C1O[C@H](CO)[C@@H](O)[C@H]1O,AERVIDMZGBOLAP-PZGKNFOESA-N,C1CCC(C2CCC(C3CCC4CCC(C5CCCC5)C4C3)C2)CC1,10.1021/jm049682h,15341491,1,False,True,pending_dual_review,quarantined_before_evidence_review,generic_scaffold_overlaps_model_selection
BDB-50152078,50152078,CCNc1nc(-n2cc(-c3ccccn3)cn2)nc2c1ncn2C1O[C@H](CO)[C@@H](O)[C@H]1O,CSZTXEWLZCFIMW-XAUNWSGPSA-N,C1CCC(C2CCC(C3CCC4CCC(C5CCCC5)C4C3)C2)CC1,10.1021/jm049682h,15341491,1,False,True,pending_dual_review,quarantined_before_evidence_review,generic_scaffold_overlaps_model_selection
BDB-50152079,50152079,COc1ccc(-c2cnn(-c3nc(N)c4ncn(C5O[C@H](CO)[C@@H](O)[C@H]5O)c4n3)c2)cc1,BJLRXPIBFWXVOO-XAUNWSGPSA-N,C1CCC(C2CCC(C3CCC4CCC(C5CCCC5)C4C3)C2)CC1,10.1021/jm049682h,15341491,1,False,True,pending_dual_review,quarantined_before_evidence_review,generic_scaffold_overlaps_model_selection
BDB-50152080,50152080,CCNc1nc(-n2cc(-c3ccc(OC)cc3)cn2)nc2c1ncn2C1O[C@H](CO)[C@@H](O)[C@H]1O,RWRIXGUSCOWTAI-GWRCBPMCSA-N,C1CCC(C2CCC(C3CCC4CCC(C5CCCC5)C4C3)C2)CC1,10.1021/jm049682h,15341491,1,False,True,pending_dual_review,quarantined_before_evidence_review,generic_scaffold_overlaps_model_selection
BDB-50152082,50152082,CCCNc1nc(-n2cc(-c3ccc(OC)cc3)cn2)nc2c1ncn2C1O[C@H](CO)[C@@H](O)[C@H]1O,FQJZIIJRMRFRLT-BEBASYGKSA-N,C1CCC(C2CCC(C3CCC4CCC(C5CCCC5)C4C3)C2)CC1,10.1021/jm049682h,15341491,1,False,True,pending_dual_review,quarantined_before_evidence_review,generic_scaffold_overlaps_model_selection
BDB-50152084,50152084,CNC(=O)c1cnn(-c2nc(N)c3ncn(C4O[C@H](CO)[C@@H](O)[C@H]4O)c3n2)c1,LZPZPHGJDAGEJZ-FBFHGVSZSA-N,C1CCC(C2CCC3CCC(C4CCCC4)C3C2)C1,10.1021/jm049682h,15341491,1,False,True,pending_dual_review,quarantined_before_evidence_review,generic_scaffold_overlaps_model_selection
BDB-50152088,50152088,Nc1nc(-c2cnn(Cc3ccccc3)c2)nc2c1ncn2C1O[C@H](CO)[C@@H](O)[C@H]1O,AMAIHVYPJNVOIU-XZHXJBAPSA-N,C1CCC(CC2CCC(C3CCC4CCC(C5CCCC5)C4C3)C2)CC1,10.1021/jm049682h,15341491,1,False,True,pending_dual_review,quarantined_before_evidence_review,generic_scaffold_overlaps_model_selection
BDB-50152240,50152240,CN(CCN1CCN(c2ccc(F)cc2F)CC1)c1nc(N)n2nc(-c3ccco3)nc2n1,DKCOTCJUXKLWCS-UHFFFAOYSA-N,C1CCC(C2CCC(CCCC3CCC4CC(C5CCCC5)CC4C3)CC2)CC1,,35462165,1,True,False,pending_dual_review,quarantined_before_evidence_review,exact_structure_previously_visible
BDB-50156628,50156628,Nc1nc(N2CCN3CCC[C@@H]3C2)cc2nc(-c3ccco3)nn12,DBVSAWLRBJEGLH-LLVKDONJSA-N,C1CCC(C2CC3CCC(C4CCC5CCCC5C4)CC3C2)C1,,35462165,1,True,False,pending_dual_review,quarantined_before_evidence_review,exact_structure_previously_visible
BDB-50161342,50161342,Nc1nc(-c2ccccc2)c2c(n1)-c1ccccc1C2=O,UVUYDEPVVFJIAY-UHFFFAOYSA-N,CC1C2CCCCC2C2CCCC(C3CCCCC3)C12,10.1016/j.bmcl.2010.03.042|10.1021/acs.jmedchem.1c01636,20347304|35068155,2,True,False,pending_dual_review,quarantined_before_evidence_review,exact_structure_previously_visible
BDB-50162479,50162479,C[C@@]1(O)[C@H](O)[C@@H](CO)O[C@H]1n1cnc2c(NCc3cccc(I)c3)ncnc21,FZQBZRYTXUBBLO-AXYPVASZSA-N,C1CCC(CCC2CCCC3C(C4CCCC4)CCC23)CC1,10.1021/jm049408n|10.1021/jm9707737,15743197|9572897,2,False,True,pending_dual_review,quarantined_before_evidence_review,generic_scaffold_overlaps_model_selection
BDB-50162482,50162482,O[C@@H]1[C@H](O)[C@@H](O)O[C@H]1n1cnc2c(NC3CCCC3)nc(Cl)nc21,YDNXKDCVCHJNPR-DTVLGXAZSA-N,C1CCC(CC2CCCC3C(C4CCCC4)CCC23)C1,10.1021/jm049408n,15743197,1,False,True,pending_dual_review,quarantined_before_evidence_review,generic_scaffold_overlaps_model_selection
BDB-50162487,50162487,CNC(=O)[C@H]1O[C@@H](n2cnc3c(NCc4cccc(I)c4)ncnc32)[C@](C)(O)[C@@H]1O,MLUKUGWIZSNCTC-WTVLQJKYSA-N,C1CCC(CCC2CCCC3C(C4CCCC4)CCC23)CC1,10.1021/jm049408n|10.1021/jm9707737,15743197|9572897,2,False,True,pending_dual_review,quarantined_before_evidence_review,generic_scaffold_overlaps_model_selection
BDB-50163015,50163015,OC[C@H]1O[C@@H](n2cnc3c(NCC(c4ccccc4)c4ccccc4)ncnc32)[C@H](O)[C@@H]1O,TUGMXIURLRAWSS-UMCMBGNQSA-N,C1CCC(C(CCC2CCCC3C(C4CCCC4)CCC23)C2CCCCC2)CC1,10.1021/acsmedchemlett.0c00509|10.1021/jm049580r|10.1021/jm201461q|10.1021/jm300087j,15771421|22104008|22468757|33738064,4,False,True,pending_dual_review,quarantined_before_evidence_review,generic_scaffold_overlaps_model_selection
BDB-50163018,50163018,COc1ccc(Cl)cc1CNc1ncnc2c1ncn2[C@@H]1O[C@H](CO)[C@@H](O)[C@H]1O,GPTLISQFNJWPRC-SCFUHWHPSA-N,C1CCC(CCC2CCCC3C(C4CCCC4)CCC23)CC1,10.1021/jm049580r,15771421,1,False,True,pending_dual_review,quarantined_before_evidence_review,generic_scaffold_overlaps_model_selection
BDB-50163024,50163024,OC[C@H]1O[C@@H](n2cnc3c(NCc4cccnc4)ncnc32)[C@H](O)[C@@H]1O,OGGGQWLDZCHKIQ-XNIJJKJLSA-N,C1CCC(CCC2CCCC3C(C4CCCC4)CCC23)CC1,10.1021/jm049580r,15771421,1,False,True,pending_dual_review,quarantined_before_evidence_review,generic_scaffold_overlaps_model_selection
BDB-50163028,50163028,OC[C@H]1O[C@@H](n2cnc3c(NCc4cccc(Cl)c4)ncnc32)[C@H](O)[C@@H]1O,YRFQIOJJXMEZGA-LSCFUAHRSA-N,C1CCC(CCC2CCCC3C(C4CCCC4)CCC23)CC1,10.1021/jm049580r,15771421,1,False,True,pending_dual_review,quarantined_before_evidence_review,generic_scaffold_overlaps_model_selection
BDB-50165055,50165055,COc1ccccc1Cn1cnc2c(-c3ccco3)nc(N)nc21,LLQZFSZFGIBWMD-UHFFFAOYSA-N,C1CCC(CC2CCC3C(C4CCCC4)CCCC23)CC1,10.1016/j.bmcl.2005.02.031,15808481,1,False,True,pending_dual_review,quarantined_before_evidence_review,generic_scaffold_overlaps_model_selection
BDB-50165056,50165056,Nc1nc(-c2ccco2)c2ncn(Cc3ccc(C(F)(F)F)cc3)c2n1,LSFHXSDZJHMJAH-UHFFFAOYSA-N,C1CCC(CC2CCC3C(C4CCCC4)CCCC23)CC1,10.1016/j.bmcl.2005.02.031|10.1016/j.bmcl.2008.03.072,15808481|18411049,2,False,True,pending_dual_review,quarantined_before_evidence_review,generic_scaffold_overlaps_model_selection
BDB-50165057,50165057,Nc1nc(-c2ccco2)c2ncn(Cc3c(F)cc(F)cc3F)c2n1,XSKSCOIXJWVHNE-UHFFFAOYSA-N,C1CCC(CC2CCC3C(C4CCCC4)CCCC23)CC1,10.1016/j.bmcl.2005.02.031,15808481,1,False,True,pending_dual_review,quarantined_before_evidence_review,generic_scaffold_overlaps_model_selection
BDB-50165058,50165058,Nc1nc(-c2ccco2)c2ncn(Cc3ccc(Cl)cc3)c2n1,QOTYXLIMOYBIMH-UHFFFAOYSA-N,C1CCC(CC2CCC3C(C4CCCC4)CCCC23)CC1,10.1016/j.bmcl.2005.02.031,15808481,1,False,True,pending_dual_review,quarantined_before_evidence_review,generic_scaffold_overlaps_model_selection
BDB-50165060,50165060,CC(c1ccccc1)n1cnc2c(-c3ccco3)nc(N)nc21,FWPYDOWZSSHTGL-UHFFFAOYSA-N,C1CCC(CC2CCC3C(C4CCCC4)CCCC23)CC1,10.1016/j.bmcl.2005.02.031,15808481,1,False,True,pending_dual_review,quarantined_before_evidence_review,generic_scaffold_overlaps_model_selection
BDB-50165061,50165061,CC(C)c1ccc(Cn2cnc3c(-c4ccco4)nc(N)nc32)cc1,HDTZXVISASWKGX-UHFFFAOYSA-N,C1CCC(CC2CCC3C(C4CCCC4)CCCC23)CC1,10.1016/j.bmcl.2005.02.031,15808481,1,False,True,pending_dual_review,quarantined_before_evidence_review,generic_scaffold_overlaps_model_selection
BDB-50165062,50165062,COc1cccc(Cn2cnc3c(-c4ccco4)nc(N)nc32)c1,JYKYLQJPKIJUOX-UHFFFAOYSA-N,C1CCC(CC2CCC3C(C4CCCC4)CCCC23)CC1,10.1016/j.bmcl.2005.02.031|10.1016/j.bmcl.2008.03.072,15808481|18411049,2,False,True,pending_dual_review,quarantined_before_evidence_review,generic_scaffold_overlaps_model_selection
BDB-50165064,50165064,Nc1nc(-c2ccco2)c2ncn(Cc3ccc(C(F)(F)F)cc3F)c2n1,FIZHCYGMIIQLNR-UHFFFAOYSA-N,C1CCC(CC2CCC3C(C4CCCC4)CCCC23)CC1,10.1016/j.bmcl.2005.02.031,15808481,1,False,True,pending_dual_review,quarantined_before_evidence_review,generic_scaffold_overlaps_model_selection
BDB-50165065,50165065,Nc1nc(-c2ccco2)c2ncn(Cc3c(Cl)cccc3Cl)c2n1,JTYVCSYDVGSSFY-UHFFFAOYSA-N,C1CCC(CC2CCC3C(C4CCCC4)CCCC23)CC1,10.1016/j.bmcl.2005.02.031,15808481,1,False,True,pending_dual_review,quarantined_before_evidence_review,generic_scaffold_overlaps_model_selection
BDB-50165066,50165066,Nc1nc(-c2ccco2)c2ncn(Cc3ccccc3)c2n1,FZKKCBUDFSOYPA-UHFFFAOYSA-N,C1CCC(CC2CCC3C(C4CCCC4)CCCC23)CC1,10.1016/j.bmcl.2005.02.031|10.1016/j.bmcl.2008.03.072,15808481|18411049,2,False,True,pending_dual_review,quarantined_before_evidence_review,generic_scaffold_overlaps_model_selection
BDB-50165069,50165069,Nc1nc(-c2ccco2)c2ncn(Cc3c(F)cccc3F)c2n1,YTWMJKSWSGCEPN-UHFFFAOYSA-N,C1CCC(CC2CCC3C(C4CCCC4)CCCC23)CC1,10.1016/j.bmcl.2005.02.031|10.1016/j.bmcl.2008.03.072,15808481|18411049,2,False,True,pending_dual_review,quarantined_before_evidence_review,generic_scaffold_overlaps_model_selection
BDB-50165070,50165070,Nc1nc(-c2ccco2)c2ncn(Cc3ccc(C(F)(F)F)c(F)c3)c2n1,JUPMBGSOWZPMSX-UHFFFAOYSA-N,C1CCC(CC2CCC3C(C4CCCC4)CCCC23)CC1,10.1016/j.bmcl.2005.02.031,15808481,1,False,True,pending_dual_review,quarantined_before_evidence_review,generic_scaffold_overlaps_model_selection
BDB-50165071,50165071,COc1ccc(Cn2cnc3c(-c4ccco4)nc(N)nc32)cc1,LCUMBBXSKKIJQK-UHFFFAOYSA-N,C1CCC(CC2CCC3C(C4CCCC4)CCCC23)CC1,10.1016/j.bmcl.2005.02.031,15808481,1,False,True,pending_dual_review,quarantined_before_evidence_review,generic_scaffold_overlaps_model_selection
BDB-50168099,50168099,COc1ccccc1Cn1cc2nc(-c3ccco3)nc(N)c2n1,AQMYJLYXFKJXMD-UHFFFAOYSA-N,C1CCC(CC2CC3CCC(C4CCCC4)CC3C2)CC1,10.1016/j.bmc.2016.04.048,27161878,1,True,True,pending_dual_review,quarantined_before_evidence_review,exact_structure_previously_visible|generic_scaffold_overlaps_model_selection
BDB-50168100,50168100,Nc1nc(-c2ccco2)nc2cn(Cc3ccccc3O)nc12,LFQIONJTAIBNFA-UHFFFAOYSA-N,C1CCC(CC2CC3CCC(C4CCCC4)CC3C2)CC1,10.1016/j.bmc.2016.04.048,27161878,1,False,True,pending_dual_review,quarantined_before_evidence_review,generic_scaffold_overlaps_model_selection
BDB-50168101,50168101,COc1cccc(Cn2cc3nc(-c4ccc(C)o4)nc(N)c3n2)c1,TWUUVOAFXFRSQO-UHFFFAOYSA-N,C1CCC(CC2CC3CCC(C4CCCC4)CC3C2)CC1,10.1016/j.bmc.2016.04.048,27161878,1,True,True,pending_dual_review,quarantined_before_evidence_review,exact_structure_previously_visible|generic_scaffold_overlaps_model_selection
BDB-50168102,50168102,Cc1ccc(-c2nc(N)c3nn(Cc4ccccc4F)cc3n2)o1,BRLCUIOYTLHZJF-UHFFFAOYSA-N,C1CCC(CC2CC3CCC(C4CCCC4)CC3C2)CC1,10.1016/j.bmc.2016.04.048,27161878,1,False,True,pending_dual_review,quarantined_before_evidence_review,generic_scaffold_overlaps_model_selection
BDB-50168103,50168103,Cc1ccc(-c2nc(N)c3nn(Cc4cccc(F)c4)cc3n2)o1,QGMRAKXTMHZKRI-UHFFFAOYSA-N,C1CCC(CC2CC3CCC(C4CCCC4)CC3C2)CC1,10.1016/j.bmc.2016.04.048,27161878,1,False,True,pending_dual_review,quarantined_before_evidence_review,generic_scaffold_overlaps_model_selection
BDB-50168104,50168104,Cc1ccc(-c2nc(N)c3nn(Cc4ccccc4Cl)cc3n2)o1,BPQMICPWRXHIJI-UHFFFAOYSA-N,C1CCC(CC2CC3CCC(C4CCCC4)CC3C2)CC1,10.1016/j.bmc.2016.04.048,27161878,1,False,True,pending_dual_review,quarantined_before_evidence_review,generic_scaffold_overlaps_model_selection
BDB-50168105,50168105,Cc1ccc(-c2nc(N)c3nn(Cc4ccccc4O)cc3n2)o1,LEZBSAGRBMBCGD-UHFFFAOYSA-N,C1CCC(CC2CC3CCC(C4CCCC4)CC3C2)CC1,10.1016/j.bmc.2016.04.048,27161878,1,False,True,pending_dual_review,quarantined_before_evidence_review,generic_scaffold_overlaps_model_selection
BDB-50168106,50168106,Cc1ccc(-c2nc(N)c3nn(Cc4cccc(O)c4)cc3n2)o1,HJZUMFPLMMDYPJ-UHFFFAOYSA-N,C1CCC(CC2CC3CCC(C4CCCC4)CC3C2)CC1,10.1016/j.bmc.2016.04.048,27161878,1,False,True,pending_dual_review,quarantined_before_evidence_review,generic_scaffold_overlaps_model_selection
BDB-50168107,50168107,Cc1ccc(-c2nc(N)c3nn(Cc4ccccc4)cc3n2)o1,WXADNPIZOQQAEO-UHFFFAOYSA-N,C1CCC(CC2CC3CCC(C4CCCC4)CC3C2)CC1,10.1016/j.bmc.2016.04.048,27161878,1,True,True,pending_dual_review,quarantined_before_evidence_review,exact_structure_previously_visible|generic_scaffold_overlaps_model_selection
BDB-50168108,50168108,COc1ccccc1Cn1cc2nc(-c3ccc(C)o3)nc(N)c2n1,ISSQUAKPAHUUNQ-UHFFFAOYSA-N,C1CCC(CC2CC3CCC(C4CCCC4)CC3C2)CC1,10.1016/j.bmc.2016.04.048,27161878,1,True,True,pending_dual_review,quarantined_before_evidence_review,exact_structure_previously_visible|generic_scaffold_overlaps_model_selection
BDB-50168109,50168109,COc1ccccc1-n1cc2nc(CCCc3ccccc3)nc(N)c2n1,JKHCHBLVGYHBMJ-UHFFFAOYSA-N,C1CCC(CCCC2CCC3CC(C4CCCCC4)CC3C2)CC1,10.1016/j.bmc.2016.04.048,27161878,1,False,True,pending_dual_review,quarantined_before_evidence_review,generic_scaffold_overlaps_model_selection
BDB-50168110,50168110,Nc1nc(CCCc2ccccc2)nc2cn(-c3ccccc3O)nc12,UWIQZSRFCFCOGZ-UHFFFAOYSA-N,C1CCC(CCCC2CCC3CC(C4CCCCC4)CC3C2)CC1,10.1016/j.bmc.2016.04.048,27161878,1,False,True,pending_dual_review,quarantined_before_evidence_review,generic_scaffold_overlaps_model_selection
BDB-50168111,50168111,Nc1nc(-c2ccco2)nc2cn(-c3ccccc3)nc12,GTENTXFTCULQOC-UHFFFAOYSA-N,C1CCC(C2CC3CCC(C4CCCC4)CC3C2)CC1,10.1016/j.bmc.2016.04.048,27161878,1,False,True,pending_dual_review,quarantined_before_evidence_review,generic_scaffold_overlaps_model_selection
BDB-50168112,50168112,Nc1nc(-c2cccs2)nc2cn(-c3ccccc3O)nc12,CKHUVQWKDJVMTD-UHFFFAOYSA-N,C1CCC(C2CC3CCC(C4CCCC4)CC3C2)CC1,10.1016/j.bmc.2016.04.048,27161878,1,False,True,pending_dual_review,quarantined_before_evidence_review,generic_scaffold_overlaps_model_selection
BDB-50168113,50168113,Cc1ccc(-c2nc(N)c3nn(-c4ccccc4)cc3n2)o1,NOGCWFVUNZLJDH-UHFFFAOYSA-N,C1CCC(C2CC3CCC(C4CCCC4)CC3C2)CC1,10.1016/j.bmc.2016.04.048,27161878,1,False,True,pending_dual_review,quarantined_before_evidence_review,generic_scaffold_overlaps_model_selection
BDB-50168114,50168114,Nc1nc(-c2ccco2)nc2cn(-c3ccccc3O)nc12,KBVHSEZTMVRCNH-UHFFFAOYSA-N,C1CCC(C2CC3CCC(C4CCCC4)CC3C2)CC1,10.1016/j.bmc.2016.04.048,27161878,1,False,True,pending_dual_review,quarantined_before_evidence_review,generic_scaffold_overlaps_model_selection
BDB-50168119,50168119,Cc1ccc(-c2nc(N)c3nn(-c4ccccc4O)cc3n2)o1,CTQKVUIEYZLYPP-UHFFFAOYSA-N,C1CCC(C2CC3CCC(C4CCCC4)CC3C2)CC1,10.1016/j.bmc.2016.04.048,27161878,1,False,True,pending_dual_review,quarantined_before_evidence_review,generic_scaffold_overlaps_model_selection
BDB-50168120,50168120,COc1ccccc1-n1cc2nc(-c3ccc(C)o3)nc(N)c2n1,OUNKKFPKILWORV-UHFFFAOYSA-N,C1CCC(C2CC3CCC(C4CCCC4)CC3C2)CC1,10.1016/j.bmc.2016.04.048,27161878,1,False,True,pending_dual_review,quarantined_before_evidence_review,generic_scaffold_overlaps_model_selection
BDB-50168122,50168122,Nc1nc(-c2ccco2)nc2cn(Cc3ccccc3)nc12,WHRXEWMAKBKKKJ-UHFFFAOYSA-N,C1CCC(CC2CC3CCC(C4CCCC4)CC3C2)CC1,10.1016/j.bmc.2016.04.048,27161878,1,False,True,pending_dual_review,quarantined_before_evidence_review,generic_scaffold_overlaps_model_selection
BDB-50168123,50168123,COc1ccccc1-n1cc2nc(-c3ccco3)nc(N)c2n1,LWSIGDYBASIJSD-UHFFFAOYSA-N,C1CCC(C2CC3CCC(C4CCCC4)CC3C2)CC1,10.1016/j.bmc.2016.04.048,27161878,1,False,True,pending_dual_review,quarantined_before_evidence_review,generic_scaffold_overlaps_model_selection
BDB-50169307,50169307,Nc1nc(-c2ccccc2)cc2nc(-c3ccco3)nn12,NIZRJAQNDZMDLX-UHFFFAOYSA-N,C1CCC(C2CCC3CC(C4CCCC4)CC3C2)CC1,10.1016/j.bmcl.2011.02.045,21398125,1,True,True,pending_dual_review,quarantined_before_evidence_review,exact_structure_previously_visible|generic_scaffold_overlaps_model_selection
BDB-50169338,50169338,COc1ccccc1-c1cc2nc(-c3ccco3)nn2c(N)n1,BLFOGUJARWOELP-UHFFFAOYSA-N,C1CCC(C2CCC3CC(C4CCCC4)CC3C2)CC1,10.1021/jm701594y,18637670,1,False,True,pending_dual_review,quarantined_before_evidence_review,generic_scaffold_overlaps_model_selection
BDB-50171767,50171767,Cc1ccc2c(O)c(C(=O)NCCC(C)C)cnc2n1,XPPSZUBTUCEBEE-UHFFFAOYSA-N,C1CCC2CCCCC2C1,10.1016/j.bmcl.2005.06.064,16099648,2,False,True,pending_dual_review,quarantined_before_evidence_review,generic_scaffold_overlaps_model_selection
BDB-50176050,50176050,CCn1c(=O)c2c(nc(/C=C/c3ccc(OC)c(OC)c3)n2C)n(CC)c1=O,IQVRBWUUXZMOPW-PKNBQFBNSA-N,CC1CC(C)C2CC(CCC3CCCCC3)CC2C1,10.1016/j.bmc.2013.09.044|10.1016/j.bmc.2019.02.004|10.1016/j.bmcl.2009.03.142|10.1016/j.bmcl.2010.06.138|10.1016/j.bmcl.2015.01.062|10.1016/j.ejmech.2011.05.023|10.1016/j.ejmech.2017.12.007|10.1021/acs.jmedchem.0c00237|10.1021/jm058018d|10.1021/jm070623o|10.1021/jm1008659|10.1021/jm2003798|10.1021/jm301686s|10.1021/jm400336x|10.1021/jm4011669,16250647|18189346|19362836|20659802|21210664|21661720|21664729|23281824|23631427|24139167|24164628|25701253|29268131|30808606|32667814|34695776|35933788,18,True,False,pending_dual_review,quarantined_before_evidence_review,exact_structure_previously_visible
BDB-50176051,50176051,CCCc1nc(N)c2nc(-n3nccn3)n(C)c2n1,RAVBBDYGFXMBKB-UHFFFAOYSA-N,C1CCC(C2CC3CCCCC3C2)C1,10.1021/jm058018d,16250647,1,False,True,pending_dual_review,quarantined_before_evidence_review,generic_scaffold_overlaps_model_selection
BDB-50176054,50176054,Cc1cc2c(nc(-n3nccn3)n2C)c(N)n1,HQJPRTMRYHJULG-UHFFFAOYSA-N,C1CCC(C2CC3CCCCC3C2)C1,10.1021/jm058018d,16250647,1,False,True,pending_dual_review,quarantined_before_evidence_review,generic_scaffold_overlaps_model_selection
BDB-50176055,50176055,CCCCCc1nc(N)c2nc(-n3nccn3)n(C)c2n1,PYUBHJHQYILWFE-UHFFFAOYSA-N,C1CCC(C2CC3CCCCC3C2)C1,10.1021/jm058018d,16250647,1,False,True,pending_dual_review,quarantined_before_evidence_review,generic_scaffold_overlaps_model_selection
BDB-50176057,50176057,Cn1c(-n2nccn2)nc2c(N)ncnc21,ZTJZVOMEMRNYKF-UHFFFAOYSA-N,C1CCC(C2CC3CCCCC3C2)C1,10.1021/jm058018d,16250647,1,False,True,pending_dual_review,quarantined_before_evidence_review,generic_scaffold_overlaps_model_selection
BDB-50176058,50176058,CCCCc1nc(N)c2nc(-n3nccn3)n(C)c2n1,CYYQMAWUIRPCNW-UHFFFAOYSA-N,C1CCC(C2CC3CCCCC3C2)C1,10.1021/jm058018d|10.1021/jm400491x|10.1021/jm4011669|10.1021/jm701594y,16250647|18637670|23789814|24164628,4,True,True,pending_dual_review,quarantined_before_evidence_review,exact_structure_previously_visible|generic_scaffold_overlaps_model_selection
BDB-50176060,50176060,Cn1c(-n2nccn2)nc2c(N)nccc21,ZKJVBCHQRNYBLS-UHFFFAOYSA-N,C1CCC(C2CC3CCCCC3C2)C1,10.1021/jm058018d,16250647,1,False,True,pending_dual_review,quarantined_before_evidence_review,generic_scaffold_overlaps_model_selection
BDB-50176061,50176061,CC(C)c1nc(N)c2nc(-n3nccn3)n(C)c2n1,QUIVSYGCFQQDKE-UHFFFAOYSA-N,C1CCC(C2CC3CCCCC3C2)C1,10.1021/jm058018d,16250647,1,False,True,pending_dual_review,quarantined_before_evidence_review,generic_scaffold_overlaps_model_selection
BDB-50176063,50176063,Cc1nc(N)c2nc(-n3nccn3)n(C)c2n1,JENOQIGJNSNDRT-UHFFFAOYSA-N,C1CCC(C2CC3CCCCC3C2)C1,10.1021/jm058018d,16250647,1,False,True,pending_dual_review,quarantined_before_evidence_review,generic_scaffold_overlaps_model_selection
BDB-50180197,50180197,CNC(=O)[C@H]1S[C@@H](n2cnc3c(NCc4cccc(I)c4)nc(Cl)nc32)[C@H](O)[C@@H]1O,IRIUFVPPSHYZRM-PFHKOEEOSA-N,C1CCC(CCC2CCCC3C(C4CCCC4)CCC23)CC1,10.1016/j.bmc.2009.03.034|10.1016/j.bmc.2009.10.011|10.1016/j.bmcl.2008.01.070|10.1021/acs.jmedchem.7b00805|10.1021/jm050595e|10.1021/jm070259t|10.1021/jm8008647,16392812|17555308|18255292|18811138|19375920|19879151|28799755,7,False,True,pending_dual_review,quarantined_before_evidence_review,generic_scaffold_overlaps_model_selection
BDB-50180198,50180198,CNC(=O)[C@H]1S[C@@H](n2cnc3c(NCc4ccccc4C)nc(Cl)nc32)[C@H](O)[C@@H]1O,HYMVDRPLNPGRAA-MOROJQBDSA-N,C1CCC(CCC2CCCC3C(C4CCCC4)CCC23)CC1,10.1021/jm050595e,16392812,1,False,True,pending_dual_review,quarantined_before_evidence_review,generic_scaffold_overlaps_model_selection
BDB-50180203,50180203,CCNC(=O)[C@H]1S[C@@H](n2cnc3c(NCc4ccccc4C)nc(Cl)nc32)[C@H](O)[C@@H]1O,USHRPXXEHVORLX-QCUYGVNKSA-N,C1CCC(CCC2CCCC3C(C4CCCC4)CCC23)CC1,10.1021/jm050595e,16392812,1,False,True,pending_dual_review,quarantined_before_evidence_review,generic_scaffold_overlaps_model_selection
BDB-50180208,50180208,CNc1nc(Cl)nc2c1ncn2[C@@H]1S[C@H](C(=O)NC2CC2)[C@@H](O)[C@H]1O,OSCYWEXJFANEJM-QRIDJOKKSA-N,CC(CC1CC1)C1CCC(C2CCC3CCCCC32)C1,10.1021/jm050595e,16392812,1,False,True,pending_dual_review,quarantined_before_evidence_review,generic_scaffold_overlaps_model_selection
BDB-50180209,50180209,CCNC(=O)[C@H]1S[C@@H](n2cnc3c(NCc4cccc(I)c4)nc(Cl)nc32)[C@H](O)[C@@H]1O,YVYTUCAAWMEQEO-MOROJQBDSA-N,C1CCC(CCC2CCCC3C(C4CCCC4)CCC23)CC1,10.1021/jm050595e,16392812,1,False,True,pending_dual_review,quarantined_before_evidence_review,generic_scaffold_overlaps_model_selection
BDB-50180210,50180210,CCNC(=O)[C@H]1S[C@@H](n2cnc3c(NC4CCCC4)nc(Cl)nc32)[C@H](O)[C@@H]1O,VJMSHFDGTPCLQR-MEQWQQMJSA-N,C1CCC(CC2CCCC3C(C4CCCC4)CCC23)C1,10.1021/jm050595e,16392812,1,False,True,pending_dual_review,quarantined_before_evidence_review,generic_scaffold_overlaps_model_selection
BDB-50180219,50180219,CNC(=O)[C@H]1S[C@@H](n2cnc3c(N)nc(Cl)nc32)[C@H](O)[C@@H]1O,JPMMQQWPKSNQLI-LKCKTBJASA-N,C1CCC2C(C1)CCC2C1CCCC1,10.1021/jm050595e,16392812,1,False,True,pending_dual_review,quarantined_before_evidence_review,generic_scaffold_overlaps_model_selection
BDB-50180226,50180226,CNC(=O)[C@H]1S[C@@H](n2cnc3c(NC4CCCC4)nc(Cl)nc32)[C@H](O)[C@@H]1O,RNMMGHXJZWZLKG-BQVMBELUSA-N,C1CCC(CC2CCCC3C(C4CCCC4)CCC23)C1,10.1021/jm050595e,16392812,1,False,True,pending_dual_review,quarantined_before_evidence_review,generic_scaffold_overlaps_model_selection
BDB-50182961,50182961,CCNC(=O)[C@H]1O[C@@H](n2cnc3c(NCC)nc(C#CC(O)c4cccc([N+](=O)[O-])c4)nc32)[C@H](O)[C@@H]1O,LEVYHWDETTZZKX-PCUSSDDASA-N,C1CCC(CCCC2CCC3CCC(C4CCCC4)C3C2)CC1,10.1016/j.bmcl.2006.01.110,16487705,1,False,True,pending_dual_review,quarantined_before_evidence_review,generic_scaffold_overlaps_model_selection
BDB-50182962,50182962,CCNC(=O)[C@H]1O[C@@H](n2cnc3c(NCC)nc(C#CC(O)c4ccccc4)nc32)[C@H](O)[C@@H]1O,GUPHFJZEHZLAPY-PCUSSDDASA-N,C1CCC(CCCC2CCC3CCC(C4CCCC4)C3C2)CC1,10.1016/j.bmcl.2006.01.110,16487705,1,False,True,pending_dual_review,quarantined_before_evidence_review,generic_scaffold_overlaps_model_selection
BDB-50182964,50182964,CCCCC#Cc1nc(NCC)c2ncn([C@@H]3O[C@H](C(=O)NCC)[C@@H](O)[C@H]3O)c2n1,LECBEOPAWWJJKS-KSVNGYGVSA-N,C1CCC2C(C1)CCC2C1CCCC1,10.1016/j.bmcl.2006.01.110,16487705,1,False,True,pending_dual_review,quarantined_before_evidence_review,generic_scaffold_overlaps_model_selection
BDB-50182965,50182965,CCNC(=O)[C@H]1O[C@@H](n2cnc3c(NCC)nc(C#CC(O)c4ccc(OC)cc4)nc32)[C@H](O)[C@@H]1O,MHCRJYQDBVSROS-NICAYJAGSA-N,C1CCC(CCCC2CCC3CCC(C4CCCC4)C3C2)CC1,10.1016/j.bmcl.2006.01.110,16487705,1,False,True,pending_dual_review,quarantined_before_evidence_review,generic_scaffold_overlaps_model_selection
BDB-50182967,50182967,CCNC(=O)[C@H]1O[C@@H](n2cnc3c(NCC)nc(C#CC(O)c4cccc(OC)c4)nc32)[C@H](O)[C@@H]1O,GEOZIXJKQJZEIY-NICAYJAGSA-N,C1CCC(CCCC2CCC3CCC(C4CCCC4)C3C2)CC1,10.1016/j.bmcl.2006.01.110,16487705,1,False,True,pending_dual_review,quarantined_before_evidence_review,generic_scaffold_overlaps_model_selection
BDB-50182968,50182968,CCNC(=O)[C@H]1O[C@@H](n2cnc3c(NCC)nc(C#CC(O)C4CCCCC4)nc32)[C@H](O)[C@@H]1O,HXKAJVZWXLHCCF-PCUSSDDASA-N,C1CCC(CCCC2CCC3CCC(C4CCCC4)C3C2)CC1,10.1016/j.bmcl.2006.01.110,16487705,1,False,True,pending_dual_review,quarantined_before_evidence_review,generic_scaffold_overlaps_model_selection
BDB-50182969,50182969,CCNC(=O)[C@H]1O[C@@H](n2cnc3c(NCC)nc(C#CCC(C)O)nc32)[C@H](O)[C@@H]1O,MZPCVKUJIVUKFS-WJESWFQVSA-N,C1CCC2C(C1)CCC2C1CCCC1,10.1016/j.bmcl.2006.01.110,16487705,1,False,True,pending_dual_review,quarantined_before_evidence_review,generic_scaffold_overlaps_model_selection
BDB-50182970,50182970,CCNC(=O)[C@H]1O[C@@H](n2cnc3c(NCC)nc(C#CC(O)c4cccc(C(=O)O)c4)nc32)[C@H](O)[C@@H]1O,PIJFDUYGIMMLFG-PCUSSDDASA-N,C1CCC(CCCC2CCC3CCC(C4CCCC4)C3C2)CC1,10.1016/j.bmcl.2006.01.110,16487705,1,False,True,pending_dual_review,quarantined_before_evidence_review,generic_scaffold_overlaps_model_selection
BDB-50182971,50182971,CCCCC[C@@H](O)C#Cc1nc(NCC)c2ncn([C@@H]3O[C@H](C(=O)NCC)[C@@H](O)[C@H]3O)c2n1,PWUXIWBJRPNBHD-BNVVKXJLSA-N,C1CCC2C(C1)CCC2C1CCCC1,10.1016/j.bmcl.2006.01.110,16487705,1,False,True,pending_dual_review,quarantined_before_evidence_review,generic_scaffold_overlaps_model_selection
BDB-50182974,50182974,CCCCC[C@H](O)C#Cc1nc(NCC)c2ncn([C@@H]3O[C@H](C(=O)NCC)[C@@H](O)[C@H]3O)c2n1,PWUXIWBJRPNBHD-CRFWSCARSA-N,C1CCC2C(C1)CCC2C1CCCC1,10.1016/j.bmcl.2006.01.110,16487705,1,False,True,pending_dual_review,quarantined_before_evidence_review,generic_scaffold_overlaps_model_selection
BDB-50182975,50182975,CCNC(=O)[C@H]1O[C@@H](n2cnc3c(NCC)nc(I)nc32)[C@H](O)[C@@H]1O,JKEKHMHZOGHMCB-QRIDJOKKSA-N,C1CCC2C(C1)CCC2C1CCCC1,10.1016/j.bmcl.2006.01.110,16487705,1,False,True,pending_dual_review,quarantined_before_evidence_review,generic_scaffold_overlaps_model_selection
BDB-50182976,50182976,CCNC(=O)[C@H]1O[C@@H](n2cnc3c(NCC)nc(C#CC(O)c4ccccc4[N+](=O)[O-])nc32)[C@H](O)[C@@H]1O,KGJGOXOKAVSJGV-PCUSSDDASA-N,C1CCC(CCCC2CCC3CCC(C4CCCC4)C3C2)CC1,10.1016/j.bmcl.2006.01.110,16487705,1,False,True,pending_dual_review,quarantined_before_evidence_review,generic_scaffold_overlaps_model_selection
BDB-50182977,50182977,CCNC(=O)[C@H]1O[C@@H](n2cnc3c(NCC)nc(C#CCCCCO)nc32)[C@H](O)[C@@H]1O,MXKGVBYJIUTPDZ-KSVNGYGVSA-N,C1CCC2C(C1)CCC2C1CCCC1,10.1016/j.bmcl.2006.01.110,16487705,1,False,True,pending_dual_review,quarantined_before_evidence_review,generic_scaffold_overlaps_model_selection
BDB-50182978,50182978,CCNC(=O)[C@H]1O[C@@H](n2cnc3c(NCC)nc(C#C[C@@H](C)O)nc32)[C@H](O)[C@@H]1O,CFAZRMAXEYJQGT-MWEFJKQRSA-N,C1CCC2C(C1)CCC2C1CCCC1,10.1016/j.bmcl.2006.01.110,16487705,1,False,True,pending_dual_review,quarantined_before_evidence_review,generic_scaffold_overlaps_model_selection
BDB-50182979,50182979,CCNC(=O)[C@H]1O[C@@H](n2cnc3c(NCC)nc(C#CC(O)c4cccc(C(=O)OC)c4)nc32)[C@H](O)[C@@H]1O,QHIQMROZSSKKAH-NICAYJAGSA-N,C1CCC(CCCC2CCC3CCC(C4CCCC4)C3C2)CC1,10.1016/j.bmcl.2006.01.110,16487705,1,False,True,pending_dual_review,quarantined_before_evidence_review,generic_scaffold_overlaps_model_selection
BDB-50182980,50182980,CCNC(=O)[C@H]1O[C@@H](n2cnc3c(NCC)nc(C#CC(O)c4ccccc4OC)nc32)[C@H](O)[C@@H]1O,QQFDLSRUWARKPH-RZNSVPNRSA-N,C1CCC(CCCC2CCC3CCC(C4CCCC4)C3C2)CC1,10.1016/j.bmcl.2006.01.110,16487705,1,False,True,pending_dual_review,quarantined_before_evidence_review,generic_scaffold_overlaps_model_selection
BDB-50182981,50182981,CCNC(=O)[C@H]1O[C@@H](n2cnc3c(NCC)nc(C#CCc4ccccc4)nc32)[C@H](O)[C@@H]1O,QXYKBAKDCVFRMY-QPXQOZNCSA-N,C1CCC(CCCC2CCC3CCC(C4CCCC4)C3C2)CC1,10.1016/j.bmcl.2006.01.110,16487705,1,False,True,pending_dual_review,quarantined_before_evidence_review,generic_scaffold_overlaps_model_selection
BDB-50182983,50182983,CCCCCCC#Cc1nc(NCC)c2ncn([C@@H]3O[C@H](C(=O)NCC)[C@@H](O)[C@H]3O)c2n1,QNESXYLBXDJMGN-RQXXJAGISA-N,C1CCC2C(C1)CCC2C1CCCC1,10.1016/j.bmcl.2006.01.110,16487705,1,False,True,pending_dual_review,quarantined_before_evidence_review,generic_scaffold_overlaps_model_selection
BDB-50182984,50182984,CCNC(=O)[C@H]1O[C@@H](n2cnc3c(NCC)nc(C#CCCO)nc32)[C@H](O)[C@@H]1O,ZKQWLDZBJGNXHZ-MOROJQBDSA-N,C1CCC2C(C1)CCC2C1CCCC1,10.1016/j.bmcl.2006.01.110,16487705,1,False,True,pending_dual_review,quarantined_before_evidence_review,generic_scaffold_overlaps_model_selection
BDB-50182988,50182988,CCNC(=O)[C@H]1O[C@@H](n2cnc3c(NCC)nc(C#C[C@H](C)O)nc32)[C@H](O)[C@@H]1O,CFAZRMAXEYJQGT-JPLXVROMSA-N,C1CCC2C(C1)CCC2C1CCCC1,10.1016/j.bmcl.2006.01.110,16487705,1,False,True,pending_dual_review,quarantined_before_evidence_review,generic_scaffold_overlaps_model_selection
BDB-50185934,50185934,NNC(=O)[C@H]1O[C@@H](n2cnc3c(N)ncnc32)[C@H](O)[C@@H]1O,DBXIKHHFPUCMQL-LKCKTBJASA-N,C1CCC2C(C1)CCC2C1CCCC1,10.1016/j.chembiol.2004.12.010,15734651,5,False,True,pending_dual_review,quarantined_before_evidence_review,generic_scaffold_overlaps_model_selection
BDB-50187584,50187584,CCCCn1c(=O)c2c(nc3n2CCCN3c2ccc(OCCN(CC)CC)cc2)n(CCCC)c1=O,JSUVPCPAVPGBBK-UHFFFAOYSA-N,CC1CC(C)C2C(C1)CC1C(C3CCCCC3)CCCC12,10.1016/j.bmc.2016.07.028,27485602,1,False,True,pending_dual_review,quarantined_before_evidence_review,generic_scaffold_overlaps_model_selection
BDB-50187587,50187587,CCCCn1c(=O)c2c(nc3n2CCCN3c2ccc(OCCN(C)C)cc2)n(CCCC)c1=O,KKTVRWXNIYLETN-UHFFFAOYSA-N,CC1CC(C)C2C(C1)CC1C(C3CCCCC3)CCCC12,10.1016/j.bmc.2016.07.028,27485602,1,False,True,pending_dual_review,quarantined_before_evidence_review,generic_scaffold_overlaps_model_selection
BDB-50187589,50187589,CCN(CC)CCOc1ccc(CCN2CCCn3c2nc2c3c(=O)n(C)c(=O)n2C)cc1,LKZCACKRMPMZHI-UHFFFAOYSA-N,CC1CC(C)C2C(C1)CC1C(CCC3CCCCC3)CCCC12,10.1016/j.bmc.2016.07.028,27485602,1,True,True,pending_dual_review,quarantined_before_evidence_review,exact_structure_previously_visible|generic_scaffold_overlaps_model_selection
BDB-50187590,50187590,CCn1c(=O)c2c(nc3n2CCCN3CCc2ccc(O)cc2)n(CC)c1=O,ZHLYQXBGJXSGGA-UHFFFAOYSA-N,CC1CC(C)C2C(C1)CC1C(CCC3CCCCC3)CCCC12,10.1016/j.bmc.2016.07.028,27485602,1,False,True,pending_dual_review,quarantined_before_evidence_review,generic_scaffold_overlaps_model_selection
BDB-50187591,50187591,CCCCn1c(=O)c2c(nc3n2CCCN3CCc2ccc(OCCN(CC)CC)cc2)n(CCCC)c1=O,PCGDFXCJWKWRNP-UHFFFAOYSA-N,CC1CC(C)C2C(C1)CC1C(CCC3CCCCC3)CCCC12,10.1016/j.bmc.2016.07.028,27485602,1,False,True,pending_dual_review,quarantined_before_evidence_review,generic_scaffold_overlaps_model_selection
BDB-50188562,50188562,CCCn1c(=O)c2[nH]c(-c3cn[nH]c3)nc2n(CCC)c1=O,FJOWCRNUYDSBQY-UHFFFAOYSA-N,CC1CC(C)C2CC(C3CCCC3)CC2C1,10.1021/jm051268+,16759111,1,False,True,pending_dual_review,quarantined_before_evidence_review,generic_scaffold_overlaps_model_selection
BDB-50188569,50188569,CCCn1c(=O)c2[nH]c(-c3cnn(Cc4cc(C(F)(F)F)ccc4Cl)c3)nc2n(CCC)c1=O,QUPSOSYMAZFQHU-UHFFFAOYSA-N,CC1CC(C)C2CC(C3CCC(CC4CCCCC4)C3)CC2C1,10.1016/j.ejmech.2010.04.039|10.1021/jm051268+,16759111|20537438,2,True,False,pending_dual_review,quarantined_before_evidence_review,exact_structure_previously_visible
BDB-50189050,50189050,c1ccc(Nc2nc3c(N4CCCC4)ncnc3s2)cc1,SEONSDFSIHPWGR-UHFFFAOYSA-N,C1CCC(CC2CC3CCCC(C4CCCC4)C3C2)CC1,10.1021/acs.jmedchem.6b00552,27227326,1,True,False,pending_dual_review,quarantined_before_evidence_review,exact_structure_previously_visible
BDB-50189051,50189051,OC[C@@H]1CCCN1c1ncnc2sc(Nc3ccccc3)nc12,LCWNMXKDPVGZGX-LBPRGKRZSA-N,C1CCC(CC2CC3CCCC(C4CCCC4)C3C2)CC1,10.1021/acs.jmedchem.6b00552,27227326|34695776,2,True,False,pending_dual_review,quarantined_before_evidence_review,exact_structure_previously_visible
BDB-50189052,50189052,Clc1ccc(Nc2nc3c(N4CCCC4)ncnc3s2)cc1,JZMYBXLGJITHJK-UHFFFAOYSA-N,C1CCC(CC2CC3CCCC(C4CCCC4)C3C2)CC1,10.1021/acs.jmedchem.6b00552,27227326,1,True,False,pending_dual_review,quarantined_before_evidence_review,exact_structure_previously_visible
BDB-50189053,50189053,OC[C@@H]1CCCN1c1ncnc2sc(Nc3ccc(Cl)cc3)nc12,OULZDKXPNGIVQB-LBPRGKRZSA-N,C1CCC(CC2CC3CCCC(C4CCCC4)C3C2)CC1,10.1021/acs.jmedchem.6b00552,27227326,1,True,False,pending_dual_review,quarantined_before_evidence_review,exact_structure_previously_visible
BDB-50189055,50189055,Cc1ccc(Nc2nc3c(N4CCCC4)ncnc3s2)cc1,OKEHJXSCMXPKEY-UHFFFAOYSA-N,C1CCC(CC2CC3CCCC(C4CCCC4)C3C2)CC1,10.1021/acs.jmedchem.6b00552,27227326,1,True,False,pending_dual_review,quarantined_before_evidence_review,exact_structure_previously_visible
BDB-50189056,50189056,Cc1ccc(Nc2nc3c(N4CCC[C@H]4CO)ncnc3s2)cc1,GCPLTYKAGFKTDB-ZDUSSCGKSA-N,C1CCC(CC2CC3CCCC(C4CCCC4)C3C2)CC1,10.1021/acs.jmedchem.6b00552,27227326,1,True,False,pending_dual_review,quarantined_before_evidence_review,exact_structure_previously_visible
BDB-50189058,50189058,Fc1cccc(F)c1Nc1nc2c(N3CCCC3)ncnc2s1,DCQGCLTWVCOPKL-UHFFFAOYSA-N,C1CCC(CC2CC3CCCC(C4CCCC4)C3C2)CC1,10.1021/acs.jmedchem.6b00552,27227326,1,True,False,pending_dual_review,quarantined_before_evidence_review,exact_structure_previously_visible
BDB-50189059,50189059,OC[C@@H]1CCCN1c1ncnc2sc(Nc3c(F)cccc3F)nc12,GNNWCSOWJARYCL-VIFPVBQESA-N,C1CCC(CC2CC3CCCC(C4CCCC4)C3C2)CC1,10.1021/acs.jmedchem.6b00552,27227326,1,True,False,pending_dual_review,quarantined_before_evidence_review,exact_structure_previously_visible
BDB-50189061,50189061,Clc1ccc(Nc2nc3c(N4CCCCC4)ncnc3s2)cc1,LRXPBLSCEQOYMN-UHFFFAOYSA-N,C1CCC(CC2CC3CCCC(C4CCCCC4)C3C2)CC1,10.1021/acs.jmedchem.6b00552,27227326,1,False,True,pending_dual_review,quarantined_before_evidence_review,generic_scaffold_overlaps_model_selection
BDB-50189091,50189091,COc1cc(Nc2nc3c(N4CCC[C@H]4CO)ncnc3s2)cc(OC)c1OC,FCQRAGAWNCOGCD-LBPRGKRZSA-N,C1CCC(CC2CC3CCCC(C4CCCC4)C3C2)CC1,10.1021/acs.jmedchem.6b00552,27227326,1,True,False,pending_dual_review,quarantined_before_evidence_review,exact_structure_previously_visible
BDB-50189092,50189092,c1ccc(Nc2nc3c(N4CCNCC4)ncnc3s2)cc1,UIOXTFHJUQBRAP-UHFFFAOYSA-N,C1CCC(CC2CC3CCCC(C4CCCCC4)C3C2)CC1,10.1021/acs.jmedchem.6b00552,27227326,1,False,True,pending_dual_review,quarantined_before_evidence_review,generic_scaffold_overlaps_model_selection
BDB-50189093,50189093,CCN1CCN(c2ncnc3sc(Nc4ccccc4)nc23)CC1,VUMXVAVTACGLEO-UHFFFAOYSA-N,C1CCC(CC2CC3CCCC(C4CCCCC4)C3C2)CC1,10.1021/acs.jmedchem.6b00552,27227326,1,False,True,pending_dual_review,quarantined_before_evidence_review,generic_scaffold_overlaps_model_selection
BDB-50189095,50189095,Clc1ccc(Nc2nc3c(N4CCOCC4)ncnc3s2)cc1,WYBMDGVKXNQXJD-UHFFFAOYSA-N,C1CCC(CC2CC3CCCC(C4CCCCC4)C3C2)CC1,10.1021/acs.jmedchem.6b00552,27227326,1,False,True,pending_dual_review,quarantined_before_evidence_review,generic_scaffold_overlaps_model_selection
BDB-50189096,50189096,CN1CCN(c2ncnc3sc(Nc4ccccc4)nc23)CC1,VSBQTUMBNUNEDL-UHFFFAOYSA-N,C1CCC(CC2CC3CCCC(C4CCCCC4)C3C2)CC1,10.1021/acs.jmedchem.6b00552,27227326,1,False,True,pending_dual_review,quarantined_before_evidence_review,generic_scaffold_overlaps_model_selection
BDB-50189097,50189097,OC[C@@H]1CCCN1c1ncnc2sc(Nc3cccc(Br)c3)nc12,MFGADMHJBQHFPU-LBPRGKRZSA-N,C1CCC(CC2CC3CCCC(C4CCCC4)C3C2)CC1,10.1021/acs.jmedchem.6b00552,27227326|34695776,2,True,False,pending_dual_review,quarantined_before_evidence_review,exact_structure_previously_visible
BDB-50189099,50189099,COc1cc(Nc2nc3c(N4CCCC4)ncnc3s2)cc(OC)c1OC,NICBIAZGYVMWPV-UHFFFAOYSA-N,C1CCC(CC2CC3CCCC(C4CCCC4)C3C2)CC1,10.1021/acs.jmedchem.6b00552,27227326,1,True,False,pending_dual_review,quarantined_before_evidence_review,exact_structure_previously_visible
BDB-50189102,50189102,O=C(Nc1nc2c(Cl)ncnc2s1)c1ccccc1,UMGRVNKOCAXERC-UHFFFAOYSA-N,CC(CC1CC2CCCCC2C1)C1CCCCC1,10.1021/acs.jmedchem.6b00552,27227326,1,False,True,pending_dual_review,quarantined_before_evidence_review,generic_scaffold_overlaps_model_selection
BDB-50189103,50189103,c1ccc(Nc2nc3c(N4CCOCC4)ncnc3s2)cc1,FJTULRDAZPXBDV-UHFFFAOYSA-N,C1CCC(CC2CC3CCCC(C4CCCCC4)C3C2)CC1,10.1021/acs.jmedchem.6b00552,27227326,1,False,True,pending_dual_review,quarantined_before_evidence_review,generic_scaffold_overlaps_model_selection
BDB-50189104,50189104,Brc1cccc(Nc2nc3c(N4CCCC4)ncnc3s2)c1,YQTYPSIBGJUFHX-UHFFFAOYSA-N,C1CCC(CC2CC3CCCC(C4CCCC4)C3C2)CC1,10.1021/acs.jmedchem.6b00552,27227326,1,True,False,pending_dual_review,quarantined_before_evidence_review,exact_structure_previously_visible
BDB-50189119,50189119,c1ccc(Nc2nc3c(N4CCCCC4)ncnc3s2)cc1,JXYSIRCOMXVPIJ-UHFFFAOYSA-N,C1CCC(CC2CC3CCCC(C4CCCCC4)C3C2)CC1,10.1021/acs.jmedchem.6b00552,27227326,1,False,True,pending_dual_review,quarantined_before_evidence_review,generic_scaffold_overlaps_model_selection
BDB-50190706,50190706,CCCn1c(=O)[nH]c2nc(-c3ccc(S(=O)(=O)NCc4ccccc4)cc3)[nH]c2c1=O,MQFLPQUECNRXNT-UHFFFAOYSA-N,CC1CC(C)C2CC(C3CCC(C(C)(C)CCC4CCCCC4)CC3)CC2C1,10.1016/j.ejmech.2010.04.039|10.1021/jm060277v,16821798|20537438,2,True,False,pending_dual_review,quarantined_before_evidence_review,exact_structure_previously_visible
BDB-50190709,50190709,CCCn1c(=O)[nH]c2nc(-c3ccc(S(=O)(=O)N4CCN(Cc5ccccc5)CC4)cc3)[nH]c2c1=O,HHNGYTVWOXXKET-UHFFFAOYSA-N,CC1CC(C)C2CC(C3CCC(C(C)(C)C4CCC(CC5CCCCC5)CC4)CC3)CC2C1,10.1016/j.ejmech.2010.04.039|10.1021/jm060277v|10.1021/jm900413e,16821798|19569717|20537438,4,True,False,pending_dual_review,quarantined_before_evidence_review,exact_structure_previously_visible
BDB-50194813,50194813,Fc1ccc(CNc2nc(-c3cccs3)cc(C(F)(F)F)n2)cc1,PQDOHPTXMGWBDW-UHFFFAOYSA-N,C1CCC(CCC2CCCC(C3CCCC3)C2)CC1,10.1016/j.bmcl.2006.08.116,16971117,1,False,True,pending_dual_review,quarantined_before_evidence_review,generic_scaffold_overlaps_model_selection
BDB-50199268,50199268,CCCn1c(=O)c2[nH]c([C@]34CC[C@](/C=C/C(=O)O)(CC3)CC4)nc2n(CCC)c1=O,VPQZQQILWCCMPS-UYGKQXMSSA-N,CC1CC(C)C2CC(C34CCC(CC3)CC4)CC2C1,10.1021/jm0605381,17125264,1,False,True,pending_dual_review,quarantined_before_evidence_review,generic_scaffold_overlaps_model_selection
BDB-50199269,50199269,CCCn1c(=O)c2[nH]c([C@]34CC[C@](CCC(=O)O)(CC3)CC4)nc2n(CCC)c1=O,ZWTVVWUOTJRXKM-HZCBDIJESA-N,CC1CC(C)C2CC(C34CCC(CC3)CC4)CC2C1,10.1021/jm0605381,17125264,1,False,True,pending_dual_review,quarantined_before_evidence_review,generic_scaffold_overlaps_model_selection
BDB-50199272,50199272,CCCn1c(=O)c2[nH]c([C@]34CC[C@](C(=O)NCCN(C)C)(CC3)CC4)nc2n(CCC)c1=O,VUNOGVXKRYEQTC-PSWAGMNNSA-N,CC1CC(C)C2CC(C34CCC(CC3)CC4)CC2C1,10.1021/jm0605381,17125264,1,False,True,pending_dual_review,quarantined_before_evidence_review,generic_scaffold_overlaps_model_selection
BDB-50199273,50199273,CCCn1c(=O)c2[nH]c([C@]34CC[C@](C(=O)NCC(=O)O)(CC3)CC4)nc2n(CCC)c1=O,CSJZKKRAYVYQCY-SZPZYZBQSA-N,CC1CC(C)C2CC(C34CCC(CC3)CC4)CC2C1,10.1021/jm0605381,17125264,1,False,True,pending_dual_review,quarantined_before_evidence_review,generic_scaffold_overlaps_model_selection
BDB-50199280,50199280,CCCn1c(=O)c2[nH]c([C@]34CC[C@](C(=O)NCC(=O)OC)(CC3)CC4)nc2n(CCC)c1=O,ZAPNHSIRIXRZCP-ZRZAMGCNSA-N,CC1CC(C)C2CC(C34CCC(CC3)CC4)CC2C1,10.1021/jm0605381,17125264,1,False,True,pending_dual_review,quarantined_before_evidence_review,generic_scaffold_overlaps_model_selection
BDB-50199281,50199281,CCCn1c(=O)c2nc([C@]34CC[C@](CO)(CC3)CC4)[nH]c2n(CCC)c1=O,VXNGWYZIFXWTDN-BGYRXZFFSA-N,CC1CC(C)C2CC(C34CCC(CC3)CC4)CC2C1,10.1021/jm0605381,17125264,1,False,True,pending_dual_review,quarantined_before_evidence_review,generic_scaffold_overlaps_model_selection
BDB-50199282,50199282,CCCn1c(=O)c2[nH]c([C@]34CC[C@](C(=O)NCCC(=O)OC)(CC3)CC4)nc2n(CCC)c1=O,GTUOMXJRILRSTH-PSWAGMNNSA-N,CC1CC(C)C2CC(C34CCC(CC3)CC4)CC2C1,10.1021/jm0605381,17125264,1,False,True,pending_dual_review,quarantined_before_evidence_review,generic_scaffold_overlaps_model_selection
BDB-50199284,50199284,CCCn1c(=O)c2[nH]c([C@]34CC[C@](C(=O)O)(CC3)CC4)nc2n(CCC)c1=O,ULGKOBWVPCWKOE-BGYRXZFFSA-N,CC1CC(C)C2CC(C34CCC(CC3)CC4)CC2C1,10.1021/jm0605381,17125264,1,False,True,pending_dual_review,quarantined_before_evidence_review,generic_scaffold_overlaps_model_selection
BDB-50199285,50199285,CCCn1c(=O)c2[nH]c([C@]34CC[C@](C(=O)OC)(CC3)CC4)nc2n(CCC)c1=O,UOSPNRSEBOMLKH-OYRHEFFESA-N,CC1CC(C)C2CC(C34CCC(CC3)CC4)CC2C1,10.1021/jm0605381,17125264,1,False,True,pending_dual_review,quarantined_before_evidence_review,generic_scaffold_overlaps_model_selection
BDB-50199286,50199286,CCCn1c(=O)c2nc([C@]34CC[C@](C=O)(CC3)CC4)[nH]c2n(CCC)c1=O,SQUUDKCIIGURPO-BGYRXZFFSA-N,CC1CC(C)C2CC(C34CCC(CC3)CC4)CC2C1,10.1021/jm0605381,17125264,1,False,True,pending_dual_review,quarantined_before_evidence_review,generic_scaffold_overlaps_model_selection
BDB-50199293,50199293,CCCn1c(=O)c2nc(C34CCC(CCC(=O)O)(CC3)CC4)[nH]c2n(CCC)c1=O,ZWTVVWUOTJRXKM-UHFFFAOYSA-N,CC1CC(C)C2CC(C34CCC(CC3)CC4)CC2C1,10.1016/j.bmc.2010.01.072|10.1021/jm060539t,17125265|20188574,2,False,True,pending_dual_review,quarantined_before_evidence_review,generic_scaffold_overlaps_model_selection
BDB-50199303,50199303,CCCn1c(=O)c2[nH]c(C34CCC(O)(CC3)CC4)nc2n(CCC)c1=O,JMEHHVKPUQMNOZ-UHFFFAOYSA-N,CC1CC(C)C2CC(C34CCC(CC3)CC4)CC2C1,10.1021/jm060539t,17125265,1,False,True,pending_dual_review,quarantined_before_evidence_review,generic_scaffold_overlaps_model_selection
BDB-50199967,50199967,COc1ccc(Cl)c(CNc2nc(N=[N+]=[N-])nc3c2ncn3[C@@H]2O[C@H](CO)[C@@H](O)[C@H]2O)c1,XAQXKAIELUTQQX-LSCFUAHRSA-N,C1CCC(CCC2CCCC3C(C4CCCC4)CCC23)CC1,10.1021/jm0608208,17149867,1,False,True,pending_dual_review,quarantined_before_evidence_review,generic_scaffold_overlaps_model_selection
BDB-50202765,50202765,Nc1nc2c(ncn2Cc2ccccc2Cl)c2nc(-c3ccco3)nn12,HZVIDEOYIWWZEF-UHFFFAOYSA-N,C1CCC(CC2CCC3C2CCC2CC(C4CCCC4)CC23)CC1,10.1016/j.bmcl.2006.12.104,17234414,1,True,False,pending_dual_review,quarantined_before_evidence_review,exact_structure_previously_visible
BDB-50202766,50202766,Nc1nc2c(ncn2CCN2CCC(c3ccc(F)cc3)CC2)c2nc(-c3ccco3)nn12,ZBTZVICVXHBEBE-UHFFFAOYSA-N,C1CCC(C2CCC(CCC3CCC4C3CCC3CC(C5CCCC5)CC34)CC2)CC1,10.1016/j.bmcl.2006.12.104,17234414,1,True,False,pending_dual_review,quarantined_before_evidence_review,exact_structure_previously_visible
BDB-50202767,50202767,Cc1ccc(N2CCN(CCn3cnc4c3nc(N)n3nc(-c5ccco5)nc43)CC2)nc1,NLXPCWCXVPCKFR-UHFFFAOYSA-N,C1CCC(C2CCC(CCC3CCC4C3CCC3CC(C5CCCC5)CC34)CC2)CC1,10.1016/j.bmcl.2006.12.104,17234414,1,True,False,pending_dual_review,quarantined_before_evidence_review,exact_structure_previously_visible
BDB-50202768,50202768,COCCOc1ccc(N2CCN(CCn3cnc4c3nc(N)n3nc(-c5cccc(F)c5)nc43)CC2)cc1,QYRBEBQGYZLZSJ-UHFFFAOYSA-N,C1CCC(C2CCC(CCC3CCC4C3CCC3CC(C5CCCCC5)CC34)CC2)CC1,10.1016/j.bmcl.2006.12.104,17234414,1,True,False,pending_dual_review,quarantined_before_evidence_review,exact_structure_previously_visible
BDB-50202769,50202769,COCCOc1ccc(N2CCN(CCn3cnc4c3nc(N)n3nc(-c5ccco5)nc43)CC2)c(F)c1,BLXXHMCVQQAEGX-UHFFFAOYSA-N,C1CCC(C2CCC(CCC3CCC4C3CCC3CC(C5CCCC5)CC34)CC2)CC1,10.1016/j.bmcl.2006.12.104,17234414,1,True,False,pending_dual_review,quarantined_before_evidence_review,exact_structure_previously_visible
BDB-50202770,50202770,COCCOc1ccc(N2CCN(CCn3cnc4c3nc(N)n3nc(-c5ccccn5)nc43)CC2)cc1,QWAQFKPHWVBFHJ-UHFFFAOYSA-N,C1CCC(C2CCC(CCC3CCC4C3CCC3CC(C5CCCCC5)CC34)CC2)CC1,10.1016/j.bmcl.2006.12.104|10.1021/jm4011669,17234414|24164628,2,True,False,pending_dual_review,quarantined_before_evidence_review,exact_structure_previously_visible
BDB-50202771,50202771,COCCOc1ccc(N2CCN(CCn3cnc4c3nc(N)n3nc(-c5ccco5)nc43)CC2)c(C(F)(F)F)c1,CEVZLVZUVYOURC-UHFFFAOYSA-N,C1CCC(C2CCC(CCC3CCC4C3CCC3CC(C5CCCC5)CC34)CC2)CC1,10.1016/j.bmcl.2006.12.104,17234414,1,True,False,pending_dual_review,quarantined_before_evidence_review,exact_structure_previously_visible
BDB-50202772,50202772,Nc1nc2c(ncn2Cc2ccccc2)c2nc(-c3ccco3)nn12,IRUAHNMKFLMQBX-UHFFFAOYSA-N,C1CCC(CC2CCC3C2CCC2CC(C4CCCC4)CC23)CC1,10.1016/j.bmcl.2006.12.104,17234414,1,True,False,pending_dual_review,quarantined_before_evidence_review,exact_structure_previously_visible
BDB-50202773,50202773,COCCOc1ccc(N2CCN(CCn3cnc4c3nc(N)n3nc(-c5ccco5)nc43)CC2)cc1,XKKWPFKDCSUYBS-UHFFFAOYSA-N,C1CCC(C2CCC(CCC3CCC4C3CCC3CC(C5CCCC5)CC34)CC2)CC1,10.1016/j.bmcl.2006.12.104|10.1021/jm4011669,17234414|24164628,2,True,False,pending_dual_review,quarantined_before_evidence_review,exact_structure_previously_visible
BDB-50202774,50202774,Nc1nc2c(ncn2Cc2ccccc2Br)c2nc(-c3ccco3)nn12,VHGZEDINSGODRM-UHFFFAOYSA-N,C1CCC(CC2CCC3C2CCC2CC(C4CCCC4)CC23)CC1,10.1016/j.bmcl.2006.12.104,17234414,1,True,False,pending_dual_review,quarantined_before_evidence_review,exact_structure_previously_visible
BDB-50202775,50202775,COc1ccc(N2CCN(CCn3cnc4c3nc(N)n3nc(-c5ccco5)nc43)CC2)cc1,NDAJDUOUMGSWSD-UHFFFAOYSA-N,C1CCC(C2CCC(CCC3CCC4C3CCC3CC(C5CCCC5)CC34)CC2)CC1,10.1016/j.bmcl.2006.12.104|10.1021/jm701594y,17234414|18637670,2,True,False,pending_dual_review,quarantined_before_evidence_review,exact_structure_previously_visible
BDB-50202776,50202776,Nc1nc2c(ncn2Cc2ccccc2C(F)(F)F)c2nc(-c3ccco3)nn12,KCXCGYNVNMJBKH-UHFFFAOYSA-N,C1CCC(CC2CCC3C2CCC2CC(C4CCCC4)CC23)CC1,10.1016/j.bmcl.2006.12.104,17234414,1,True,False,pending_dual_review,quarantined_before_evidence_review,exact_structure_previously_visible
BDB-50202777,50202777,Nc1nc2c(ncn2CCN2CCN(c3ccc(Cl)cc3F)CC2)c2nc(-c3ccco3)nn12,QMYWODARURPRIB-UHFFFAOYSA-N,C1CCC(C2CCC(CCC3CCC4C3CCC3CC(C5CCCC5)CC34)CC2)CC1,10.1016/j.bmcl.2006.12.104,17234414,1,True,False,pending_dual_review,quarantined_before_evidence_review,exact_structure_previously_visible
BDB-50202778,50202778,COCCOc1ccc(N2CCN(CCn3cnc4c3nc(N)n3nc(-c5cccc[n+]5[O-])nc43)CC2)cc1,SOIBSPQXUKWZQX-UHFFFAOYSA-N,C1CCC(C2CCC(CCC3CCC4C3CCC3CC(C5CCCCC5)CC34)CC2)CC1,10.1016/j.bmcl.2006.12.104,17234414,1,True,False,pending_dual_review,quarantined_before_evidence_review,exact_structure_previously_visible
BDB-50202779,50202779,Nc1nc2c(ncn2CCN2CCN(c3ccc(F)cc3F)CC2)c2nc(-c3ccco3)nn12,MQXFTELFQRLRDK-UHFFFAOYSA-N,C1CCC(C2CCC(CCC3CCC4C3CCC3CC(C5CCCC5)CC34)CC2)CC1,10.1016/j.bmcl.2006.12.104,17234414,1,True,False,pending_dual_review,quarantined_before_evidence_review,exact_structure_previously_visible
BDB-50202780,50202780,CCCn1cnc2c1nc(N)n1nc(-c3ccco3)nc21,NPTQSYGGTNAYGX-UHFFFAOYSA-N,C1CCC(C2CC3CCC4CCCC4C3C2)C1,10.1016/j.bmcl.2006.12.104,17234414,1,True,False,pending_dual_review,quarantined_before_evidence_review,exact_structure_previously_visible
BDB-50202781,50202781,COCCOc1ccc(N2CCN(CCn3cnc4c3nc(N)n3nc(-c5ccccc5C)nc43)CC2)cc1,BQHPBUSZQSIUPM-UHFFFAOYSA-N,C1CCC(C2CCC(CCC3CCC4C3CCC3CC(C5CCCCC5)CC34)CC2)CC1,10.1016/j.bmcl.2006.12.104,17234414,1,True,False,pending_dual_review,quarantined_before_evidence_review,exact_structure_previously_visible
BDB-50202782,50202782,Nc1nc2c(ncn2CCN2CCN(c3nccs3)CC2)c2nc(-c3ccco3)nn12,HMJRGPIJKOXUBT-UHFFFAOYSA-N,C1CCC(C2CCC(CCC3CCC4C3CCC3CC(C5CCCC5)CC34)CC2)C1,10.1016/j.bmcl.2006.12.104,17234414,1,True,False,pending_dual_review,quarantined_before_evidence_review,exact_structure_previously_visible
BDB-50202783,50202783,Nc1nc2c(ncn2CCN2CCN(c3ccc(Cl)cn3)CC2)c2nc(-c3ccco3)nn12,AJXQVNAXZUVYGP-UHFFFAOYSA-N,C1CCC(C2CCC(CCC3CCC4C3CCC3CC(C5CCCC5)CC34)CC2)CC1,10.1016/j.bmcl.2006.12.104,17234414,1,True,False,pending_dual_review,quarantined_before_evidence_review,exact_structure_previously_visible
BDB-50202784,50202784,Nc1nc2c(ncn2CCc2ccccc2)c2nc(-c3ccco3)nn12,RHBOBDSHEUCLNL-UHFFFAOYSA-N,C1CCC(CCC2CCC3C2CCC2CC(C4CCCC4)CC23)CC1,10.1016/j.bmcl.2006.12.104,17234414,1,True,True,pending_dual_review,quarantined_before_evidence_review,exact_structure_previously_visible|generic_scaffold_overlaps_model_selection
BDB-50202785,50202785,COCCOc1ccc(N2CCN(CCn3cnc4c3nc(N)n3nc(-c5ccccc5)nc43)CC2)cc1,UMITUBMNAWNEIW-UHFFFAOYSA-N,C1CCC(C2CCC(CCC3CCC4C3CCC3CC(C5CCCCC5)CC34)CC2)CC1,10.1016/j.bmcl.2006.12.104,17234414,1,True,False,pending_dual_review,quarantined_before_evidence_review,exact_structure_previously_visible
BDB-50202786,50202786,Nc1nc2c(ncn2CCN2CCOCC2)c2nc(-c3ccco3)nn12,IUKNUYWUAJOQQH-UHFFFAOYSA-N,C1CCC(CCC2CCC3C2CCC2CC(C4CCCC4)CC23)CC1,10.1016/j.bmcl.2006.12.104,17234414,1,True,True,pending_dual_review,quarantined_before_evidence_review,exact_structure_previously_visible|generic_scaffold_overlaps_model_selection
BDB-50202787,50202787,Nc1nc2c(ncn2CCN2CCN(c3ccccc3)CC2)c2nc(-c3ccco3)nn12,QHNCBTPYZDQNIK-UHFFFAOYSA-N,C1CCC(C2CCC(CCC3CCC4C3CCC3CC(C5CCCC5)CC34)CC2)CC1,10.1016/j.bmcl.2006.12.104,17234414,1,True,False,pending_dual_review,quarantined_before_evidence_review,exact_structure_previously_visible
BDB-50202788,50202788,Nc1nc2c(ncn2CCN2CCN(c3cccc(Cl)c3)CC2)c2nc(-c3ccco3)nn12,QNUWHFYXSBOSBN-UHFFFAOYSA-N,C1CCC(C2CCC(CCC3CCC4C3CCC3CC(C5CCCC5)CC34)CC2)CC1,10.1016/j.bmcl.2006.12.104,17234414,1,True,False,pending_dual_review,quarantined_before_evidence_review,exact_structure_previously_visible
BDB-50202789,50202789,Nc1nc2c(ncn2CCN2CCN(c3ncc(F)cn3)CC2)c2nc(-c3ccco3)nn12,PVKNTWSESSTNDD-UHFFFAOYSA-N,C1CCC(C2CCC(CCC3CCC4C3CCC3CC(C5CCCC5)CC34)CC2)CC1,10.1016/j.bmcl.2006.12.104,17234414,1,True,False,pending_dual_review,quarantined_before_evidence_review,exact_structure_previously_visible
BDB-50202790,50202790,COCCOc1ccc(C2CCN(CCn3cnc4c3nc(N)n3nc(-c5ccco5)nc43)CC2)cc1,HYPCCOLGSMPPRJ-UHFFFAOYSA-N,C1CCC(C2CCC(CCC3CCC4C3CCC3CC(C5CCCC5)CC34)CC2)CC1,10.1016/j.bmcl.2006.12.104,17234414,1,True,False,pending_dual_review,quarantined_before_evidence_review,exact_structure_previously_visible
BDB-50202791,50202791,COCCOc1ccc(N2CCN(CCn3cnc4c3nc(N)n3nc(-c5ccccc5C(F)(F)F)nc43)CC2)cc1,KHLKCNXWKPQJLX-UHFFFAOYSA-N,C1CCC(C2CCC(CCC3CCC4C3CCC3CC(C5CCCCC5)CC34)CC2)CC1,10.1016/j.bmcl.2006.12.104,17234414,1,True,False,pending_dual_review,quarantined_before_evidence_review,exact_structure_previously_visible
BDB-50202792,50202792,COCCOc1ccc(N2CCN(CCn3cnc4c3nc(N)n3nc(-c5ccccc5F)nc43)CC2)cc1,WIRAZXXWUFPWFL-UHFFFAOYSA-N,C1CCC(C2CCC(CCC3CCC4C3CCC3CC(C5CCCCC5)CC34)CC2)CC1,10.1016/j.bmcl.2006.12.104,17234414,1,True,False,pending_dual_review,quarantined_before_evidence_review,exact_structure_previously_visible
BDB-50202986,50202986,COCCOc1ccc(N2CCN(CCn3ncc4c3nc(N)n3nc(-c5ccco5)nc43)CC2)cc1,DTYWJKSSUANMHD-UHFFFAOYSA-N,C1CCC(C2CCC(CCC3CCC4C3CCC3CC(C5CCCC5)CC34)CC2)CC1,10.1016/j.bmcl.2006.11.083|10.1016/j.bmcl.2010.06.138|10.1016/j.bmcl.2013.11.051|10.1016/j.ejmech.2017.12.007|10.1021/acs.jmedchem.0c00237|10.1021/acs.jmedchem.0c00914|10.1021/jm1008659|10.1021/jm2003798|10.1021/jm400336x|10.1021/jm4011669,17236762|20659802|21210664|21661720|23631427|24164628|24332624|29268131|32667814|34107215|34695776|35933788,14,True,False,pending_dual_review,quarantined_before_evidence_review,exact_structure_previously_visible
BDB-50205699,50205699,CCNC(=O)[C@H]1O[C@@H](n2cnc3c(NOC)nc(I)nc32)[C@H](O)[C@@H]1O,FNIYVUQSPPYXFQ-FLNNQWSLSA-N,C1CCC2C(C1)CCC2C1CCCC1,10.1021/jm060963u,17309246,1,False,True,pending_dual_review,quarantined_before_evidence_review,generic_scaffold_overlaps_model_selection
BDB-50205703,50205703,CONc1nc(C#CCC(C)O)nc2c1ncn2[C@@H]1O[C@H](CO)[C@@H](O)[C@H]1O,MVQXWIPZMVHVNF-WTBWQYLWSA-N,C1CCC2C(C1)CCC2C1CCCC1,10.1021/jm060963u,17309246,1,False,True,pending_dual_review,quarantined_before_evidence_review,generic_scaffold_overlaps_model_selection
BDB-50205705,50205705,CCNC(=O)[C@H]1O[C@@H](n2cnc3c(N)nc(C#Cc4ccccc4)nc32)[C@H](O)[C@@H]1O,SWXXHYTUMIMRFO-KSVNGYGVSA-N,C1CCC(CCC2CCC3CCC(C4CCCC4)C3C2)CC1,10.1021/jm060963u,17309246,1,True,False,pending_dual_review,quarantined_before_evidence_review,exact_structure_previously_visible
BDB-50205706,50205706,CONc1nc(I)nc2c1ncn2[C@@H]1O[C@H](CO)[C@@H](O)[C@H]1O,GNNGFDUNVSCVFX-KQYNXXCUSA-N,C1CCC2C(C1)CCC2C1CCCC1,10.1021/jm060963u,17309246,1,False,True,pending_dual_review,quarantined_before_evidence_review,generic_scaffold_overlaps_model_selection
BDB-50205715,50205715,C#Cc1nc(NOC)c2ncn([C@@H]3O[C@H](CO)[C@@H](O)[C@H]3O)c2n1,DPDYWTZJFUXIEE-ZRFIDHNTSA-N,C1CCC2C(C1)CCC2C1CCCC1,10.1021/jm060963u,17309246,1,False,True,pending_dual_review,quarantined_before_evidence_review,generic_scaffold_overlaps_model_selection
BDB-50205717,50205717,CNC(=O)[C@H]1O[C@@H](n2cnc3c(NOC)nc(I)nc32)[C@H](O)[C@@H]1O,CFLPMOKMCILRSV-QMWPFBOUSA-N,C1CCC2C(C1)CCC2C1CCCC1,10.1021/jm060963u,17309246,1,False,True,pending_dual_review,quarantined_before_evidence_review,generic_scaffold_overlaps_model_selection
BDB-50205719,50205719,CCCCC#Cc1nc(NOC)c2ncn([C@@H]3O[C@H](CO)[C@@H](O)[C@H]3O)c2n1,NIZLYCJGSQRCLN-IWCJZZDYSA-N,C1CCC2C(C1)CCC2C1CCCC1,10.1021/jm060963u,17309246,1,False,True,pending_dual_review,quarantined_before_evidence_review,generic_scaffold_overlaps_model_selection
BDB-50205724,50205724,CONc1nc(C#C[Si](C)(C)C)nc2c1ncn2[C@@H]1O[C@H](CO)[C@@H](O)[C@H]1O,UOJJCTHGWLSJEL-RVXWVPLUSA-N,C1CCC2C(C1)CCC2C1CCCC1,10.1021/jm060963u,17309246,1,False,True,pending_dual_review,quarantined_before_evidence_review,generic_scaffold_overlaps_model_selection
BDB-50205730,50205730,CONc1nc(C#CCCCC#N)nc2c1ncn2[C@@H]1O[C@H](CO)[C@@H](O)[C@H]1O,SNWMEUXNYSKHNP-IWCJZZDYSA-N,C1CCC2C(C1)CCC2C1CCCC1,10.1021/jm060963u,17309246,1,False,True,pending_dual_review,quarantined_before_evidence_review,generic_scaffold_overlaps_model_selection
BDB-50207816,50207816,CCCn1c(=O)c2[nH]c(-c3ccc(OCC(=O)NCCN)cc3)nc2n(CCC)c1=O,FIQGIOAELHTLHM-UHFFFAOYSA-N,CC1CC(C)C2CC(C3CCCCC3)CC2C1,10.1007/bf00165806|10.1007/pl00005131|10.1021/acs.jmedchem.1c01636|10.1021/acsmedchemlett.1c00598|10.1021/acsmedchemlett.7b00138|10.1021/jm00147a038|10.1021/jm2003798|10.1021/jm970084v|10.1021/jm990321p|10.1021/jm990421v,10737749|10956189|21661720|2825043|28626529|2993622|35068155|35178181|9258366|9459566,12,True,False,pending_dual_review,quarantined_before_evidence_review,exact_structure_previously_visible
BDB-50208782,50208782,Nc1nc(OCCc2c[nH]c3ccc(Cl)cc23)nc2c1ncn2[C@@H]1O[C@H](CO)[C@@H](O)[C@H]1O,RBLGZQGAVZQMSY-NVQRDWNXSA-N,C1CCC2C(C1)CCC2CCCC1CCC2CCC(C3CCCC3)C2C1,10.1021/jm061278q,17378544,1,False,True,pending_dual_review,quarantined_before_evidence_review,generic_scaffold_overlaps_model_selection
BDB-50208783,50208783,Nc1nc(OCCc2c[nH]c3ccc(Br)cc23)nc2c1ncn2[C@@H]1O[C@H](CO)[C@@H](O)[C@H]1O,ZUYSJPWNKBPSJB-NVQRDWNXSA-N,C1CCC2C(C1)CCC2CCCC1CCC2CCC(C3CCCC3)C2C1,10.1021/jm061278q,17378544,1,False,True,pending_dual_review,quarantined_before_evidence_review,generic_scaffold_overlaps_model_selection
BDB-50208785,50208785,Nc1nc(OCCc2c[nH]c3ccc(O)cc23)nc2c1ncn2[C@@H]1O[C@H](CO)[C@@H](O)[C@H]1O,CPKNPTKTLVLFFU-NVQRDWNXSA-N,C1CCC2C(C1)CCC2CCCC1CCC2CCC(C3CCCC3)C2C1,10.1021/jm061278q,17378544,1,False,True,pending_dual_review,quarantined_before_evidence_review,generic_scaffold_overlaps_model_selection
BDB-50208786,50208786,Nc1nc(OCCc2c[nH]c3cc(Cl)ccc23)nc2c1ncn2[C@@H]1O[C@H](CO)[C@@H](O)[C@H]1O,QEBJMUICJFPGLR-NVQRDWNXSA-N,C1CCC2C(C1)CCC2CCCC1CCC2CCC(C3CCCC3)C2C1,10.1021/jm061278q,17378544,1,False,True,pending_dual_review,quarantined_before_evidence_review,generic_scaffold_overlaps_model_selection
BDB-50208787,50208787,Nc1nc(OCCc2ccc(F)cc2)nc2c1ncn2[C@@H]1O[C@H](CO)[C@@H](O)[C@H]1O,WJXSIJUIBOTFHQ-LSCFUAHRSA-N,C1CCC(CCCC2CCC3CCC(C4CCCC4)C3C2)CC1,10.1021/jm061278q,17378544,1,False,True,pending_dual_review,quarantined_before_evidence_review,generic_scaffold_overlaps_model_selection
BDB-50208788,50208788,Nc1nc(OCCc2ccccc2)nc2c1ncn2[C@@H]1O[C@H](CO)[C@@H](O)[C@H]1O,LNJMSJMYTVMMGS-LSCFUAHRSA-N,C1CCC(CCCC2CCC3CCC(C4CCCC4)C3C2)CC1,10.1021/jm061278q,17378544,1,False,True,pending_dual_review,quarantined_before_evidence_review,generic_scaffold_overlaps_model_selection
BDB-50208789,50208789,CCOc1nc(N)c2ncn([C@@H]3O[C@H](CO)[C@@H](O)[C@H]3O)c2n1,NFMJXEMKAVCGPF-IOSLPCCCSA-N,C1CCC2C(C1)CCC2C1CCCC1,10.1021/jm061278q,17378544,1,False,True,pending_dual_review,quarantined_before_evidence_review,generic_scaffold_overlaps_model_selection
BDB-50208791,50208791,Nc1nc(OCCc2c[nH]c3ccc(I)cc23)nc2c1ncn2[C@@H]1O[C@H](CO)[C@@H](O)[C@H]1O,RPHVWFYWABZLPJ-NVQRDWNXSA-N,C1CCC2C(C1)CCC2CCCC1CCC2CCC(C3CCCC3)C2C1,10.1021/jm061278q,17378544,1,False,True,pending_dual_review,quarantined_before_evidence_review,generic_scaffold_overlaps_model_selection
BDB-50208794,50208794,Nc1nc(OCCc2c[nH]c3cc(Br)ccc23)nc2c1ncn2[C@@H]1O[C@H](CO)[C@@H](O)[C@H]1O,OXLUZSPXALFOBX-NVQRDWNXSA-N,C1CCC2C(C1)CCC2CCCC1CCC2CCC(C3CCCC3)C2C1,10.1021/jm061278q,17378544,1,True,True,pending_dual_review,quarantined_before_evidence_review,exact_structure_previously_visible|generic_scaffold_overlaps_model_selection
BDB-50208796,50208796,COc1ccc2[nH]cc(CCOc3nc(N)c4ncn([C@@H]5O[C@H](CO)[C@@H](O)[C@H]5O)c4n3)c2c1,HIDGDYNRSPJOMR-WVSUBDOOSA-N,C1CCC2C(C1)CCC2CCCC1CCC2CCC(C3CCCC3)C2C1,10.1021/jm061278q,17378544,1,False,True,pending_dual_review,quarantined_before_evidence_review,generic_scaffold_overlaps_model_selection
BDB-50208797,50208797,Nc1nc(OCCc2c[nH]c3cccc(Br)c23)nc2c1ncn2[C@@H]1O[C@H](CO)[C@@H](O)[C@H]1O,GBCVNJCVWVIDED-BGIGGGFGSA-N,C1CCC2C(C1)CCC2CCCC1CCC2CCC(C3CCCC3)C2C1,10.1021/jm061278q,17378544,1,False,True,pending_dual_review,quarantined_before_evidence_review,generic_scaffold_overlaps_model_selection
BDB-50208798,50208798,Nc1nc(OCCc2ccccc2F)nc2c1ncn2[C@@H]1O[C@H](CO)[C@@H](O)[C@H]1O,HZNIOQJYVBRCCU-LSCFUAHRSA-N,C1CCC(CCCC2CCC3CCC(C4CCCC4)C3C2)CC1,10.1021/jm061278q,17378544,1,False,True,pending_dual_review,quarantined_before_evidence_review,generic_scaffold_overlaps_model_selection
BDB-50208799,50208799,Nc1nc(OCCc2cccc(F)c2)nc2c1ncn2[C@@H]1O[C@H](CO)[C@@H](O)[C@H]1O,VJSICGUJMFZSKL-LSCFUAHRSA-N,C1CCC(CCCC2CCC3CCC(C4CCCC4)C3C2)CC1,10.1021/jm061278q,17378544,1,False,True,pending_dual_review,quarantined_before_evidence_review,generic_scaffold_overlaps_model_selection
BDB-50208801,50208801,CCNC(=O)[C@H]1O[C@@H](n2cnc3c(N)nc(C#C[C@@H](O)c4ccccc4)nc32)[C@H](O)[C@@H]1O,WOAZCBPWCCREDO-UQDAOCEXSA-N,C1CCC(CCCC2CCC3CCC(C4CCCC4)C3C2)CC1,10.1007/s002109900044|10.1021/jm061278q,10494877|17378544,2,False,True,pending_dual_review,quarantined_before_evidence_review,generic_scaffold_overlaps_model_selection
BDB-50208804,50208804,Nc1nc(OCCc2c[nH]c3ccccc23)nc2c1ncn2[C@@H]1O[C@H](CO)[C@@H](O)[C@H]1O,UIPASAROPWUJRQ-NVQRDWNXSA-N,C1CCC2C(C1)CCC2CCCC1CCC2CCC(C3CCCC3)C2C1,10.1021/jm061278q,17378544,1,False,True,pending_dual_review,quarantined_before_evidence_review,generic_scaffold_overlaps_model_selection
BDB-50208807,50208807,CCNC(=O)[C@H]1O[C@@H](n2cnc3c(N)nc(OCCc4c[nH]c5ccccc45)nc32)[C@H](O)[C@@H]1O,LMJAPBLXLKIKOZ-GRXQJBFDSA-N,C1CCC2C(C1)CCC2CCCC1CCC2CCC(C3CCCC3)C2C1,10.1021/jm061278q,17378544,1,False,True,pending_dual_review,quarantined_before_evidence_review,generic_scaffold_overlaps_model_selection
BDB-50208809,50208809,Nc1nc(OCCc2c[nH]c3ccc(F)cc23)nc2c1ncn2[C@@H]1O[C@H](CO)[C@@H](O)[C@H]1O,VEJNLHIDLOHNST-NVQRDWNXSA-N,C1CCC2C(C1)CCC2CCCC1CCC2CCC(C3CCCC3)C2C1,10.1021/jm061278q,17378544,1,False,True,pending_dual_review,quarantined_before_evidence_review,generic_scaffold_overlaps_model_selection
BDB-50208814,50208814,Nc1nc(OCCc2c[nH]c3c(Br)cccc23)nc2c1ncn2[C@@H]1O[C@H](CO)[C@@H](O)[C@H]1O,DKKUXTZYGGOBFU-BGIGGGFGSA-N,C1CCC2C(C1)CCC2CCCC1CCC2CCC(C3CCCC3)C2C1,10.1021/jm061278q,17378544,1,False,True,pending_dual_review,quarantined_before_evidence_review,generic_scaffold_overlaps_model_selection
BDB-50208816,50208816,Nc1nc(OCCC2CCCCC2)nc2c1ncn2[C@@H]1O[C@H](CO)[C@@H](O)[C@H]1O,VHMUQIWMOXQFBP-LSCFUAHRSA-N,C1CCC(CCCC2CCC3CCC(C4CCCC4)C3C2)CC1,10.1021/jm061278q,17378544,1,False,True,pending_dual_review,quarantined_before_evidence_review,generic_scaffold_overlaps_model_selection
BDB-50208817,50208817,CCNC(=O)[C@H]1O[C@@H](n2cnc3c(N=C(N)N)ncnc32)[C@H](O)[C@@H]1O,QMUIGEKTFVSTGA-FLNNQWSLSA-N,C1CCC2C(C1)CCC2C1CCCC1,10.1016/j.chembiol.2004.12.010|10.1021/jm061278q,15734651|17378544,6,False,True,pending_dual_review,quarantined_before_evidence_review,generic_scaffold_overlaps_model_selection
BDB-50208818,50208818,Nc1nc(OCCn2cnc3ccccc32)nc2c1ncn2[C@@H]1O[C@H](CO)[C@@H](O)[C@H]1O,KTEOQJBVVWABJA-SCFUHWHPSA-N,C1CCC2C(C1)CCC2CCCC1CCC2CCC(C3CCCC3)C2C1,10.1021/jm061278q,17378544,1,False,True,pending_dual_review,quarantined_before_evidence_review,generic_scaffold_overlaps_model_selection
BDB-50210798,50210798,Nc1ncc(-c2ccc(O)c(O)c2)c(-c2ccccc2)n1,QMWYYSGDEGNNOR-UHFFFAOYSA-N,C1CCC(C2CCCCC2C2CCCCC2)CC1,10.1016/j.ejmech.2016.09.081,27718474,1,False,True,pending_dual_review,quarantined_before_evidence_review,generic_scaffold_overlaps_model_selection
BDB-50210801,50210801,Nc1ncc(-c2ccc(O)cc2)c(-c2ccccc2)n1,JWCUKDBKJOKOJS-UHFFFAOYSA-N,C1CCC(C2CCCCC2C2CCCCC2)CC1,10.1016/j.ejmech.2016.09.081,27718474,1,False,True,pending_dual_review,quarantined_before_evidence_review,generic_scaffold_overlaps_model_selection
BDB-50210806,50210806,COc1cccc(-c2cnc(N)nc2-c2ccccc2)c1,CHYKMYJLTKUFAB-UHFFFAOYSA-N,C1CCC(C2CCCCC2C2CCCCC2)CC1,10.1016/j.ejmech.2016.09.081,27718474,1,False,True,pending_dual_review,quarantined_before_evidence_review,generic_scaffold_overlaps_model_selection
BDB-50210807,50210807,Nc1ncc(-c2cccc(C(F)(F)F)c2)c(-c2ccccc2)n1,IGULEVWUAQNUDD-UHFFFAOYSA-N,C1CCC(C2CCCCC2C2CCCCC2)CC1,10.1016/j.ejmech.2016.09.081,27718474,1,False,True,pending_dual_review,quarantined_before_evidence_review,generic_scaffold_overlaps_model_selection
BDB-50210808,50210808,Nc1ncc(-c2cccc(Cl)c2)c(-c2ccccc2)n1,UWBRIYFTQRYZKL-UHFFFAOYSA-N,C1CCC(C2CCCCC2C2CCCCC2)CC1,10.1016/j.ejmech.2016.09.081,27718474,1,False,True,pending_dual_review,quarantined_before_evidence_review,generic_scaffold_overlaps_model_selection
BDB-50210809,50210809,Oc1ccc(-c2cnc(N[C@H]3CC[C@H](O)CC3)nc2-c2ccccc2)cc1Cl,ZWPOEONGDSYEDB-QAQDUYKDSA-N,C1CCC(CC2CCC(C3CCCCC3)C(C3CCCCC3)C2)CC1,10.1016/j.ejmech.2016.09.081,27718474|34695776,2,True,False,pending_dual_review,quarantined_before_evidence_review,exact_structure_previously_visible
BDB-50210813,50210813,Nc1ncc(-c2ccc(O)c(Cl)c2)c(-c2ccccc2)n1,DVCQZPDLPAZRBU-UHFFFAOYSA-N,C1CCC(C2CCCCC2C2CCCCC2)CC1,10.1016/j.ejmech.2016.09.081,27718474,1,False,True,pending_dual_review,quarantined_before_evidence_review,generic_scaffold_overlaps_model_selection
BDB-50210815,50210815,Nc1ncc(-c2ccncc2)c(-c2ccccc2)n1,KIVNGPGQJSPRQE-UHFFFAOYSA-N,C1CCC(C2CCCCC2C2CCCCC2)CC1,10.1016/j.ejmech.2016.09.081,27718474,1,False,True,pending_dual_review,quarantined_before_evidence_review,generic_scaffold_overlaps_model_selection
BDB-50210819,50210819,COc1ccc(-c2cnc(N)nc2-c2ccccc2)cc1Cl,LMPRHUFFZGFNHF-UHFFFAOYSA-N,C1CCC(C2CCCCC2C2CCCCC2)CC1,10.1016/j.ejmech.2016.09.081,27718474,1,False,True,pending_dual_review,quarantined_before_evidence_review,generic_scaffold_overlaps_model_selection
BDB-50211076,50211076,Nc1nc(NCCc2ccc(O)cc2)nc2sc(-c3ccco3)nc12,PAERJGTURZDOCC-UHFFFAOYSA-N,C1CCC(CCCC2CCC3CC(C4CCCC4)CC3C2)CC1,10.1021/acs.jmedchem.6b01068,27933962,1,True,False,pending_dual_review,quarantined_before_evidence_review,exact_structure_previously_visible
BDB-50211078,50211078,COc1cccc(CNc2nc(N)c3nc(-c4ccco4)sc3n2)c1,MKZQUSYQWOCDQS-UHFFFAOYSA-N,C1CCC(CCC2CCC3CC(C4CCCC4)CC3C2)CC1,,34695776,1,True,False,pending_dual_review,quarantined_before_evidence_review,exact_structure_previously_visible
BDB-50211079,50211079,COc1ccc(CCNc2nc(N)c3nc(-c4ccco4)sc3n2)cc1,OXEWCLDNMVANSV-UHFFFAOYSA-N,C1CCC(CCCC2CCC3CC(C4CCCC4)CC3C2)CC1,10.1021/acs.jmedchem.6b01068,27933962,1,True,False,pending_dual_review,quarantined_before_evidence_review,exact_structure_previously_visible
BDB-50211081,50211081,Nc1nc(NCc2cccc(O)c2)nc2sc(-c3ccco3)nc12,CXAWOAYZDCLTRY-UHFFFAOYSA-N,C1CCC(CCC2CCC3CC(C4CCCC4)CC3C2)CC1,10.1021/acs.jmedchem.6b01068,27933962,1,True,False,pending_dual_review,quarantined_before_evidence_review,exact_structure_previously_visible
BDB-50211087,50211087,COc1ccccc1CNc1nc(N)c2nc(-c3ccco3)sc2n1,POWSOBQUMUYEQU-UHFFFAOYSA-N,C1CCC(CCC2CCC3CC(C4CCCC4)CC3C2)CC1,,34695776,1,True,False,pending_dual_review,quarantined_before_evidence_review,exact_structure_previously_visible
BDB-50211088,50211088,Nc1nc(NCCc2ccccc2)nc2sc(-c3ccco3)nc12,UNFCWBZGDOODJH-UHFFFAOYSA-N,C1CCC(CCCC2CCC3CC(C4CCCC4)CC3C2)CC1,10.1021/acs.jmedchem.6b01068,27933962,1,True,False,pending_dual_review,quarantined_before_evidence_review,exact_structure_previously_visible
BDB-50211090,50211090,CCCNc1nc(N)c2nc(-c3ccco3)sc2n1,CWZAIFYZEWXELS-UHFFFAOYSA-N,C1CCC(C2CC3CCCCC3C2)C1,10.1021/acs.jmedchem.6b01068,27933962,1,False,True,pending_dual_review,quarantined_before_evidence_review,generic_scaffold_overlaps_model_selection
BDB-50211091,50211091,COc1ccc(CNc2nc(N)c3nc(-c4ccco4)sc3n2)cc1,SRYURLBYUDXQGJ-UHFFFAOYSA-N,C1CCC(CCC2CCC3CC(C4CCCC4)CC3C2)CC1,10.1021/acs.jmedchem.6b01068,27933962,1,True,False,pending_dual_review,quarantined_before_evidence_review,exact_structure_previously_visible
BDB-50211093,50211093,CCCCNc1nc(N)c2nc(-c3ccco3)sc2n1,OCYRRIUPJYARRC-UHFFFAOYSA-N,C1CCC(C2CC3CCCCC3C2)C1,10.1021/acs.jmedchem.6b01068,27933962,1,False,True,pending_dual_review,quarantined_before_evidence_review,generic_scaffold_overlaps_model_selection
BDB-50211094,50211094,Nc1nc(NCc2ccccc2)nc2sc(-c3ccco3)nc12,QZEPJEUDQPCBBQ-UHFFFAOYSA-N,C1CCC(CCC2CCC3CC(C4CCCC4)CC3C2)CC1,10.1021/acs.jmedchem.6b01068,27933962,1,True,False,pending_dual_review,quarantined_before_evidence_review,exact_structure_previously_visible
BDB-50214974,50214974,O[C@@H]1[C@H](O)CS[C@H]1n1cnc2c(NCc3cccc(I)c3)nc(Cl)nc21,QMJFSSNSVVHFPD-IXPVHAAZSA-N,C1CCC(CCC2CCCC3C(C4CCCC4)CCC23)CC1,10.1016/j.bmc.2009.03.034|10.1016/j.bmc.2010.08.018|10.1021/acs.jmedchem.7b00805|10.1021/jm070259t,17555308|19375920|20826090|28799755,4,False,True,pending_dual_review,quarantined_before_evidence_review,generic_scaffold_overlaps_model_selection
BDB-50214977,50214977,COc1ccc(Cl)cc1CNc1nc(Cl)nc2c1ncn2[C@@H]1SC[C@@H](O)[C@H]1O,LJLMHEFJMXWPHX-CKUKBARFSA-N,C1CCC(CCC2CCCC3C(C4CCCC4)CCC23)CC1,10.1021/jm070259t,17555308,1,False,True,pending_dual_review,quarantined_before_evidence_review,generic_scaffold_overlaps_model_selection
BDB-50214978,50214978,CNc1nc(Cl)nc2c1ncn2[C@@H]1SC[C@@H](O)[C@H]1O,ANLGHWMSNKUOET-NVMQTXNBSA-N,C1CCC2C(C1)CCC2C1CCCC1,10.1021/jm070259t,17555308,1,False,True,pending_dual_review,quarantined_before_evidence_review,generic_scaffold_overlaps_model_selection
BDB-50214980,50214980,O[C@@H]1[C@H](O)CS[C@H]1n1cnc2c(NCc3ccccc3Cl)nc(Cl)nc21,XUIYCLQDMOOVSQ-IXPVHAAZSA-N,C1CCC(CCC2CCCC3C(C4CCCC4)CCC23)CC1,10.1021/acs.jmedchem.7b00805|10.1021/jm070259t,17555308|28799755,2,False,True,pending_dual_review,quarantined_before_evidence_review,generic_scaffold_overlaps_model_selection
BDB-50221681,50221681,Cn1c(=O)c2c(nc3n2CCCN3CCc2ccc(Cl)cc2)n(C)c1=O,GUWZKQIAKKOUNB-UHFFFAOYSA-N,CC1CC(C)C2C(C1)CC1C(CCC3CCCCC3)CCCC12,10.1016/j.bmc.2013.09.044,24139167,1,False,True,pending_dual_review,quarantined_before_evidence_review,generic_scaffold_overlaps_model_selection
BDB-50221683,50221683,Cn1c(=O)c2c(nc3n2CCCN3CCc2ccc(O)cc2)n(C)c1=O,DDBFFDSEFYGLOU-UHFFFAOYSA-N,CC1CC(C)C2C(C1)CC1C(CCC3CCCCC3)CCCC12,10.1016/j.bmc.2007.07.051,17827019,1,True,True,pending_dual_review,quarantined_before_evidence_review,exact_structure_previously_visible|generic_scaffold_overlaps_model_selection
BDB-50221697,50221697,Cn1c(=O)c2c(nc3n2CCCN3CCc2ccccc2)n(C)c1=O,PPHQNKPUIYRVIK-UHFFFAOYSA-N,CC1CC(C)C2C(C1)CC1C(CCC3CCCCC3)CCCC12,10.1016/j.bmc.2007.07.051,17827019,1,False,True,pending_dual_review,quarantined_before_evidence_review,generic_scaffold_overlaps_model_selection
BDB-50224759,50224759,OC[C@H]1O[C@@H](n2cnc3c(N[C@@H]4CCOC4)nc(Cl)nc32)[C@H](O)[C@@H]1O,XEAJNSCYKKKRRS-KWGHVAAJSA-N,C1CCC(CC2CCCC3C(C4CCCC4)CCC23)C1,10.1016/j.bmc.2007.09.035,17933541,1,False,True,pending_dual_review,quarantined_before_evidence_review,generic_scaffold_overlaps_model_selection
BDB-50224760,50224760,CNC(=O)OC[C@H]1O[C@@H](n2cnc3c(NC4CCCC4)nc(Cl)nc32)[C@](C)(O)[C@@H]1O,IQPCHXGNQWZETD-UOYMAUKRSA-N,C1CCC(CC2CCCC3C(C4CCCC4)CCC23)C1,10.1016/j.bmc.2007.09.035,17933541,1,False,True,pending_dual_review,quarantined_before_evidence_review,generic_scaffold_overlaps_model_selection
BDB-50224763,50224763,CNC(=S)OC[C@H]1O[C@@H](n2cnc3c(N[C@@H]4CCOC4)nc(Cl)nc32)[C@](C)(O)[C@@H]1O,RYGIFFCNIBVJRY-HOUWJUEGSA-N,C1CCC(CC2CCCC3C(C4CCCC4)CCC23)C1,10.1016/j.bmc.2007.09.035,17933541,1,False,True,pending_dual_review,quarantined_before_evidence_review,generic_scaffold_overlaps_model_selection
BDB-50224769,50224769,CNC(=S)OC[C@H]1O[C@@H](n2cnc3c(NC4CCCC4)nc(Cl)nc32)[C@](C)(O)[C@@H]1O,HRNDSWNULCAEJC-UOYMAUKRSA-N,C1CCC(CC2CCCC3C(C4CCCC4)CCC23)C1,10.1016/j.bmc.2007.09.035,17933541,1,False,True,pending_dual_review,quarantined_before_evidence_review,generic_scaffold_overlaps_model_selection
BDB-50224770,50224770,C[C@@]1(O)[C@H](O)[C@@H](CO)O[C@H]1n1cnc2c(NC3CCCC3)nc(Cl)nc21,MMPAUXMIDJWGFO-ROMFRFKVSA-N,C1CCC(CC2CCCC3C(C4CCCC4)CCC23)C1,10.1016/j.bmc.2007.09.035|10.1021/jm9707737,17933541|9572897,2,False,True,pending_dual_review,quarantined_before_evidence_review,generic_scaffold_overlaps_model_selection
BDB-50224775,50224775,C[C@@]1(O)[C@H](O)[C@@H](CO)O[C@H]1n1cnc2c(NC3CCCC3)ncnc21,BVOLJUDYJILMMW-QTDMDRALSA-N,C1CCC(CC2CCCC3C(C4CCCC4)CCC23)C1,10.1016/j.bmc.2007.09.035|10.1021/jm9707737,17933541|9572897,2,False,True,pending_dual_review,quarantined_before_evidence_review,generic_scaffold_overlaps_model_selection
BDB-50225877,50225877,OC[C@H]1O[C@@H](n2cnc3c(N[C@@H]4CC[Se]C4)ncnc32)[C@H](O)[C@@H]1O,OAOGADQCYLGBLR-BAYCTPFLSA-N,C1CCC(CC2CCCC3C(C4CCCC4)CCC23)C1,10.1016/j.bmcl.2007.10.028,17967536,1,False,True,pending_dual_review,quarantined_before_evidence_review,generic_scaffold_overlaps_model_selection
BDB-50225885,50225885,OC[C@H]1O[C@@H](n2cnc3c(N[C@@H]4CCSC4)ncnc32)[C@H](O)[C@@H]1O,HHCRBBSWADDJGK-BAYCTPFLSA-N,C1CCC(CC2CCCC3C(C4CCCC4)CCC23)C1,10.1016/j.bmcl.2007.10.028,17967536,1,False,True,pending_dual_review,quarantined_before_evidence_review,generic_scaffold_overlaps_model_selection
BDB-50227331,50227331,CCCn1c(=O)c2nc[nH]c2n(CCC)c1=O,MJVIGUCNSRXAFO-UHFFFAOYSA-N,CC1CC(C)C2CCCC2C1,10.1021/jm00398a020,3346878,1,True,False,pending_dual_review,quarantined_before_evidence_review,exact_structure_previously_visible
BDB-50229540,50229540,Nc1ncnc2c1ncn2[C@H]1CN[C@@H](CO)C1,LIMGOFPYHUEMJW-RNFRBKRXSA-N,C1CCC2C(C1)CCC2C1CCCC1,10.1021/jm00113a017,1654429,1,False,True,pending_dual_review,quarantined_before_evidence_review,generic_scaffold_overlaps_model_selection
BDB-50229885,50229885,CCCn1c(=O)c2[nH]c(-c3cc(OCC(=O)Nc4ccc5c(c4)OCO5)nn3C)nc2n(CCC)c1=O,DBWQRFKXNBVPGA-UHFFFAOYSA-N,CC(CCC1CCC(C2CC3CC(C)CC(C)C3C2)C1)CC1CCC2CCCC2C1,,34695776,1,True,False,pending_dual_review,quarantined_before_evidence_review,exact_structure_previously_visible
BDB-50232154,50232154,CC(=O)Nc1cc(-n2cccn2)nc(-c2ccco2)n1,YBZHQFAVAQZLFB-UHFFFAOYSA-N,C1CCC(C2CCCC(C3CCCC3)C2)C1,10.1016/j.bmcl.2008.02.032|10.1016/j.bmcl.2008.09.048|10.1021/jm4011669,18329269|18835161|24164628,3,True,True,pending_dual_review,quarantined_before_evidence_review,exact_structure_previously_visible|generic_scaffold_overlaps_model_selection
BDB-50232155,50232155,Nc1cc(-n2cccn2)nc(-c2ccco2)n1,SSPIGFDAVQVRCH-UHFFFAOYSA-N,C1CCC(C2CCCC(C3CCCC3)C2)C1,10.1021/jm070623o,18189346,1,False,True,pending_dual_review,quarantined_before_evidence_review,generic_scaffold_overlaps_model_selection
BDB-50232156,50232156,O=C(CN1CCOCC1)Nc1cc(-n2cccn2)nc(-c2ccco2)n1,LGUMAGBOHGGARE-UHFFFAOYSA-N,CC(CC1CCCCC1)CC1CC(C2CCCC2)CC(C2CCCC2)C1,10.1021/jm070623o,18189346,1,False,True,pending_dual_review,quarantined_before_evidence_review,generic_scaffold_overlaps_model_selection
BDB-50232157,50232157,CN(C)CC(=O)Nc1cc(-n2cccn2)nc(-c2ccco2)n1,BXANNUDVSKOUNE-UHFFFAOYSA-N,C1CCC(C2CCCC(C3CCCC3)C2)C1,10.1021/jm070623o,18189346,1,False,True,pending_dual_review,quarantined_before_evidence_review,generic_scaffold_overlaps_model_selection
BDB-50233089,50233089,CCCn1c(=O)[nH]c2nc(-c3cnn(Cc4cccc(C(F)(F)F)c4)c3)[nH]c2c1=O,SEKFWEUZFWPIIW-UHFFFAOYSA-N,CC1CC(C)C2CC(C3CCC(CC4CCCCC4)C3)CC2C1,,34695776,1,True,False,pending_dual_review,quarantined_before_evidence_review,exact_structure_previously_visible
BDB-50233810,50233810,O=C(NCCN1CCCCC1)c1nc(NCC(c2ccccc2)c2ccccc2)c2ncn([C@@H]3O[C@H](CO)[C@@H](O)[C@H]3O)c2n1,ZNUJAZSDJXSBIG-YVIFWTNJSA-N,CC(CCCC1CCCCC1)C1CC(CCC(C2CCCCC2)C2CCCCC2)C2CCC(C3CCCC3)C2C1,10.1021/jm201461q,22104008,1,True,False,pending_dual_review,quarantined_before_evidence_review,exact_structure_previously_visible
BDB-50235042,50235042,COc1ccc(N2CCOCC2)c2sc(NC(=O)C(C)(C)Oc3ccc(F)cc3)nc12,NIIBSIMWHVDFED-UHFFFAOYSA-N,CC(CCC1CCCCC1)CC1CC2CCCC(C3CCCCC3)C2C1,10.1021/acs.jmedchem.6b01584,28055204|34695776,3,True,False,pending_dual_review,quarantined_before_evidence_review,exact_structure_previously_visible
BDB-50235043,50235043,COc1ccc(N2CCOCC2)c2sc(NC(=O)C(C)(C)Oc3cccc(F)c3)nc12,VSQPKNTZIWYMIH-UHFFFAOYSA-N,CC(CCC1CCCCC1)CC1CC2CCCC(C3CCCCC3)C2C1,10.1021/acs.jmedchem.6b01584,28055204,2,True,False,pending_dual_review,quarantined_before_evidence_review,exact_structure_previously_visible
BDB-50235044,50235044,COc1ccc(N2CCOCC2)c2sc(NC(=O)C(C)(C)Oc3ccc(F)cc3F)nc12,RXFRSYPGSGVXIW-UHFFFAOYSA-N,CC(CCC1CCCCC1)CC1CC2CCCC(C3CCCCC3)C2C1,10.1021/acs.jmedchem.6b01584,28055204,2,True,False,pending_dual_review,quarantined_before_evidence_review,exact_structure_previously_visible
BDB-50235045,50235045,COc1ccc(N2CCOCC2)c2sc(NC(=O)C(C)(C)Oc3c(F)cccc3F)nc12,BOQWFKMQRKXDTI-UHFFFAOYSA-N,CC(CCC1CCCCC1)CC1CC2CCCC(C3CCCCC3)C2C1,10.1021/acs.jmedchem.6b01584,28055204,2,True,False,pending_dual_review,quarantined_before_evidence_review,exact_structure_previously_visible
BDB-50235046,50235046,COc1ccc(N2CCOCC2)c2sc(NC(=O)C(C)(C)Oc3ccc(F)c(F)c3)nc12,YFKXIEKMGLBNSH-UHFFFAOYSA-N,CC(CCC1CCCCC1)CC1CC2CCCC(C3CCCCC3)C2C1,10.1021/acs.jmedchem.6b01584,28055204|34695776,3,True,False,pending_dual_review,quarantined_before_evidence_review,exact_structure_previously_visible
BDB-50235047,50235047,COc1ccc(N2CCOCC2)c2sc(NC(=O)C(C)(C)Oc3ccc4c(c3)OCO4)nc12,JBXDGAQNOCHRLQ-UHFFFAOYSA-N,CC(CCC1CCC2CCCC2C1)CC1CC2CCCC(C3CCCCC3)C2C1,10.1021/acs.jmedchem.6b01584,28055204,2,True,False,pending_dual_review,quarantined_before_evidence_review,exact_structure_previously_visible
BDB-50235048,50235048,COc1cnc(N2CCOCC2)c2sc(NC(=O)C(C)(C)Oc3ccc(F)cc3)nc12,VLTSKXMDUGTVOC-UHFFFAOYSA-N,CC(CCC1CCCCC1)CC1CC2CCCC(C3CCCCC3)C2C1,10.1021/acs.jmedchem.6b01584,28055204|34695776,3,True,False,pending_dual_review,quarantined_before_evidence_review,exact_structure_previously_visible
BDB-50235049,50235049,COc1cnc(N2CCOCC2)c2sc(NC(=O)C(C)(C)Oc3cccc(F)c3)nc12,XSDASQOPCIPRKT-UHFFFAOYSA-N,CC(CCC1CCCCC1)CC1CC2CCCC(C3CCCCC3)C2C1,10.1021/acs.jmedchem.6b01584,28055204,2,True,False,pending_dual_review,quarantined_before_evidence_review,exact_structure_previously_visible
BDB-50235050,50235050,COc1cnc(N2CCOCC2)c2sc(NC(=O)C(C)(C)Oc3c(F)cccc3F)nc12,DICYPAFHQOIAQH-UHFFFAOYSA-N,CC(CCC1CCCCC1)CC1CC2CCCC(C3CCCCC3)C2C1,10.1021/acs.jmedchem.6b01584,28055204,2,True,False,pending_dual_review,quarantined_before_evidence_review,exact_structure_previously_visible
BDB-50235051,50235051,COc1cnc(N2CCOCC2)c2sc(NC(=O)C(C)(C)Oc3ccc(F)c(F)c3)nc12,JEDOCXXQQGELGB-UHFFFAOYSA-N,CC(CCC1CCCCC1)CC1CC2CCCC(C3CCCCC3)C2C1,10.1021/acs.jmedchem.6b01584,28055204,2,True,False,pending_dual_review,quarantined_before_evidence_review,exact_structure_previously_visible
BDB-50235052,50235052,COc1ccc(N2CCOCC2)c2sc(NC(=O)C3(C)CCC(O)CC3)nc12,WIOZSWXTSYAXRC-UHFFFAOYSA-N,CC(CC1CC2CCCC(C3CCCCC3)C2C1)C1CCCCC1,10.1021/acs.jmedchem.6b01584,28055204|34695776,4,True,False,pending_dual_review,quarantined_before_evidence_review,exact_structure_previously_visible
BDB-50235053,50235053,COc1ccc(N2CCOCC2)c2sc(NC(=O)C3(C)CCC(C)(O)CC3)nc12,UJRKOSVHCNMAII-UHFFFAOYSA-N,CC(CC1CC2CCCC(C3CCCCC3)C2C1)C1CCCCC1,10.1021/acs.jmedchem.6b01584,28055204|34695776,4,True,False,pending_dual_review,quarantined_before_evidence_review,exact_structure_previously_visible
BDB-50235054,50235054,COc1ccc(N2CCOCC2)c2sc(NC(=O)C3(C)CCC(O)(C(C)C)CC3)nc12,MFFBYWZPNDOEPK-UHFFFAOYSA-N,CC(CC1CC2CCCC(C3CCCCC3)C2C1)C1CCCCC1,10.1021/acs.jmedchem.6b01584,28055204,2,True,False,pending_dual_review,quarantined_before_evidence_review,exact_structure_previously_visible
BDB-50235055,50235055,CCN(CC)C1CCC(C)(C(=O)Nc2nc3c(OC)ccc(N4CCOCC4)c3s2)CC1,ICQXQZUVCBUGLO-UHFFFAOYSA-N,CC(CC1CC2CCCC(C3CCCCC3)C2C1)C1CCCCC1,10.1021/acs.jmedchem.6b01584,28055204|34695776,4,True,False,pending_dual_review,quarantined_before_evidence_review,exact_structure_previously_visible
BDB-50235056,50235056,COc1ccc(N2CCOCC2)c2sc(NC(=O)C(C)(C)Oc3ccc(C)cc3)nc12,IKGJJGHJMYEUFB-UHFFFAOYSA-N,CC(CCC1CCCCC1)CC1CC2CCCC(C3CCCCC3)C2C1,10.1021/acs.jmedchem.6b01584,28055204,2,True,False,pending_dual_review,quarantined_before_evidence_review,exact_structure_previously_visible
BDB-50235057,50235057,COc1ccc(OC(C)(C)C(=O)Nc2nc3c(OC)ccc(N4CCOCC4)c3s2)cc1OC,UAQKLNDAKBQRLK-UHFFFAOYSA-N,CC(CCC1CCCCC1)CC1CC2CCCC(C3CCCCC3)C2C1,10.1021/acs.jmedchem.6b01584,28055204,2,True,False,pending_dual_review,quarantined_before_evidence_review,exact_structure_previously_visible
BDB-50235058,50235058,COCCOc1cccc(OC(C)(C)C(=O)Nc2nc3c(OC)ccc(N4CCOCC4)c3s2)c1,HKNGSVQETQMRDL-UHFFFAOYSA-N,CC(CCC1CCCCC1)CC1CC2CCCC(C3CCCCC3)C2C1,10.1021/acs.jmedchem.6b01584,28055204,1,True,False,pending_dual_review,quarantined_before_evidence_review,exact_structure_previously_visible
BDB-50235059,50235059,COc1ccc(N2CCOCC2)c2sc(NC(=O)C(C)(C)Oc3ccc(Cl)cc3)nc12,NICZAVMJFTWKMC-UHFFFAOYSA-N,CC(CCC1CCCCC1)CC1CC2CCCC(C3CCCCC3)C2C1,10.1021/acs.jmedchem.6b01584,28055204,1,True,False,pending_dual_review,quarantined_before_evidence_review,exact_structure_previously_visible
BDB-50235060,50235060,COc1ccc(N2CCOCC2)c2sc(NC(=O)C(C)(C)Oc3ccc(C(F)(F)F)cc3)nc12,CUIJSATVCHJESV-UHFFFAOYSA-N,CC(CCC1CCCCC1)CC1CC2CCCC(C3CCCCC3)C2C1,10.1021/acs.jmedchem.6b01584,28055204,1,True,False,pending_dual_review,quarantined_before_evidence_review,exact_structure_previously_visible
BDB-50235061,50235061,COc1ccc(N2CCOCC2)c2sc(NC(=O)C(C)(C)Oc3ccc(C(C)(C)C)cc3)nc12,FBQWVNMHUBKEIP-UHFFFAOYSA-N,CC(CCC1CCCCC1)CC1CC2CCCC(C3CCCCC3)C2C1,10.1021/acs.jmedchem.6b01584,28055204,1,True,False,pending_dual_review,quarantined_before_evidence_review,exact_structure_previously_visible
BDB-50235062,50235062,COc1cnc(N2CCOCC2)c2sc(NC(=O)C(C)(C)Oc3ccc(Cl)cc3)nc12,KSCJIJGRHCKCIY-UHFFFAOYSA-N,CC(CCC1CCCCC1)CC1CC2CCCC(C3CCCCC3)C2C1,10.1021/acs.jmedchem.6b01584,28055204,1,True,False,pending_dual_review,quarantined_before_evidence_review,exact_structure_previously_visible
BDB-50235063,50235063,COc1cnc(N2CCOCC2)c2sc(NC(=O)C(C)(C)Oc3cccc(C(F)(F)F)c3)nc12,DNOSWGLHBBLEQX-UHFFFAOYSA-N,CC(CCC1CCCCC1)CC1CC2CCCC(C3CCCCC3)C2C1,10.1021/acs.jmedchem.6b01584,28055204,1,True,False,pending_dual_review,quarantined_before_evidence_review,exact_structure_previously_visible
BDB-50235064,50235064,COCCOc1cccc(OC(C)(C)C(=O)Nc2nc3c(OC)cnc(N4CCOCC4)c3s2)c1,MCSGRVWBINJQPY-UHFFFAOYSA-N,CC(CCC1CCCCC1)CC1CC2CCCC(C3CCCCC3)C2C1,10.1021/acs.jmedchem.6b01584,28055204,2,True,False,pending_dual_review,quarantined_before_evidence_review,exact_structure_previously_visible
BDB-50235065,50235065,COc1cnc(N2CCOCC2)c2sc(NC(=O)C(C)(C)Oc3ccc(C)cc3)nc12,OPOUNZJNICSZOH-UHFFFAOYSA-N,CC(CCC1CCCCC1)CC1CC2CCCC(C3CCCCC3)C2C1,10.1021/acs.jmedchem.6b01584,28055204,1,True,False,pending_dual_review,quarantined_before_evidence_review,exact_structure_previously_visible
BDB-50235066,50235066,COc1cccc(OC(C)(C)C(=O)Nc2nc3c(OC)cnc(N4CCOCC4)c3s2)c1,FYXKVHMCHPNCNX-UHFFFAOYSA-N,CC(CCC1CCCCC1)CC1CC2CCCC(C3CCCCC3)C2C1,10.1021/acs.jmedchem.6b01584,28055204,1,True,False,pending_dual_review,quarantined_before_evidence_review,exact_structure_previously_visible
BDB-50235067,50235067,CCC1(O)CCC(C)(C(=O)Nc2nc3c(OC)ccc(N4CCOCC4)c3s2)CC1,IORLBYTXGBSKRB-UHFFFAOYSA-N,CC(CC1CC2CCCC(C3CCCCC3)C2C1)C1CCCCC1,10.1021/acs.jmedchem.6b01584,28055204,1,True,False,pending_dual_review,quarantined_before_evidence_review,exact_structure_previously_visible
BDB-50235068,50235068,COc1ccc(N2CCOCC2)c2sc(NC(=O)C(C)(C)Oc3ccc(C#N)cc3)nc12,FNGOZTFMECGBTA-UHFFFAOYSA-N,CC(CCC1CCCCC1)CC1CC2CCCC(C3CCCCC3)C2C1,10.1021/acs.jmedchem.6b01584,28055204,1,True,False,pending_dual_review,quarantined_before_evidence_review,exact_structure_previously_visible
BDB-50235069,50235069,COc1cnc(N2CCOCC2)c2sc(NC(=O)C(C)(C)Oc3ccccc3F)nc12,UHGAHHDHPVOIAI-UHFFFAOYSA-N,CC(CCC1CCCCC1)CC1CC2CCCC(C3CCCCC3)C2C1,10.1021/acs.jmedchem.6b01584,28055204,1,True,False,pending_dual_review,quarantined_before_evidence_review,exact_structure_previously_visible
BDB-50235070,50235070,COc1cnc(N2CCOCC2)c2sc(NC(=O)C(C)(C)Oc3ccc(F)cc3F)nc12,MMSHMIINEQXXDW-UHFFFAOYSA-N,CC(CCC1CCCCC1)CC1CC2CCCC(C3CCCCC3)C2C1,10.1021/acs.jmedchem.6b01584,28055204,2,True,False,pending_dual_review,quarantined_before_evidence_review,exact_structure_previously_visible
BDB-50235071,50235071,COc1cnc(N2CCOCC2)c2sc(NC(=O)C(C)(C)Oc3ccc4c(c3)OCO4)nc12,POGTYRIDSVLCSP-UHFFFAOYSA-N,CC(CCC1CCC2CCCC2C1)CC1CC2CCCC(C3CCCCC3)C2C1,10.1021/acs.jmedchem.6b01584,28055204,1,True,False,pending_dual_review,quarantined_before_evidence_review,exact_structure_previously_visible
BDB-50237064,50237064,Cc1cc(C)n(-c2cc(NC(=O)COc3cccc(CN(C)C)c3)nc(-c3ccc(C)o3)n2)n1,IGEDPAQDLDJKOH-UHFFFAOYSA-N,CC(CCC1CCCCC1)CC1CC(C2CCCC2)CC(C2CCCC2)C1,10.1016/j.bmcl.2008.02.032|10.1021/jm4011669,18329269|24164628,2,True,False,pending_dual_review,quarantined_before_evidence_review,exact_structure_previously_visible
BDB-50237770,50237770,CNC(=O)[C@H]1[Se][C@@H](n2cnc3c(NC4CCC4)ncnc32)[C@H](O)[C@@H]1O,WNNFYDRVCWXDAW-BQVMBELUSA-N,C1CC(CC2CCCC3C(C4CCCC4)CCC23)C1,10.1021/acs.jmedchem.7b00241,28380296,1,False,True,pending_dual_review,quarantined_before_evidence_review,generic_scaffold_overlaps_model_selection
BDB-50237773,50237773,CNC(=O)[C@H]1[Se][C@@H](n2cnc3c(NCc4ccccc4Cl)ncnc32)[C@H](O)[C@@H]1O,BQVQDNFQERKJCJ-MOROJQBDSA-N,C1CCC(CCC2CCCC3C(C4CCCC4)CCC23)CC1,10.1021/acs.jmedchem.7b00241,28380296,1,False,True,pending_dual_review,quarantined_before_evidence_review,generic_scaffold_overlaps_model_selection
BDB-50237774,50237774,CNC(=O)[C@H]1[Se][C@@H](n2cnc3c(NCc4ccccc4OC)ncnc32)[C@H](O)[C@@H]1O,DMJZERIZAOVMHE-QCUYGVNKSA-N,C1CCC(CCC2CCCC3C(C4CCCC4)CCC23)CC1,10.1021/acs.jmedchem.7b00241,28380296,1,False,True,pending_dual_review,quarantined_before_evidence_review,generic_scaffold_overlaps_model_selection
BDB-50237775,50237775,CNC(=O)[C@H]1[Se][C@@H](n2cnc3c(NCc4cccc(Br)c4)ncnc32)[C@H](O)[C@@H]1O,MWBHBZAMHXOALF-MOROJQBDSA-N,C1CCC(CCC2CCCC3C(C4CCCC4)CCC23)CC1,10.1021/acs.jmedchem.7b00241,28380296,1,False,True,pending_dual_review,quarantined_before_evidence_review,generic_scaffold_overlaps_model_selection
BDB-50237776,50237776,CNC(=O)[C@H]1[Se][C@@H](n2cnc3c(NCc4cccc(Cl)c4)ncnc32)[C@H](O)[C@@H]1O,UZSIHJHCGRDKSB-MOROJQBDSA-N,C1CCC(CCC2CCCC3C(C4CCCC4)CCC23)CC1,10.1021/acs.jmedchem.7b00241,28380296,1,False,True,pending_dual_review,quarantined_before_evidence_review,generic_scaffold_overlaps_model_selection
BDB-50237777,50237777,CNC(=O)[C@H]1[Se][C@@H](n2cnc3c(NCc4cccc(F)c4)ncnc32)[C@H](O)[C@@H]1O,CUESUYYCNBCHJO-MOROJQBDSA-N,C1CCC(CCC2CCCC3C(C4CCCC4)CCC23)CC1,10.1021/acs.jmedchem.7b00241,28380296,1,False,True,pending_dual_review,quarantined_before_evidence_review,generic_scaffold_overlaps_model_selection
BDB-50237779,50237779,CNC(=O)[C@H]1[Se][C@@H](n2cnc3c(NCc4cccc(I)c4)nc(Cl)nc32)[C@H](O)[C@@H]1O,JTDCLAWQNXCGLV-PFHKOEEOSA-N,C1CCC(CCC2CCCC3C(C4CCCC4)CCC23)CC1,10.1021/acs.jmedchem.7b00241,28380296,1,False,True,pending_dual_review,quarantined_before_evidence_review,generic_scaffold_overlaps_model_selection
BDB-50237780,50237780,CNC(=O)[C@H]1[Se][C@@H](n2cnc3c(NCc4cccc(Br)c4)nc(Cl)nc32)[C@H](O)[C@@H]1O,XPJMYZRINFWPBT-PFHKOEEOSA-N,C1CCC(CCC2CCCC3C(C4CCCC4)CCC23)CC1,10.1021/acs.jmedchem.7b00241,28380296,1,False,True,pending_dual_review,quarantined_before_evidence_review,generic_scaffold_overlaps_model_selection
BDB-50237783,50237783,CNC(=O)[C@H]1[Se][C@@H](n2cnc3c(NC4CCCC4)ncnc32)[C@H](O)[C@@H]1O,FXCBTOASEZFIAN-MEQWQQMJSA-N,C1CCC(CC2CCCC3C(C4CCCC4)CCC23)C1,10.1021/acs.jmedchem.7b00241,28380296,1,False,True,pending_dual_review,quarantined_before_evidence_review,generic_scaffold_overlaps_model_selection
BDB-50237784,50237784,CNC(=O)[C@H]1[Se][C@@H](n2cnc3c(NCc4cccc(I)c4)ncnc32)[C@H](O)[C@@H]1O,MBAGZFOXOWYGBM-MOROJQBDSA-N,C1CCC(CCC2CCCC3C(C4CCCC4)CCC23)CC1,10.1021/acs.jmedchem.7b00241,28380296,1,False,True,pending_dual_review,quarantined_before_evidence_review,generic_scaffold_overlaps_model_selection
BDB-50237785,50237785,CNC(=O)[C@H]1[Se][C@@H](n2cnc3c(NC4CCCC4)nc(Cl)nc32)[C@H](O)[C@@H]1O,IQYUMVISQWNLFU-BQVMBELUSA-N,C1CCC(CC2CCCC3C(C4CCCC4)CCC23)C1,10.1021/acs.jmedchem.7b00241,28380296,1,False,True,pending_dual_review,quarantined_before_evidence_review,generic_scaffold_overlaps_model_selection
BDB-50237786,50237786,CNC(=O)[C@H]1[Se][C@@H](n2cnc3c(NCc4cccc(Cl)c4)nc(Cl)nc32)[C@H](O)[C@@H]1O,UGNRHGQTUACYOI-PFHKOEEOSA-N,C1CCC(CCC2CCCC3C(C4CCCC4)CCC23)CC1,10.1021/acs.jmedchem.7b00241,28380296,1,False,True,pending_dual_review,quarantined_before_evidence_review,generic_scaffold_overlaps_model_selection
BDB-50237788,50237788,CNC(=O)[C@H]1[Se][C@@H](n2cnc3c(NC4CCC4)nc(Cl)nc32)[C@H](O)[C@@H]1O,YRIQCBPDBSHQRH-AEISUSGSSA-N,C1CC(CC2CCCC3C(C4CCCC4)CCC23)C1,10.1021/acs.jmedchem.7b00241,28380296,1,False,True,pending_dual_review,quarantined_before_evidence_review,generic_scaffold_overlaps_model_selection
BDB-50238380,50238380,CC(C)Oc1ccc(-c2cn3c(=O)n(-c4ccccc4)nc3c(N)n2)cc1,ZQKOWVMSUCJGDZ-UHFFFAOYSA-N,CC1C2CC(C3CCCCC3)CCC2CC1C1CCCCC1,10.1021/acs.jmedchem.7b00457,28590753,1,False,True,pending_dual_review,quarantined_before_evidence_review,generic_scaffold_overlaps_model_selection
BDB-50238381,50238381,CCOc1ccc(-c2cn3c(=O)n(-c4ccccc4)nc3c(N)n2)cc1,SHMHGBZUFQHAIL-UHFFFAOYSA-N,CC1C2CC(C3CCCCC3)CCC2CC1C1CCCCC1,10.1021/acs.jmedchem.7b00457,28590753|34695776,2,True,True,pending_dual_review,quarantined_before_evidence_review,exact_structure_previously_visible|generic_scaffold_overlaps_model_selection
BDB-50238383,50238383,C#CCOc1ccc(-c2cn3c(=O)n(-c4ccccc4)nc3c(N)n2)cc1,QMTGPOURXMXACG-UHFFFAOYSA-N,CC1C2CC(C3CCCCC3)CCC2CC1C1CCCCC1,10.1021/acs.jmedchem.7b00457,28590753,1,False,True,pending_dual_review,quarantined_before_evidence_review,generic_scaffold_overlaps_model_selection
BDB-50238384,50238384,C#CCOc1cccc(-c2cn3c(=O)n(-c4ccccc4)nc3c(N)n2)c1,HYHHECXOMWGGQB-UHFFFAOYSA-N,CC1C2CC(C3CCCCC3)CCC2CC1C1CCCCC1,10.1021/acs.jmedchem.7b00457,28590753,1,False,True,pending_dual_review,quarantined_before_evidence_review,generic_scaffold_overlaps_model_selection
BDB-50238386,50238386,Nc1nc(-c2cccc(O)c2)cn2c(=O)n(-c3ccccc3)nc12,KRTWVDXLRBRAQC-UHFFFAOYSA-N,CC1C2CC(C3CCCCC3)CCC2CC1C1CCCCC1,10.1021/acs.jmedchem.7b00457,28590753,1,False,True,pending_dual_review,quarantined_before_evidence_review,generic_scaffold_overlaps_model_selection
BDB-50238388,50238388,COc1ccc(-c2cn3c(=O)n(-c4ccccc4)nc3c(N)n2)cc1,VOZKOZDGZYERDM-UHFFFAOYSA-N,CC1C2CC(C3CCCCC3)CCC2CC1C1CCCCC1,10.1021/acs.jmedchem.7b00457,28590753,1,True,True,pending_dual_review,quarantined_before_evidence_review,exact_structure_previously_visible|generic_scaffold_overlaps_model_selection
BDB-50238389,50238389,Nc1ccc(-n2nc3c(N)nc(-c4ccccc4)cn3c2=O)cc1,OIAHGLYBPUNPED-UHFFFAOYSA-N,CC1C2CC(C3CCCCC3)CCC2CC1C1CCCCC1,10.1021/acs.jmedchem.7b00457,28590753,1,False,True,pending_dual_review,quarantined_before_evidence_review,generic_scaffold_overlaps_model_selection
BDB-50238390,50238390,Nc1nc(-c2ccccc2)cn2c(=O)n(-c3ccccc3O)nc12,GBJLMOJQOUXIFR-UHFFFAOYSA-N,CC1C2CC(C3CCCCC3)CCC2CC1C1CCCCC1,10.1021/acs.jmedchem.7b00457,28590753,1,False,True,pending_dual_review,quarantined_before_evidence_review,generic_scaffold_overlaps_model_selection
BDB-50238392,50238392,COc1ccccc1-n1nc2c(N)nc(-c3ccccc3)cn2c1=O,YISRNQZWXGMCBQ-UHFFFAOYSA-N,CC1C2CC(C3CCCCC3)CCC2CC1C1CCCCC1,10.1021/acs.jmedchem.7b00457,28590753,1,False,True,pending_dual_review,quarantined_before_evidence_review,generic_scaffold_overlaps_model_selection
BDB-50238393,50238393,Nc1nc(-c2ccccc2)cn2c(=O)n(-c3ccc([N+](=O)[O-])cc3)nc12,LBSVNCGFPQLKIR-UHFFFAOYSA-N,CC1C2CC(C3CCCCC3)CCC2CC1C1CCCCC1,10.1021/acs.jmedchem.7b00457,28590753,1,False,True,pending_dual_review,quarantined_before_evidence_review,generic_scaffold_overlaps_model_selection
BDB-50238395,50238395,Nc1nc(-c2ccccc2)cn2c(=O)n(-c3ccccc3)nc12,GLVSANJTKKFAMP-UHFFFAOYSA-N,CC1C2CC(C3CCCCC3)CCC2CC1C1CCCCC1,10.1021/acs.jmedchem.7b00457,28590753,1,False,True,pending_dual_review,quarantined_before_evidence_review,generic_scaffold_overlaps_model_selection
BDB-50238398,50238398,Nc1nc(-c2ccc(O)cc2)cn2c(=O)n(-c3ccccc3)nc12,MDIQQNWAXLRRDO-UHFFFAOYSA-N,CC1C2CC(C3CCCCC3)CCC2CC1C1CCCCC1,10.1021/acs.jmedchem.7b00457,28590753,1,False,True,pending_dual_review,quarantined_before_evidence_review,generic_scaffold_overlaps_model_selection
BDB-50238400,50238400,Nc1nc(-c2ccccc2)cn2c(=O)n(-c3ccc(O)cc3)nc12,NYSJLTNEFDTVIK-UHFFFAOYSA-N,CC1C2CC(C3CCCCC3)CCC2CC1C1CCCCC1,10.1021/acs.jmedchem.7b00457,28590753,1,False,True,pending_dual_review,quarantined_before_evidence_review,generic_scaffold_overlaps_model_selection
BDB-50238404,50238404,COc1cccc(-c2cn3c(=O)n(-c4ccccc4)nc3c(N)n2)c1,DGZYELJXFNQUAZ-UHFFFAOYSA-N,CC1C2CC(C3CCCCC3)CCC2CC1C1CCCCC1,10.1021/acs.jmedchem.7b00457,28590753,1,False,True,pending_dual_review,quarantined_before_evidence_review,generic_scaffold_overlaps_model_selection
BDB-50238407,50238407,COc1ccc(-n2nc3c(N)nc(-c4ccccc4)cn3c2=O)cc1,WFRPWJSZLZFLKI-UHFFFAOYSA-N,CC1C2CC(C3CCCCC3)CCC2CC1C1CCCCC1,10.1021/acs.jmedchem.7b00457,28590753,1,False,True,pending_dual_review,quarantined_before_evidence_review,generic_scaffold_overlaps_model_selection
BDB-50238959,50238959,CC(C)c1nc(-c2nccs2)c2sccc2n1,BCGFASHRDSXLNN-UHFFFAOYSA-N,C1CCC(C2CCCC3CCCC32)C1,10.1016/j.bmcl.2008.03.076|10.1021/jm4011669|10.1021/jm701594y,18407496|18637670|24164628,3,True,False,pending_dual_review,quarantined_before_evidence_review,exact_structure_previously_visible
BDB-50239036,50239036,Nc1nc(-c2ccco2)c2ncn(C(=O)NCc3ccccc3)c2n1,HOIUTDBGOMHLBQ-UHFFFAOYSA-N,CC(CCC1CCCCC1)C1CCC2C(C3CCCC3)CCCC12,10.1016/j.bmcl.2008.03.072|10.1021/jm4011669|10.1021/jm701594y,18411049|18637670|24164628,3,True,False,pending_dual_review,quarantined_before_evidence_review,exact_structure_previously_visible
BDB-50240999,50240999,CCCn1c(=O)c2[nH]c(-c3ccc(OCC(=O)Nc4ccc(Br)cc4)cc3)cc2n(CCC)c1=O,FQGGIJIQRRXFOZ-UHFFFAOYSA-N,CC(CCC1CCC(C2CC3CC(C)CC(C)C3C2)CC1)CC1CCCCC1,10.1016/j.bmc.2008.09.067|10.1021/jm0506221,16392813|18938084,2,False,True,pending_dual_review,quarantined_before_evidence_review,generic_scaffold_overlaps_model_selection
BDB-50242873,50242873,Cc1cnc2c(c1)CN(CCn1ncc3c1nc(N)n1nc(-c4ccco4)nc31)CC2,VKHRKRHXPXOULC-UHFFFAOYSA-N,C1CCC2CC(CCC3CCC4C3CCC3CC(C5CCCC5)CC34)CCC2C1,10.1016/j.bmcl.2008.05.069|10.1021/jm4011669,18558486|24164628,2,True,False,pending_dual_review,quarantined_before_evidence_review,exact_structure_previously_visible
BDB-50242874,50242874,Nc1nc2c(cnn2CCN2CCc3ncc(C4CC4)cc3C2)c2nc(-c3ccco3)nn12,RBQLDUMEVCNBFA-UHFFFAOYSA-N,C1CCC(C2CC3CCC4C(CCC5CCC6CCC(C7CC7)CC6C5)CCC4C3C2)C1,10.1016/j.bmcl.2008.05.069,18558486,1,True,False,pending_dual_review,quarantined_before_evidence_review,exact_structure_previously_visible
BDB-50242875,50242875,Nc1nc2c(cnn2CCN2CCc3ncc(Br)cc3C2)c2nc(-c3ccco3)nn12,YHFOKFNTOSKBLQ-UHFFFAOYSA-N,C1CCC2CC(CCC3CCC4C3CCC3CC(C5CCCC5)CC34)CCC2C1,10.1016/j.bmcl.2008.05.069,18558486,1,True,False,pending_dual_review,quarantined_before_evidence_review,exact_structure_previously_visible
BDB-50242876,50242876,COCCOc1cnc2c(c1)CN(CCn1ncc3c1nc(N)n1nc(-c4ccco4)nc31)CC2,WTVGRQMKZKEDRJ-UHFFFAOYSA-N,C1CCC2CC(CCC3CCC4C3CCC3CC(C5CCCC5)CC34)CCC2C1,10.1016/j.bmcl.2008.05.069,18558486,1,True,False,pending_dual_review,quarantined_before_evidence_review,exact_structure_previously_visible
BDB-50242935,50242935,COCCOc1cccc2c1CN(CCn1ncc3c1nc(N)n1nc(-c4ccco4)nc31)C2,SBZVOYPDJJFXDY-UHFFFAOYSA-N,C1CCC(C2CC3CCC4C(CCC5CC6CCCCC6C5)CCC4C3C2)C1,10.1016/j.bmcl.2008.05.069,18558486,1,True,False,pending_dual_review,quarantined_before_evidence_review,exact_structure_previously_visible
BDB-50242936,50242936,COc1ccc2c(c1)CN(CCn1ncc3c1nc(N)n1nc(-c4ccco4)nc31)C2,CMGVRLPXTCGYEI-UHFFFAOYSA-N,C1CCC(C2CC3CCC4C(CCC5CC6CCCCC6C5)CCC4C3C2)C1,10.1016/j.bmcl.2008.05.069,18558486,1,True,False,pending_dual_review,quarantined_before_evidence_review,exact_structure_previously_visible
BDB-50242937,50242937,Nc1nc2c(cnn2CCN2CCc3ccccc3C2)c2nc(-c3ccco3)nn12,OTQDGXDYTSLVAQ-UHFFFAOYSA-N,C1CCC2CC(CCC3CCC4C3CCC3CC(C5CCCC5)CC34)CCC2C1,10.1016/j.bmcl.2008.05.069,18558486,1,True,False,pending_dual_review,quarantined_before_evidence_review,exact_structure_previously_visible
BDB-50242939,50242939,Nc1nc2c(cnn2CCN2CCc3ncncc3C2)c2nc(-c3ccco3)nn12,DUPBUOFRJYKFEM-UHFFFAOYSA-N,C1CCC2CC(CCC3CCC4C3CCC3CC(C5CCCC5)CC34)CCC2C1,10.1016/j.bmcl.2008.05.069,18558486,1,True,False,pending_dual_review,quarantined_before_evidence_review,exact_structure_previously_visible
BDB-50242940,50242940,Nc1nc2c(cnn2CCN2CCc3nc(C(F)(F)F)ccc3C2)c2nc(-c3ccco3)nn12,ODSXUSBPNQVILJ-UHFFFAOYSA-N,C1CCC2CC(CCC3CCC4C3CCC3CC(C5CCCC5)CC34)CCC2C1,10.1016/j.bmcl.2008.05.069,18558486,1,True,False,pending_dual_review,quarantined_before_evidence_review,exact_structure_previously_visible
BDB-50242941,50242941,Nc1nc2c(cnn2CCN2CCc3ncc(-c4ccccc4)cc3C2)c2nc(-c3ccco3)nn12,STSFNYOXZHOPBF-UHFFFAOYSA-N,C1CCC(C2CCC3CCC(CCC4CCC5C4CCC4CC(C6CCCC6)CC45)CC3C2)CC1,10.1016/j.bmcl.2008.05.069,18558486,1,True,False,pending_dual_review,quarantined_before_evidence_review,exact_structure_previously_visible
BDB-50243025,50243025,COc1cc2c(cc1OC)CN(CCn1ncc3c1nc(N)n1nc(-c4ccco4)nc31)C(C)C2,CQSMMVCSCDSVCG-UHFFFAOYSA-N,C1CCC2CC(CCC3CCC4C3CCC3CC(C5CCCC5)CC34)CCC2C1,10.1016/j.bmcl.2008.05.069,18558486,1,True,False,pending_dual_review,quarantined_before_evidence_review,exact_structure_previously_visible
BDB-50243026,50243026,COc1cc2c(cc1OC)C(Cc1ccccc1)N(CCn1ncc3c1nc(N)n1nc(-c4ccco4)nc31)CC2,WQKKBJJIAPXMJO-UHFFFAOYSA-N,C1CCC(CC2C(CCC3CCC4C3CCC3CC(C5CCCC5)CC34)CCC3CCCCC32)CC1,10.1016/j.bmcl.2008.05.069,18558486,1,True,False,pending_dual_review,quarantined_before_evidence_review,exact_structure_previously_visible
BDB-50243027,50243027,COCCOc1cccc2c1CN(CCn1ncc3c1nc(N)n1nc(-c4ccco4)nc31)CC2,KAMBRAXVIADTNI-UHFFFAOYSA-N,C1CCC2CC(CCC3CCC4C3CCC3CC(C5CCCC5)CC34)CCC2C1,10.1016/j.bmcl.2008.05.069,18558486,1,True,False,pending_dual_review,quarantined_before_evidence_review,exact_structure_previously_visible
BDB-50243028,50243028,COc1ccc2c(c1)CCN(CCn1ncc3c1nc(N)n1nc(-c4ccco4)nc31)C2,DRWJPOTZQUCTJY-UHFFFAOYSA-N,C1CCC2CC(CCC3CCC4C3CCC3CC(C5CCCC5)CC34)CCC2C1,10.1016/j.bmcl.2008.05.069,18558486,1,True,False,pending_dual_review,quarantined_before_evidence_review,exact_structure_previously_visible
BDB-50243029,50243029,COc1ccc2c(c1)CN(CCn1ncc3c1nc(N)n1nc(-c4ccco4)nc31)CC2,WOQYUHFMBSSZLC-UHFFFAOYSA-N,C1CCC2CC(CCC3CCC4C3CCC3CC(C5CCCC5)CC34)CCC2C1,10.1016/j.bmcl.2008.05.069,18558486,1,True,False,pending_dual_review,quarantined_before_evidence_review,exact_structure_previously_visible
BDB-50243656,50243656,Nc1nc2c(cnn2CCN2Cc3ccccc3C2)c2nc(-c3ccco3)nn12,ITVVLTZOGNJXPY-UHFFFAOYSA-N,C1CCC(C2CC3CCC4C(CCC5CC6CCCCC6C5)CCC4C3C2)C1,10.1016/j.bmcl.2008.05.069,18558486,1,True,False,pending_dual_review,quarantined_before_evidence_review,exact_structure_previously_visible
BDB-50243657,50243657,COc1cccc2c1CN(CCn1ncc3c1nc(N)n1nc(-c4ccco4)nc31)C2,XFWXNSGRFYLZFS-UHFFFAOYSA-N,C1CCC(C2CC3CCC4C(CCC5CC6CCCCC6C5)CCC4C3C2)C1,10.1016/j.bmcl.2008.05.069,18558486,1,True,False,pending_dual_review,quarantined_before_evidence_review,exact_structure_previously_visible
BDB-50243658,50243658,COCCOc1ccc2c(c1)CN(CCn1ncc3c1nc(N)n1nc(-c4ccco4)nc31)CC2,UNAZPKBCNPDTAE-UHFFFAOYSA-N,C1CCC2CC(CCC3CCC4C3CCC3CC(C5CCCC5)CC34)CCC2C1,10.1016/j.bmcl.2008.05.069,18558486,1,True,False,pending_dual_review,quarantined_before_evidence_review,exact_structure_previously_visible
BDB-50243659,50243659,Nc1nc2c(cnn2CCN2CCc3ccccc3CC2)c2nc(-c3ccco3)nn12,AXJYZMUVADCUOK-UHFFFAOYSA-N,C1CCC2CCC(CCC3CCC4C3CCC3CC(C5CCCC5)CC34)CCC2C1,10.1016/j.bmcl.2008.05.069,18558486,1,True,False,pending_dual_review,quarantined_before_evidence_review,exact_structure_previously_visible
BDB-50243660,50243660,Nc1nc2c(cnn2CCN2CCc3ccc([N+](=O)[O-])cc3CC2)c2nc(-c3ccco3)nn12,FWZQSNQBDAECAU-UHFFFAOYSA-N,C1CCC2CCC(CCC3CCC4C3CCC3CC(C5CCCC5)CC34)CCC2C1,10.1016/j.bmcl.2008.05.069,18558486,1,True,False,pending_dual_review,quarantined_before_evidence_review,exact_structure_previously_visible
BDB-50243661,50243661,Nc1nc2c(cnn2CCN2CCc3ccc(Br)cc3CC2)c2nc(-c3ccco3)nn12,BYBYOCSOAACENO-UHFFFAOYSA-N,C1CCC2CCC(CCC3CCC4C3CCC3CC(C5CCCC5)CC34)CCC2C1,10.1016/j.bmcl.2008.05.069,18558486,1,True,False,pending_dual_review,quarantined_before_evidence_review,exact_structure_previously_visible
BDB-50243695,50243695,Nc1nc2c(cnn2CCN2CCc3ccc(Cl)cc3CC2)c2nc(-c3ccco3)nn12,SVZWIANPQODYPS-UHFFFAOYSA-N,C1CCC2CCC(CCC3CCC4C3CCC3CC(C5CCCC5)CC34)CCC2C1,10.1016/j.bmcl.2008.05.069,18558486,1,True,False,pending_dual_review,quarantined_before_evidence_review,exact_structure_previously_visible
BDB-50243696,50243696,COc1ccc2c(c1)CCN(CCn1ncc3c1nc(N)n1nc(-c4ccco4)nc31)CC2,BVHMBGRGSSKLPD-UHFFFAOYSA-N,C1CCC2CCC(CCC3CCC4C3CCC3CC(C5CCCC5)CC34)CCC2C1,10.1016/j.bmcl.2008.05.069,18558486,1,True,False,pending_dual_review,quarantined_before_evidence_review,exact_structure_previously_visible
BDB-50243697,50243697,COCCOc1ccc2c(c1)CCN(CCn1ncc3c1nc(N)n1nc(-c4ccco4)nc31)CC2,ZVMSMWQJEBVKMH-UHFFFAOYSA-N,C1CCC2CCC(CCC3CCC4C3CCC3CC(C5CCCC5)CC34)CCC2C1,10.1016/j.bmcl.2008.05.069,18558486,1,True,False,pending_dual_review,quarantined_before_evidence_review,exact_structure_previously_visible
BDB-50243698,50243698,Nc1nc2c(cnn2CCN2CCc3ncccc3C2)c2nc(-c3ccco3)nn12,OQCSYAZJULLDGN-UHFFFAOYSA-N,C1CCC2CC(CCC3CCC4C3CCC3CC(C5CCCC5)CC34)CCC2C1,10.1016/j.bmcl.2008.05.069,18558486,1,True,False,pending_dual_review,quarantined_before_evidence_review,exact_structure_previously_visible
BDB-50247452,50247452,O[C@@H]1[C@H](O)[C@@H](CCl)O[C@H]1n1cnc2c(Nc3ccc(Cl)cc3F)nc(Cl)nc21,PQSBCIUCTIMCPM-SDBHATRESA-N,C1CCC(CC2CCCC3C(C4CCCC4)CCC23)CC1,10.1021/acs.jmedchem.7b01399,29257884,1,False,True,pending_dual_review,quarantined_before_evidence_review,generic_scaffold_overlaps_model_selection
BDB-50247453,50247453,O[C@@H]1[C@H](O)[C@@H](CCl)O[C@H]1n1cnc2c(N[C@@H]3CCOC3)nc(Cl)nc21,HKSFAGXGJFDWRL-KWGHVAAJSA-N,C1CCC(CC2CCCC3C(C4CCCC4)CCC23)C1,10.1021/acs.jmedchem.7b01399,29257884,1,False,True,pending_dual_review,quarantined_before_evidence_review,generic_scaffold_overlaps_model_selection
BDB-50247455,50247455,O[C@@H]1[C@H](O)[C@@H](CCl)O[C@H]1n1cnc2c(Nc3ccc(Cl)cc3F)ncnc21,DQQRUZXAWKTVAO-XNIJJKJLSA-N,C1CCC(CC2CCCC3C(C4CCCC4)CCC23)CC1,10.1021/acs.jmedchem.7b01399,29257884,1,False,True,pending_dual_review,quarantined_before_evidence_review,generic_scaffold_overlaps_model_selection
BDB-50247457,50247457,O[C@@H]1[C@H](O)[C@@H](CCl)O[C@H]1n1cnc2c(N[C@@H]3CCOC3)ncnc21,GAKZQUAKTMXYIH-BAYCTPFLSA-N,C1CCC(CC2CCCC3C(C4CCCC4)CCC23)C1,10.1021/acs.jmedchem.7b01399,29257884,1,False,True,pending_dual_review,quarantined_before_evidence_review,generic_scaffold_overlaps_model_selection
BDB-50252009,50252009,Nc1nc2c(cnn2CCc2ccc(-c3ccccc3)cc2)c2nc(-c3ccco3)nn12,UFROJDFLPLJFOY-UHFFFAOYSA-N,C1CCC(C2CCC(CCC3CCC4C3CCC3CC(C5CCCC5)CC34)CC2)CC1,10.1016/j.bmcl.2008.05.074,18562199,1,True,False,pending_dual_review,quarantined_before_evidence_review,exact_structure_previously_visible
BDB-50252010,50252010,COc1ccc(-c2ccc(CCn3ncc4c3nc(N)n3nc(-c5ccco5)nc43)cc2)cc1,RDDAZCQWEKJYCD-UHFFFAOYSA-N,C1CCC(C2CCC(CCC3CCC4C3CCC3CC(C5CCCC5)CC34)CC2)CC1,10.1016/j.bmcl.2008.05.074,18562199,1,True,False,pending_dual_review,quarantined_before_evidence_review,exact_structure_previously_visible
BDB-50252060,50252060,Nc1nc2c(cnn2CCc2ccc(-c3ccc(OC(F)(F)F)cc3)cc2)c2nc(-c3ccco3)nn12,FFTCIKDXCKAATQ-UHFFFAOYSA-N,C1CCC(C2CCC(CCC3CCC4C3CCC3CC(C5CCCC5)CC34)CC2)CC1,10.1016/j.bmcl.2008.05.074,18562199,1,True,False,pending_dual_review,quarantined_before_evidence_review,exact_structure_previously_visible
BDB-50252061,50252061,Nc1nc2c(cnn2CCc2ccc(-c3cccnc3)cc2)c2nc(-c3ccco3)nn12,ZJQSURJYBMOICS-UHFFFAOYSA-N,C1CCC(C2CCC(CCC3CCC4C3CCC3CC(C5CCCC5)CC34)CC2)CC1,10.1016/j.bmcl.2008.05.074,18562199,1,True,False,pending_dual_review,quarantined_before_evidence_review,exact_structure_previously_visible
BDB-50252062,50252062,COc1ccc(-c2ccc(CCn3ncc4c3nc(N)n3nc(-c5ccco5)nc43)cc2)cn1,PWHABXXQGDCLMN-UHFFFAOYSA-N,C1CCC(C2CCC(CCC3CCC4C3CCC3CC(C5CCCC5)CC34)CC2)CC1,10.1016/j.bmcl.2008.05.074,18562199,1,True,False,pending_dual_review,quarantined_before_evidence_review,exact_structure_previously_visible
BDB-50252063,50252063,Cc1ccc(-c2ccc(CCn3ncc4c3nc(N)n3nc(-c5ccco5)nc43)cc2)cn1,ATPCNDHBETYULE-UHFFFAOYSA-N,C1CCC(C2CCC(CCC3CCC4C3CCC3CC(C5CCCC5)CC34)CC2)CC1,10.1016/j.bmcl.2008.05.074,18562199,1,True,False,pending_dual_review,quarantined_before_evidence_review,exact_structure_previously_visible
BDB-50252110,50252110,Nc1nc2c(cnn2CCc2ccc(-c3cnccn3)cc2)c2nc(-c3ccco3)nn12,DOGUWNXVVNWFSX-UHFFFAOYSA-N,C1CCC(C2CCC(CCC3CCC4C3CCC3CC(C5CCCC5)CC34)CC2)CC1,10.1016/j.bmcl.2008.05.074,18562199,1,True,False,pending_dual_review,quarantined_before_evidence_review,exact_structure_previously_visible
BDB-50252111,50252111,Nc1nc2c(cnn2CCc2cccc(-c3cccnc3)c2)c2nc(-c3ccco3)nn12,AIRHMBDFGCQOLF-UHFFFAOYSA-N,C1CCC(C2CCCC(CCC3CCC4C3CCC3CC(C5CCCC5)CC34)C2)CC1,10.1016/j.bmcl.2008.05.074,18562199,1,True,False,pending_dual_review,quarantined_before_evidence_review,exact_structure_previously_visible
BDB-50252112,50252112,Nc1nc2c(cnn2CCc2ccc(-c3cccnc3)cn2)c2nc(-c3ccco3)nn12,WWSBZIYPSSONBC-UHFFFAOYSA-N,C1CCC(C2CCC(CCC3CCC4C3CCC3CC(C5CCCC5)CC34)CC2)CC1,10.1016/j.bmcl.2008.05.074,18562199,1,True,False,pending_dual_review,quarantined_before_evidence_review,exact_structure_previously_visible
BDB-50252113,50252113,Cc1ccc2cc(CCn3ncc4c3nc(N)n3nc(-c5ccco5)nc43)ccc2n1,FCSLYUBEYDUDTP-UHFFFAOYSA-N,C1CCC2CC(CCC3CCC4C3CCC3CC(C5CCCC5)CC34)CCC2C1,10.1016/j.bmcl.2008.05.074|10.1021/jm4011669,18562199|24164628,2,True,False,pending_dual_review,quarantined_before_evidence_review,exact_structure_previously_visible
BDB-50252163,50252163,CCc1ccc2cc(CCn3ncc4c3nc(N)n3nc(-c5ccco5)nc43)ccc2n1,ZIZUVCJZQRUYKZ-UHFFFAOYSA-N,C1CCC2CC(CCC3CCC4C3CCC3CC(C5CCCC5)CC34)CCC2C1,10.1016/j.bmcl.2008.05.074,18562199,1,True,False,pending_dual_review,quarantined_before_evidence_review,exact_structure_previously_visible
BDB-50252164,50252164,COCCOCc1ccc2cc(CCn3ncc4c3nc(N)n3nc(-c5ccco5)nc43)ccc2n1,HOAKHHWOQWLUCC-UHFFFAOYSA-N,C1CCC2CC(CCC3CCC4C3CCC3CC(C5CCCC5)CC34)CCC2C1,10.1016/j.bmcl.2008.05.074,18562199,1,True,False,pending_dual_review,quarantined_before_evidence_review,exact_structure_previously_visible
BDB-50252165,50252165,COCCOC(C)c1ccc2cc(CCn3ncc4c3nc(N)n3nc(-c5ccco5)nc43)ccc2n1,WZJDPQPHKCQBOE-UHFFFAOYSA-N,C1CCC2CC(CCC3CCC4C3CCC3CC(C5CCCC5)CC34)CCC2C1,10.1016/j.bmcl.2008.05.074,18562199,1,True,False,pending_dual_review,quarantined_before_evidence_review,exact_structure_previously_visible
BDB-50252166,50252166,Nc1nc2c(cnn2CCc2ccc3nc(CN4CCOCC4)ccc3c2)c2nc(-c3ccco3)nn12,OGOBUCCRRODXQN-UHFFFAOYSA-N,C1CCC(CC2CCC3CC(CCC4CCC5C4CCC4CC(C6CCCC6)CC45)CCC3C2)CC1,10.1016/j.bmcl.2008.05.074,18562199,1,True,False,pending_dual_review,quarantined_before_evidence_review,exact_structure_previously_visible
BDB-50252209,50252209,Nc1nc2c(cnn2CCc2ccc3nc(C(=O)N4CCOCC4)ccc3c2)c2nc(-c3ccco3)nn12,FEZAUPQJLJCQHD-UHFFFAOYSA-N,CC(C1CCCCC1)C1CCC2CC(CCC3CCC4C3CCC3CC(C5CCCC5)CC34)CCC2C1,10.1016/j.bmcl.2008.05.074,18562199,1,True,False,pending_dual_review,quarantined_before_evidence_review,exact_structure_previously_visible
BDB-50252210,50252210,CC(c1ccc2cc(CCn3ncc4c3nc(N)n3nc(-c5ccco5)nc43)ccc2n1)N1CCOCC1,BVDULJDAQZQQCT-UHFFFAOYSA-N,C1CCC(CC2CCC3CC(CCC4CCC5C4CCC4CC(C6CCCC6)CC45)CCC3C2)CC1,10.1016/j.bmcl.2008.05.074,18562199,1,True,False,pending_dual_review,quarantined_before_evidence_review,exact_structure_previously_visible
BDB-50252211,50252211,Nc1nc2c(cnn2CCc2ccc3nc(N4CCOCC4)ccc3c2)c2nc(-c3ccco3)nn12,SWZNMMUDNJMKIZ-UHFFFAOYSA-N,C1CCC(C2CCC3CC(CCC4CCC5C4CCC4CC(C6CCCC6)CC45)CCC3C2)CC1,10.1016/j.bmcl.2008.05.074,18562199,1,True,False,pending_dual_review,quarantined_before_evidence_review,exact_structure_previously_visible
BDB-50252717,50252717,O[C@@H]1[C@H](O)CS[C@H]1n1cnc2c(NCc3cccc(F)c3)ncnc21,YDNYUMZDXCVVRT-AXAPSJFSSA-N,C1CCC(CCC2CCCC3C(C4CCCC4)CCC23)CC1,10.1021/jm8008647,18811138,1,False,True,pending_dual_review,quarantined_before_evidence_review,generic_scaffold_overlaps_model_selection
BDB-50252755,50252755,O[C@@H]1[C@H](O)CS[C@H]1n1cnc2c(NCc3cccc(Cl)c3)ncnc21,CKXSTCOOOXXOLA-AXAPSJFSSA-N,C1CCC(CCC2CCCC3C(C4CCCC4)CCC23)CC1,10.1021/jm8008647,18811138,1,False,True,pending_dual_review,quarantined_before_evidence_review,generic_scaffold_overlaps_model_selection
BDB-50252756,50252756,O[C@@H]1[C@H](O)CS[C@H]1n1cnc2c(NCc3cccc(Br)c3)ncnc21,YPCLFHBYRDLMJY-AXAPSJFSSA-N,C1CCC(CCC2CCCC3C(C4CCCC4)CCC23)CC1,10.1021/jm8008647,18811138,1,False,True,pending_dual_review,quarantined_before_evidence_review,generic_scaffold_overlaps_model_selection
BDB-50252757,50252757,O[C@@H]1[C@H](O)CS[C@H]1n1cnc2c(NCc3cccc(I)c3)ncnc21,IDVXTFYPPUNLDO-AXAPSJFSSA-N,C1CCC(CCC2CCCC3C(C4CCCC4)CCC23)CC1,10.1021/acs.jmedchem.7b00805|10.1021/jm8008647,18811138|28799755,2,False,True,pending_dual_review,quarantined_before_evidence_review,generic_scaffold_overlaps_model_selection
BDB-50252829,50252829,CNC(=O)[C@H]1S[C@@H](n2cnc3c(NCc4cccc(I)c4)ncnc32)[C@H](O)[C@@H]1O,GWXXZRJKZRKCOK-MOROJQBDSA-N,C1CCC(CCC2CCCC3C(C4CCCC4)CCC23)CC1,10.1016/j.bmc.2009.10.011|10.1021/acs.jmedchem.7b00241|10.1021/acs.jmedchem.7b00805,19879151|28380296|28799755,3,False,True,pending_dual_review,quarantined_before_evidence_review,generic_scaffold_overlaps_model_selection
BDB-50254006,50254006,N#Cc1ccc(Cn2nnc3c(-c4ccco4)nc(N)nc32)cc1,WIHSJLOSNYAKOB-UHFFFAOYSA-N,C1CCC(CC2CCC3C(C4CCCC4)CCCC23)CC1,10.1016/j.ejmech.2010.04.039,20537438,1,True,True,pending_dual_review,quarantined_before_evidence_review,exact_structure_previously_visible|generic_scaffold_overlaps_model_selection
BDB-50254013,50254013,Cc1cc(Cn2nnc3c(-c4ccco4)nc(N)nc32)ccc1N,HQSBCDPYXDGTCL-UHFFFAOYSA-N,C1CCC(CC2CCC3C(C4CCCC4)CCCC23)CC1,10.1021/jm4011669,24164628|34695776|35390714,3,True,True,pending_dual_review,quarantined_before_evidence_review,exact_structure_previously_visible|generic_scaffold_overlaps_model_selection
BDB-50254264,50254264,Nc1nc(-c2ncco2)c2nnn(Cc3ccccc3F)c2n1,YKXAXNRPKPCUCH-UHFFFAOYSA-N,C1CCC(CC2CCC3C(C4CCCC4)CCCC23)CC1,10.1016/j.ejmech.2010.04.039,20537438,1,True,True,pending_dual_review,quarantined_before_evidence_review,exact_structure_previously_visible|generic_scaffold_overlaps_model_selection
BDB-50254305,50254305,Nc1nc(-c2ccco2)c2nnn(Cc3cccc(C(=O)O)c3)c2n1,ZAHCXPSOPNDRKR-UHFFFAOYSA-N,C1CCC(CC2CCC3C(C4CCCC4)CCCC23)CC1,10.1016/j.ejmech.2010.04.039,20537438,1,True,True,pending_dual_review,quarantined_before_evidence_review,exact_structure_previously_visible|generic_scaffold_overlaps_model_selection
BDB-50255184,50255184,COC[C@@H]1CCCN1c1cc(NC(C)=O)nc(-c2ccc(C)o2)n1,HGXZPEGELGIADN-ZDUSSCGKSA-N,C1CCC(C2CCCC(C3CCCC3)C2)C1,10.1021/jm800908d,19140664,1,False,True,pending_dual_review,quarantined_before_evidence_review,generic_scaffold_overlaps_model_selection
BDB-50255185,50255185,COC[C@H]1CCCN1c1cc(NC(C)=O)nc(-c2nccs2)n1,YUBORDSDHOFYPC-LLVKDONJSA-N,C1CCC(C2CCCC(C3CCCC3)C2)C1,10.1021/jm800908d,19140664,1,False,True,pending_dual_review,quarantined_before_evidence_review,generic_scaffold_overlaps_model_selection
BDB-50255186,50255186,COC[C@@H]1CCCN1c1cc(NC(C)=O)nc(-c2ccccn2)n1,BHXYDHWPQIADCG-ZDUSSCGKSA-N,C1CCC(C2CCCC(C3CCCC3)C2)CC1,10.1021/jm800908d,19140664,1,False,True,pending_dual_review,quarantined_before_evidence_review,generic_scaffold_overlaps_model_selection
BDB-50255187,50255187,COC[C@H]1CCCN1c1cc(NC(C)=O)nc(-c2ccccn2)n1,BHXYDHWPQIADCG-CYBMUJFWSA-N,C1CCC(C2CCCC(C3CCCC3)C2)CC1,10.1021/jm800908d,19140664,1,False,True,pending_dual_review,quarantined_before_evidence_review,generic_scaffold_overlaps_model_selection
BDB-50255188,50255188,COC[C@H]1CCCN1c1cc(NC(=O)OC)nc(-n2nc(C)cc2C)n1,NGBUOZZQRKAQRL-CYBMUJFWSA-N,C1CCC(C2CCCC(C3CCCC3)C2)C1,10.1021/jm800908d,19140664,1,False,True,pending_dual_review,quarantined_before_evidence_review,generic_scaffold_overlaps_model_selection
BDB-50255189,50255189,COC[C@H]1CCCN1c1cc(N)nc(-n2nc(C)cc2C)n1,JYIMVDSGZBYVOH-GFCCVEGCSA-N,C1CCC(C2CCCC(C3CCCC3)C2)C1,10.1021/jm800908d,19140664,1,False,True,pending_dual_review,quarantined_before_evidence_review,generic_scaffold_overlaps_model_selection
BDB-50255246,50255246,CCC(=O)Nc1cc(N2CCC[C@@H]2COC)nc(-n2nc(C)cc2C)n1,SIFGOPVTYSLYLX-CQSZACIVSA-N,C1CCC(C2CCCC(C3CCCC3)C2)C1,10.1021/jm800908d,19140664,1,False,True,pending_dual_review,quarantined_before_evidence_review,generic_scaffold_overlaps_model_selection
BDB-50255247,50255247,COC[C@H]1CCCN1c1cc(NC(=O)NC(C)C)nc(-n2nc(C)cc2C)n1,MTZHACHOHNFIFR-OAHLLOKOSA-N,C1CCC(C2CCCC(C3CCCC3)C2)C1,10.1021/jm800908d,19140664,1,False,True,pending_dual_review,quarantined_before_evidence_review,generic_scaffold_overlaps_model_selection
BDB-50255248,50255248,COC[C@H]1CCCN1c1cc(NC(=O)CC(C)C)nc(-n2nc(C)cc2C)n1,CKWQSSKRPNSISV-MRXNPFEDSA-N,C1CCC(C2CCCC(C3CCCC3)C2)C1,10.1021/jm800908d,19140664,1,False,True,pending_dual_review,quarantined_before_evidence_review,generic_scaffold_overlaps_model_selection
BDB-50255249,50255249,CCN(CC)c1cc(NC(C)=O)nc(-n2nc(C)cc2C)n1,WGINQISWUSBVEU-UHFFFAOYSA-N,C1CCC(C2CCCC2)CC1,10.1021/jm800908d,19140664,1,False,True,pending_dual_review,quarantined_before_evidence_review,generic_scaffold_overlaps_model_selection
BDB-50255250,50255250,CC(=O)Nc1cc(N2CCCC2)nc(-n2nc(C)cc2C)n1,SUSJUEJXDAVAEM-UHFFFAOYSA-N,C1CCC(C2CCCC(C3CCCC3)C2)C1,10.1021/jm800908d,19140664,1,False,True,pending_dual_review,quarantined_before_evidence_review,generic_scaffold_overlaps_model_selection
BDB-50256417,50256417,CN(CCN1CCN(c2ccc(F)cc2F)CC1)c1cc2nc(-c3cccc(C#N)c3)nn2c(N)n1,ZPTQAAHWOAPCNM-UHFFFAOYSA-N,C1CCC(C2CCC(CCCC3CCC4CC(C5CCCCC5)CC4C3)CC2)CC1,10.1016/j.bmcl.2008.11.075|10.1021/jm4011669,19109019|24164628,2,True,False,pending_dual_review,quarantined_before_evidence_review,exact_structure_previously_visible
BDB-50256950,50256950,CC(C)Cn1c(Br)nc2c(N)ncnc21,RLPKQFORPDRBQT-UHFFFAOYSA-N,C1CCC2CCCC2C1,10.1016/j.bmc.2009.02.030|10.1016/j.ejmech.2010.04.039,19282184|20537438,2,True,False,pending_dual_review,quarantined_before_evidence_review,exact_structure_previously_visible
BDB-50257002,50257002,Nc1ncnc2c1nc(Br)n2C1CCCC1,UIZPGNXMMMDTHD-UHFFFAOYSA-N,C1CCC2C(C1)CCC2C1CCCC1,10.1016/j.bmc.2009.02.030,19282184,1,False,True,pending_dual_review,quarantined_before_evidence_review,generic_scaffold_overlaps_model_selection
BDB-50257051,50257051,Nc1ncnc2c1nc(Br)n2CCO,HPCQLQBYCLLETI-UHFFFAOYSA-N,C1CCC2CCCC2C1,10.1016/j.bmc.2009.02.030|10.1016/j.ejmech.2010.04.039|10.1016/j.ejmech.2013.10.006,19282184|20537438|24189496,3,True,False,pending_dual_review,quarantined_before_evidence_review,exact_structure_previously_visible
BDB-50258620,50258620,Cn1c(=O)c2[nH]c(-c3ccc(COC(=O)Nc4ccccc4)cc3)cc2n(C)c1=O,COBHXZIKLYWMLS-UHFFFAOYSA-N,CC(CCC1CCC(C2CC3CC(C)CC(C)C3C2)CC1)CC1CCCCC1,10.1016/j.bmc.2009.03.062,19398343,1,False,True,pending_dual_review,quarantined_before_evidence_review,generic_scaffold_overlaps_model_selection
BDB-50258621,50258621,Cn1c(=O)c2[nH]c(-c3ccc(COC(=O)Nc4ccc(F)cc4)cc3)cc2n(C)c1=O,XOGGWMKIGUYGPC-UHFFFAOYSA-N,CC(CCC1CCC(C2CC3CC(C)CC(C)C3C2)CC1)CC1CCCCC1,10.1016/j.bmc.2009.03.062,19398343,1,False,True,pending_dual_review,quarantined_before_evidence_review,generic_scaffold_overlaps_model_selection
BDB-50258674,50258674,Cn1c(=O)c2[nH]c(-c3ccc(COC(=O)Nc4ccccn4)cc3)cc2n(C)c1=O,HESPWNZEAPUVKI-UHFFFAOYSA-N,CC(CCC1CCC(C2CC3CC(C)CC(C)C3C2)CC1)CC1CCCCC1,10.1016/j.bmc.2009.03.062,19398343,1,False,True,pending_dual_review,quarantined_before_evidence_review,generic_scaffold_overlaps_model_selection
BDB-50258706,50258706,Cn1c(=O)c2[nH]c(-c3ccc(COC(=O)N4CCN(c5ccccc5)CC4)cc3)cc2n(C)c1=O,YWUJCPSADGKYGD-UHFFFAOYSA-N,CC1CC(C)C2CC(C3CCC(CCC(C)C4CCC(C5CCCCC5)CC4)CC3)CC2C1,10.1016/j.bmc.2009.03.062,19398343,1,False,True,pending_dual_review,quarantined_before_evidence_review,generic_scaffold_overlaps_model_selection
BDB-50258707,50258707,Cn1c(=O)c2[nH]c(-c3ccc(COC(=O)N4CCc5ccccc5C4)cc3)cc2n(C)c1=O,VSSYIBSAPKWPMX-UHFFFAOYSA-N,CC1CC(C)C2CC(C3CCC(CCC(C)C4CCC5CCCCC5C4)CC3)CC2C1,10.1016/j.bmc.2009.03.062,19398343,1,False,True,pending_dual_review,quarantined_before_evidence_review,generic_scaffold_overlaps_model_selection
BDB-50258709,50258709,CCCn1c(=O)c2[nH]c(-c3ccc(COC(=O)Nc4ccccc4)cc3)cc2n(CCC)c1=O,DUUGGDGHFBNLHS-UHFFFAOYSA-N,CC(CCC1CCC(C2CC3CC(C)CC(C)C3C2)CC1)CC1CCCCC1,10.1016/j.bmc.2009.03.062,19398343,1,False,True,pending_dual_review,quarantined_before_evidence_review,generic_scaffold_overlaps_model_selection
BDB-50258734,50258734,CCCn1c(=O)c2[nH]c(-c3ccc(COC(=O)Nc4ccc(F)cc4)cc3)cc2n(CCC)c1=O,NSUAESZFZHYVHU-UHFFFAOYSA-N,CC(CCC1CCC(C2CC3CC(C)CC(C)C3C2)CC1)CC1CCCCC1,10.1016/j.bmc.2009.03.062,19398343,1,False,True,pending_dual_review,quarantined_before_evidence_review,generic_scaffold_overlaps_model_selection
BDB-50258737,50258737,CCCn1c(=O)c2[nH]c(-c3ccc(COC(=O)Nc4cnccn4)cc3)cc2n(CCC)c1=O,FBWGREMSYFZWFR-UHFFFAOYSA-N,CC(CCC1CCC(C2CC3CC(C)CC(C)C3C2)CC1)CC1CCCCC1,10.1016/j.bmc.2009.03.062,19398343,1,False,True,pending_dual_review,quarantined_before_evidence_review,generic_scaffold_overlaps_model_selection
BDB-50258764,50258764,CCCn1c(=O)c2[nH]c(-c3ccc(COC(=O)N4CCN(c5ccccc5)CC4)cc3)cc2n(CCC)c1=O,VDNHKEMALVLRBM-UHFFFAOYSA-N,CC1CC(C)C2CC(C3CCC(CCC(C)C4CCC(C5CCCCC5)CC4)CC3)CC2C1,10.1016/j.bmc.2009.03.062,19398343,1,False,True,pending_dual_review,quarantined_before_evidence_review,generic_scaffold_overlaps_model_selection
BDB-50258765,50258765,CCCn1c(=O)c2[nH]c(-c3ccc(COC(=O)N4CCN(c5cccc(Cl)c5)CC4)cc3)cc2n(CCC)c1=O,SSIOBYFRODJHEE-UHFFFAOYSA-N,CC1CC(C)C2CC(C3CCC(CCC(C)C4CCC(C5CCCCC5)CC4)CC3)CC2C1,10.1016/j.bmc.2009.03.062,19398343,1,False,True,pending_dual_review,quarantined_before_evidence_review,generic_scaffold_overlaps_model_selection
BDB-50258805,50258805,CCCn1c(=O)c2[nH]c(-c3ccc(COC(=O)N4CCN(c5ccc(F)cc5)CC4)cc3)cc2n(CCC)c1=O,JAKXALAHCLXZAI-UHFFFAOYSA-N,CC1CC(C)C2CC(C3CCC(CCC(C)C4CCC(C5CCCCC5)CC4)CC3)CC2C1,10.1016/j.bmc.2009.03.062,19398343,1,False,True,pending_dual_review,quarantined_before_evidence_review,generic_scaffold_overlaps_model_selection
BDB-50259298,50259298,Nc1nc(-c2ccccc2)cn2cc(-c3ccccc3)nc12,MEPWSJGTTGQZFL-UHFFFAOYSA-N,C1CCC(C2CCC3CC(C4CCCCC4)CC3C2)CC1,10.1016/j.ejmech.2016.09.076,27721147,1,False,True,pending_dual_review,quarantined_before_evidence_review,generic_scaffold_overlaps_model_selection
BDB-50259300,50259300,Nc1nc(-c2ccccc2)cn2cc(-c3ccco3)nc12,ABBVFVXUAZLZGA-UHFFFAOYSA-N,C1CCC(C2CCC3CC(C4CCCC4)CC3C2)CC1,10.1016/j.ejmech.2016.09.076,27721147,1,False,True,pending_dual_review,quarantined_before_evidence_review,generic_scaffold_overlaps_model_selection
BDB-50259301,50259301,Nc1nc(Br)cn2cc(-c3ccco3)nc12,PVJUSHUMCSSDJU-UHFFFAOYSA-N,C1CCC(C2CC3CCCCC3C2)C1,10.1016/j.ejmech.2016.09.076,27721147,1,False,True,pending_dual_review,quarantined_before_evidence_review,generic_scaffold_overlaps_model_selection
BDB-50259302,50259302,Nc1nc(-c2ccco2)cn2cc(-c3ccco3)nc12,GOGGGJNLSFUNNU-UHFFFAOYSA-N,C1CCC(C2CCC3CC(C4CCCC4)CC3C2)C1,10.1016/j.ejmech.2016.09.076,27721147,1,False,True,pending_dual_review,quarantined_before_evidence_review,generic_scaffold_overlaps_model_selection
BDB-50262202,50262202,N#Cc1c(-c2ccccc2)cc(-c2ccco2)nc1N,ABFMBAYHWWNULS-UHFFFAOYSA-N,C1CCC(C2CCCC(C3CCCC3)C2)CC1,10.1021/jm701594y,18637670,1,False,True,pending_dual_review,quarantined_before_evidence_review,generic_scaffold_overlaps_model_selection
BDB-50262203,50262203,N#Cc1c(-c2ccc(Cl)cc2)cc(-c2ccco2)nc1N,ZXUDFYXHMFXRAZ-UHFFFAOYSA-N,C1CCC(C2CCCC(C3CCCC3)C2)CC1,10.1021/jm701594y,18637670,1,False,True,pending_dual_review,quarantined_before_evidence_review,generic_scaffold_overlaps_model_selection
BDB-50262204,50262204,N#Cc1c(-c2ccc(Cl)c(Cl)c2)cc(-c2ccco2)nc1N,XMMUMHCWYXOCQE-UHFFFAOYSA-N,C1CCC(C2CCCC(C3CCCC3)C2)CC1,10.1021/jm701594y,18637670,1,False,True,pending_dual_review,quarantined_before_evidence_review,generic_scaffold_overlaps_model_selection
BDB-50262205,50262205,COc1ccc(-c2cc(-c3ccco3)nc(N)c2C#N)cc1,QRKZDMYQKYYFOV-UHFFFAOYSA-N,C1CCC(C2CCCC(C3CCCC3)C2)CC1,10.1021/jm701594y,18637670,1,False,True,pending_dual_review,quarantined_before_evidence_review,generic_scaffold_overlaps_model_selection
BDB-50262265,50262265,COc1ccc(-c2cc(-c3ccco3)nc(N)c2C#N)cc1OC,SISSERAVJMOIEL-UHFFFAOYSA-N,C1CCC(C2CCCC(C3CCCC3)C2)CC1,10.1021/jm701594y,18637670,1,False,True,pending_dual_review,quarantined_before_evidence_review,generic_scaffold_overlaps_model_selection
BDB-50262267,50262267,N#Cc1c(-c2ccc(O)cc2)cc(-c2ccco2)nc1N,JTWDMUSVRPDKBP-UHFFFAOYSA-N,C1CCC(C2CCCC(C3CCCC3)C2)CC1,10.1021/jm701594y,18637670,1,False,True,pending_dual_review,quarantined_before_evidence_review,generic_scaffold_overlaps_model_selection
BDB-50262322,50262322,Cc1cccc(-c2cc(-c3ccco3)nc(N)c2C#N)c1,DCSSTJJPBVIDFO-UHFFFAOYSA-N,C1CCC(C2CCCC(C3CCCC3)C2)CC1,10.1021/jm701594y,18637670,1,False,True,pending_dual_review,quarantined_before_evidence_review,generic_scaffold_overlaps_model_selection
BDB-50262388,50262388,N#Cc1c(-c2ccco2)cc(-c2ccccc2)nc1N,UPNSGUUFOFSFEZ-UHFFFAOYSA-N,C1CCC(C2CCCC(C3CCCC3)C2)CC1,10.1021/jm701594y,18637670,1,False,True,pending_dual_review,quarantined_before_evidence_review,generic_scaffold_overlaps_model_selection
BDB-50262435,50262435,N#Cc1c(-c2cccs2)cc(-c2cccs2)nc1N,NMMNXFUCSNOZLW-UHFFFAOYSA-N,C1CCC(C2CCCC(C3CCCC3)C2)C1,10.1021/jm701594y,18637670,1,False,True,pending_dual_review,quarantined_before_evidence_review,generic_scaffold_overlaps_model_selection
BDB-50262436,50262436,N#Cc1c(-c2cccs2)cc(-c2ccco2)nc1N,VEFTYKZXVJQBER-UHFFFAOYSA-N,C1CCC(C2CCCC(C3CCCC3)C2)C1,10.1021/jm701594y,18637670,1,False,True,pending_dual_review,quarantined_before_evidence_review,generic_scaffold_overlaps_model_selection
BDB-50262437,50262437,N#Cc1c(-c2ccccc2)cc(-c2cccs2)nc1N,CMOAUWPKTBSUQT-UHFFFAOYSA-N,C1CCC(C2CCCC(C3CCCC3)C2)CC1,10.1021/jm701594y,18637670,1,False,True,pending_dual_review,quarantined_before_evidence_review,generic_scaffold_overlaps_model_selection
BDB-50262438,50262438,N#Cc1c(-c2ccccc2)cc(-c2ccc[nH]2)nc1N,ODNMCOQRYNWFFM-UHFFFAOYSA-N,C1CCC(C2CCCC(C3CCCC3)C2)CC1,10.1021/jm701594y,18637670,1,False,True,pending_dual_review,quarantined_before_evidence_review,generic_scaffold_overlaps_model_selection
BDB-50262439,50262439,N#Cc1c(-c2ccco2)cc(-c2cccs2)nc1N,CPPSAVWBHKTFNF-UHFFFAOYSA-N,C1CCC(C2CCCC(C3CCCC3)C2)C1,10.1021/jm701594y,18637670,1,False,True,pending_dual_review,quarantined_before_evidence_review,generic_scaffold_overlaps_model_selection
BDB-50262440,50262440,N#Cc1c(-c2cccs2)cc(-c2ccccc2)nc1N,WFWGQLLRRFDTHC-UHFFFAOYSA-N,C1CCC(C2CCCC(C3CCCC3)C2)CC1,10.1021/jm701594y,18637670,1,False,True,pending_dual_review,quarantined_before_evidence_review,generic_scaffold_overlaps_model_selection
BDB-50262441,50262441,N#Cc1c(-c2ccco2)cc(-c2ccco2)nc1N,BDULELAUBSFJFH-UHFFFAOYSA-N,C1CCC(C2CCCC(C3CCCC3)C2)C1,10.1021/jm701594y,18637670,1,True,True,pending_dual_review,quarantined_before_evidence_review,exact_structure_previously_visible|generic_scaffold_overlaps_model_selection
BDB-50262498,50262498,Cc1ccc(-c2cc(-c3ccco3)nc(N)c2C#N)o1,LXDLDKQVICALRI-UHFFFAOYSA-N,C1CCC(C2CCCC(C3CCCC3)C2)C1,10.1021/jm701594y,18637670,1,False,True,pending_dual_review,quarantined_before_evidence_review,generic_scaffold_overlaps_model_selection
BDB-50264163,50264163,COC(=O)[C@H]1O[C@@H](n2cnc3c(NCc4cccc(I)c4)nc(Cl)nc32)[C@H](O)[C@@H]1O,OOKIJVLUCWYHJJ-RSUWNVLCSA-N,C1CCC(CCC2CCCC3C(C4CCCC4)CCC23)CC1,10.1016/j.bmc.2008.08.007,18752961,1,False,True,pending_dual_review,quarantined_before_evidence_review,generic_scaffold_overlaps_model_selection
BDB-50264164,50264164,CONC(=O)[C@H]1O[C@@H](n2cnc3c(NCc4cccc(I)c4)nc(Cl)nc32)[C@H](O)[C@@H]1O,XBEYTDKCEMOOOY-PFHKOEEOSA-N,C1CCC(CCC2CCCC3C(C4CCCC4)CCC23)CC1,10.1016/j.bmc.2008.08.007,18752961,1,False,True,pending_dual_review,quarantined_before_evidence_review,generic_scaffold_overlaps_model_selection
BDB-50265981,50265981,CNc1nc(-c2ccco2)c(C(=O)c2ccccc2)s1,VVCBHFZICJIYTO-UHFFFAOYSA-N,CC(C1CCCCC1)C1CCCC1C1CCCC1,10.1016/j.bmcl.2008.11.066,19059776,1,True,True,pending_dual_review,quarantined_before_evidence_review,exact_structure_previously_visible|generic_scaffold_overlaps_model_selection
BDB-50265982,50265982,CC(C)CNc1nc(-c2ccco2)c(C(=O)c2ccccc2)s1,MYVPXLHJBRJPSV-UHFFFAOYSA-N,CC(C1CCCCC1)C1CCCC1C1CCCC1,10.1016/j.bmcl.2008.11.066,19059776,1,False,True,pending_dual_review,quarantined_before_evidence_review,generic_scaffold_overlaps_model_selection
BDB-50265983,50265983,COCCNc1nc(-c2ccco2)c(C(=O)c2ccccc2)s1,KWZVOZYJVSTZBL-UHFFFAOYSA-N,CC(C1CCCCC1)C1CCCC1C1CCCC1,10.1016/j.bmcl.2008.11.066,19059776,1,False,True,pending_dual_review,quarantined_before_evidence_review,generic_scaffold_overlaps_model_selection
BDB-50265984,50265984,COC(C)CNc1nc(-c2ccco2)c(C(=O)c2ccccc2)s1,LCQMEUVWVNWEOX-UHFFFAOYSA-N,CC(C1CCCCC1)C1CCCC1C1CCCC1,10.1016/j.bmcl.2008.11.066,19059776,1,False,True,pending_dual_review,quarantined_before_evidence_review,generic_scaffold_overlaps_model_selection
BDB-50265985,50265985,CC(=O)NCCNc1nc(-c2ccco2)c(C(=O)c2ccccc2)s1,QCWIIINNGDMPMR-UHFFFAOYSA-N,CC(C1CCCCC1)C1CCCC1C1CCCC1,10.1016/j.bmcl.2008.11.066,19059776,1,False,True,pending_dual_review,quarantined_before_evidence_review,generic_scaffold_overlaps_model_selection
BDB-50266051,50266051,O=C(c1ccccc1)c1sc(NCCc2cccs2)nc1-c1ccco1,GHMVNUPBBMBPQG-UHFFFAOYSA-N,CC(C1CCCCC1)C1CC(CCCC2CCCC2)CC1C1CCCC1,10.1016/j.bmc.2010.01.072|10.1016/j.bmcl.2008.11.066,19059776|20188574,2,True,True,pending_dual_review,quarantined_before_evidence_review,exact_structure_previously_visible|generic_scaffold_overlaps_model_selection
BDB-50266053,50266053,CN(C)c1nc(-c2ccco2)c(C(=O)c2ccccc2)s1,ZFPWYHVOECDVBQ-UHFFFAOYSA-N,CC(C1CCCCC1)C1CCCC1C1CCCC1,10.1016/j.bmcl.2008.11.066,19059776,1,False,True,pending_dual_review,quarantined_before_evidence_review,generic_scaffold_overlaps_model_selection
BDB-50266085,50266085,CN(CCc1cccs1)c1nc(-c2ccco2)c(C(=O)c2ccccc2)s1,YNKWDHWPAYXFLC-UHFFFAOYSA-N,CC(C1CCCCC1)C1CC(CCCC2CCCC2)CC1C1CCCC1,10.1016/j.bmcl.2008.11.066,19059776,1,False,True,pending_dual_review,quarantined_before_evidence_review,generic_scaffold_overlaps_model_selection
BDB-50266380,50266380,CC(=O)Nc1cc(N2CCCCC2)nc(-n2nc(C)cc2C)n1,DHTULAQTJMSBAR-UHFFFAOYSA-N,C1CCC(C2CCCC(C3CCCC3)C2)CC1,10.1021/jm800908d,19140664,1,False,True,pending_dual_review,quarantined_before_evidence_review,generic_scaffold_overlaps_model_selection
BDB-50266381,50266381,CC(=O)Nc1cc(N2CCCC2=O)nc(-n2nc(C)cc2C)n1,XKIKFDDSMFZYHX-UHFFFAOYSA-N,CC1CCCC1C1CCCC(C2CCCC2)C1,10.1021/jm800908d,19140664,1,True,False,pending_dual_review,quarantined_before_evidence_review,exact_structure_previously_visible
BDB-50266382,50266382,CC(=O)Nc1cc(N2CCOCC2)nc(-n2nc(C)cc2C)n1,UTOGKCKVWJBVAS-UHFFFAOYSA-N,C1CCC(C2CCCC(C3CCCC3)C2)CC1,10.1021/jm800908d,19140664,1,False,True,pending_dual_review,quarantined_before_evidence_review,generic_scaffold_overlaps_model_selection
BDB-50266383,50266383,CC(=O)Nc1cc(N2CCN(C)CC2)nc(-n2nc(C)cc2C)n1,WSJKENGAIRXRGV-UHFFFAOYSA-N,C1CCC(C2CCCC(C3CCCC3)C2)CC1,10.1021/jm800908d,19140664,1,False,True,pending_dual_review,quarantined_before_evidence_review,generic_scaffold_overlaps_model_selection
BDB-50266385,50266385,CC(=O)Nc1cc(N2CCCC2C)nc(-n2nc(C)cc2C)n1,FINGQUKKTRAYQK-UHFFFAOYSA-N,C1CCC(C2CCCC(C3CCCC3)C2)C1,10.1021/jm800908d,19140664,1,False,True,pending_dual_review,quarantined_before_evidence_review,generic_scaffold_overlaps_model_selection
BDB-50266412,50266412,CCCC1CCN(c2cc(NC(C)=O)nc(-n3nc(C)cc3C)n2)C1,BOLIEOARQUBCKA-UHFFFAOYSA-N,C1CCC(C2CCCC(C3CCCC3)C2)C1,10.1021/jm800908d,19140664,1,False,True,pending_dual_review,quarantined_before_evidence_review,generic_scaffold_overlaps_model_selection
BDB-50266413,50266413,COC(=O)[C@H]1CCCN1c1cc(NC(C)=O)nc(-n2nc(C)cc2C)n1,ATWJGPBKXBYQRH-CYBMUJFWSA-N,C1CCC(C2CCCC(C3CCCC3)C2)C1,10.1021/jm800908d,19140664,1,False,True,pending_dual_review,quarantined_before_evidence_review,generic_scaffold_overlaps_model_selection
BDB-50266415,50266415,COCC1CCCN1c1cc(NC(C)=O)nc(-n2nc(C)cc2C)n1,FGADYIBOWLXZLA-UHFFFAOYSA-N,C1CCC(C2CCCC(C3CCCC3)C2)C1,10.1021/jm800908d,19140664,1,False,True,pending_dual_review,quarantined_before_evidence_review,generic_scaffold_overlaps_model_selection
BDB-50266416,50266416,COC[C@H]1CCCN1c1cc(NC(C)=O)nc(-n2nc(C)cc2C)n1,FGADYIBOWLXZLA-CQSZACIVSA-N,C1CCC(C2CCCC(C3CCCC3)C2)C1,10.1016/j.bmcl.2013.11.051|10.1021/jm800908d,19140664|24332624,2,True,True,pending_dual_review,quarantined_before_evidence_review,exact_structure_previously_visible|generic_scaffold_overlaps_model_selection
BDB-50266439,50266439,COC[C@@H]1CCCN1c1cc(NC(C)=O)nc(-n2nc(C)cc2C)n1,FGADYIBOWLXZLA-AWEZNQCLSA-N,C1CCC(C2CCCC(C3CCCC3)C2)C1,10.1021/jm800908d,19140664,1,False,True,pending_dual_review,quarantined_before_evidence_review,generic_scaffold_overlaps_model_selection
BDB-50266440,50266440,CCOCC1CCCN1c1cc(NC(C)=O)nc(-n2nc(C)cc2C)n1,RAEPBILQBUXWGC-UHFFFAOYSA-N,C1CCC(C2CCCC(C3CCCC3)C2)C1,10.1021/jm800908d,19140664,1,False,True,pending_dual_review,quarantined_before_evidence_review,generic_scaffold_overlaps_model_selection
BDB-50266441,50266441,CC(=O)Nc1cc(N2CCC[C@H]2CO)nc(-n2nc(C)cc2C)n1,IHVOVVIHCKVZED-ZDUSSCGKSA-N,C1CCC(C2CCCC(C3CCCC3)C2)C1,10.1021/jm800908d,19140664,1,False,True,pending_dual_review,quarantined_before_evidence_review,generic_scaffold_overlaps_model_selection
BDB-50266442,50266442,COCC[C@@H]1CCCCN1c1cc(NC(C)=O)nc(-n2nc(C)cc2C)n1,UGNSMPYSZOFILX-INIZCTEOSA-N,C1CCC(C2CCCC(C3CCCC3)C2)CC1,10.1021/jm800908d,19140664,1,False,True,pending_dual_review,quarantined_before_evidence_review,generic_scaffold_overlaps_model_selection
BDB-50266443,50266443,COC[C@@H]1CCC(C)N1c1cc(NC(C)=O)nc(-n2nc(C)cc2C)n1,VFZQDRIKYWPIDY-CVRLYYSRSA-N,C1CCC(C2CCCC(C3CCCC3)C2)C1,10.1021/jm800908d,19140664,1,False,True,pending_dual_review,quarantined_before_evidence_review,generic_scaffold_overlaps_model_selection
BDB-50266474,50266474,COC[C@H]1C[C@H](OC)CN1c1cc(NC(C)=O)nc(-n2nc(C)cc2C)n1,FCRJTICZALDLSZ-CABCVRRESA-N,C1CCC(C2CCCC(C3CCCC3)C2)C1,10.1021/jm800908d,19140664,1,False,True,pending_dual_review,quarantined_before_evidence_review,generic_scaffold_overlaps_model_selection
BDB-50266475,50266475,COC[C@H]1C[C@@H](OC)CN1c1cc(NC(C)=O)nc(-n2nc(C)cc2C)n1,FCRJTICZALDLSZ-HUUCEWRRSA-N,C1CCC(C2CCCC(C3CCCC3)C2)C1,10.1021/jm800908d,19140664,1,False,True,pending_dual_review,quarantined_before_evidence_review,generic_scaffold_overlaps_model_selection
BDB-50266476,50266476,COC[C@H]1CCCN1c1cc(NC(C)=O)nc(-c2ccc(C)o2)n1,HGXZPEGELGIADN-CYBMUJFWSA-N,C1CCC(C2CCCC(C3CCCC3)C2)C1,10.1021/jm800908d,19140664,1,False,True,pending_dual_review,quarantined_before_evidence_review,generic_scaffold_overlaps_model_selection
BDB-50266502,50266502,COC[C@H]1CCCN1c1cc(NC(C)=O)nc(-c2cccs2)n1,JSBYWPLAHJGGCH-GFCCVEGCSA-N,C1CCC(C2CCCC(C3CCCC3)C2)C1,10.1021/jm800908d,19140664,1,False,True,pending_dual_review,quarantined_before_evidence_review,generic_scaffold_overlaps_model_selection
BDB-50266503,50266503,COC[C@@H]1CCCN1c1cc(NC(C)=O)nc(-c2cccs2)n1,JSBYWPLAHJGGCH-LBPRGKRZSA-N,C1CCC(C2CCCC(C3CCCC3)C2)C1,10.1021/jm800908d,19140664,1,False,True,pending_dual_review,quarantined_before_evidence_review,generic_scaffold_overlaps_model_selection
BDB-50266504,50266504,COC[C@@H]1CCCN1c1cc(NC(C)=O)nc(-c2nccs2)n1,YUBORDSDHOFYPC-NSHDSACASA-N,C1CCC(C2CCCC(C3CCCC3)C2)C1,10.1021/jm800908d,19140664,1,False,True,pending_dual_review,quarantined_before_evidence_review,generic_scaffold_overlaps_model_selection
BDB-50266505,50266505,CC(=O)Nc1cc(-c2ccccc2O)nc(-n2nc(C)cc2C)n1,MDTXXSDPNKPXPF-UHFFFAOYSA-N,C1CCC(C2CCCC(C3CCCC3)C2)CC1,10.1021/jm800908d,19140664,1,False,True,pending_dual_review,quarantined_before_evidence_review,generic_scaffold_overlaps_model_selection
BDB-50266644,50266644,CCn1nnc([C@H]2O[C@@H](n3cnc4c(NCc5ccco5)ncnc43)[C@H](O)[C@@H]2O)n1,VLAOLJRMDZJSLN-PFHKOEEOSA-N,C1CCC(CCC2CCCC3C2CCC3C2CCC(C3CCCC3)C2)C1,10.1021/acs.jmedchem.7b00291,28447789,1,True,True,pending_dual_review,quarantined_before_evidence_review,exact_structure_previously_visible|generic_scaffold_overlaps_model_selection
BDB-50266645,50266645,CCn1nnc([C@H]2O[C@@H](n3cnc4c(NCc5ccco5)nc(Cl)nc43)[C@H](O)[C@@H]2O)n1,RSWOHMDZHKBLBZ-MEQWQQMJSA-N,C1CCC(CCC2CCCC3C2CCC3C2CCC(C3CCCC3)C2)C1,10.1021/acs.jmedchem.7b00291,28447789,1,True,True,pending_dual_review,quarantined_before_evidence_review,exact_structure_previously_visible|generic_scaffold_overlaps_model_selection
BDB-50266646,50266646,CCn1nnc([C@H]2O[C@@H](n3cnc4c(NCc5cccs5)ncnc43)[C@H](O)[C@@H]2O)n1,GUBKGLDQJZXPTI-PFHKOEEOSA-N,C1CCC(CCC2CCCC3C2CCC3C2CCC(C3CCCC3)C2)C1,10.1021/acs.jmedchem.7b00291,28447789,1,True,True,pending_dual_review,quarantined_before_evidence_review,exact_structure_previously_visible|generic_scaffold_overlaps_model_selection
BDB-50266647,50266647,CCn1nnc([C@H]2O[C@@H](n3cnc4c(NCc5cccs5)nc(Cl)nc43)[C@H](O)[C@@H]2O)n1,HOKAGORUHNENMD-MEQWQQMJSA-N,C1CCC(CCC2CCCC3C2CCC3C2CCC(C3CCCC3)C2)C1,10.1021/acs.jmedchem.7b00291,28447789,1,True,True,pending_dual_review,quarantined_before_evidence_review,exact_structure_previously_visible|generic_scaffold_overlaps_model_selection
BDB-50266648,50266648,CCn1nnc([C@H]2O[C@@H](n3cnc4c(NCc5cccc(F)c5)ncnc43)[C@H](O)[C@@H]2O)n1,PWGOJUSCXLZCQN-QCUYGVNKSA-N,C1CCC(CCC2CCCC3C2CCC3C2CCC(C3CCCC3)C2)CC1,10.1021/acs.jmedchem.7b00291,28447789,1,True,True,pending_dual_review,quarantined_before_evidence_review,exact_structure_previously_visible|generic_scaffold_overlaps_model_selection
BDB-50266649,50266649,CCn1nnc([C@H]2O[C@@H](n3cnc4c(NCc5cccc(Cl)c5)ncnc43)[C@H](O)[C@@H]2O)n1,OMBBIIJKWNGXQS-QCUYGVNKSA-N,C1CCC(CCC2CCCC3C2CCC3C2CCC(C3CCCC3)C2)CC1,10.1021/acs.jmedchem.7b00291,28447789,1,True,True,pending_dual_review,quarantined_before_evidence_review,exact_structure_previously_visible|generic_scaffold_overlaps_model_selection
BDB-50266650,50266650,CCn1nnc([C@H]2O[C@@H](n3cnc4c(NCc5cccc(Cl)c5)nc(Cl)nc43)[C@H](O)[C@@H]2O)n1,JVDFTJZTGYGKHA-MOROJQBDSA-N,C1CCC(CCC2CCCC3C2CCC3C2CCC(C3CCCC3)C2)CC1,10.1021/acs.jmedchem.7b00291,28447789,1,True,True,pending_dual_review,quarantined_before_evidence_review,exact_structure_previously_visible|generic_scaffold_overlaps_model_selection
BDB-50266651,50266651,CCn1nnc([C@H]2O[C@@H](n3cnc4c(NCc5cccc(Br)c5)ncnc43)[C@H](O)[C@@H]2O)n1,QPIBSUKMBDQPIK-QCUYGVNKSA-N,C1CCC(CCC2CCCC3C2CCC3C2CCC(C3CCCC3)C2)CC1,10.1021/acs.jmedchem.7b00291,28447789,1,True,True,pending_dual_review,quarantined_before_evidence_review,exact_structure_previously_visible|generic_scaffold_overlaps_model_selection
BDB-50266652,50266652,CCn1nnc([C@H]2O[C@@H](n3cnc4c(NCc5cccc(I)c5)ncnc43)[C@H](O)[C@@H]2O)n1,UOCLQDXADVVNRE-QCUYGVNKSA-N,C1CCC(CCC2CCCC3C2CCC3C2CCC(C3CCCC3)C2)CC1,10.1021/acs.jmedchem.7b00291,28447789,1,True,True,pending_dual_review,quarantined_before_evidence_review,exact_structure_previously_visible|generic_scaffold_overlaps_model_selection
BDB-50266653,50266653,CCn1nnc([C@H]2O[C@@H](n3cnc4c(NCc5ccc(Cl)cc5F)ncnc43)[C@H](O)[C@@H]2O)n1,OQGPQUZUXZJICZ-QCUYGVNKSA-N,C1CCC(CCC2CCCC3C2CCC3C2CCC(C3CCCC3)C2)CC1,10.1021/acs.jmedchem.7b00291,28447789,1,True,True,pending_dual_review,quarantined_before_evidence_review,exact_structure_previously_visible|generic_scaffold_overlaps_model_selection
BDB-50266662,50266662,CCn1nnc([C@H]2O[C@@H](n3cnc4c(NCC5CC5)ncnc43)[C@H](O)[C@@H]2O)n1,JHUFDJIJVKFFOF-MEQWQQMJSA-N,C1CCC(C2CCC(C3CCC4C(CCC5CC5)CCCC43)C2)C1,10.1021/acs.jmedchem.7b00291,28447789,1,True,True,pending_dual_review,quarantined_before_evidence_review,exact_structure_previously_visible|generic_scaffold_overlaps_model_selection
BDB-50266663,50266663,CCn1nnc([C@H]2O[C@@H](n3cnc4c(NCc5cccc(F)c5)nc(Cl)nc43)[C@H](O)[C@@H]2O)n1,CZCUVDQEGPHUNS-MOROJQBDSA-N,C1CCC(CCC2CCCC3C2CCC3C2CCC(C3CCCC3)C2)CC1,10.1021/acs.jmedchem.7b00291,28447789,1,True,True,pending_dual_review,quarantined_before_evidence_review,exact_structure_previously_visible|generic_scaffold_overlaps_model_selection
BDB-50266664,50266664,CCn1nnc([C@H]2O[C@@H](n3cnc4c(NCc5cccc(Br)c5)nc(Cl)nc43)[C@H](O)[C@@H]2O)n1,WTSRCKFFAWSKBH-MOROJQBDSA-N,C1CCC(CCC2CCCC3C2CCC3C2CCC(C3CCCC3)C2)CC1,10.1021/acs.jmedchem.7b00291,28447789,1,True,True,pending_dual_review,quarantined_before_evidence_review,exact_structure_previously_visible|generic_scaffold_overlaps_model_selection
BDB-50266665,50266665,CCn1nnc([C@H]2O[C@@H](n3cnc4c(NCc5ccc(Cl)cc5F)nc(Cl)nc43)[C@H](O)[C@@H]2O)n1,UZFDWTZKFFINRX-MOROJQBDSA-N,C1CCC(CCC2CCCC3C2CCC3C2CCC(C3CCCC3)C2)CC1,10.1021/acs.jmedchem.7b00291,28447789,1,True,True,pending_dual_review,quarantined_before_evidence_review,exact_structure_previously_visible|generic_scaffold_overlaps_model_selection
BDB-50266666,50266666,CCn1nnc([C@H]2O[C@@H](n3cnc4c(NCC5CC5)nc(Cl)nc43)[C@H](O)[C@@H]2O)n1,DOZMWPJBLAQTHM-BQVMBELUSA-N,C1CCC(C2CCC(C3CCC4C(CCC5CC5)CCCC43)C2)C1,10.1021/acs.jmedchem.7b00291,28447789,1,True,True,pending_dual_review,quarantined_before_evidence_review,exact_structure_previously_visible|generic_scaffold_overlaps_model_selection
BDB-50267393,50267393,O[C@@H]1[C@H](O)[C@@H](CCl)O[C@H]1n1cnc2c(NC3CCCC3)ncnc21,ZKIZBXWHVOAQQX-SDBHATRESA-N,C1CCC(CC2CCCC3C(C4CCCC4)CCC23)C1,10.1021/jm801456g,19317449,1,False,True,pending_dual_review,quarantined_before_evidence_review,generic_scaffold_overlaps_model_selection
BDB-50267394,50267394,O[C@@H]1[C@H](O)[C@@H](CCl)O[C@H]1n1cnc2c(NC3CCCC3)nc(Cl)nc21,GWUOJELSUSGGDU-IDTAVKCVSA-N,C1CCC(CC2CCCC3C(C4CCCC4)CCC23)C1,10.1021/jm801456g,19317449,1,False,True,pending_dual_review,quarantined_before_evidence_review,generic_scaffold_overlaps_model_selection
BDB-50267474,50267474,C[C@@]1(O)[C@H](O)[C@@H](CCl)O[C@H]1n1cnc2c(NC3CCCC3)nc(Cl)nc21,GHKVAAPTNWFDFP-ROMFRFKVSA-N,C1CCC(CC2CCCC3C(C4CCCC4)CCC23)C1,10.1021/jm801456g,19317449,1,False,True,pending_dual_review,quarantined_before_evidence_review,generic_scaffold_overlaps_model_selection
BDB-50268107,50268107,CC(=O)NCCNc1nc(-c2ccccc2)nc2[nH]c(C(=O)N3CCN(CCCc4ccccc4)CC3)cc12,MIUCZFWBCFZKEU-UHFFFAOYSA-N,CC(C1CCC(CCCC2CCCCC2)CC1)C1CC2CCC(C3CCCCC3)CC2C1,10.1016/j.ejmech.2010.04.039|10.1021/jm201292w|10.1021/jm900413e,19569717|20537438|22148859,3,True,False,pending_dual_review,quarantined_before_evidence_review,exact_structure_previously_visible
BDB-50268232,50268232,CCCn1c(=O)[nH]c2nc(-c3ccc(S(=O)(=O)N4CCN(c5ccc(Cl)cc5)CC4)cc3)[nH]c2c1=O,OVHCTHHFOHMNFV-UHFFFAOYSA-N,CC1CC(C)C2CC(C3CCC(C(C)(C)C4CCC(C5CCCCC5)CC4)CC3)CC2C1,,34695776,1,True,False,pending_dual_review,quarantined_before_evidence_review,exact_structure_previously_visible
BDB-50273118,50273118,Nc1cc(-c2ccco2)cn2cc(-c3ccccc3)nc12,KXYJXRWHASLEJB-UHFFFAOYSA-N,C1CCC(C2CC3CCC(C4CCCC4)CC3C2)CC1,10.1016/j.bmc.2018.04.057,29753566,1,False,True,pending_dual_review,quarantined_before_evidence_review,generic_scaffold_overlaps_model_selection
BDB-50273150,50273150,c1coc(-c2ccc3nc(-c4ccco4)cn3c2)c1,VZMLEJMFQJTUSD-UHFFFAOYSA-N,C1CCC(C2CCC3CC(C4CCCC4)CC3C2)C1,10.1016/j.bmc.2018.04.057,29753566,1,False,True,pending_dual_review,quarantined_before_evidence_review,generic_scaffold_overlaps_model_selection
BDB-50273157,50273157,COc1ccc(-c2cn3cc(-c4ccco4)ccc3n2)cc1OC,NDGKVBFHJMJHQS-UHFFFAOYSA-N,C1CCC(C2CC3CCC(C4CCCC4)CC3C2)CC1,10.1016/j.bmc.2018.04.057,29753566,1,False,True,pending_dual_review,quarantined_before_evidence_review,generic_scaffold_overlaps_model_selection
BDB-50273158,50273158,COc1ccc(-c2cn3cc(-c4ccco4)cc(N)c3n2)cc1OC,QQRVZCCBIDXFGH-UHFFFAOYSA-N,C1CCC(C2CC3CCC(C4CCCC4)CC3C2)CC1,10.1016/j.bmc.2018.04.057,29753566,1,False,True,pending_dual_review,quarantined_before_evidence_review,generic_scaffold_overlaps_model_selection
BDB-50273310,50273310,CCCn1c(=O)c2[nH]c(-c3ccco3)c(OS(=O)(=O)O)c2n(CCC)c1=O,OFVGDJVBVLQLLD-UHFFFAOYSA-N,CC1CC(C)C2CC(C3CCCC3)CC2C1,10.1016/j.bmc.2008.09.067,18938084,1,False,True,pending_dual_review,quarantined_before_evidence_review,generic_scaffold_overlaps_model_selection
BDB-50273311,50273311,CCCn1c(=O)c2[nH]c(-c3ccc(OCC(=O)Nc4ccc(Br)cc4)cc3)c(O)c2n(CCC)c1=O,IDZLUCZVCCNUTR-UHFFFAOYSA-N,CC(CCC1CCC(C2CC3CC(C)CC(C)C3C2)CC1)CC1CCCCC1,10.1016/j.bmc.2008.09.067,18938084,1,False,True,pending_dual_review,quarantined_before_evidence_review,generic_scaffold_overlaps_model_selection
BDB-50273958,50273958,CCCn1c(=O)c2[nH]c(-c3ccco3)c(O)c2n(CCC)c1=O,IEMVGGNVOHLMQP-UHFFFAOYSA-N,CC1CC(C)C2CC(C3CCCC3)CC2C1,10.1016/j.bmc.2008.09.067,18938084,1,False,True,pending_dual_review,quarantined_before_evidence_review,generic_scaffold_overlaps_model_selection
BDB-50274067,50274067,Nc1nn(-c2ccccc2Cl)nc1C(=O)CCc1ccccc1,RAOSKGHUIWNDSG-UHFFFAOYSA-N,CC(CCC1CCCCC1)C1CCC(C2CCCCC2)C1,10.1021/acs.jmedchem.8b00204,29792714,1,False,True,pending_dual_review,quarantined_before_evidence_review,generic_scaffold_overlaps_model_selection
BDB-50274068,50274068,Cc1ccccc1COC(=O)c1nn(-c2ccccc2)nc1N,ANPGRBQAOVZIIU-UHFFFAOYSA-N,CC(CCC1CCCCC1)C1CCC(C2CCCCC2)C1,10.1021/acs.jmedchem.8b00204,29792714,1,False,True,pending_dual_review,quarantined_before_evidence_review,generic_scaffold_overlaps_model_selection
BDB-50274069,50274069,O=C(Nc1nc2cccc(Cl)c2[nH]1)c1ccccc1,UYANATZTFXSNEV-UHFFFAOYSA-N,CC(CC1CC2CCCCC2C1)C1CCCCC1,10.1021/acs.jmedchem.8b00204,29792714,1,True,True,pending_dual_review,quarantined_before_evidence_review,exact_structure_previously_visible|generic_scaffold_overlaps_model_selection
BDB-50274070,50274070,Nc1nn(-c2ccccc2)nc1C(=O)CCc1ccccc1,GRDKCUFKNVURRK-UHFFFAOYSA-N,CC(CCC1CCCCC1)C1CCC(C2CCCCC2)C1,10.1021/acs.jmedchem.8b00204,29792714,1,False,True,pending_dual_review,quarantined_before_evidence_review,generic_scaffold_overlaps_model_selection
BDB-50274071,50274071,COc1cccc2nc(NC(=O)c3ccccc3)[nH]c12,BGIDHGATBXOVLU-UHFFFAOYSA-N,CC(CC1CC2CCCCC2C1)C1CCCCC1,10.1021/acs.jmedchem.8b00204,29792714,1,False,True,pending_dual_review,quarantined_before_evidence_review,generic_scaffold_overlaps_model_selection
BDB-50274072,50274072,Cc1cccc(-n2nc(N)c(C(=O)CCc3ccccc3)n2)c1,JIUYMBQNHGNLRZ-UHFFFAOYSA-N,CC(CCC1CCCCC1)C1CCC(C2CCCCC2)C1,10.1021/acs.jmedchem.8b00204,29792714,1,False,True,pending_dual_review,quarantined_before_evidence_review,generic_scaffold_overlaps_model_selection
BDB-50274073,50274073,Nc1nn(-c2ccccc2)nc1C(=O)NCc1ccccc1,BLSMIHZTCPTEDB-UHFFFAOYSA-N,CC(CCC1CCCCC1)C1CCC(C2CCCCC2)C1,10.1021/acs.jmedchem.8b00204,29792714,1,False,True,pending_dual_review,quarantined_before_evidence_review,generic_scaffold_overlaps_model_selection
BDB-50274075,50274075,COc1cccc(COC(=O)c2nn(-c3ccccc3)nc2N)c1,PVXSYGKEPLNOTR-UHFFFAOYSA-N,CC(CCC1CCCCC1)C1CCC(C2CCCCC2)C1,10.1021/acs.jmedchem.8b00204,29792714,1,True,True,pending_dual_review,quarantined_before_evidence_review,exact_structure_previously_visible|generic_scaffold_overlaps_model_selection
BDB-50274076,50274076,Nc1nn(-c2ccccc2)nc1C(=O)OCc1ccccc1,YQGXKCNAONWAIF-UHFFFAOYSA-N,CC(CCC1CCCCC1)C1CCC(C2CCCCC2)C1,10.1021/acs.jmedchem.8b00204,29792714,1,False,True,pending_dual_review,quarantined_before_evidence_review,generic_scaffold_overlaps_model_selection
BDB-50275599,50275599,COc1ccccc1CNc1nc(N)c2nc(-c3ccccc3)sc2n1,REDHRMQBZHBARB-UHFFFAOYSA-N,C1CCC(CCC2CCC3CC(C4CCCCC4)CC3C2)CC1,10.1016/j.bmc.2018.05.048,29880250|34695776,2,True,False,pending_dual_review,quarantined_before_evidence_review,exact_structure_previously_visible
BDB-50275600,50275600,COc1cccc(CNc2nc(N)c3nc(-c4ccccc4)sc3n2)c1,BCYGXPUZEWFUON-UHFFFAOYSA-N,C1CCC(CCC2CCC3CC(C4CCCCC4)CC3C2)CC1,10.1016/j.bmc.2018.05.048,29880250,1,True,False,pending_dual_review,quarantined_before_evidence_review,exact_structure_previously_visible
BDB-50275601,50275601,Cc1nc2c(N)nc(NCCc3cccs3)nc2s1,MCEXUYHFWKYLLR-UHFFFAOYSA-N,C1CCC(CCCC2CCC3CCCC3C2)C1,10.1016/j.bmc.2018.05.048,29880250,1,True,False,pending_dual_review,quarantined_before_evidence_review,exact_structure_previously_visible
BDB-50275602,50275602,COc1ccc(CCNc2nc(N)c3nc(-c4ccccc4)sc3n2)cc1,GLLKLVCCVKWHCU-UHFFFAOYSA-N,C1CCC(CCCC2CCC3CC(C4CCCCC4)CC3C2)CC1,10.1016/j.bmc.2018.05.048,29880250,1,False,True,pending_dual_review,quarantined_before_evidence_review,generic_scaffold_overlaps_model_selection
BDB-50275613,50275613,COc1ccccc1CNc1nc(N)c2nc(C)sc2n1,QFOUQHHFGBJWPI-UHFFFAOYSA-N,C1CCC(CCC2CCC3CCCC3C2)CC1,10.1016/j.bmc.2018.05.048,29880250,1,False,True,pending_dual_review,quarantined_before_evidence_review,generic_scaffold_overlaps_model_selection
BDB-50275629,50275629,Nc1nc(NCCc2ccccc2)nc2sc(-c3ccccc3)nc12,ZWRUQFMXUZVKQY-UHFFFAOYSA-N,C1CCC(CCCC2CCC3CC(C4CCCCC4)CC3C2)CC1,10.1016/j.bmc.2018.05.048,29880250,1,False,True,pending_dual_review,quarantined_before_evidence_review,generic_scaffold_overlaps_model_selection
BDB-50275631,50275631,Cc1nc2c(N)nc(NCCc3ccccc3)nc2s1,YSKUWASMFFERQA-UHFFFAOYSA-N,C1CCC(CCCC2CCC3CCCC3C2)CC1,10.1016/j.bmc.2018.05.048,29880250,1,False,True,pending_dual_review,quarantined_before_evidence_review,generic_scaffold_overlaps_model_selection
BDB-50275634,50275634,Nc1nc(NCc2cccs2)nc2sc(-c3ccccc3)nc12,LSZKDONVLXWTJB-UHFFFAOYSA-N,C1CCC(C2CC3CCC(CCC4CCCC4)CC3C2)CC1,10.1016/j.bmc.2018.05.048,29880250,1,True,False,pending_dual_review,quarantined_before_evidence_review,exact_structure_previously_visible
BDB-50275635,50275635,Nc1nc(NCCc2ccc(O)cc2)nc2sc(-c3ccccc3)nc12,QRUMXLQAAAQLDF-UHFFFAOYSA-N,C1CCC(CCCC2CCC3CC(C4CCCCC4)CC3C2)CC1,10.1016/j.bmc.2018.05.048,29880250,1,False,True,pending_dual_review,quarantined_before_evidence_review,generic_scaffold_overlaps_model_selection
BDB-50275638,50275638,Cc1nc2c(N)nc(NCc3ccccc3)nc2s1,LCFLUTLCEWLMIC-UHFFFAOYSA-N,C1CCC(CCC2CCC3CCCC3C2)CC1,10.1016/j.bmc.2018.05.048,29880250,1,False,True,pending_dual_review,quarantined_before_evidence_review,generic_scaffold_overlaps_model_selection
BDB-50275660,50275660,COc1ccccc1-c1cc(NC(C)=O)nc(-n2nc(C)cc2C)n1,IHZJCEYKGHNJAV-UHFFFAOYSA-N,C1CCC(C2CCCC(C3CCCC3)C2)CC1,10.1016/j.bmcl.2008.09.048,18835161,1,False,True,pending_dual_review,quarantined_before_evidence_review,generic_scaffold_overlaps_model_selection
BDB-50275668,50275668,COc1cccc(CNc2nc(N)c3nc(C)sc3n2)c1,IFUSHKGAHYCHIQ-UHFFFAOYSA-N,C1CCC(CCC2CCC3CCCC3C2)CC1,10.1016/j.bmc.2018.05.048,29880250,1,False,True,pending_dual_review,quarantined_before_evidence_review,generic_scaffold_overlaps_model_selection
BDB-50275693,50275693,COc1ccc(-c2cc(NC(C)=O)nc(-n3nc(C)cc3C)n2)cc1,LKMYUFHSXMTCQP-UHFFFAOYSA-N,C1CCC(C2CCCC(C3CCCC3)C2)CC1,10.1016/j.bmcl.2008.09.048,18835161,1,False,True,pending_dual_review,quarantined_before_evidence_review,generic_scaffold_overlaps_model_selection
BDB-50275694,50275694,CC(=O)Nc1cc(-c2cccc(C)c2)nc(-n2nc(C)cc2C)n1,XVIGYFVDOGOBDS-UHFFFAOYSA-N,C1CCC(C2CCCC(C3CCCC3)C2)CC1,10.1016/j.bmcl.2008.09.048,18835161,1,False,True,pending_dual_review,quarantined_before_evidence_review,generic_scaffold_overlaps_model_selection
BDB-50275695,50275695,CC(=O)Nc1cc(-c2cccc(C#N)c2)nc(-n2nc(C)cc2C)n1,RLYMKXCOCBLPDC-UHFFFAOYSA-N,C1CCC(C2CCCC(C3CCCC3)C2)CC1,10.1016/j.bmcl.2008.09.048,18835161,1,False,True,pending_dual_review,quarantined_before_evidence_review,generic_scaffold_overlaps_model_selection
BDB-50275696,50275696,CC(=O)Nc1cc(-c2cccc(CC#N)c2)nc(-n2nc(C)cc2C)n1,AWHOPARFCRBVBE-UHFFFAOYSA-N,C1CCC(C2CCCC(C3CCCC3)C2)CC1,10.1016/j.bmcl.2008.09.048,18835161,1,False,True,pending_dual_review,quarantined_before_evidence_review,generic_scaffold_overlaps_model_selection
BDB-50275742,50275742,CC(=O)Nc1cc(-c2cccc(C(F)(F)F)c2)nc(-n2nc(C)cc2C)n1,QLYCOMFUURXRFD-UHFFFAOYSA-N,C1CCC(C2CCCC(C3CCCC3)C2)CC1,10.1016/j.bmcl.2008.09.048,18835161,1,False,True,pending_dual_review,quarantined_before_evidence_review,generic_scaffold_overlaps_model_selection
BDB-50275743,50275743,CC(=O)Nc1cc(-c2cc(C)cc(C)c2)nc(-n2nc(C)cc2C)n1,MTHGBVNUWKGCGT-UHFFFAOYSA-N,C1CCC(C2CCCC(C3CCCC3)C2)CC1,10.1016/j.bmcl.2008.09.048,18835161,1,False,True,pending_dual_review,quarantined_before_evidence_review,generic_scaffold_overlaps_model_selection
BDB-50275744,50275744,CC(=O)Nc1cc(-c2cc(C)ccc2C)nc(-n2nc(C)cc2C)n1,LRMUCWKZKPFGOQ-UHFFFAOYSA-N,C1CCC(C2CCCC(C3CCCC3)C2)CC1,10.1016/j.bmcl.2008.09.048,18835161,1,False,True,pending_dual_review,quarantined_before_evidence_review,generic_scaffold_overlaps_model_selection
BDB-50275745,50275745,CC(=O)Nc1cc(-c2cc(O)cc(F)c2)nc(-n2nc(C)cc2C)n1,CRBWMXJQGWUCTP-UHFFFAOYSA-N,C1CCC(C2CCCC(C3CCCC3)C2)CC1,10.1016/j.bmcl.2008.09.048,18835161,1,False,True,pending_dual_review,quarantined_before_evidence_review,generic_scaffold_overlaps_model_selection
BDB-50275799,50275799,CC(=O)Nc1cc(-c2cc(F)cc(F)c2)nc(-n2nc(C)cc2C)n1,DTINJFMWAIYFRA-UHFFFAOYSA-N,C1CCC(C2CCCC(C3CCCC3)C2)CC1,10.1016/j.bmcl.2008.09.048,18835161,1,False,True,pending_dual_review,quarantined_before_evidence_review,generic_scaffold_overlaps_model_selection
BDB-50275800,50275800,COc1c(F)cccc1-c1cc(NC(C)=O)nc(-n2nc(C)cc2C)n1,TWKAKKMODJNAHL-UHFFFAOYSA-N,C1CCC(C2CCCC(C3CCCC3)C2)CC1,10.1016/j.bmcl.2008.09.048,18835161,1,False,True,pending_dual_review,quarantined_before_evidence_review,generic_scaffold_overlaps_model_selection
BDB-50275801,50275801,CC(=O)Nc1cc(-c2cccc(O)c2)nc(-n2nc(C)cc2C)n1,RBRREHKGVIAYOX-UHFFFAOYSA-N,C1CCC(C2CCCC(C3CCCC3)C2)CC1,10.1016/j.bmcl.2008.09.048,18835161,1,False,True,pending_dual_review,quarantined_before_evidence_review,generic_scaffold_overlaps_model_selection
BDB-50275802,50275802,CC(=O)Nc1cc(-c2cccc(OCCN(C)C)c2)nc(-n2nc(C)cc2C)n1,QDJLUTOVYOOCPC-UHFFFAOYSA-N,C1CCC(C2CCCC(C3CCCC3)C2)CC1,10.1016/j.bmcl.2008.09.048,18835161,1,False,True,pending_dual_review,quarantined_before_evidence_review,generic_scaffold_overlaps_model_selection
BDB-50293031,50293031,CNC(=O)OC[C@H]1O[C@@H](n2cnc3c(NCc4cccc(I)c4)nc(Cl)nc32)[C@H](O)[C@@H]1O,ACWHBXMNFZBKMU-LSCFUAHRSA-N,C1CCC(CCC2CCCC3C(C4CCCC4)CCC23)CC1,10.1021/jm901785w,20408530,1,False,True,pending_dual_review,quarantined_before_evidence_review,generic_scaffold_overlaps_model_selection
BDB-50294499,50294499,Nc1nc(C(=O)NCc2cccnc2)cc(-c2ccco2)n1,IYBSZQMNYVYEJE-UHFFFAOYSA-N,CC(CCC1CCCCC1)C1CCCC(C2CCCC2)C1,10.1016/j.bmcl.2009.03.142,19362836,1,True,False,pending_dual_review,quarantined_before_evidence_review,exact_structure_previously_visible
BDB-50294500,50294500,Nc1cccc(CNC(=O)c2cc(-c3ccco3)nc(N)n2)n1,MPXGXZJPDNLULM-UHFFFAOYSA-N,CC(CCC1CCCCC1)C1CCCC(C2CCCC2)C1,10.1016/j.bmcl.2009.03.142,19362836,1,True,False,pending_dual_review,quarantined_before_evidence_review,exact_structure_previously_visible
BDB-50294501,50294501,COCc1cccc(CNC(=O)c2cc(-c3ccco3)nc(N)n2)n1,MNNAJXPKIBKJNB-UHFFFAOYSA-N,CC(CCC1CCCCC1)C1CCCC(C2CCCC2)C1,10.1016/j.bmcl.2009.03.142|10.1021/jm4011669,19362836|24164628,2,True,False,pending_dual_review,quarantined_before_evidence_review,exact_structure_previously_visible
BDB-50294502,50294502,Nc1nc(C(=O)NCc2ccccc2)cc(-c2ccco2)n1,REBBIMYHUBYOBS-UHFFFAOYSA-N,CC(CCC1CCCCC1)C1CCCC(C2CCCC2)C1,10.1016/j.bmcl.2009.03.142,19362836,1,True,False,pending_dual_review,quarantined_before_evidence_review,exact_structure_previously_visible
BDB-50294503,50294503,Nc1nc(C(=O)NCc2ccccc2F)cc(-c2ccco2)n1,ZDZMRYFYFIQSFZ-UHFFFAOYSA-N,CC(CCC1CCCCC1)C1CCCC(C2CCCC2)C1,10.1016/j.bmcl.2009.03.142,19362836,1,True,False,pending_dual_review,quarantined_before_evidence_review,exact_structure_previously_visible
BDB-50294504,50294504,Nc1nc(C(=O)NCc2cccc(F)c2)cc(-c2ccco2)n1,WPZSHLBDZYXRMN-UHFFFAOYSA-N,CC(CCC1CCCCC1)C1CCCC(C2CCCC2)C1,10.1016/j.bmcl.2009.03.142,19362836,1,True,False,pending_dual_review,quarantined_before_evidence_review,exact_structure_previously_visible
BDB-50294505,50294505,Nc1nc(C(=O)NCc2ccccc2Cl)cc(-c2ccco2)n1,ZVWNHOGZGKJOCZ-UHFFFAOYSA-N,CC(CCC1CCCCC1)C1CCCC(C2CCCC2)C1,10.1016/j.bmcl.2009.03.142,19362836,1,True,False,pending_dual_review,quarantined_before_evidence_review,exact_structure_previously_visible
BDB-50294506,50294506,Nc1nc(C(=O)NCc2cccc(Cl)c2)cc(-c2ccco2)n1,LPLCYUODHCAGPW-UHFFFAOYSA-N,CC(CCC1CCCCC1)C1CCCC(C2CCCC2)C1,10.1016/j.bmcl.2009.03.142,19362836,1,True,False,pending_dual_review,quarantined_before_evidence_review,exact_structure_previously_visible
BDB-50294507,50294507,Cc1ccccc1CNC(=O)c1cc(-c2ccco2)nc(N)n1,LDJWWIWFNZKBTC-UHFFFAOYSA-N,CC(CCC1CCCCC1)C1CCCC(C2CCCC2)C1,10.1016/j.bmcl.2009.03.142,19362836,1,True,False,pending_dual_review,quarantined_before_evidence_review,exact_structure_previously_visible
BDB-50294508,50294508,Cc1cccc(CNC(=O)c2cc(-c3ccco3)nc(N)n2)c1,XCILVOURWDGPPK-UHFFFAOYSA-N,CC(CCC1CCCCC1)C1CCCC(C2CCCC2)C1,10.1016/j.bmcl.2009.03.142,19362836,1,True,False,pending_dual_review,quarantined_before_evidence_review,exact_structure_previously_visible
BDB-50294509,50294509,Cc1ccc(CNC(=O)c2cc(-c3ccco3)nc(N)n2)cc1,QTEJHXLDDDJLAG-UHFFFAOYSA-N,CC(CCC1CCCCC1)C1CCCC(C2CCCC2)C1,10.1016/j.bmcl.2009.03.142,19362836,1,True,False,pending_dual_review,quarantined_before_evidence_review,exact_structure_previously_visible
BDB-50294510,50294510,COc1ccccc1CNC(=O)c1cc(-c2ccco2)nc(N)n1,DFRSOCIMNLONDQ-UHFFFAOYSA-N,CC(CCC1CCCCC1)C1CCCC(C2CCCC2)C1,10.1016/j.bmcl.2009.03.142,19362836,1,True,False,pending_dual_review,quarantined_before_evidence_review,exact_structure_previously_visible
BDB-50294511,50294511,COc1cccc(CNC(=O)c2cc(-c3ccco3)nc(N)n2)c1,YFRHZCQZSUBSEY-UHFFFAOYSA-N,CC(CCC1CCCCC1)C1CCCC(C2CCCC2)C1,10.1016/j.bmcl.2009.03.142,19362836,1,True,False,pending_dual_review,quarantined_before_evidence_review,exact_structure_previously_visible
BDB-50294665,50294665,O[C@@H]1[C@H](O)CO[C@H]1n1cnc2c(NCc3cccc(Br)c3)ncnc21,AMBOYCWPKZEJFM-AXAPSJFSSA-N,C1CCC(CCC2CCCC3C(C4CCCC4)CCC23)CC1,10.1016/j.bmc.2009.03.034,19375920,1,False,True,pending_dual_review,quarantined_before_evidence_review,generic_scaffold_overlaps_model_selection
BDB-50294666,50294666,O[C@@H]1[C@H](O)CO[C@H]1n1cnc2c(NCc3cccc(I)c3)ncnc21,DBOWVIYWCSBVDB-AXAPSJFSSA-N,C1CCC(CCC2CCCC3C(C4CCCC4)CCC23)CC1,10.1016/j.bmc.2009.03.034,19375920,1,False,True,pending_dual_review,quarantined_before_evidence_review,generic_scaffold_overlaps_model_selection
BDB-50294667,50294667,O[C@@H]1[C@H](O)CO[C@H]1n1cnc2c(NCc3cccc(Cl)c3)nc(Cl)nc21,PCYJILZJDFFIPA-IXPVHAAZSA-N,C1CCC(CCC2CCCC3C(C4CCCC4)CCC23)CC1,10.1016/j.bmc.2009.03.034,19375920,1,False,True,pending_dual_review,quarantined_before_evidence_review,generic_scaffold_overlaps_model_selection
BDB-50294672,50294672,O[C@@H]1[C@H](O)CO[C@H]1n1cnc2c(NCc3cccc(F)c3)ncnc21,QPLGLUVUMGUTTI-AXAPSJFSSA-N,C1CCC(CCC2CCCC3C(C4CCCC4)CCC23)CC1,10.1016/j.bmc.2009.03.034,19375920,1,False,True,pending_dual_review,quarantined_before_evidence_review,generic_scaffold_overlaps_model_selection
BDB-50294673,50294673,O[C@@H]1[C@H](O)CO[C@H]1n1cnc2c(NCc3cccc(Cl)c3)ncnc21,JMAPHUQNTQHQHG-AXAPSJFSSA-N,C1CCC(CCC2CCCC3C(C4CCCC4)CCC23)CC1,10.1016/j.bmc.2009.03.034,19375920,1,False,True,pending_dual_review,quarantined_before_evidence_review,generic_scaffold_overlaps_model_selection
BDB-50298491,50298491,CCOC(=O)COc1ccc(CCCn2ncc3c2nc(N)n2nc(-c4ccco4)nc32)cc1,YIFOKASDOYOSRW-UHFFFAOYSA-N,C1CCC(CCCC2CCC3C2CCC2CC(C4CCCC4)CC23)CC1,10.1016/j.bmc.2009.05.038,19501513,1,False,True,pending_dual_review,quarantined_before_evidence_review,generic_scaffold_overlaps_model_selection
BDB-50298492,50298492,CCOC(=O)c1ccc(CCn2ncc3c2nc(N)n2nc(-c4ccco4)nc32)cc1,KYOMRUOJDCTMFN-UHFFFAOYSA-N,C1CCC(CCC2CCC3C2CCC2CC(C4CCCC4)CC23)CC1,10.1016/j.bmc.2009.05.038,19501513,1,False,True,pending_dual_review,quarantined_before_evidence_review,generic_scaffold_overlaps_model_selection
BDB-50300876,50300876,Nc1nc(SCCC2CCCCC2)nc2c1ncn2[C@@H]1O[C@H](CO)[C@@H](O)[C@H]1O,LRXZMRCIHPZHGY-LSCFUAHRSA-N,C1CCC(CCCC2CCC3CCC(C4CCCC4)C3C2)CC1,10.1021/jm201461q,22104008,1,False,True,pending_dual_review,quarantined_before_evidence_review,generic_scaffold_overlaps_model_selection
BDB-50304630,50304630,CNc1ncnc2c1ncn2[C@@H]1S[C@H](C(=O)NC2CCC2)[C@@H](O)[C@H]1O,OWZJSHUHYXQQIH-BQVMBELUSA-N,CC(CC1CCC1)C1CCC(C2CCC3CCCCC32)C1,10.1016/j.bmc.2009.10.011,19879151,1,False,True,pending_dual_review,quarantined_before_evidence_review,generic_scaffold_overlaps_model_selection
BDB-50304635,50304635,CCNC(=O)[C@H]1S[C@@H](n2cnc3c(NCc4cccc(I)c4)ncnc32)[C@H](O)[C@@H]1O,XROLQKSRXCUQAD-QCUYGVNKSA-N,C1CCC(CCC2CCCC3C(C4CCCC4)CCC23)CC1,10.1016/j.bmc.2009.10.011|10.1021/acs.jmedchem.7b00805,19879151|28799755,2,False,True,pending_dual_review,quarantined_before_evidence_review,generic_scaffold_overlaps_model_selection
BDB-50304638,50304638,CNc1ncnc2c1ncn2[C@@H]1S[C@H](C(=O)NC2CC2)[C@@H](O)[C@H]1O,OHXZOAPLKFBSPO-AEISUSGSSA-N,CC(CC1CC1)C1CCC(C2CCC3CCCCC32)C1,10.1016/j.bmc.2009.10.011,19879151,1,False,True,pending_dual_review,quarantined_before_evidence_review,generic_scaffold_overlaps_model_selection
BDB-50306746,50306746,CC(=O)Oc1cccc(-c2nc(C(N)=O)c(N)o2)c1,STTDMIUGCZTANE-UHFFFAOYSA-N,C1CCC(C2CCCC2)CC1,10.1021/jm901647p,20095623,1,False,True,pending_dual_review,quarantined_before_evidence_review,generic_scaffold_overlaps_model_selection
BDB-50306767,50306767,N#Cc1c(N)nc2c(C(N)=O)c(Nc3ccccc3)sc2c1-c1ccccc1,VJCANGHIFSKRFF-UHFFFAOYSA-N,C1CCC(CC2CC3CCCC(C4CCCCC4)C3C2)CC1,10.1021/jm901647p,20095623,1,True,True,pending_dual_review,quarantined_before_evidence_review,exact_structure_previously_visible|generic_scaffold_overlaps_model_selection
BDB-50306769,50306769,Nc1ccc(Cl)c2c1C(=O)c1ccccc1C2=O,AWACQBFBMROGQC-UHFFFAOYSA-N,CC1C2CCCCC2C(C)C2CCCCC12,10.1021/jm901647p,20095623,1,True,False,pending_dual_review,quarantined_before_evidence_review,exact_structure_previously_visible
BDB-50306770,50306770,Cn1c(=O)cc2c3c(c(N)ccc31)C(=O)c1ccccc1-2,KWULQQPKJVEXMY-UHFFFAOYSA-N,CC1CC2CCCC3C(C)C4CCCCC4C(C1)C23,10.1021/jm901647p,20095623,1,True,False,pending_dual_review,quarantined_before_evidence_review,exact_structure_previously_visible
BDB-50306776,50306776,Nc1c(C(=O)Nc2ccccc2F)sc2nc3c(cc12)C(=O)CCC3,YHFDPEYHDOTAOT-UHFFFAOYSA-N,CC(CC1CCCCC1)C1CC2CC3CCCC(C)C3CC2C1,10.1021/jm901647p,20095623,1,True,True,pending_dual_review,quarantined_before_evidence_review,exact_structure_previously_visible|generic_scaffold_overlaps_model_selection
BDB-50306779,50306779,CN1CCc2nc3sc(C(=O)Nc4ccc(Cl)cc4)c(N)c3cc2C1,YCIKPGUSEZZDGL-UHFFFAOYSA-N,CC(CC1CCCCC1)C1CC2CC3CCCCC3CC2C1,10.1021/jm901647p,20095623,1,True,True,pending_dual_review,quarantined_before_evidence_review,exact_structure_previously_visible|generic_scaffold_overlaps_model_selection
BDB-50306782,50306782,Nc1c(C(=O)Nc2ccc([N+](=O)[O-])cc2)sc2nc3c(cc12)CCCC3,AAEYTMMNWWKSKZ-UHFFFAOYSA-N,CC(CC1CCCCC1)C1CC2CC3CCCCC3CC2C1,10.1021/jm901647p,20095623,1,False,True,pending_dual_review,quarantined_before_evidence_review,generic_scaffold_overlaps_model_selection
BDB-50309472,50309472,Nc1nc(N[C@H](CO)Cc2ccccc2)nc2c1ncn2[C@@H]1C[C@H](n2cccn2)[C@@H](O)[C@H]1O,MDZKPLSGDDFSOX-JZFYCYHFSA-N,C1CCC(CCCC2CCC3CCC(C4CCC(C5CCCC5)C4)C3C2)CC1,10.1016/j.bmcl.2009.11.131,20031406,1,True,False,pending_dual_review,quarantined_before_evidence_review,exact_structure_previously_visible
BDB-50309473,50309473,Cc1cnn([C@H]2C[C@@H](n3cnc4c(N)nc(N[C@H](CO)Cc5ccccc5)nc43)[C@H](O)[C@@H]2O)c1,LKBHTUWEPYNFEX-SQIBXOBRSA-N,C1CCC(CCCC2CCC3CCC(C4CCC(C5CCCC5)C4)C3C2)CC1,10.1016/j.bmcl.2009.11.131,20031406,1,True,False,pending_dual_review,quarantined_before_evidence_review,exact_structure_previously_visible
BDB-50309474,50309474,CCc1cnn([C@H]2C[C@@H](n3cnc4c(N)nc(N[C@H](CO)Cc5ccccc5)nc43)[C@H](O)[C@@H]2O)c1,AWTFOQMQANRSHW-WRJHFWDFSA-N,C1CCC(CCCC2CCC3CCC(C4CCC(C5CCCC5)C4)C3C2)CC1,10.1016/j.bmcl.2009.11.131,20031406,1,True,False,pending_dual_review,quarantined_before_evidence_review,exact_structure_previously_visible
BDB-50309476,50309476,Nc1nc(N[C@H](CO)Cc2ccccc2)nc2c1ncn2[C@@H]1C[C@H](n2ncc3ccccc32)[C@@H](O)[C@H]1O,UWBKGMMHEWTZJY-YFVPBJFGSA-N,C1CCC(CCCC2CCC3CCC(C4CCC(C5CCC6CCCCC65)C4)C3C2)CC1,10.1016/j.bmcl.2009.11.131,20031406,1,True,False,pending_dual_review,quarantined_before_evidence_review,exact_structure_previously_visible
BDB-50309477,50309477,Nc1nc(N[C@H](CO)Cc2ccccc2)nc2c1ncn2[C@@H]1C[C@H](n2ccccc2=O)[C@@H](O)[C@H]1O,LDUYRLUTKUIVAA-YVXJGENVSA-N,CC1CCCCC1C1CCC(C2CCC3CCC(CCCC4CCCCC4)CC32)C1,10.1016/j.bmcl.2009.11.131,20031406,1,True,False,pending_dual_review,quarantined_before_evidence_review,exact_structure_previously_visible
BDB-50309478,50309478,CCC(=O)N[C@H]1C[C@@H](n2cnc3c(NCC(c4ccccc4)c4ccccc4)nc(NCCc4cnc[nH]4)nc32)[C@H](O)[C@@H]1O,XEBIBTRFVZVYQI-QEJHQWKJSA-N,C1CCC(C(CCC2CC(CCCC3CCCC3)CC3C(C4CCCC4)CCC23)C2CCCCC2)CC1,10.1016/j.bmcl.2009.11.131,20031406,1,True,False,pending_dual_review,quarantined_before_evidence_review,exact_structure_previously_visible
BDB-50309479,50309479,CCC(=O)N[C@H]1C[C@@H](n2cnc3c(NCC(c4ccccc4)c4ccccc4)nc(NCCc4cn(C)cn4)nc32)[C@H](O)[C@@H]1O,CEIXOLCMCOWYMV-MDULWEFBSA-N,C1CCC(C(CCC2CC(CCCC3CCCC3)CC3C(C4CCCC4)CCC23)C2CCCCC2)CC1,10.1016/j.bmcl.2009.11.131,20031406,1,True,False,pending_dual_review,quarantined_before_evidence_review,exact_structure_previously_visible
BDB-50309480,50309480,CCC(=O)N[C@H]1C[C@@H](n2cnc3c(NCC(c4ccccc4)c4ccccc4)nc(NCCc4cn(CC)cn4)nc32)[C@H](O)[C@@H]1O,SQQQVLYYSGVZJF-WFFVHEBKSA-N,C1CCC(C(CCC2CC(CCCC3CCCC3)CC3C(C4CCCC4)CCC23)C2CCCCC2)CC1,10.1016/j.bmcl.2009.11.131,20031406,1,True,False,pending_dual_review,quarantined_before_evidence_review,exact_structure_previously_visible
BDB-50309481,50309481,CCC(=O)N[C@H]1C[C@@H](n2cnc3c(NC(CC)CC)nc(NCCc4cn(CC)cn4)nc32)[C@H](O)[C@@H]1O,BHLNXDOZTJNVFB-KKXYHZGYSA-N,C1CCC(CCCC2CCC3CCC(C4CCCC4)C3C2)C1,10.1016/j.bmcl.2009.11.131,20031406,1,True,False,pending_dual_review,quarantined_before_evidence_review,exact_structure_previously_visible
BDB-50309482,50309482,CCC(=O)N[C@H]1C[C@@H](n2cnc3c(NC(CC)CC)nc(NCCc4cn(C(C)C)cn4)nc32)[C@H](O)[C@@H]1O,UFOFIXPTTUABPS-CSGUBPAMSA-N,C1CCC(CCCC2CCC3CCC(C4CCCC4)C3C2)C1,10.1016/j.bmcl.2009.11.131,20031406,1,True,False,pending_dual_review,quarantined_before_evidence_review,exact_structure_previously_visible
BDB-50309483,50309483,CCCC(=O)N[C@H]1C[C@@H](n2cnc3c(NCC(c4ccccc4)c4ccccc4)nc(NCCc4cn(C(C)C)cn4)nc32)[C@H](O)[C@@H]1O,CIMXZVURQFXWNX-MLVZTVGHSA-N,C1CCC(C(CCC2CC(CCCC3CCCC3)CC3C(C4CCCC4)CCC23)C2CCCCC2)CC1,10.1016/j.bmcl.2009.11.131,20031406,1,True,False,pending_dual_review,quarantined_before_evidence_review,exact_structure_previously_visible
BDB-50309484,50309484,CC(C)C(=O)N[C@H]1C[C@@H](n2cnc3c(NCC(c4ccccc4)c4ccccc4)nc(NCCc4cn(C(C)C)cn4)nc32)[C@H](O)[C@@H]1O,VBAWDRHGTRISOC-XPZSDMQCSA-N,C1CCC(C(CCC2CC(CCCC3CCCC3)CC3C(C4CCCC4)CCC23)C2CCCCC2)CC1,10.1016/j.bmcl.2009.11.131,20031406,1,True,False,pending_dual_review,quarantined_before_evidence_review,exact_structure_previously_visible
BDB-50309485,50309485,CC(C)n1cnc(CCNc2nc(NCC(c3ccccc3)c3ccccc3)c3ncn([C@@H]4C[C@H](NC(=O)C(C)(C)C)[C@@H](O)[C@H]4O)c3n2)c1,UVLGOYYWYHFWSY-XPZSDMQCSA-N,C1CCC(C(CCC2CC(CCCC3CCCC3)CC3C(C4CCCC4)CCC23)C2CCCCC2)CC1,10.1016/j.bmcl.2009.11.131,20031406,1,True,False,pending_dual_review,quarantined_before_evidence_review,exact_structure_previously_visible
BDB-50309486,50309486,CC(C)n1cnc(CCNc2nc(NCC(c3ccccc3)c3ccccc3)c3ncn([C@@H]4C[C@H](NC(=O)C5CC5)[C@@H](O)[C@H]4O)c3n2)c1,PHSGUWPJLURZKC-XPZSDMQCSA-N,CC(CC1CCC(C2CCC3C(CCC(C4CCCCC4)C4CCCCC4)CC(CCCC4CCCC4)CC23)C1)C1CC1,10.1016/j.bmcl.2009.11.131,20031406,1,True,False,pending_dual_review,quarantined_before_evidence_review,exact_structure_previously_visible
BDB-50309487,50309487,CC(C)n1cnc(CCNc2nc(NCC(c3ccccc3)c3ccccc3)c3ncn([C@@H]4C[C@H](NC(=O)C5CCC5)[C@@H](O)[C@H]4O)c3n2)c1,CBCHGIXGPCYRNF-USMNODJMSA-N,CC(CC1CCC(C2CCC3C(CCC(C4CCCCC4)C4CCCCC4)CC(CCCC4CCCC4)CC23)C1)C1CCC1,10.1016/j.bmcl.2009.11.131,20031406,1,True,False,pending_dual_review,quarantined_before_evidence_review,exact_structure_previously_visible
BDB-50309488,50309488,CC(C)n1cnc(CCNc2nc(NCC(c3ccccc3)c3ccccc3)c3ncn([C@@H]4C[C@H](NC(=O)Cc5ccccc5)[C@@H](O)[C@H]4O)c3n2)c1,XXBBLDMMOUVMOK-PNAREQLXSA-N,CC(CC1CCCCC1)CC1CCC(C2CCC3C(CCC(C4CCCCC4)C4CCCCC4)CC(CCCC4CCCC4)CC23)C1,10.1016/j.bmcl.2009.11.131,20031406,1,True,False,pending_dual_review,quarantined_before_evidence_review,exact_structure_previously_visible
BDB-50309489,50309489,CC(C)n1cnc(CCNc2nc(NCC(c3ccccc3)c3ccccc3)c3ncn([C@@H]4C[C@H](NC(=O)CCc5ccccc5)[C@@H](O)[C@H]4O)c3n2)c1,SFJJRUJFKBGBCP-MUPSXSOUSA-N,CC(CCC1CCCCC1)CC1CCC(C2CCC3C(CCC(C4CCCCC4)C4CCCCC4)CC(CCCC4CCCC4)CC23)C1,10.1016/j.bmcl.2009.11.131,20031406,1,True,False,pending_dual_review,quarantined_before_evidence_review,exact_structure_previously_visible
BDB-50309490,50309490,CCC(=O)N[C@H]1C[C@@H](n2cnc3c(NCC(c4ccccc4)c4ccccc4)nc(NCCc4cn(CC(=O)O)cn4)nc32)[C@H](O)[C@@H]1O,SLUDEWSSMYOKIL-ZBKRMGPDSA-N,C1CCC(C(CCC2CC(CCCC3CCCC3)CC3C(C4CCCC4)CCC23)C2CCCCC2)CC1,10.1016/j.bmcl.2009.11.131,20031406,1,True,False,pending_dual_review,quarantined_before_evidence_review,exact_structure_previously_visible
BDB-50309491,50309491,CCc1cnn([C@H]2C[C@@H](n3cnc4c(NCC(c5ccccc5)c5ccccc5)nc(NCCc5cn(CC)cn5)nc43)[C@H](O)[C@@H]2O)c1,OAXONXRZJFKHCS-GJPTZXPMSA-N,C1CCC(C(CCC2CC(CCCC3CCCC3)CC3C2CCC3C2CCC(C3CCCC3)C2)C2CCCCC2)CC1,10.1016/j.bmcl.2009.11.131,20031406,1,True,False,pending_dual_review,quarantined_before_evidence_review,exact_structure_previously_visible
BDB-50309492,50309492,Cc1nnnn1[C@H]1C[C@@H](n2cnc3c(NCC(c4ccccc4)c4ccccc4)nc(NCCc4cn(C(C)C)cn4)nc32)[C@H](O)[C@@H]1O,IMXHSAQVSOGNKP-HNRHMXCFSA-N,C1CCC(C(CCC2CC(CCCC3CCCC3)CC3C2CCC3C2CCC(C3CCCC3)C2)C2CCCCC2)CC1,10.1016/j.bmcl.2009.11.131,20031406,1,True,False,pending_dual_review,quarantined_before_evidence_review,exact_structure_previously_visible
BDB-50309493,50309493,CCc1cnn([C@H]2C[C@@H](n3cnc4c(NCC(CC)CC)nc(NCCc5cn(CC)cn5)nc43)[C@H](O)[C@@H]2O)c1,AYBJHLYAHKWZEU-BPJRBCGYSA-N,C1CCC(CCCC2CCC3CCC(C4CCC(C5CCCC5)C4)C3C2)C1,10.1016/j.bmcl.2009.11.131,20031406,1,True,False,pending_dual_review,quarantined_before_evidence_review,exact_structure_previously_visible
BDB-50309494,50309494,CCC(CC)CNc1nc(NCCc2cn(CC)cn2)nc2c1ncn2[C@@H]1C[C@H](n2cc(CO)cn2)[C@@H](O)[C@H]1O,NCSZDLWKVPXZCB-AWAHEQQVSA-N,C1CCC(CCCC2CCC3CCC(C4CCC(C5CCCC5)C4)C3C2)C1,10.1016/j.bmcl.2009.11.131,20031406,1,True,False,pending_dual_review,quarantined_before_evidence_review,exact_structure_previously_visible
BDB-50309495,50309495,CCc1cn([C@H]2C[C@@H](n3cnc4c(NCC(CC)CC)nc(NCCc5cn(CC)cn5)nc43)[C@H](O)[C@@H]2O)nn1,XUFSLOHWIRUYOK-AWAHEQQVSA-N,C1CCC(CCCC2CCC3CCC(C4CCC(C5CCCC5)C4)C3C2)C1,10.1016/j.bmcl.2009.11.131,20031406,1,True,False,pending_dual_review,quarantined_before_evidence_review,exact_structure_previously_visible
BDB-50309496,50309496,CCCCC#Cc1nc(N)c2ncn([C@@H]3C[C@H](NC(=O)CC)[C@@H](O)[C@H]3O)c2n1,MOWBUOOHZBNNQZ-SONRMIBWSA-N,C1CCC2C(C1)CCC2C1CCCC1,10.1016/j.bmcl.2009.11.131,20031406,1,True,True,pending_dual_review,quarantined_before_evidence_review,exact_structure_previously_visible|generic_scaffold_overlaps_model_selection
BDB-50312960,50312960,CC(=O)Nc1ccc(-c2ccncc2)c(-c2cccc(F)c2)n1,NTDOSIOCCLEQMK-UHFFFAOYSA-N,C1CCC(C2CCCCC2C2CCCCC2)CC1,10.1016/j.bmcl.2010.01.045,20137946,1,False,True,pending_dual_review,quarantined_before_evidence_review,generic_scaffold_overlaps_model_selection
BDB-50315538,50315538,CCn1c(=S)sc2c1ncn1nc(-c3ccco3)nc21,JWEVOFQLEUHFBN-UHFFFAOYSA-N,CC1CC2CCC3CC(C4CCCC4)CC3C2C1,10.1016/j.bmc.2010.02.048,20303771,1,False,True,pending_dual_review,quarantined_before_evidence_review,generic_scaffold_overlaps_model_selection
BDB-50315539,50315539,CCCn1c(=S)sc2c1ncn1nc(-c3ccco3)nc21,FCQXBWILDPXQBD-UHFFFAOYSA-N,CC1CC2CCC3CC(C4CCCC4)CC3C2C1,10.1016/j.bmc.2010.02.048|10.1016/j.ejmech.2019.111879,20303771|31780082,2,True,True,pending_dual_review,quarantined_before_evidence_review,exact_structure_previously_visible|generic_scaffold_overlaps_model_selection
BDB-50315540,50315540,CCCCn1c(=S)sc2c1ncn1nc(-c3ccco3)nc21,QHFYRCHXHNWYCV-UHFFFAOYSA-N,CC1CC2CCC3CC(C4CCCC4)CC3C2C1,10.1016/j.bmc.2010.02.048,20303771,1,True,True,pending_dual_review,quarantined_before_evidence_review,exact_structure_previously_visible|generic_scaffold_overlaps_model_selection
BDB-50315541,50315541,C=CCn1c(=S)sc2c1ncn1nc(-c3ccco3)nc21,NCNRJOXPEWXOGN-UHFFFAOYSA-N,CC1CC2CCC3CC(C4CCCC4)CC3C2C1,10.1016/j.bmc.2010.02.048,20303771,1,True,True,pending_dual_review,quarantined_before_evidence_review,exact_structure_previously_visible|generic_scaffold_overlaps_model_selection
BDB-50315643,50315643,Cn1cc2c(nc(NC(=O)Cc3ccccc3)n3nc(-c4ccccc4)nc23)n1,MTMOVZKSTQOGHY-UHFFFAOYSA-N,CC(CC1CCCCC1)CC1CC2CCCC2C2CC(C3CCCCC3)CC12,10.1021/jm100049f,20307065,1,True,False,pending_dual_review,quarantined_before_evidence_review,exact_structure_previously_visible
BDB-50316212,50316212,CCNC(=O)[C@H]1O[C@@H](n2cnc3c(NCC(c4ccccc4)c4ccccc4)nc(C(=O)NCCNC(=O)NC4CCN(c5ccccn5)CC4)nc32)[C@H](O)[C@@H]1O,ZOTHAEBAWXWVID-HXEFRTELSA-N,CC(CCCCC(C)C1CC(CCC(C2CCCCC2)C2CCCCC2)C2CCC(C3CCCC3)C2C1)CC1CCC(C2CCCCC2)CC1,10.1021/acs.jmedchem.5b00215|10.1021/jm201461q,22104008|25780876,2,True,False,pending_dual_review,quarantined_before_evidence_review,exact_structure_previously_visible
BDB-50316868,50316868,CN1CCCN(c2ccc3c(c2)-c2nc(N)nc(-c4ccccc4)c2C3=O)CC1,IDJNGOYBTYPVDN-UHFFFAOYSA-N,CC1C2CCC(C3CCCCCC3)CC2C2CCCC(C3CCCCC3)C12,10.1016/j.bmcl.2010.03.024,20338760,1,True,False,pending_dual_review,quarantined_before_evidence_review,exact_structure_previously_visible
BDB-50316869,50316869,CN(C)CCN(C)C(=O)c1ccc2c(c1)-c1nc(N)nc(-c3ccccc3)c1C2=O,KWNQLIKVSUPVBX-UHFFFAOYSA-N,CC1C2CCCCC2C2CCCC(C3CCCCC3)C12,10.1016/j.bmcl.2010.03.024,20338760,1,True,False,pending_dual_review,quarantined_before_evidence_review,exact_structure_previously_visible
BDB-50316870,50316870,CCN(CC)CCN(C)C(=O)c1ccc2c(c1)-c1nc(N)nc(-c3ccccc3)c1C2=O,BAYXBWKQTLRHKB-UHFFFAOYSA-N,CC1C2CCCCC2C2CCCC(C3CCCCC3)C12,10.1016/j.bmcl.2010.03.024,20338760,1,True,False,pending_dual_review,quarantined_before_evidence_review,exact_structure_previously_visible
BDB-50316871,50316871,CCN(CC)CCNC(=O)c1ccc2c(c1)-c1nc(N)nc(-c3ccccc3)c1C2=O,WJGBYZBWLQKBTQ-UHFFFAOYSA-N,CC1C2CCCCC2C2CCCC(C3CCCCC3)C12,10.1016/j.bmcl.2010.03.024,20338760,1,True,False,pending_dual_review,quarantined_before_evidence_review,exact_structure_previously_visible
BDB-50316872,50316872,Nc1nc(-c2ccccc2)c2c(n1)-c1cc(C(=O)NCCN3CCOCC3)ccc1C2=O,HEXQGNRSPOMWKM-UHFFFAOYSA-N,CC(CCCC1CCCCC1)C1CCC2C(C)C3C(C4CCCCC4)CCCC3C2C1,10.1016/j.bmcl.2010.03.024,20338760,1,True,False,pending_dual_review,quarantined_before_evidence_review,exact_structure_previously_visible
BDB-50316873,50316873,CN1CCC(N(C)C(=O)c2ccc3c(c2)-c2nc(N)nc(-c4ccccc4)c2C3=O)CC1,HLCGQIDKBLKLOC-UHFFFAOYSA-N,CC(CC1CCCCC1)C1CCC2C(C)C3C(C4CCCCC4)CCCC3C2C1,10.1016/j.bmcl.2010.03.024,20338760,1,True,False,pending_dual_review,quarantined_before_evidence_review,exact_structure_previously_visible
BDB-50316874,50316874,CC(C)N1CCC(NC(=O)c2ccc3c(c2)-c2nc(N)nc(-c4ccccc4)c2C3=O)CC1,ZUNBFPQTZYAJAK-UHFFFAOYSA-N,CC(CC1CCCCC1)C1CCC2C(C)C3C(C4CCCCC4)CCCC3C2C1,10.1016/j.bmcl.2010.03.024,20338760,1,True,False,pending_dual_review,quarantined_before_evidence_review,exact_structure_previously_visible
BDB-50316875,50316875,Nc1nc(-c2ccccc2)c2c(n1)-c1cc(C(=O)N3CCNCC3)ccc1C2=O,HIPQFJMNAUZMJG-UHFFFAOYSA-N,CC(C1CCCCC1)C1CCC2C(C)C3C(C4CCCCC4)CCCC3C2C1,10.1016/j.bmcl.2010.03.024,20338760,1,True,True,pending_dual_review,quarantined_before_evidence_review,exact_structure_previously_visible|generic_scaffold_overlaps_model_selection
BDB-50316876,50316876,CN1CCN(C(=O)c2ccc3c(c2)-c2nc(N)nc(-c4ccccc4)c2C3=O)CC1,WEDKBAZTBXZYBK-UHFFFAOYSA-N,CC(C1CCCCC1)C1CCC2C(C)C3C(C4CCCCC4)CCCC3C2C1,10.1016/j.bmcl.2010.03.024|10.1021/jm201640m,20338760|22239465,2,True,True,pending_dual_review,quarantined_before_evidence_review,exact_structure_previously_visible|generic_scaffold_overlaps_model_selection
BDB-50316877,50316877,CN1CCN(C(=O)c2ccc3c(c2)-c2nc(N)nc(-c4ccc(F)cc4)c2C3=O)CC1,MWRVYQSMUIMRJB-UHFFFAOYSA-N,CC(C1CCCCC1)C1CCC2C(C)C3C(C4CCCCC4)CCCC3C2C1,10.1016/j.bmcl.2010.03.024,20338760,1,True,True,pending_dual_review,quarantined_before_evidence_review,exact_structure_previously_visible|generic_scaffold_overlaps_model_selection
BDB-50316878,50316878,CCN1CCN(C(=O)c2ccc3c(c2)-c2nc(N)nc(-c4ccccc4)c2C3=O)CC1,PUDOIQALSBSGES-UHFFFAOYSA-N,CC(C1CCCCC1)C1CCC2C(C)C3C(C4CCCCC4)CCCC3C2C1,10.1016/j.bmcl.2010.03.024,20338760,1,True,True,pending_dual_review,quarantined_before_evidence_review,exact_structure_previously_visible|generic_scaffold_overlaps_model_selection
BDB-50316879,50316879,CCN1CCN(C(=O)c2ccc3c(c2)-c2nc(N)nc(-c4ccc(F)cc4)c2C3=O)CC1,LOSSCOJTSWWTQO-UHFFFAOYSA-N,CC(C1CCCCC1)C1CCC2C(C)C3C(C4CCCCC4)CCCC3C2C1,10.1016/j.bmcl.2010.03.024,20338760,1,True,True,pending_dual_review,quarantined_before_evidence_review,exact_structure_previously_visible|generic_scaffold_overlaps_model_selection
BDB-50316880,50316880,CC(C)N1CCN(C(=O)c2ccc3c(c2)-c2nc(N)nc(-c4ccccc4)c2C3=O)CC1,QXJULKWSMKOTMF-UHFFFAOYSA-N,CC(C1CCCCC1)C1CCC2C(C)C3C(C4CCCCC4)CCCC3C2C1,10.1016/j.bmcl.2010.03.024,20338760,1,True,True,pending_dual_review,quarantined_before_evidence_review,exact_structure_previously_visible|generic_scaffold_overlaps_model_selection
BDB-50316881,50316881,CN(C)CCOc1ccc2c(c1)-c1nc(N)nc(-c3ccccc3)c1C2=O,KSTJTXFKYKEBRB-UHFFFAOYSA-N,CC1C2CCCCC2C2CCCC(C3CCCCC3)C12,10.1016/j.bmcl.2010.03.024,20338760,1,True,False,pending_dual_review,quarantined_before_evidence_review,exact_structure_previously_visible
BDB-50316882,50316882,CN(C)CCOc1ccc2c(c1)-c1nc(N)nc(-c3ccc(F)cc3)c1C2=O,GYGCSLNRCIBNMJ-UHFFFAOYSA-N,CC1C2CCCCC2C2CCCC(C3CCCCC3)C12,10.1016/j.bmcl.2010.03.024,20338760,1,True,False,pending_dual_review,quarantined_before_evidence_review,exact_structure_previously_visible
BDB-50316883,50316883,CCN(CC)CCOc1ccc2c(c1)-c1nc(N)nc(-c3ccccc3)c1C2=O,HOQTXEAKDQLKNF-UHFFFAOYSA-N,CC1C2CCCCC2C2CCCC(C3CCCCC3)C12,10.1016/j.bmcl.2010.03.024,20338760,1,True,False,pending_dual_review,quarantined_before_evidence_review,exact_structure_previously_visible
BDB-50316884,50316884,CCN(CC)CCOc1ccc2c(c1)-c1nc(N)nc(-c3ccc(F)cc3)c1C2=O,OADIQRCNKQAJAJ-UHFFFAOYSA-N,CC1C2CCCCC2C2CCCC(C3CCCCC3)C12,10.1016/j.bmcl.2010.03.024,20338760,1,True,False,pending_dual_review,quarantined_before_evidence_review,exact_structure_previously_visible
BDB-50316885,50316885,CC(C)N(CCOc1ccc2c(c1)-c1nc(N)nc(-c3ccccc3)c1C2=O)C(C)C,DXHVDEOWTGAGFG-UHFFFAOYSA-N,CC1C2CCCCC2C2CCCC(C3CCCCC3)C12,10.1016/j.bmcl.2010.03.024,20338760,1,True,False,pending_dual_review,quarantined_before_evidence_review,exact_structure_previously_visible
BDB-50316886,50316886,Nc1nc(-c2ccccc2)c2c(n1)-c1cc(OCCN3CCCCC3)ccc1C2=O,XWPJRSCGRMWLPR-UHFFFAOYSA-N,CC1C2CCC(CCCC3CCCCC3)CC2C2CCCC(C3CCCCC3)C12,10.1016/j.bmcl.2010.03.024,20338760,1,True,True,pending_dual_review,quarantined_before_evidence_review,exact_structure_previously_visible|generic_scaffold_overlaps_model_selection
BDB-50316887,50316887,Nc1nc(-c2ccccc2)c2c(n1)-c1cc(OCCN3CCOCC3)ccc1C2=O,BCDASHXLAMCATI-UHFFFAOYSA-N,CC1C2CCC(CCCC3CCCCC3)CC2C2CCCC(C3CCCCC3)C12,10.1016/j.bmcl.2010.03.024|10.1021/acs.jmedchem.0c00914|10.1021/jm201640m|10.1021/jm4011669,20338760|22239465|24164628|34107215,4,True,True,pending_dual_review,quarantined_before_evidence_review,exact_structure_previously_visible|generic_scaffold_overlaps_model_selection
BDB-50316888,50316888,Nc1nc(-c2ccc(F)cc2)c2c(n1)-c1cc(OCCN3CCOCC3)ccc1C2=O,PQWQKWNXFNDECT-UHFFFAOYSA-N,CC1C2CCC(CCCC3CCCCC3)CC2C2CCCC(C3CCCCC3)C12,10.1016/j.bmcl.2010.03.024,20338760,1,True,True,pending_dual_review,quarantined_before_evidence_review,exact_structure_previously_visible|generic_scaffold_overlaps_model_selection
BDB-50316889,50316889,Nc1nc(-c2ccccc2)c2c(n1)-c1cc(OCCN3CCCC3)ccc1C2=O,DWAWMNJZTVBRAL-UHFFFAOYSA-N,CC1C2CCC(CCCC3CCCC3)CC2C2CCCC(C3CCCCC3)C12,10.1016/j.bmcl.2010.03.024,20338760,1,True,False,pending_dual_review,quarantined_before_evidence_review,exact_structure_previously_visible
BDB-50316890,50316890,Nc1nc(-c2ccc(F)cc2)c2c(n1)-c1cc(OCCN3C4CCC3CC4)ccc1C2=O,WBLMHURFHUCHAL-UHFFFAOYSA-N,CC1C2CCC(CCCC3C4CCC3CC4)CC2C2CCCC(C3CCCCC3)C12,10.1016/j.bmcl.2010.03.024,20338760,1,True,False,pending_dual_review,quarantined_before_evidence_review,exact_structure_previously_visible
BDB-50316891,50316891,CN(C)CCN(C)c1ccc2c(c1)-c1nc(N)nc(-c3ccccc3)c1C2=O,WUIPOKWUCKPSLZ-UHFFFAOYSA-N,CC1C2CCCCC2C2CCCC(C3CCCCC3)C12,10.1016/j.bmcl.2010.03.024,20338760,1,True,False,pending_dual_review,quarantined_before_evidence_review,exact_structure_previously_visible
BDB-50316892,50316892,Nc1nc(-c2ccccc2)c2c(n1)-c1cc(NCCc3ccncc3)ccc1C2=O,SGCKFTQBQUYCKZ-UHFFFAOYSA-N,CC1C2CCC(CCCC3CCCCC3)CC2C2CCCC(C3CCCCC3)C12,10.1016/j.bmcl.2010.03.024,20338760,1,True,True,pending_dual_review,quarantined_before_evidence_review,exact_structure_previously_visible|generic_scaffold_overlaps_model_selection
BDB-50316893,50316893,Nc1nc(-c2ccccc2)c2c(n1)-c1cc(NCCc3ccccn3)ccc1C2=O,TYLFOJLVILICJZ-UHFFFAOYSA-N,CC1C2CCC(CCCC3CCCCC3)CC2C2CCCC(C3CCCCC3)C12,10.1016/j.bmcl.2010.03.024,20338760,1,True,True,pending_dual_review,quarantined_before_evidence_review,exact_structure_previously_visible|generic_scaffold_overlaps_model_selection
BDB-50316894,50316894,Nc1nc(-c2ccccc2)c2c(n1)-c1cc(NCCN3CCOCC3)ccc1C2=O,DSTDWPJEOBCICR-UHFFFAOYSA-N,CC1C2CCC(CCCC3CCCCC3)CC2C2CCCC(C3CCCCC3)C12,10.1016/j.bmcl.2010.03.024|10.1021/jm4011669,20338760|24164628,2,True,True,pending_dual_review,quarantined_before_evidence_review,exact_structure_previously_visible|generic_scaffold_overlaps_model_selection
BDB-50316895,50316895,Nc1nc(-c2ccccc2)c2c(n1)-c1cc(NCCN3CCS(=O)(=O)CC3)ccc1C2=O,BJKOHLYVJHWNOD-UHFFFAOYSA-N,CC1C2CCC(CCCC3CCC(C)(C)CC3)CC2C2CCCC(C3CCCCC3)C12,10.1016/j.bmcl.2010.03.024,20338760,1,True,False,pending_dual_review,quarantined_before_evidence_review,exact_structure_previously_visible
BDB-50316896,50316896,CCN1CCC(Nc2ccc3c(c2)-c2nc(N)nc(-c4ccccc4)c2C3=O)CC1,XEDRPMHGWQSYFG-UHFFFAOYSA-N,CC1C2CCC(CC3CCCCC3)CC2C2CCCC(C3CCCCC3)C12,10.1016/j.bmcl.2010.03.024,20338760,1,True,True,pending_dual_review,quarantined_before_evidence_review,exact_structure_previously_visible|generic_scaffold_overlaps_model_selection
BDB-50316897,50316897,CCN1CCC(N(C)c2ccc3c(c2)-c2nc(N)nc(-c4ccccc4)c2C3=O)CC1,ZVFRNYFWZZIAIU-UHFFFAOYSA-N,CC1C2CCC(CC3CCCCC3)CC2C2CCCC(C3CCCCC3)C12,10.1016/j.bmcl.2010.03.024,20338760,1,True,True,pending_dual_review,quarantined_before_evidence_review,exact_structure_previously_visible|generic_scaffold_overlaps_model_selection
BDB-50316898,50316898,Nc1nc(-c2ccccc2)c2c(n1)-c1cc(N3CCOCC3)ccc1C2=O,APTVDLWJMSPJIX-UHFFFAOYSA-N,CC1C2CCC(C3CCCCC3)CC2C2CCCC(C3CCCCC3)C12,10.1016/j.bmcl.2010.03.024,20338760,1,True,False,pending_dual_review,quarantined_before_evidence_review,exact_structure_previously_visible
BDB-50316899,50316899,CN1CCN(c2ccc3c(c2)-c2nc(N)nc(-c4ccccc4)c2C3=O)CC1,OHQBUEYIMQLWTE-UHFFFAOYSA-N,CC1C2CCC(C3CCCCC3)CC2C2CCCC(C3CCCCC3)C12,10.1016/j.bmcl.2010.03.024,20338760,1,True,False,pending_dual_review,quarantined_before_evidence_review,exact_structure_previously_visible
BDB-50316900,50316900,CCN1CCN(c2ccc3c(c2)-c2nc(N)nc(-c4ccccc4)c2C3=O)CC1,XLSSARDYBBWOGO-UHFFFAOYSA-N,CC1C2CCC(C3CCCCC3)CC2C2CCCC(C3CCCCC3)C12,10.1016/j.bmcl.2010.03.024,20338760,1,True,False,pending_dual_review,quarantined_before_evidence_review,exact_structure_previously_visible
BDB-50316901,50316901,Nc1nc(-c2ccccc2)c2c(n1)-c1cc(N3CCN(CC4CC4)CC3)ccc1C2=O,CORFRTXQSXGXNV-UHFFFAOYSA-N,CC1C2CCC(C3CCC(CC4CC4)CC3)CC2C2CCCC(C3CCCCC3)C12,10.1016/j.bmcl.2010.03.024,20338760,1,True,False,pending_dual_review,quarantined_before_evidence_review,exact_structure_previously_visible
BDB-50316902,50316902,CC(C)N(CCOc1ccc2c(c1)-c1nc(N)nc(-c3ccc(F)cc3)c1C2=O)C(C)C,XPWXTSNMGCRLTD-UHFFFAOYSA-N,CC1C2CCCCC2C2CCCC(C3CCCCC3)C12,10.1016/j.bmcl.2010.03.024,20338760,1,True,False,pending_dual_review,quarantined_before_evidence_review,exact_structure_previously_visible
BDB-50316903,50316903,Nc1nc(-c2ccc(F)cc2)c2c(n1)-c1cc(OCCN3CCCC3)ccc1C2=O,DOUZYYPAGNYRDV-UHFFFAOYSA-N,CC1C2CCC(CCCC3CCCC3)CC2C2CCCC(C3CCCCC3)C12,10.1016/j.bmcl.2010.03.024,20338760,1,True,False,pending_dual_review,quarantined_before_evidence_review,exact_structure_previously_visible
BDB-50316992,50316992,Nc1nc(-c2ccccc2)c2c(n1)-c1c(CN3CCCC3)cccc1C2=O,VNKVESZANYVNNB-UHFFFAOYSA-N,CC1C2CCCC(CC3CCCC3)C2C2CCCC(C3CCCCC3)C12,10.1016/j.bmcl.2010.03.042,20347304,1,True,False,pending_dual_review,quarantined_before_evidence_review,exact_structure_previously_visible
BDB-50316993,50316993,Nc1nc(-c2ccc(F)cc2)c2c(n1)-c1c(CN3CCCC3)cccc1C2=O,IAGDICXFKFJSFF-UHFFFAOYSA-N,CC1C2CCCC(CC3CCCC3)C2C2CCCC(C3CCCCC3)C12,10.1016/j.bmcl.2010.03.042,20347304,1,True,False,pending_dual_review,quarantined_before_evidence_review,exact_structure_previously_visible
BDB-50316994,50316994,CC1CCC(C)N1Cc1cccc2c1-c1nc(N)nc(-c3ccccc3)c1C2=O,UMJOOJXWGPXRLE-UHFFFAOYSA-N,CC1C2CCCC(CC3CCCC3)C2C2CCCC(C3CCCCC3)C12,10.1016/j.bmcl.2010.03.042,20347304,1,True,False,pending_dual_review,quarantined_before_evidence_review,exact_structure_previously_visible
BDB-50316995,50316995,Nc1nc(-c2ccccc2)c2c(n1)-c1cc(CNCc3ccco3)ccc1C2=O,PHKMNQZRCLRHSW-UHFFFAOYSA-N,CC1C2CCC(CCCC3CCCC3)CC2C2CCCC(C3CCCCC3)C12,10.1016/j.bmcl.2010.03.042,20347304,1,True,False,pending_dual_review,quarantined_before_evidence_review,exact_structure_previously_visible
BDB-50316996,50316996,Nc1nc(-c2ccccc2)c2c(n1)-c1cc(CNCc3ccccn3)ccc1C2=O,RRFVLQBVGAHGSD-UHFFFAOYSA-N,CC1C2CCC(CCCC3CCCCC3)CC2C2CCCC(C3CCCCC3)C12,10.1016/j.bmcl.2010.03.042,20347304,1,True,True,pending_dual_review,quarantined_before_evidence_review,exact_structure_previously_visible|generic_scaffold_overlaps_model_selection
BDB-50316997,50316997,Nc1nc(-c2ccccc2)c2c(n1)-c1cc(CNN3CCCCC3)ccc1C2=O,VRRANJKMULPSHU-UHFFFAOYSA-N,CC1C2CCC(CCC3CCCCC3)CC2C2CCCC(C3CCCCC3)C12,10.1016/j.bmcl.2010.03.042,20347304,1,True,False,pending_dual_review,quarantined_before_evidence_review,exact_structure_previously_visible
BDB-50316998,50316998,Nc1nc(-c2ccc(F)cc2)c2c(n1)-c1cc(CNN3CCCCC3)ccc1C2=O,GGAZVUQOKKTTGU-UHFFFAOYSA-N,CC1C2CCC(CCC3CCCCC3)CC2C2CCCC(C3CCCCC3)C12,10.1016/j.bmcl.2010.03.042,20347304,1,True,False,pending_dual_review,quarantined_before_evidence_review,exact_structure_previously_visible
BDB-50316999,50316999,CN1CCN(NCc2ccc3c(c2)-c2nc(N)nc(-c4ccccc4)c2C3=O)CC1,AGRVNXQAHMJVIS-UHFFFAOYSA-N,CC1C2CCC(CCC3CCCCC3)CC2C2CCCC(C3CCCCC3)C12,10.1016/j.bmcl.2010.03.042,20347304,1,True,False,pending_dual_review,quarantined_before_evidence_review,exact_structure_previously_visible
BDB-50317000,50317000,CN1CCN(NCc2ccc3c(c2)-c2nc(N)nc(-c4ccc(F)cc4)c2C3=O)CC1,JMJDTXSWQPHOGL-UHFFFAOYSA-N,CC1C2CCC(CCC3CCCCC3)CC2C2CCCC(C3CCCCC3)C12,10.1016/j.bmcl.2010.03.042,20347304,1,True,False,pending_dual_review,quarantined_before_evidence_review,exact_structure_previously_visible
BDB-50317001,50317001,Nc1nc(-c2ccccc2)c2c(n1)-c1cc(CNN3CCCCCC3)ccc1C2=O,ICFKXDAXQGMZLR-UHFFFAOYSA-N,CC1C2CCC(CCC3CCCCCC3)CC2C2CCCC(C3CCCCC3)C12,10.1016/j.bmcl.2010.03.042,20347304,1,True,False,pending_dual_review,quarantined_before_evidence_review,exact_structure_previously_visible
BDB-50317002,50317002,Nc1nc(-c2ccccc2)c2c(n1)-c1cc(CNN3CCC(=O)CC3)ccc1C2=O,GISVDCSZEJJWAS-UHFFFAOYSA-N,CC1CCC(CCC2CCC3C(C)C4C(C5CCCCC5)CCCC4C3C2)CC1,10.1016/j.bmcl.2010.03.042,20347304,1,True,False,pending_dual_review,quarantined_before_evidence_review,exact_structure_previously_visible
BDB-50317003,50317003,Nc1nc(-c2ccccc2)c2c(n1)-c1cc(CNN3CCOCC3)ccc1C2=O,IRZRRGHYHQDDFL-UHFFFAOYSA-N,CC1C2CCC(CCC3CCCCC3)CC2C2CCCC(C3CCCCC3)C12,10.1016/j.bmcl.2010.03.042,20347304,1,True,False,pending_dual_review,quarantined_before_evidence_review,exact_structure_previously_visible
BDB-50317004,50317004,Nc1nc(-c2ccccc2)c2c(n1)-c1cc(CNN3CCCC3)ccc1C2=O,CMULQNKJKAJXOM-UHFFFAOYSA-N,CC1C2CCC(CCC3CCCC3)CC2C2CCCC(C3CCCCC3)C12,10.1016/j.bmcl.2010.03.042,20347304,1,True,False,pending_dual_review,quarantined_before_evidence_review,exact_structure_previously_visible
BDB-50317005,50317005,Nc1nc(-c2ccc(F)cc2)c2c(n1)-c1cc(CNN3CCCC3)ccc1C2=O,YYYIDTIJNXZLBB-UHFFFAOYSA-N,CC1C2CCC(CCC3CCCC3)CC2C2CCCC(C3CCCCC3)C12,10.1016/j.bmcl.2010.03.042,20347304,1,True,False,pending_dual_review,quarantined_before_evidence_review,exact_structure_previously_visible
BDB-50317006,50317006,CN(C)CCN(C)Cc1ccc2c(c1)-c1nc(N)nc(-c3ccccc3)c1C2=O,KQGKBJVLEOOULK-UHFFFAOYSA-N,CC1C2CCCCC2C2CCCC(C3CCCCC3)C12,10.1016/j.bmcl.2010.03.042,20347304,1,True,False,pending_dual_review,quarantined_before_evidence_review,exact_structure_previously_visible
BDB-50317007,50317007,Nc1nc(-c2ccco2)c2c(n1)-c1ccccc1C2=O,KHOCZGQEVMEBSV-UHFFFAOYSA-N,CC1C2CCCCC2C2CCCC(C3CCCC3)C12,10.1016/j.bmcl.2010.03.042|10.1021/jm4011669,20347304|24164628,2,True,False,pending_dual_review,quarantined_before_evidence_review,exact_structure_previously_visible
BDB-50317008,50317008,Nc1nc(-c2ccc(Cl)o2)c2c(n1)-c1ccccc1C2=O,KWBJJVJTBOQPSD-UHFFFAOYSA-N,CC1C2CCCCC2C2CCCC(C3CCCC3)C12,10.1016/j.bmcl.2010.03.042,20347304,1,True,False,pending_dual_review,quarantined_before_evidence_review,exact_structure_previously_visible
BDB-50317009,50317009,CN(C)CCN(C)c1ccc(-c2nc(N)nc3c2C(=O)c2ccccc2-3)o1,PYVMVOYKFZPUEW-UHFFFAOYSA-N,CC1C2CCCCC2C2CCCC(C3CCCC3)C12,10.1016/j.bmcl.2010.03.042,20347304,1,True,False,pending_dual_review,quarantined_before_evidence_review,exact_structure_previously_visible
BDB-50317010,50317010,Nc1nc(-c2cccs2)c2c(n1)-c1ccccc1C2=O,DGMVPMHRQUKVSX-UHFFFAOYSA-N,CC1C2CCCCC2C2CCCC(C3CCCC3)C12,10.1016/j.bmcl.2010.03.042,20347304,1,True,False,pending_dual_review,quarantined_before_evidence_review,exact_structure_previously_visible
BDB-50317011,50317011,Nc1nc(-c2nccs2)c2c(n1)-c1ccccc1C2=O,CDCCTZJZHTUCLT-UHFFFAOYSA-N,CC1C2CCCCC2C2CCCC(C3CCCC3)C12,10.1016/j.bmcl.2010.03.042,20347304,1,True,False,pending_dual_review,quarantined_before_evidence_review,exact_structure_previously_visible
BDB-50317012,50317012,Nc1nc(-c2ccncc2)c2c(n1)-c1ccccc1C2=O,QRBNCOAMNHUQFV-UHFFFAOYSA-N,CC1C2CCCCC2C2CCCC(C3CCCCC3)C12,10.1016/j.bmcl.2010.03.042,20347304,1,True,False,pending_dual_review,quarantined_before_evidence_review,exact_structure_previously_visible
BDB-50317013,50317013,Nc1nc(-c2ccc(Cl)cc2)c2c(n1)-c1ccccc1C2=O,OFUMHZAEMLRAEP-UHFFFAOYSA-N,CC1C2CCCCC2C2CCCC(C3CCCCC3)C12,10.1016/j.bmcl.2010.03.042,20347304,1,True,False,pending_dual_review,quarantined_before_evidence_review,exact_structure_previously_visible
BDB-50317014,50317014,COc1cccc(-c2nc(N)nc3c2C(=O)c2ccccc2-3)c1,OSLAUUGEAJFDHJ-UHFFFAOYSA-N,CC1C2CCCCC2C2CCCC(C3CCCCC3)C12,10.1016/j.bmcl.2010.03.042,20347304,1,True,False,pending_dual_review,quarantined_before_evidence_review,exact_structure_previously_visible
BDB-50317015,50317015,COc1ccccc1-c1nc(N)nc2c1C(=O)c1ccccc1-2,JROZPIIZGDQZCP-UHFFFAOYSA-N,CC1C2CCCCC2C2CCCC(C3CCCCC3)C12,10.1016/j.bmcl.2010.03.042,20347304,1,True,False,pending_dual_review,quarantined_before_evidence_review,exact_structure_previously_visible
BDB-50317016,50317016,CN(C)CCN(C)Cc1cccc2c1-c1nc(N)nc(-c3ccccc3)c1C2=O,YEZQKCLFPQPKCT-UHFFFAOYSA-N,CC1C2CCCCC2C2CCCC(C3CCCCC3)C12,10.1016/j.bmcl.2010.03.042,20347304,1,True,False,pending_dual_review,quarantined_before_evidence_review,exact_structure_previously_visible
BDB-50317017,50317017,CCN(CC)Cc1cccc2c1-c1nc(N)nc(-c3ccccc3)c1C2=O,XBTQUCJTNMIJCS-UHFFFAOYSA-N,CC1C2CCCCC2C2CCCC(C3CCCCC3)C12,10.1016/j.bmcl.2010.03.042,20347304,1,True,False,pending_dual_review,quarantined_before_evidence_review,exact_structure_previously_visible
BDB-50317018,50317018,Nc1nc(-c2ccccc2)c2c(n1)-c1c(CN3CCCCC3)cccc1C2=O,QPEPHZDDNBFIFT-UHFFFAOYSA-N,CC1C2CCCC(CC3CCCCC3)C2C2CCCC(C3CCCCC3)C12,10.1016/j.bmcl.2010.03.042,20347304,1,True,False,pending_dual_review,quarantined_before_evidence_review,exact_structure_previously_visible
BDB-50317019,50317019,CN1CCN(Cc2cccc3c2-c2nc(N)nc(-c4ccccc4)c2C3=O)CC1,SQRIRSLOGNSMSD-UHFFFAOYSA-N,CC1C2CCCC(CC3CCCCC3)C2C2CCCC(C3CCCCC3)C12,10.1016/j.bmcl.2010.03.042,20347304,1,True,False,pending_dual_review,quarantined_before_evidence_review,exact_structure_previously_visible
BDB-50317020,50317020,CC(=O)N1CCN(Cc2cccc3c2-c2nc(N)nc(-c4ccccc4)c2C3=O)CC1,RTWSXNULYHCUKB-UHFFFAOYSA-N,CC1C2CCCC(CC3CCCCC3)C2C2CCCC(C3CCCCC3)C12,10.1016/j.bmcl.2010.03.042,20347304,1,True,False,pending_dual_review,quarantined_before_evidence_review,exact_structure_previously_visible
BDB-50317021,50317021,Nc1nc(-c2ccccc2)c2c(n1)-c1c(CN3CCCCCC3)cccc1C2=O,PXTIQIKLYOQPFC-UHFFFAOYSA-N,CC1C2CCCC(CC3CCCCCC3)C2C2CCCC(C3CCCCC3)C12,10.1016/j.bmcl.2010.03.042,20347304,1,True,False,pending_dual_review,quarantined_before_evidence_review,exact_structure_previously_visible
BDB-50317022,50317022,Nc1nc(-c2ccccc2)c2c(n1)-c1c(CN3CCOCC3)cccc1C2=O,DBNLJUHBHNYWKM-UHFFFAOYSA-N,CC1C2CCCC(CC3CCCCC3)C2C2CCCC(C3CCCCC3)C12,10.1016/j.bmcl.2010.03.042,20347304,1,True,False,pending_dual_review,quarantined_before_evidence_review,exact_structure_previously_visible
BDB-50317023,50317023,Nc1nc(-c2ccc(F)cc2)c2c(n1)-c1c(CN3CCOCC3)cccc1C2=O,OZBIBCLIRXCJSR-UHFFFAOYSA-N,CC1C2CCCC(CC3CCCCC3)C2C2CCCC(C3CCCCC3)C12,10.1016/j.bmcl.2010.03.042,20347304,1,True,False,pending_dual_review,quarantined_before_evidence_review,exact_structure_previously_visible
BDB-50317024,50317024,N#Cc1cccc(-c2nc(N)nc3c2C(=O)c2cccc(CN4CCOCC4)c2-3)c1,LRLQMZVJBDOPDM-UHFFFAOYSA-N,CC1C2CCCC(CC3CCCCC3)C2C2CCCC(C3CCCCC3)C12,10.1016/j.bmcl.2010.03.042,20347304,1,True,False,pending_dual_review,quarantined_before_evidence_review,exact_structure_previously_visible
BDB-50318274,50318274,Nc1nc(-c2ccccc2)nc2nn(Cc3ccccc3)cc12,RLZOZEUGOWAPTC-UHFFFAOYSA-N,C1CCC(CC2CC3CCC(C4CCCCC4)CC3C2)CC1,10.1021/jm901785w,20408530,1,False,True,pending_dual_review,quarantined_before_evidence_review,generic_scaffold_overlaps_model_selection
BDB-50318283,50318283,Nc1nc(-c2ccccc2)nc2nn(CCc3ccccc3)cc12,PFGJEFPQODACSC-UHFFFAOYSA-N,C1CCC(CCC2CC3CCC(C4CCCCC4)CC3C2)CC1,10.1021/jm901785w,20408530,1,False,True,pending_dual_review,quarantined_before_evidence_review,generic_scaffold_overlaps_model_selection
BDB-50321524,50321524,COc1ccc(NC(C)=O)c2sc(NC(=O)c3ccc(F)cc3)nc12,BAHHPLVRJISHAN-UHFFFAOYSA-N,CC(CC1CC2CCCCC2C1)C1CCCCC1,10.1016/j.bmcl.2010.05.056|10.1016/j.bmcl.2011.02.053,20541935|21388809,2,False,True,pending_dual_review,quarantined_before_evidence_review,generic_scaffold_overlaps_model_selection
BDB-50321525,50321525,COc1ccc(N(C)C(C)=O)c2sc(NC(=O)c3ccc(F)cc3)nc12,NOVSCPBZVDJFFX-UHFFFAOYSA-N,CC(CC1CC2CCCCC2C1)C1CCCCC1,10.1016/j.bmcl.2010.05.056,20541935,1,False,True,pending_dual_review,quarantined_before_evidence_review,generic_scaffold_overlaps_model_selection
BDB-50321526,50321526,CCN(C(C)=O)c1ccc(OC)c2nc(NC(=O)c3ccc(F)cc3)sc12,HHAUAECIUWZNID-UHFFFAOYSA-N,CC(CC1CC2CCCCC2C1)C1CCCCC1,10.1016/j.bmcl.2010.05.056,20541935,1,False,True,pending_dual_review,quarantined_before_evidence_review,generic_scaffold_overlaps_model_selection
BDB-50321527,50321527,COc1ccc(N(CC(C)C)C(C)=O)c2sc(NC(=O)c3ccc(F)cc3)nc12,VEVYGWIJJVCOCH-UHFFFAOYSA-N,CC(CC1CC2CCCCC2C1)C1CCCCC1,10.1016/j.bmcl.2010.05.056,20541935,1,False,True,pending_dual_review,quarantined_before_evidence_review,generic_scaffold_overlaps_model_selection
BDB-50321528,50321528,COc1ccc(N(CC(F)(F)F)C(C)=O)c2sc(NC(=O)c3ccc(F)cc3)nc12,UEYWQYSHTMYHJS-UHFFFAOYSA-N,CC(CC1CC2CCCCC2C1)C1CCCCC1,10.1016/j.bmcl.2010.05.056,20541935,1,False,True,pending_dual_review,quarantined_before_evidence_review,generic_scaffold_overlaps_model_selection
BDB-50321529,50321529,COc1ccc(N(C(C)=O)C(F)F)c2sc(NC(=O)c3ccc(F)cc3)nc12,KUJIOLYBGGCRQG-UHFFFAOYSA-N,CC(CC1CC2CCCCC2C1)C1CCCCC1,10.1016/j.bmcl.2010.05.056,20541935,1,False,True,pending_dual_review,quarantined_before_evidence_review,generic_scaffold_overlaps_model_selection
BDB-50321530,50321530,COc1ccc(N(CCO)C(C)=O)c2sc(NC(=O)c3ccc(F)cc3)nc12,PPUQSIDWHRUZSE-UHFFFAOYSA-N,CC(CC1CC2CCCCC2C1)C1CCCCC1,10.1016/j.bmcl.2010.05.056,20541935,1,False,True,pending_dual_review,quarantined_before_evidence_review,generic_scaffold_overlaps_model_selection
BDB-50321531,50321531,COc1ccc(N(CCCO)C(C)=O)c2sc(NC(=O)c3ccc(F)cc3)nc12,RJTRMSNBKWKEKF-UHFFFAOYSA-N,CC(CC1CC2CCCCC2C1)C1CCCCC1,10.1016/j.bmcl.2010.05.056,20541935,1,False,True,pending_dual_review,quarantined_before_evidence_review,generic_scaffold_overlaps_model_selection
BDB-50321532,50321532,COCCN(C(C)=O)c1ccc(OC)c2nc(NC(=O)c3ccc(F)cc3)sc12,XNZCLYWXYVRFOT-UHFFFAOYSA-N,CC(CC1CC2CCCCC2C1)C1CCCCC1,10.1016/j.bmcl.2010.05.056,20541935,1,False,True,pending_dual_review,quarantined_before_evidence_review,generic_scaffold_overlaps_model_selection
BDB-50321533,50321533,COC(=O)CN(C(C)=O)c1ccc(OC)c2nc(NC(=O)c3ccc(F)cc3)sc12,RCKXKZDSVASWIU-UHFFFAOYSA-N,CC(CC1CC2CCCCC2C1)C1CCCCC1,10.1016/j.bmcl.2010.05.056,20541935,1,False,True,pending_dual_review,quarantined_before_evidence_review,generic_scaffold_overlaps_model_selection
BDB-50321534,50321534,COc1ccc(N(CC(=O)O)C(C)=O)c2sc(NC(=O)c3ccc(F)cc3)nc12,UTQKJKIHVKWBOE-UHFFFAOYSA-N,CC(CC1CC2CCCCC2C1)C1CCCCC1,10.1016/j.bmcl.2010.05.056,20541935,1,False,True,pending_dual_review,quarantined_before_evidence_review,generic_scaffold_overlaps_model_selection
BDB-50321535,50321535,COc1ccc(N(CC(N)=O)C(C)=O)c2sc(NC(=O)c3ccc(F)cc3)nc12,JKXHAENXOVUHKC-UHFFFAOYSA-N,CC(CC1CC2CCCCC2C1)C1CCCCC1,10.1016/j.bmcl.2010.05.056,20541935,1,False,True,pending_dual_review,quarantined_before_evidence_review,generic_scaffold_overlaps_model_selection
BDB-50321536,50321536,CNC(=O)CN(C(C)=O)c1ccc(OC)c2nc(NC(=O)c3ccc(F)cc3)sc12,DAXCTLWNTAQWQH-UHFFFAOYSA-N,CC(CC1CC2CCCCC2C1)C1CCCCC1,10.1016/j.bmcl.2010.05.056,20541935,1,False,True,pending_dual_review,quarantined_before_evidence_review,generic_scaffold_overlaps_model_selection
BDB-50321537,50321537,COc1ccc(N(CC(=O)N(C)C)C(C)=O)c2sc(NC(=O)c3ccc(F)cc3)nc12,QONQGZZBFPEGKF-UHFFFAOYSA-N,CC(CC1CC2CCCCC2C1)C1CCCCC1,10.1016/j.bmcl.2010.05.056,20541935,1,False,True,pending_dual_review,quarantined_before_evidence_review,generic_scaffold_overlaps_model_selection
BDB-50321538,50321538,CCN(C(C)=O)c1ccc(Cl)c2nc(NC(=O)c3ccc(F)cc3)sc12,KGBLJFJGFJLOTH-UHFFFAOYSA-N,CC(CC1CC2CCCCC2C1)C1CCCCC1,10.1016/j.bmcl.2010.05.056,20541935,1,False,True,pending_dual_review,quarantined_before_evidence_review,generic_scaffold_overlaps_model_selection
BDB-50321539,50321539,CCN(C(C)=O)c1ccc(OC)c2nc(NC(=O)c3ccc(S(C)(=O)=O)cc3)sc12,JIBPVUZCHLCLJB-UHFFFAOYSA-N,CC(CC1CC2CCCCC2C1)C1CCCCC1,10.1016/j.bmcl.2010.05.056,20541935,1,False,True,pending_dual_review,quarantined_before_evidence_review,generic_scaffold_overlaps_model_selection
BDB-50321540,50321540,CCN(C(C)=O)c1ccc(OC)c2nc(NC(=O)c3ccc(C#N)cc3)sc12,WJTHCQYQRQIGRZ-UHFFFAOYSA-N,CC(CC1CC2CCCCC2C1)C1CCCCC1,10.1016/j.bmcl.2010.05.056,20541935,1,False,True,pending_dual_review,quarantined_before_evidence_review,generic_scaffold_overlaps_model_selection
BDB-50321541,50321541,CCN(C(C)=O)c1ccc(OC)c2nc(NC(=O)c3ccc(C(=O)OC)cc3)sc12,UNLGWYRVPNGNSX-UHFFFAOYSA-N,CC(CC1CC2CCCCC2C1)C1CCCCC1,10.1016/j.bmcl.2010.05.056,20541935,1,False,True,pending_dual_review,quarantined_before_evidence_review,generic_scaffold_overlaps_model_selection
BDB-50321542,50321542,CCN(C(C)=O)c1ccc(OC)c2nc(NC(=O)c3ccc(NS(C)(=O)=O)cc3)sc12,SVHRQWMVLCYEQP-UHFFFAOYSA-N,CC(CC1CC2CCCCC2C1)C1CCCCC1,10.1016/j.bmcl.2010.05.056,20541935,1,False,True,pending_dual_review,quarantined_before_evidence_review,generic_scaffold_overlaps_model_selection
BDB-50321543,50321543,CCN(C(C)=O)c1ccc(OC)c2nc(NC(=O)c3ccc(CN(C)S(C)(=O)=O)cc3)sc12,BRNRRMOSNLXPPS-UHFFFAOYSA-N,CC(CC1CC2CCCCC2C1)C1CCCCC1,10.1016/j.bmcl.2010.05.056,20541935,1,False,True,pending_dual_review,quarantined_before_evidence_review,generic_scaffold_overlaps_model_selection
BDB-50321550,50321550,CCN(C(C)=O)c1ccc(OC)c2nc(NC(=O)c3ccc(C(=O)N(C)CCOC)cc3)sc12,UCBVQPRPUKKIOI-UHFFFAOYSA-N,CC(CC1CC2CCCCC2C1)C1CCCCC1,10.1016/j.bmcl.2010.05.056,20541935,1,False,True,pending_dual_review,quarantined_before_evidence_review,generic_scaffold_overlaps_model_selection
BDB-50321552,50321552,CCN(C(C)=O)c1ccc(OC)c2nc(NC(=O)c3ccc(C(=O)NC)cc3)sc12,QMZCIVSHZATIOB-UHFFFAOYSA-N,CC(CC1CC2CCCCC2C1)C1CCCCC1,10.1016/j.bmcl.2010.05.056,20541935,1,False,True,pending_dual_review,quarantined_before_evidence_review,generic_scaffold_overlaps_model_selection
BDB-50322843,50322843,CCn1c(=O)n(CC2CC2)c(=O)c2[nH]c(-c3cnn(Cc4cccc(C(F)(F)F)c4)c3)nc21,UVHMEKJMMZTAPE-UHFFFAOYSA-N,CC1CC2CC(C3CCC(CC4CCCCC4)C3)CC2C(C)C1CC1CC1,10.1016/j.ejmech.2010.04.039|10.1021/jm7014815,18321039|20537438,2,True,False,pending_dual_review,quarantined_before_evidence_review,exact_structure_previously_visible
BDB-50322844,50322844,CCCn1c(=O)c2[nH]c(-c3cn[nH]c3)nc2n(CC)c1=O,MVDURWNMLXKWGS-UHFFFAOYSA-N,CC1CC(C)C2CC(C3CCCC3)CC2C1,10.1016/j.ejmech.2010.04.039|10.1021/jm7014815,18321039|20537438,2,True,True,pending_dual_review,quarantined_before_evidence_review,exact_structure_previously_visible|generic_scaffold_overlaps_model_selection
BDB-50322845,50322845,CCCn1c(=O)c2[nH]c(-c3cnn(Cc4cccc(C(F)(F)F)c4)c3)nc2n(C)c1=O,BWVLVKYENDCAHC-UHFFFAOYSA-N,CC1CC(C)C2CC(C3CCC(CC4CCCCC4)C3)CC2C1,10.1016/j.ejmech.2010.04.039|10.1021/jm7014815,18321039|20537438,2,True,False,pending_dual_review,quarantined_before_evidence_review,exact_structure_previously_visible
BDB-50322846,50322846,CCCn1c(=O)c2[nH]c(-c3cnn(-c4cccnc4)c3)nc2n(CC)c1=O,ODPMHVSWDDFIKK-UHFFFAOYSA-N,CC1CC(C)C2CC(C3CCC(C4CCCCC4)C3)CC2C1,10.1016/j.ejmech.2010.04.039|10.1021/jm7014815,18321039|20537438,2,True,False,pending_dual_review,quarantined_before_evidence_review,exact_structure_previously_visible
BDB-50322848,50322848,Nc1nc(-n2cncn2)c2nnn(Cc3ccccc3F)c2n1,VKUZVOQBVAZHER-UHFFFAOYSA-N,C1CCC(CC2CCC3C(C4CCCC4)CCCC23)CC1,10.1016/j.ejmech.2010.04.039,20537438,1,True,True,pending_dual_review,quarantined_before_evidence_review,exact_structure_previously_visible|generic_scaffold_overlaps_model_selection
BDB-50327460,50327460,CCOc1ccc(CCCn2ncc3c2nc(N)n2nc(-c4ccco4)nc32)cc1,FHBBPYVAONDULV-UHFFFAOYSA-N,C1CCC(CCCC2CCC3C2CCC2CC(C4CCCC4)CC23)CC1,10.1016/j.bmcl.2010.08.021,20801028,1,False,True,pending_dual_review,quarantined_before_evidence_review,generic_scaffold_overlaps_model_selection
BDB-50327461,50327461,Nc1nc2c(cnn2CCCc2ccc(OCCF)cc2)c2nc(-c3ccco3)nn12,YIXGUARFUYFZQE-UHFFFAOYSA-N,C1CCC(CCCC2CCC3C2CCC2CC(C4CCCC4)CC23)CC1,10.1016/j.bmcl.2010.08.021,20801028,1,False,True,pending_dual_review,quarantined_before_evidence_review,generic_scaffold_overlaps_model_selection
BDB-50327462,50327462,CCCOc1ccc(CCCn2ncc3c2nc(N)n2nc(-c4ccco4)nc32)cc1,ASXRMCQWZWYZGG-UHFFFAOYSA-N,C1CCC(CCCC2CCC3C2CCC2CC(C4CCCC4)CC23)CC1,10.1016/j.bmcl.2010.08.021,20801028,1,False,True,pending_dual_review,quarantined_before_evidence_review,generic_scaffold_overlaps_model_selection
BDB-50327463,50327463,CC(C)Oc1ccc(CCCn2ncc3c2nc(N)n2nc(-c4ccco4)nc32)cc1,AGHKEJJPPICBKN-UHFFFAOYSA-N,C1CCC(CCCC2CCC3C2CCC2CC(C4CCCC4)CC23)CC1,10.1016/j.bmcl.2010.08.021,20801028,1,False,True,pending_dual_review,quarantined_before_evidence_review,generic_scaffold_overlaps_model_selection
BDB-50327464,50327464,CCC(C)Oc1ccc(CCCn2ncc3c2nc(N)n2nc(-c4ccco4)nc32)cc1,AMUZNDJKBBUHKO-UHFFFAOYSA-N,C1CCC(CCCC2CCC3C2CCC2CC(C4CCCC4)CC23)CC1,10.1016/j.bmcl.2010.08.021,20801028,1,False,True,pending_dual_review,quarantined_before_evidence_review,generic_scaffold_overlaps_model_selection
BDB-50327465,50327465,C=CCOc1ccc(CCCn2ncc3c2nc(N)n2nc(-c4ccco4)nc32)cc1,PJSPZEHCESJWMH-UHFFFAOYSA-N,C1CCC(CCCC2CCC3C2CCC2CC(C4CCCC4)CC23)CC1,10.1016/j.bmcl.2010.08.021,20801028,1,False,True,pending_dual_review,quarantined_before_evidence_review,generic_scaffold_overlaps_model_selection
BDB-50327466,50327466,C=CCCOc1ccc(CCCn2ncc3c2nc(N)n2nc(-c4ccco4)nc32)cc1,ZFYPPLNZRXLUCU-UHFFFAOYSA-N,C1CCC(CCCC2CCC3C2CCC2CC(C4CCCC4)CC23)CC1,10.1016/j.bmcl.2010.08.021,20801028,1,False,True,pending_dual_review,quarantined_before_evidence_review,generic_scaffold_overlaps_model_selection
BDB-50327469,50327469,Nc1nc2c(cnn2CCCc2ccc(OCCO)cc2)c2nc(-c3ccco3)nn12,UVXNFUBZBAQNOK-UHFFFAOYSA-N,C1CCC(CCCC2CCC3C2CCC2CC(C4CCCC4)CC23)CC1,10.1016/j.bmcl.2010.08.021,20801028,1,False,True,pending_dual_review,quarantined_before_evidence_review,generic_scaffold_overlaps_model_selection
BDB-50327470,50327470,CS(=O)(=O)OCCOc1ccc(CCCn2ncc3c2nc(N)n2nc(-c4ccco4)nc32)cc1,ODJOPXDFBNAQCH-UHFFFAOYSA-N,C1CCC(CCCC2CCC3C2CCC2CC(C4CCCC4)CC23)CC1,10.1016/j.bmcl.2010.08.021,20801028,1,False,True,pending_dual_review,quarantined_before_evidence_review,generic_scaffold_overlaps_model_selection
BDB-50329339,50329339,CCCCNC(=O)c1ccc2c(c1)nc(NC(=O)c1cccc(C#N)c1)n2CCCOC,KBZVYTQIKLZGJT-UHFFFAOYSA-N,CC(CC1CC2CCCCC2C1)C1CCCCC1,10.1016/j.bmcl.2010.08.064,20869242,1,False,True,pending_dual_review,quarantined_before_evidence_review,generic_scaffold_overlaps_model_selection
BDB-50329340,50329340,CCCCNC(=O)c1cnc2c(c1)nc(NC(=O)c1cccc(C#N)c1)n2CCCOC,CIRWOOHXYFOQME-UHFFFAOYSA-N,CC(CC1CC2CCCCC2C1)C1CCCCC1,10.1016/j.bmcl.2010.08.064,20869242,1,False,True,pending_dual_review,quarantined_before_evidence_review,generic_scaffold_overlaps_model_selection
BDB-50329343,50329343,COCCCn1c(NC(=O)c2cccc(C#N)c2)nc2cc(C(N)=O)cnc21,OPULSPRBRMLXIN-UHFFFAOYSA-N,CC(CC1CC2CCCCC2C1)C1CCCCC1,10.1016/j.bmcl.2010.08.064,20869242,1,False,True,pending_dual_review,quarantined_before_evidence_review,generic_scaffold_overlaps_model_selection
BDB-50329344,50329344,COCCCn1c(NC(=O)c2cccc(C#N)c2)nc2cc(C(=O)N(C)C)cnc21,RBAOLDGIUFILHC-UHFFFAOYSA-N,CC(CC1CC2CCCCC2C1)C1CCCCC1,10.1016/j.bmcl.2010.08.064,20869242,1,False,True,pending_dual_review,quarantined_before_evidence_review,generic_scaffold_overlaps_model_selection
BDB-50329345,50329345,CCN(C)C(=O)c1cnc2c(c1)nc(NC(=O)c1cccc(C#N)c1)n2CCCOC,KPMJQKRUJWGDGI-UHFFFAOYSA-N,CC(CC1CC2CCCCC2C1)C1CCCCC1,10.1016/j.bmcl.2010.08.064,20869242,1,False,True,pending_dual_review,quarantined_before_evidence_review,generic_scaffold_overlaps_model_selection
BDB-50329346,50329346,CCN(CC)C(=O)c1cnc2c(c1)nc(NC(=O)c1cccc(C#N)c1)n2CCCOC,PBQKZMKKBVIHOG-UHFFFAOYSA-N,CC(CC1CC2CCCCC2C1)C1CCCCC1,10.1016/j.bmcl.2010.08.064,20869242,1,False,True,pending_dual_review,quarantined_before_evidence_review,generic_scaffold_overlaps_model_selection
BDB-50329347,50329347,COCCCn1c(NC(=O)c2cccc(C#N)c2)nc2cc(C(=O)N(C)C(C)C)cnc21,YQGFFJMUXUICQH-UHFFFAOYSA-N,CC(CC1CC2CCCCC2C1)C1CCCCC1,10.1016/j.bmcl.2010.08.064,20869242,1,False,True,pending_dual_review,quarantined_before_evidence_review,generic_scaffold_overlaps_model_selection
BDB-50329364,50329364,CCN(CC)C(=O)c1ccc2nc(NC(=O)c3cccc(C#N)c3)n(CCCOC)c2c1,NXWWBEGHBCKZRP-UHFFFAOYSA-N,CC(CC1CC2CCCCC2C1)C1CCCCC1,10.1016/j.bmcl.2010.08.064,20869242,1,False,True,pending_dual_review,quarantined_before_evidence_review,generic_scaffold_overlaps_model_selection
BDB-50329366,50329366,CCN(C)C(=O)c1ccc2nc(NC(=O)c3cccc(C#N)c3)n(CCCOC)c2n1,CYSZSBBHEJDWPK-UHFFFAOYSA-N,CC(CC1CC2CCCCC2C1)C1CCCCC1,10.1016/j.bmcl.2010.08.064,20869242,1,False,True,pending_dual_review,quarantined_before_evidence_review,generic_scaffold_overlaps_model_selection
BDB-50329367,50329367,COCCCn1c(NC(=O)c2cccc(C#N)c2)nc2ccc(C(=O)N(C)C(C)C)nc21,PMUOHBSREMELBN-UHFFFAOYSA-N,CC(CC1CC2CCCCC2C1)C1CCCCC1,10.1016/j.bmcl.2010.08.064,20869242,1,False,True,pending_dual_review,quarantined_before_evidence_review,generic_scaffold_overlaps_model_selection
BDB-50330987,50330987,Nc1nc(-c2ccccc2)c2c(n1)-c1cc(CN3CCCC3)ccc1C2=O,NZMLWAPHUUXPMQ-UHFFFAOYSA-N,CC1C2CCC(CC3CCCC3)CC2C2CCCC(C3CCCCC3)C12,10.1021/jm100971t|10.1021/jm201640m|10.1021/jm4011669,20973483|22239465|24164628,3,True,True,pending_dual_review,quarantined_before_evidence_review,exact_structure_previously_visible|generic_scaffold_overlaps_model_selection
BDB-50335694,50335694,CC(=O)Nc1cc(-c2ccco2)nc(-c2ccco2)n1,NZYYJYYUIUOBHV-UHFFFAOYSA-N,C1CCC(C2CCCC(C3CCCC3)C2)C1,10.1021/jm100843z,21186795,1,False,True,pending_dual_review,quarantined_before_evidence_review,generic_scaffold_overlaps_model_selection
BDB-50335695,50335695,CCC(=O)Nc1cc(-c2ccco2)nc(-c2ccco2)n1,HAAWWFVQBALACQ-UHFFFAOYSA-N,C1CCC(C2CCCC(C3CCCC3)C2)C1,10.1021/jm100843z,21186795,1,False,True,pending_dual_review,quarantined_before_evidence_review,generic_scaffold_overlaps_model_selection
BDB-50335696,50335696,CCCC(=O)Nc1cc(-c2ccco2)nc(-c2ccco2)n1,YOGREESMVPNNCJ-UHFFFAOYSA-N,C1CCC(C2CCCC(C3CCCC3)C2)C1,10.1021/jm100843z,21186795,1,False,True,pending_dual_review,quarantined_before_evidence_review,generic_scaffold_overlaps_model_selection
BDB-50335697,50335697,CC(=O)Nc1cc(-c2ccoc2)nc(-c2ccoc2)n1,GZBCDFOZDQIUBI-UHFFFAOYSA-N,C1CCC(C2CCCC(C3CCCC3)C2)C1,10.1021/jm100843z,21186795,1,False,True,pending_dual_review,quarantined_before_evidence_review,generic_scaffold_overlaps_model_selection
BDB-50335698,50335698,CCC(=O)Nc1cc(-c2ccoc2)nc(-c2ccoc2)n1,JWCIVMRVTPGJHY-UHFFFAOYSA-N,C1CCC(C2CCCC(C3CCCC3)C2)C1,10.1021/jm100843z,21186795,1,False,True,pending_dual_review,quarantined_before_evidence_review,generic_scaffold_overlaps_model_selection
BDB-50335699,50335699,CCC(=O)Nc1cc(-c2ccsc2)nc(-c2ccsc2)n1,UHXRXYHGDPUNGT-UHFFFAOYSA-N,C1CCC(C2CCCC(C3CCCC3)C2)C1,10.1021/jm100843z,21186795,1,False,True,pending_dual_review,quarantined_before_evidence_review,generic_scaffold_overlaps_model_selection
BDB-50335706,50335706,CCC(=O)Nc1nc(-c2ccsc2)cc(-c2ccsc2)n1,ZWLARIFBBGEWOS-UHFFFAOYSA-N,C1CCC(C2CCCC(C3CCCC3)C2)C1,10.1021/jm100843z,21186795,1,False,True,pending_dual_review,quarantined_before_evidence_review,generic_scaffold_overlaps_model_selection
BDB-50335738,50335738,CC(=O)Nc1cc(-c2cccs2)nc(-c2cccs2)n1,UTZXDCZJCNAOLA-UHFFFAOYSA-N,C1CCC(C2CCCC(C3CCCC3)C2)C1,10.1021/jm100843z,21186795,1,False,True,pending_dual_review,quarantined_before_evidence_review,generic_scaffold_overlaps_model_selection
BDB-50335739,50335739,CCC(=O)Nc1cc(-c2cccs2)nc(-c2cccs2)n1,HPHNCACRSQYJMW-UHFFFAOYSA-N,C1CCC(C2CCCC(C3CCCC3)C2)C1,10.1021/jm100843z,21186795,1,False,True,pending_dual_review,quarantined_before_evidence_review,generic_scaffold_overlaps_model_selection
BDB-50335740,50335740,CCCC(=O)Nc1cc(-c2cccs2)nc(-c2cccs2)n1,AYGCCWAQUFAHBW-UHFFFAOYSA-N,C1CCC(C2CCCC(C3CCCC3)C2)C1,10.1021/jm100843z,21186795,1,False,True,pending_dual_review,quarantined_before_evidence_review,generic_scaffold_overlaps_model_selection
BDB-50335741,50335741,CC(=O)Nc1cc(-c2ccsc2)nc(-c2ccsc2)n1,QGULJVNBUHGCQB-UHFFFAOYSA-N,C1CCC(C2CCCC(C3CCCC3)C2)C1,10.1021/jm100843z,21186795,1,False,True,pending_dual_review,quarantined_before_evidence_review,generic_scaffold_overlaps_model_selection
BDB-50335742,50335742,CCCC(=O)Nc1nc(-c2cccs2)cc(-c2cccs2)n1,VXWWIISWNYQGQF-UHFFFAOYSA-N,C1CCC(C2CCCC(C3CCCC3)C2)C1,10.1021/jm100843z,21186795,1,False,True,pending_dual_review,quarantined_before_evidence_review,generic_scaffold_overlaps_model_selection
BDB-50335743,50335743,CCCC(=O)Nc1nc(-c2ccsc2)cc(-c2ccsc2)n1,NZYDYXKPYLFEMZ-UHFFFAOYSA-N,C1CCC(C2CCCC(C3CCCC3)C2)C1,10.1021/jm100843z,21186795,1,False,True,pending_dual_review,quarantined_before_evidence_review,generic_scaffold_overlaps_model_selection
BDB-50335751,50335751,CCCC(=O)Nc1cc(-c2ccoc2)nc(-c2ccoc2)n1,DEZKWNXSFMAETO-UHFFFAOYSA-N,C1CCC(C2CCCC(C3CCCC3)C2)C1,10.1021/jm100843z,21186795,1,False,True,pending_dual_review,quarantined_before_evidence_review,generic_scaffold_overlaps_model_selection
BDB-50336709,50336709,COc1cc(NC(=O)CC(C)(C)C)ccc1C(=O)Nc1nccs1,QKTXEHDRNNYFGM-UHFFFAOYSA-N,CC(CC1CCCC1)C1CCCCC1,10.1021/jm1008659,21210664,1,False,True,pending_dual_review,quarantined_before_evidence_review,generic_scaffold_overlaps_model_selection
BDB-50336710,50336710,Cc1cnc(NC(=O)c2ccc(NC(=O)CC(C)(C)C)cc2)s1,CYKFTVJFFDBXPR-UHFFFAOYSA-N,CC(CC1CCCC1)C1CCCCC1,10.1021/jm1008659,21210664,1,False,True,pending_dual_review,quarantined_before_evidence_review,generic_scaffold_overlaps_model_selection
BDB-50336711,50336711,CCC(=O)Nc1ccc(C(=O)Nc2nccs2)cc1,JMGGKSDCWLBOEE-UHFFFAOYSA-N,CC(CC1CCCC1)C1CCCCC1,10.1021/jm1008659,21210664,1,False,True,pending_dual_review,quarantined_before_evidence_review,generic_scaffold_overlaps_model_selection
BDB-50336712,50336712,CC(C)(C)CC(=O)Nc1ccc(C(=O)Nc2nccs2)cc1F,ZUWCDFFJCAABHM-UHFFFAOYSA-N,CC(CC1CCCC1)C1CCCCC1,10.1021/jm1008659,21210664,1,False,True,pending_dual_review,quarantined_before_evidence_review,generic_scaffold_overlaps_model_selection
BDB-50336713,50336713,Cc1cc(C(=O)Nc2nccs2)cc(Cl)c1NC(=O)CC(C)(C)C,NLAQJDDYBPPBIO-UHFFFAOYSA-N,CC(CC1CCCC1)C1CCCCC1,10.1021/jm1008659,21210664,1,False,True,pending_dual_review,quarantined_before_evidence_review,generic_scaffold_overlaps_model_selection
BDB-50336714,50336714,Cc1cc(C(=O)Nc2nccs2)ccc1NC(=O)CC(C)(C)C,NLVRAFZOIMAUKQ-UHFFFAOYSA-N,CC(CC1CCCC1)C1CCCCC1,10.1016/j.bmcl.2015.01.062|10.1021/jm1008659,21210664|25701253,2,False,True,pending_dual_review,quarantined_before_evidence_review,generic_scaffold_overlaps_model_selection
BDB-50336715,50336715,CC(C)(C)CC(=O)Nc1c(F)cc(C(=O)Nc2nccs2)cc1F,KEUJAGGJGBWRFC-UHFFFAOYSA-N,CC(CC1CCCC1)C1CCCCC1,10.1021/jm1008659,21210664,1,True,True,pending_dual_review,quarantined_before_evidence_review,exact_structure_previously_visible|generic_scaffold_overlaps_model_selection
BDB-50336716,50336716,CCCC(=O)Nc1ccc(C(=O)Nc2nccs2)cc1,HIPNUROOFUMNSU-UHFFFAOYSA-N,CC(CC1CCCC1)C1CCCCC1,10.1021/jm1008659,21210664,1,False,True,pending_dual_review,quarantined_before_evidence_review,generic_scaffold_overlaps_model_selection
BDB-50336717,50336717,COc1cc(C(=O)Nc2nccs2)ccc1NC(=O)CC(C)(C)C,NJBNIWCMOWPAQD-UHFFFAOYSA-N,CC(CC1CCCC1)C1CCCCC1,10.1021/jm1008659,21210664,1,False,True,pending_dual_review,quarantined_before_evidence_review,generic_scaffold_overlaps_model_selection
BDB-50336718,50336718,CC(C)C(=O)Nc1ccc(C(=O)Nc2nccs2)cc1,XXVDXKAAWAFSQL-UHFFFAOYSA-N,CC(CC1CCCC1)C1CCCCC1,10.1021/jm1008659,21210664,1,False,True,pending_dual_review,quarantined_before_evidence_review,generic_scaffold_overlaps_model_selection
BDB-50336719,50336719,COc1c(C(=O)Nc2nccs2)ccc(NC(=O)CC(C)(C)C)c1F,LNUKUKIGALSKPN-UHFFFAOYSA-N,CC(CC1CCCC1)C1CCCCC1,10.1021/jm1008659,21210664,1,False,True,pending_dual_review,quarantined_before_evidence_review,generic_scaffold_overlaps_model_selection
BDB-50336720,50336720,CC(C)(C)CC(=O)Nc1ccc(C(=O)Nc2ncc(Cl)s2)cc1,MUXDEPJZTGSJRX-UHFFFAOYSA-N,CC(CC1CCCC1)C1CCCCC1,10.1021/jm1008659,21210664,1,False,True,pending_dual_review,quarantined_before_evidence_review,generic_scaffold_overlaps_model_selection
BDB-50336721,50336721,Cc1nc(NC(=O)c2ccc(NC(=O)CC(C)(C)C)cc2)sc1C,YETLEIOGLMOZOZ-UHFFFAOYSA-N,CC(CC1CCCC1)C1CCCCC1,10.1021/jm1008659,21210664,1,False,True,pending_dual_review,quarantined_before_evidence_review,generic_scaffold_overlaps_model_selection
BDB-50336723,50336723,CC(C)(C)CC(=O)Nc1ccc(C(=O)Nc2nccs2)cc1Cl,GZDQVVAHFIVIHT-UHFFFAOYSA-N,CC(CC1CCCC1)C1CCCCC1,10.1021/jm1008659,21210664,1,False,True,pending_dual_review,quarantined_before_evidence_review,generic_scaffold_overlaps_model_selection
BDB-50336724,50336724,Cc1cc(NC(=O)CC(C)(C)C)ccc1C(=O)Nc1nccs1,IRTVOPAITAMEDW-UHFFFAOYSA-N,CC(CC1CCCC1)C1CCCCC1,10.1021/jm1008659,21210664,1,False,True,pending_dual_review,quarantined_before_evidence_review,generic_scaffold_overlaps_model_selection
BDB-50336725,50336725,CCCCC(=O)Nc1ccc(C(=O)Nc2nccs2)cc1,URDDZDCIBYBQCB-UHFFFAOYSA-N,CC(CC1CCCC1)C1CCCCC1,10.1016/j.bmcl.2015.01.062|10.1021/jm1008659,21210664|25701253,2,False,True,pending_dual_review,quarantined_before_evidence_review,generic_scaffold_overlaps_model_selection
BDB-50336726,50336726,CC(C)(C)CC(=O)Nc1ccc(C(=O)Nc2nccs2)c(Cl)c1,MZEMISAYOIRJDE-UHFFFAOYSA-N,CC(CC1CCCC1)C1CCCCC1,10.1021/jm1008659,21210664,1,False,True,pending_dual_review,quarantined_before_evidence_review,generic_scaffold_overlaps_model_selection
BDB-50336727,50336727,CC(C)(C)CNC(=O)c1ccc(C(=O)Nc2nccs2)cc1,LJUVWYLIGBZNCM-UHFFFAOYSA-N,CC(CC1CCCC1)C1CCCCC1,10.1021/jm1008659,21210664,1,False,True,pending_dual_review,quarantined_before_evidence_review,generic_scaffold_overlaps_model_selection
BDB-50336728,50336728,CC(C)CC(=O)Nc1ccc(C(=O)Nc2nccs2)cc1,NRYURYQHEDZXCQ-UHFFFAOYSA-N,CC(CC1CCCC1)C1CCCCC1,10.1016/j.bmcl.2015.01.062|10.1021/jm1008659,21210664|25701253,2,False,True,pending_dual_review,quarantined_before_evidence_review,generic_scaffold_overlaps_model_selection
BDB-50336729,50336729,CC(C)(C)CC(=O)Nc1ccc(C(=O)Nc2nccs2)cc1,NXJOSCHYVJGECZ-UHFFFAOYSA-N,CC(CC1CCCC1)C1CCCCC1,10.1016/j.bmcl.2015.01.062|10.1021/jm1008659,21210664|25701253,2,False,True,pending_dual_review,quarantined_before_evidence_review,generic_scaffold_overlaps_model_selection
BDB-50339076,50339076,CCCCC#Cc1nc(N)c2ncn([C@@H]3SC[C@@H](O)[C@H]3O)c2n1,VQABXXYIDMPKKB-DDHOLCJHSA-N,C1CCC2C(C1)CCC2C1CCCC1,10.1021/jm201229j|10.1021/jm201461q|10.1021/ml1001823,21286238|22104008|22142423,3,True,True,pending_dual_review,quarantined_before_evidence_review,exact_structure_previously_visible|generic_scaffold_overlaps_model_selection
BDB-50339077,50339077,CCCC/C=C/c1nc(N)c2ncn([C@@H]3SC[C@@H](O)[C@H]3O)c2n1,UONIWMUCKYCQKH-GXDOZBQNSA-N,C1CCC2C(C1)CCC2C1CCCC1,10.1021/jm201229j|10.1021/ml1001823,21286238|22142423,2,True,True,pending_dual_review,quarantined_before_evidence_review,exact_structure_previously_visible|generic_scaffold_overlaps_model_selection
BDB-50340030,50340030,Nc1nc2c(cnn2CCN2CCOCC2)c2nn(CC3CC3)c(=O)n12,LDBCGFYZIOGNJQ-UHFFFAOYSA-N,CC1C(CC2CC2)CC2C1CCC1C(CCC3CCCCC3)CCC12,10.1016/j.bmcl.2011.02.045,21398125,1,True,False,pending_dual_review,quarantined_before_evidence_review,exact_structure_previously_visible
BDB-50340032,50340032,C=Cn1ncc2c1nc(N)n1c(=O)n(CC3CC3)nc21,PFPNYSANOVHQOZ-UHFFFAOYSA-N,CC1C(CC2CC2)CC2C3CCCC3CCC12,10.1016/j.bmcl.2011.02.045,21398125,1,True,False,pending_dual_review,quarantined_before_evidence_review,exact_structure_previously_visible
BDB-50340033,50340033,Nc1nc2c(cnn2CCN2CCN(c3cnccn3)CC2)c2nn(Cc3cccc(Cl)c3)c(=O)n12,FTTCWIMLUNQMNO-UHFFFAOYSA-N,CC1C(CC2CCCCC2)CC2C1CCC1C(CCC3CCC(C4CCCCC4)CC3)CCC12,10.1016/j.bmcl.2011.02.045,21398125,1,True,False,pending_dual_review,quarantined_before_evidence_review,exact_structure_previously_visible
BDB-50340034,50340034,Nc1nc2c(cnn2CCN2CCN(c3cnccn3)CC2)c2nn(Cc3ccccc3)c(=O)n12,LNPPTZZGGYMXNJ-UHFFFAOYSA-N,CC1C(CC2CCCCC2)CC2C1CCC1C(CCC3CCC(C4CCCCC4)CC3)CCC12,10.1016/j.bmcl.2011.02.045,21398125,1,True,False,pending_dual_review,quarantined_before_evidence_review,exact_structure_previously_visible
BDB-50340035,50340035,COCCOc1ccc(N2CCN(CCn3ncc4c3nc(N)n3c(=O)n(Cc5cccc(Cl)c5)nc43)CC2)c(F)c1,NAVXNGGXZQKHPO-UHFFFAOYSA-N,CC1C(CC2CCCCC2)CC2C1CCC1C(CCC3CCC(C4CCCCC4)CC3)CCC12,10.1016/j.bmcl.2011.02.045,21398125,1,True,False,pending_dual_review,quarantined_before_evidence_review,exact_structure_previously_visible
BDB-50340037,50340037,Nc1nc2c(cnn2CCN2CCN(c3ccc(F)cc3F)CC2)c2nn(Cc3cccc(Cl)c3)c(=O)n12,XTHPFNCCEPOFBL-UHFFFAOYSA-N,CC1C(CC2CCCCC2)CC2C1CCC1C(CCC3CCC(C4CCCCC4)CC3)CCC12,10.1016/j.bmcl.2011.02.045,21398125,1,True,False,pending_dual_review,quarantined_before_evidence_review,exact_structure_previously_visible
BDB-50340039,50340039,CC(C)(C)OC(=O)N1CCN(CCn2ncc3c2nc(N)n2c(=O)n(Cc4cccc(Cl)c4)nc32)CC1,YEHUETWOVOATHN-UHFFFAOYSA-N,CC1C(CC2CCCCC2)CC2C1CCC1C(CCC3CCCCC3)CCC12,10.1016/j.bmcl.2011.02.045,21398125,1,True,False,pending_dual_review,quarantined_before_evidence_review,exact_structure_previously_visible
BDB-50340041,50340041,CS(=O)(=O)N1CCN(CCn2ncc3c2nc(N)n2c(=O)n(Cc4cccc(Cl)c4)nc32)CC1,YCDOAMXFXYCJKQ-UHFFFAOYSA-N,CC1C(CC2CCCCC2)CC2C1CCC1C(CCC3CCCCC3)CCC12,10.1016/j.bmcl.2011.02.045,21398125,1,True,False,pending_dual_review,quarantined_before_evidence_review,exact_structure_previously_visible
BDB-50340042,50340042,CS(=O)(=O)N1CCN(CCn2ncc3c2nc(N)n2c(=O)n(Cc4ccccc4)nc32)CC1,XJISZQTTWGNHHH-UHFFFAOYSA-N,CC1C(CC2CCCCC2)CC2C1CCC1C(CCC3CCCCC3)CCC12,10.1016/j.bmcl.2011.02.045,21398125,1,True,False,pending_dual_review,quarantined_before_evidence_review,exact_structure_previously_visible
BDB-50340043,50340043,Nc1nc2c(cnn2CCN2CCC(N3CCOCC3)CC2)c2nn(Cc3cccc(Cl)c3)c(=O)n12,AQAADVKIZKSESP-UHFFFAOYSA-N,CC1C(CC2CCCCC2)CC2C1CCC1C(CCC3CCC(C4CCCCC4)CC3)CCC12,10.1016/j.bmcl.2011.02.045,21398125,1,True,False,pending_dual_review,quarantined_before_evidence_review,exact_structure_previously_visible
BDB-50340044,50340044,Nc1nc2c(cnn2CCN2CCC(N3CCOCC3)CC2)c2nn(Cc3ccccc3)c(=O)n12,JYBJCIIZOGMOTA-UHFFFAOYSA-N,CC1C(CC2CCCCC2)CC2C1CCC1C(CCC3CCC(C4CCCCC4)CC3)CCC12,10.1016/j.bmcl.2011.02.045,21398125,1,True,False,pending_dual_review,quarantined_before_evidence_review,exact_structure_previously_visible
BDB-50340045,50340045,Nc1nc2c(cnn2CCN2CCC3(CC2)OCCO3)c2nn(Cc3cccc(Cl)c3)c(=O)n12,CGQUAZYFEHXMIJ-UHFFFAOYSA-N,CC1C(CC2CCCCC2)CC2C1CCC1C(CCC3CCC4(CCCC4)CC3)CCC12,10.1016/j.bmcl.2011.02.045,21398125,1,True,False,pending_dual_review,quarantined_before_evidence_review,exact_structure_previously_visible
BDB-50340046,50340046,Nc1nc2c(cnn2CCN2CCC3(CC2)OCCO3)c2nn(Cc3ccccc3)c(=O)n12,ZNEQWRFUQDBKGX-UHFFFAOYSA-N,CC1C(CC2CCCCC2)CC2C1CCC1C(CCC3CCC4(CCCC4)CC3)CCC12,10.1016/j.bmcl.2011.02.045,21398125,1,True,False,pending_dual_review,quarantined_before_evidence_review,exact_structure_previously_visible
BDB-50340047,50340047,Nc1nc2c(cnn2CCN2CCOCC2)c2nn(Cc3cccc(Cl)c3)c(=O)n12,DTONIABUVXDYLV-UHFFFAOYSA-N,CC1C(CC2CCCCC2)CC2C1CCC1C(CCC3CCCCC3)CCC12,10.1016/j.bmcl.2011.02.045|10.1021/jm4011669,21398125|24164628,2,True,False,pending_dual_review,quarantined_before_evidence_review,exact_structure_previously_visible
BDB-50340048,50340048,Nc1nc2c(cnn2CCN2CCOCC2)c2nn(Cc3ccccc3)c(=O)n12,BQXCAYACVWKTIY-UHFFFAOYSA-N,CC1C(CC2CCCCC2)CC2C1CCC1C(CCC3CCCCC3)CCC12,10.1016/j.bmcl.2011.02.045,21398125,1,True,False,pending_dual_review,quarantined_before_evidence_review,exact_structure_previously_visible
BDB-50340049,50340049,CN(C)CCn1ncc2c1nc(N)n1c(=O)n(Cc3cccc(Cl)c3)nc21,UFERNMHJXPYDCW-UHFFFAOYSA-N,CC1C(CC2CCCCC2)CC2C3CCCC3CCC12,10.1016/j.bmcl.2011.02.045|10.1021/jm4011669,21398125|24164628,2,True,False,pending_dual_review,quarantined_before_evidence_review,exact_structure_previously_visible
BDB-50340051,50340051,C=Cn1ncc2c1nc(N)n1c(=O)n(Cc3cccc(Cl)c3)nc21,USHVKANYNPAMEZ-UHFFFAOYSA-N,CC1C(CC2CCCCC2)CC2C3CCCC3CCC12,10.1016/j.bmcl.2011.02.045,21398125,1,True,False,pending_dual_review,quarantined_before_evidence_review,exact_structure_previously_visible
BDB-50340052,50340052,C=Cn1ncc2c1nc(N)n1c(=O)n(Cc3ccccc3)nc21,BIZORDZVDRMYCP-UHFFFAOYSA-N,CC1C(CC2CCCCC2)CC2C3CCCC3CCC12,10.1016/j.bmcl.2011.02.045,21398125,1,True,False,pending_dual_review,quarantined_before_evidence_review,exact_structure_previously_visible
BDB-50340053,50340053,Nc1nc2c(c3nn(Cc4ccccc4)c(=O)n13)CCc1ccccc1-2,MBZHGMHPRPGZGE-UHFFFAOYSA-N,CC1C(CC2CCCCC2)CC2C1CCC1C3CCCCC3CCC12,10.1016/j.bmcl.2011.02.045,21398125,1,True,False,pending_dual_review,quarantined_before_evidence_review,exact_structure_previously_visible
BDB-50340054,50340054,Nc1nc(-c2cccnc2)cc2nn(Cc3ccccc3)c(=O)n12,IFBSMFNZLJHGQZ-UHFFFAOYSA-N,CC1C(CC2CCCCC2)CC2CC(C3CCCCC3)CCC21,10.1016/j.bmcl.2011.02.045,21398125,1,True,False,pending_dual_review,quarantined_before_evidence_review,exact_structure_previously_visible
BDB-50340055,50340055,COc1ccc(-c2cc3nn(Cc4ccccc4)c(=O)n3c(N)n2)cc1,MDWZWIDQACTFCY-UHFFFAOYSA-N,CC1C(CC2CCCCC2)CC2CC(C3CCCCC3)CCC21,10.1016/j.bmcl.2011.02.045,21398125,1,True,False,pending_dual_review,quarantined_before_evidence_review,exact_structure_previously_visible
BDB-50340056,50340056,Nc1nc(-c2cccc(CO)c2)cc2nn(Cc3ccccc3)c(=O)n12,TUANPXBMWINGNN-UHFFFAOYSA-N,CC1C(CC2CCCCC2)CC2CC(C3CCCCC3)CCC21,10.1016/j.bmcl.2011.02.045,21398125,1,True,False,pending_dual_review,quarantined_before_evidence_review,exact_structure_previously_visible
BDB-50340057,50340057,Nc1nc(-c2ccccc2)cc2nn(Cc3ccccc3)c(=O)n12,JBMVASQZBRFOLA-UHFFFAOYSA-N,CC1C(CC2CCCCC2)CC2CC(C3CCCCC3)CCC21,10.1016/j.bmcl.2011.02.045,21398125,1,True,False,pending_dual_review,quarantined_before_evidence_review,exact_structure_previously_visible
BDB-50342509,50342509,Nc1nc2c(cnn2CCCc2ccc(OCCCF)cc2)c2nc(-c3ccco3)nn12,YUYZFCWSIMWYED-UHFFFAOYSA-N,C1CCC(CCCC2CCC3C2CCC2CC(C4CCCC4)CC23)CC1,10.1016/j.bmcl.2010.11.082,21185184,1,False,True,pending_dual_review,quarantined_before_evidence_review,generic_scaffold_overlaps_model_selection
BDB-50342510,50342510,COC(=O)COc1ccc(CCCn2ncc3c2nc(N)n2nc(-c4ccco4)nc32)cc1,NXKIEGSMAYENNA-UHFFFAOYSA-N,C1CCC(CCCC2CCC3C2CCC2CC(C4CCCC4)CC23)CC1,10.1016/j.bmcl.2010.11.082,21185184,1,False,True,pending_dual_review,quarantined_before_evidence_review,generic_scaffold_overlaps_model_selection
BDB-50342511,50342511,Nc1nc2c(cnn2CCCc2ccc(OCC(=O)O)cc2)c2nc(-c3ccco3)nn12,GSXIAHZRTUTOPR-UHFFFAOYSA-N,C1CCC(CCCC2CCC3C2CCC2CC(C4CCCC4)CC23)CC1,10.1016/j.bmcl.2010.11.082,21185184,1,False,True,pending_dual_review,quarantined_before_evidence_review,generic_scaffold_overlaps_model_selection
BDB-50342512,50342512,NCCNC(=O)COc1ccc(CCCn2ncc3c2nc(N)n2nc(-c4ccco4)nc32)cc1,OLHYFYRMZTYSBT-UHFFFAOYSA-N,C1CCC(CCCC2CCC3C2CCC2CC(C4CCCC4)CC23)CC1,10.1016/j.bmcl.2010.11.082,21185184,1,False,True,pending_dual_review,quarantined_before_evidence_review,generic_scaffold_overlaps_model_selection
BDB-50342513,50342513,C#CCCCCC(=O)NCCNC(=O)COc1ccc(CCCn2ncc3c2nc(N)n2nc(-c4ccco4)nc32)cc1,JRZQBZNLNNVCDD-UHFFFAOYSA-N,C1CCC(CCCC2CCC3C2CCC2CC(C4CCCC4)CC23)CC1,10.1016/j.bmcl.2010.11.082,21185184,1,False,True,pending_dual_review,quarantined_before_evidence_review,generic_scaffold_overlaps_model_selection
BDB-50342516,50342516,NCCNCCNC(=O)COc1ccc(CCCn2ncc3c2nc(N)n2nc(-c4ccco4)nc32)cc1,FVDKKXZJHQXIAF-UHFFFAOYSA-N,C1CCC(CCCC2CCC3C2CCC2CC(C4CCCC4)CC23)CC1,10.1016/j.bmcl.2010.11.082,21185184,1,False,True,pending_dual_review,quarantined_before_evidence_review,generic_scaffold_overlaps_model_selection
BDB-50360182,50360182,NCCNc1nc(NCCN)n2nc(-c3ccco3)nc2n1,RUPFXQCINPIGBQ-UHFFFAOYSA-N,C1CCC(C2CC3CCCCC3C2)C1,10.1021/jm101349u,21214204,1,False,True,pending_dual_review,quarantined_before_evidence_review,generic_scaffold_overlaps_model_selection
BDB-50360183,50360183,NCCNc1nc(N)n2nc(-c3ccco3)nc2n1,TUHMQVOAPJOLNG-UHFFFAOYSA-N,C1CCC(C2CC3CCCCC3C2)C1,10.1021/jm101349u,21214204,1,False,True,pending_dual_review,quarantined_before_evidence_review,generic_scaffold_overlaps_model_selection
BDB-50360185,50360185,NCCCNc1nc(N)n2nc(-c3ccco3)nc2n1,SUCOSYULNXKITD-UHFFFAOYSA-N,C1CCC(C2CC3CCCCC3C2)C1,10.1021/jm101349u,21214204,1,False,True,pending_dual_review,quarantined_before_evidence_review,generic_scaffold_overlaps_model_selection
BDB-50360186,50360186,NCCCCCNc1nc(N)n2nc(-c3ccco3)nc2n1,ZRWJTZFUIPHPSC-UHFFFAOYSA-N,C1CCC(C2CC3CCCCC3C2)C1,10.1021/jm101349u,21214204,1,False,True,pending_dual_review,quarantined_before_evidence_review,generic_scaffold_overlaps_model_selection
BDB-50360188,50360188,CC(C)(C)C(=O)N1CCN(c2nc(N)n3nc(-c4ccco4)nc3n2)CC1,LWXRSALYPIBTRY-UHFFFAOYSA-N,C1CCC(C2CCC3CC(C4CCCC4)CC3C2)CC1,10.1021/jm101349u,21214204,1,False,True,pending_dual_review,quarantined_before_evidence_review,generic_scaffold_overlaps_model_selection
BDB-50360189,50360189,CC(C)(C)CC(=O)N1CCN(c2nc(N)n3nc(-c4ccco4)nc3n2)CC1,ZIMAPLJEXCCANQ-UHFFFAOYSA-N,C1CCC(C2CCC3CC(C4CCCC4)CC3C2)CC1,10.1021/jm101349u,21214204,1,False,True,pending_dual_review,quarantined_before_evidence_review,generic_scaffold_overlaps_model_selection
BDB-50360192,50360192,Nc1nc(N)n2nc(-c3ccco3)nc2n1,ABNZWLHJBSTFHF-UHFFFAOYSA-N,C1CCC(C2CC3CCCCC3C2)C1,10.1021/jm101349u,21214204,1,False,True,pending_dual_review,quarantined_before_evidence_review,generic_scaffold_overlaps_model_selection
BDB-50360195,50360195,CC(C)(C)OC(=O)NCCNc1nc(NCCNC(=O)OC(C)(C)C)n2nc(-c3ccco3)nc2n1,WBPQESSCKHAZEZ-UHFFFAOYSA-N,C1CCC(C2CC3CCCCC3C2)C1,10.1021/jm101349u,21214204,1,False,True,pending_dual_review,quarantined_before_evidence_review,generic_scaffold_overlaps_model_selection
BDB-50360196,50360196,CC(C)(C)OC(=O)NCCNc1nc(N)n2nc(-c3ccco3)nc2n1,NIGWYZLYSQCKNA-UHFFFAOYSA-N,C1CCC(C2CC3CCCCC3C2)C1,10.1021/jm101349u,21214204,1,False,True,pending_dual_review,quarantined_before_evidence_review,generic_scaffold_overlaps_model_selection
BDB-50360198,50360198,CC(C)(C)OC(=O)N1CCN(c2nc(N)n3nc(-c4ccco4)nc3n2)CC1,FFKLHJYZHKRSKU-UHFFFAOYSA-N,C1CCC(C2CCC3CC(C4CCCC4)CC3C2)CC1,10.1021/jm101349u,21214204,1,False,True,pending_dual_review,quarantined_before_evidence_review,generic_scaffold_overlaps_model_selection
BDB-50360199,50360199,Nc1nc(N2CCCC2)nc2nc(-c3ccco3)nn12,BNQUWJCMFCDGRZ-UHFFFAOYSA-N,C1CCC(C2CCC3CC(C4CCCC4)CC3C2)C1,10.1021/jm101349u,21214204,1,False,True,pending_dual_review,quarantined_before_evidence_review,generic_scaffold_overlaps_model_selection
BDB-50360200,50360200,Nc1nc(N2CCNCC2)nc2nc(-c3ccco3)nn12,JVGXNLGFJFMKDV-UHFFFAOYSA-N,C1CCC(C2CCC3CC(C4CCCC4)CC3C2)CC1,10.1021/jm101349u,21214204,1,False,True,pending_dual_review,quarantined_before_evidence_review,generic_scaffold_overlaps_model_selection
BDB-50360202,50360202,CC(C)(C)OC(=O)NCCCNc1nc(N)n2nc(-c3ccco3)nc2n1,FUBARNMNIIXZSL-UHFFFAOYSA-N,C1CCC(C2CC3CCCCC3C2)C1,10.1021/jm101349u,21214204,1,False,True,pending_dual_review,quarantined_before_evidence_review,generic_scaffold_overlaps_model_selection
BDB-50360203,50360203,CC(C)(C)OC(=O)NCCCCCNc1nc(N)n2nc(-c3ccco3)nc2n1,XYMYZZXRLDMNPU-UHFFFAOYSA-N,C1CCC(C2CC3CCCCC3C2)C1,10.1021/jm101349u,21214204,1,False,True,pending_dual_review,quarantined_before_evidence_review,generic_scaffold_overlaps_model_selection
BDB-50360204,50360204,CC(C)(C)OC(=O)NCCOCCOCCNc1nc(N)n2nc(-c3ccco3)nc2n1,AELSDQALOKPCDU-UHFFFAOYSA-N,C1CCC(C2CC3CCCCC3C2)C1,10.1021/jm101349u,21214204,1,False,True,pending_dual_review,quarantined_before_evidence_review,generic_scaffold_overlaps_model_selection
BDB-50360207,50360207,NCCOCCOCCNc1nc(N)n2nc(-c3ccco3)nc2n1,LXSLBCICXCMQKH-UHFFFAOYSA-N,C1CCC(C2CC3CCCCC3C2)C1,10.1021/jm101349u,21214204,1,False,True,pending_dual_review,quarantined_before_evidence_review,generic_scaffold_overlaps_model_selection
BDB-50360208,50360208,CCCCC(=O)N1CCN(c2nc(N)n3nc(-c4ccco4)nc3n2)CC1,AVZWWPOOFMSQRF-UHFFFAOYSA-N,C1CCC(C2CCC3CC(C4CCCC4)CC3C2)CC1,10.1021/jm101349u,21214204,1,False,True,pending_dual_review,quarantined_before_evidence_review,generic_scaffold_overlaps_model_selection
BDB-50360210,50360210,COC(=O)CCC(=O)N1CCN(c2nc(N)n3nc(-c4ccco4)nc3n2)CC1,NQDDUYJVXZFFQT-UHFFFAOYSA-N,C1CCC(C2CCC3CC(C4CCCC4)CC3C2)CC1,10.1021/jm101349u,21214204,1,False,True,pending_dual_review,quarantined_before_evidence_review,generic_scaffold_overlaps_model_selection
BDB-50360211,50360211,Nc1nc(N2CCN(C(=O)C(Cl)Cl)CC2)nc2nc(-c3ccco3)nn12,IOYSJINOLNGHNE-UHFFFAOYSA-N,C1CCC(C2CCC3CC(C4CCCC4)CC3C2)CC1,10.1021/jm101349u,21214204,1,False,True,pending_dual_review,quarantined_before_evidence_review,generic_scaffold_overlaps_model_selection
BDB-50363168,50363168,CCCCC#Cc1nc(N)c2ncn([C@@H]3OC[C@@H](O)[C@H]3O)c2n1,KVSBFXTVPHRJRK-DDHOLCJHSA-N,C1CCC2C(C1)CCC2C1CCCC1,10.1021/jm201229j,22142423,1,True,True,pending_dual_review,quarantined_before_evidence_review,exact_structure_previously_visible|generic_scaffold_overlaps_model_selection
BDB-50363171,50363171,CCCCCCc1nc(N)c2ncn([C@@H]3OC[C@@H](O)[C@H]3O)c2n1,IGCHDEZKHRYSEO-DDHOLCJHSA-N,C1CCC2C(C1)CCC2C1CCCC1,10.1021/jm201229j,22142423,1,False,True,pending_dual_review,quarantined_before_evidence_review,generic_scaffold_overlaps_model_selection
BDB-50363172,50363172,CCCCC#Cc1nc(NCc2cccc(Cl)c2)c2ncn([C@@H]3SC[C@@H](O)[C@H]3O)c2n1,BRNQFMQEVZGSIY-ZWDAVXSWSA-N,C1CCC(CCC2CCCC3C(C4CCCC4)CCC23)CC1,10.1021/jm201229j,22142423,1,False,True,pending_dual_review,quarantined_before_evidence_review,generic_scaffold_overlaps_model_selection
BDB-50363173,50363173,CCCCC#Cc1nc(NCc2cccc(Br)c2)c2ncn([C@@H]3SC[C@@H](O)[C@H]3O)c2n1,XUNDLZVDSCTDTN-ZWDAVXSWSA-N,C1CCC(CCC2CCCC3C(C4CCCC4)CCC23)CC1,10.1021/jm201229j,22142423,1,False,True,pending_dual_review,quarantined_before_evidence_review,generic_scaffold_overlaps_model_selection
BDB-50363174,50363174,CCCCC#Cc1nc(NCc2cccc(I)c2)c2ncn([C@@H]3SC[C@@H](O)[C@H]3O)c2n1,BWQVTJDSJWOULX-ZWDAVXSWSA-N,C1CCC(CCC2CCCC3C(C4CCCC4)CCC23)CC1,10.1021/jm201229j,22142423,1,False,True,pending_dual_review,quarantined_before_evidence_review,generic_scaffold_overlaps_model_selection
BDB-50363175,50363175,CCCC/C=C/c1nc(N)c2ncn([C@@H]3OC[C@@H](O)[C@H]3O)c2n1,LQYOUVOXPANINE-GXDOZBQNSA-N,C1CCC2C(C1)CCC2C1CCCC1,10.1021/jm201229j,22142423,1,True,True,pending_dual_review,quarantined_before_evidence_review,exact_structure_previously_visible|generic_scaffold_overlaps_model_selection
BDB-50364043,50364043,Nc1nc(OCCc2ccc(Cl)cc2)nc2c1ncn2[C@@H]1O[C@H](CO)[C@@H](O)[C@H]1O,WUCQGGOGHZRELS-LSCFUAHRSA-N,C1CCC(CCCC2CCC3CCC(C4CCCC4)C3C2)CC1,10.1021/acs.jmedchem.5b00215|10.1021/jm201461q|10.1021/jm4011669,22104008|24164628|25780876,3,False,True,pending_dual_review,quarantined_before_evidence_review,generic_scaffold_overlaps_model_selection
BDB-50364045,50364045,Nc1nc(N=NCC2CCCCC2)nc2c1ncn2[C@@H]1O[C@H](CO)[C@@H](O)[C@H]1O,FLKLBEIFDXKPBA-XNIJJKJLSA-N,C1CCC(CCCC2CCC3CCC(C4CCCC4)C3C2)CC1,10.1016/j.bmc.2012.11.021|10.1021/acs.jmedchem.5b00215|10.1021/jm201461q|10.1021/jm4011669,22104008|23245803|24164628|25780876,5,False,True,pending_dual_review,quarantined_before_evidence_review,generic_scaffold_overlaps_model_selection
BDB-50364046,50364046,CCNC(=O)[C@H]1O[C@@H](n2cnc3c(N)nc(NCCc4ccc(CCC(=O)N[C@H](Cc5cnc[nH]5)C(=O)O)cc4)nc32)[C@H](O)[C@@H]1O,XDBPGTOUWLQGCG-ZAEDXQPCSA-N,CC(CCCC1CCCC1)CCC1CCC(CCCC2CCC3CCC(C4CCCC4)C3C2)CC1,10.1021/jm201461q,22104008,1,True,True,pending_dual_review,quarantined_before_evidence_review,exact_structure_previously_visible|generic_scaffold_overlaps_model_selection
BDB-50364047,50364047,CCNC(=O)[C@H]1O[C@@H](n2cnc3c(N)nc(NCCc4ccc(CCC(=O)N[C@@H](Cc5ccccc5)C(=O)OC)cc4)nc32)[C@H](O)[C@@H]1O,BWHLYEQTTHPURZ-QLYQVZKDSA-N,CC(CCCC1CCCCC1)CCC1CCC(CCCC2CCC3CCC(C4CCCC4)C3C2)CC1,10.1021/jm201461q,22104008,1,True,True,pending_dual_review,quarantined_before_evidence_review,exact_structure_previously_visible|generic_scaffold_overlaps_model_selection
BDB-50364048,50364048,CCNC(=O)[C@H]1O[C@@H](n2cnc3c(N)nc(NCCc4ccc(CCC(=O)N[C@H](Cc5ccccc5)C(=O)OC)cc4)nc32)[C@H](O)[C@@H]1O,BWHLYEQTTHPURZ-ZOPCGFQQSA-N,CC(CCCC1CCCCC1)CCC1CCC(CCCC2CCC3CCC(C4CCCC4)C3C2)CC1,10.1021/jm201461q,22104008,1,True,True,pending_dual_review,quarantined_before_evidence_review,exact_structure_previously_visible|generic_scaffold_overlaps_model_selection
BDB-50364049,50364049,CCNC(=O)[C@H]1O[C@@H](n2cnc3c(N)nc(NCCc4ccc(CCC(=O)N[C@@H](Cc5c[nH]c6ccccc56)C(=O)OC)cc4)nc32)[C@H](O)[C@@H]1O,WPQKCNOVLXDKLF-SNPPRPGFSA-N,CC(CCCC1CCC2CCCCC21)CCC1CCC(CCCC2CCC3CCC(C4CCCC4)C3C2)CC1,10.1021/jm201461q,22104008,1,True,True,pending_dual_review,quarantined_before_evidence_review,exact_structure_previously_visible|generic_scaffold_overlaps_model_selection
BDB-50364050,50364050,CCNC(=O)[C@H]1O[C@@H](n2cnc3c(N)nc(NCCc4ccc(CCC(=O)N[C@H](Cc5c[nH]c6ccccc56)C(=O)OC)cc4)nc32)[C@H](O)[C@@H]1O,WPQKCNOVLXDKLF-CKDOXDSWSA-N,CC(CCCC1CCC2CCCCC21)CCC1CCC(CCCC2CCC3CCC(C4CCCC4)C3C2)CC1,10.1021/jm201461q,22104008,1,True,True,pending_dual_review,quarantined_before_evidence_review,exact_structure_previously_visible|generic_scaffold_overlaps_model_selection
BDB-50364051,50364051,CCNC(=O)[C@H]1O[C@@H](n2cnc3c(N)nc(NCCc4ccc(CCC(=O)N[C@@H](CC(=O)O)C(=O)O)cc4)nc32)[C@H](O)[C@@H]1O,NVFHZJAWBNENJM-QCCCUNRSSA-N,C1CCC(CCCC2CCC3CCC(C4CCCC4)C3C2)CC1,10.1021/jm201461q,22104008,1,True,True,pending_dual_review,quarantined_before_evidence_review,exact_structure_previously_visible|generic_scaffold_overlaps_model_selection
BDB-50364052,50364052,CCNC(=O)[C@H]1O[C@@H](n2cnc3c(N)nc(NCCc4ccc(CCC(=O)N[C@H](CC(=O)O)C(=O)O)cc4)nc32)[C@H](O)[C@@H]1O,NVFHZJAWBNENJM-QNLLXNTNSA-N,C1CCC(CCCC2CCC3CCC(C4CCCC4)C3C2)CC1,10.1021/jm201461q,22104008,1,True,True,pending_dual_review,quarantined_before_evidence_review,exact_structure_previously_visible|generic_scaffold_overlaps_model_selection
BDB-50364053,50364053,CCNC(=O)[C@H]1O[C@@H](n2cnc3c(N)nc(NCCc4ccc(CCC(=O)N[C@@H](CCCN=C(N)N)C(=O)O)cc4)nc32)[C@H](O)[C@@H]1O,FFIPZTPOXCHWRL-YXIKGXEGSA-N,C1CCC(CCCC2CCC3CCC(C4CCCC4)C3C2)CC1,10.1021/jm201461q,22104008,1,True,True,pending_dual_review,quarantined_before_evidence_review,exact_structure_previously_visible|generic_scaffold_overlaps_model_selection
BDB-50364054,50364054,CCNC(=O)[C@H]1O[C@@H](n2cnc3c(N)nc(NCCc4ccc(CCC(=O)N[C@H](CCCN=C(N)N)C(=O)O)cc4)nc32)[C@H](O)[C@@H]1O,FFIPZTPOXCHWRL-IIHBFDQCSA-N,C1CCC(CCCC2CCC3CCC(C4CCCC4)C3C2)CC1,10.1021/jm201461q,22104008,1,True,True,pending_dual_review,quarantined_before_evidence_review,exact_structure_previously_visible|generic_scaffold_overlaps_model_selection
BDB-50364055,50364055,CCNC(=O)[C@H]1O[C@@H](n2cnc3c(N)nc(NCCc4ccc(CCC(=O)N[C@@H](Cc5ccccc5)C(=O)O)cc4)nc32)[C@H](O)[C@@H]1O,SAEBJQAMGQRLES-FFPHBOEOSA-N,CC(CCCC1CCCCC1)CCC1CCC(CCCC2CCC3CCC(C4CCCC4)C3C2)CC1,10.1021/jm201461q,22104008,1,True,True,pending_dual_review,quarantined_before_evidence_review,exact_structure_previously_visible|generic_scaffold_overlaps_model_selection
BDB-50364056,50364056,CCNC(=O)[C@H]1O[C@@H](n2cnc3c(N)nc(NCCc4ccc(CCC(=O)N[C@H](Cc5ccccc5)C(=O)O)cc4)nc32)[C@H](O)[C@@H]1O,SAEBJQAMGQRLES-IFKFFLRYSA-N,CC(CCCC1CCCCC1)CCC1CCC(CCCC2CCC3CCC(C4CCCC4)C3C2)CC1,10.1021/jm201461q,22104008,1,True,True,pending_dual_review,quarantined_before_evidence_review,exact_structure_previously_visible|generic_scaffold_overlaps_model_selection
BDB-50364057,50364057,CCNC(=O)[C@H]1O[C@@H](n2cnc3c(N)nc(NCCc4ccc(CCC(=O)N[C@@H](Cc5c[nH]c6ccccc56)C(=O)O)cc4)nc32)[C@H](O)[C@@H]1O,SLFPVNKYLXEKBK-NYPBNXJUSA-N,CC(CCCC1CCC2CCCCC21)CCC1CCC(CCCC2CCC3CCC(C4CCCC4)C3C2)CC1,10.1021/jm201461q,22104008,1,True,True,pending_dual_review,quarantined_before_evidence_review,exact_structure_previously_visible|generic_scaffold_overlaps_model_selection
BDB-50364058,50364058,CCNC(=O)[C@H]1O[C@@H](n2cnc3c(N)nc(NCCc4ccc(CCC(=O)N[C@H](Cc5c[nH]c6ccccc56)C(=O)O)cc4)nc32)[C@H](O)[C@@H]1O,SLFPVNKYLXEKBK-OVSGKPRASA-N,CC(CCCC1CCC2CCCCC21)CCC1CCC(CCCC2CCC3CCC(C4CCCC4)C3C2)CC1,10.1021/jm201461q,22104008,1,True,True,pending_dual_review,quarantined_before_evidence_review,exact_structure_previously_visible|generic_scaffold_overlaps_model_selection
BDB-50364059,50364059,CCNC(=O)[C@H]1O[C@@H](n2cnc3c(N)nc(NCCc4ccc(CCC(=O)N[C@@H](Cc5cnc[nH]5)C(=O)O)cc4)nc32)[C@H](O)[C@@H]1O,XDBPGTOUWLQGCG-RKMGSRDVSA-N,CC(CCCC1CCCC1)CCC1CCC(CCCC2CCC3CCC(C4CCCC4)C3C2)CC1,10.1021/jm201461q,22104008,1,True,True,pending_dual_review,quarantined_before_evidence_review,exact_structure_previously_visible|generic_scaffold_overlaps_model_selection
BDB-50364062,50364062,COc1cc(OC)cc([C@@H](CNc2ncnc3c2ncn3[C@@H]2O[C@H](CO)[C@@H](O)[C@H]2O)c2ccccc2C)c1,BUHVIAUBTBOHAG-JMFNPSSSSA-N,C1CCC(C(CCC2CCCC3C(C4CCCC4)CCC23)C2CCCCC2)CC1,10.1021/jm201461q,22104008,1,False,True,pending_dual_review,quarantined_before_evidence_review,generic_scaffold_overlaps_model_selection
BDB-50364063,50364063,CCNC(=O)[C@H]1O[C@@H](n2cnc3c(N)nc(C#CC[C@H]4CC[C@H](C(=O)OC)CC4)nc32)[C@H](O)[C@@H]1O,FLEVIENZILQUKB-XTWQNQIISA-N,C1CCC(CCCC2CCC3CCC(C4CCCC4)C3C2)CC1,10.1021/acs.jmedchem.5b00215|10.1021/jm201461q|10.1021/jm4011669|10.1021/ml200189u,22104008|24164628|24900277|25780876,4,False,True,pending_dual_review,quarantined_before_evidence_review,generic_scaffold_overlaps_model_selection
BDB-50368346,50368346,CCCCCCC#Cc1nc(N)c2ncn(C3O[C@H](C(=O)NCC)[C@@H](O)[C@H]3O)c2n1,QPSWCSVLRYCTOZ-BITNSZHFSA-N,C1CCC2C(C1)CCC2C1CCCC1,10.1021/jm00091a003,1619615,1,False,True,pending_dual_review,quarantined_before_evidence_review,generic_scaffold_overlaps_model_selection
BDB-50368347,50368347,CCCCCC#Cc1nc(N)c2ncn(C3O[C@H](C(=O)NCC)[C@@H](O)[C@H]3O)c2n1,CXZRALAESZDRAF-FRLFKWGPSA-N,C1CCC2C(C1)CCC2C1CCCC1,10.1021/jm00091a003,1619615,1,False,True,pending_dual_review,quarantined_before_evidence_review,generic_scaffold_overlaps_model_selection
BDB-50369352,50369352,C[C@]1(O)C(n2cnc3c(N)nc(Cl)nc32)O[C@H](CO)[C@H]1O,CKNNSJGYKWRNEN-CECVVVHYSA-N,C1CCC2C(C1)CCC2C1CCCC1,10.1021/jm049408n|10.1021/jm9707737,15743197|9572897,2,False,True,pending_dual_review,quarantined_before_evidence_review,generic_scaffold_overlaps_model_selection
BDB-50370687,50370687,CCNC(=O)[C@H]1OC(n2cnc3c(N)nc(NCCc4ccc(CCC(=O)O)cc4)nc32)[C@H](O)[C@@H]1O,PAOANWZGLPPROA-OFRRTHGGSA-N,C1CCC(CCCC2CCC3CCC(C4CCCC4)C3C2)CC1,10.1021/jm058018d,16250647,1,False,True,pending_dual_review,quarantined_before_evidence_review,generic_scaffold_overlaps_model_selection
BDB-50372560,50372560,COc1ccc(CC(=O)Nc2cc(-n3nc(C)cc3C)nc(-c3ccc(C)o3)n2)cc1,SFYBQIGNEKPAAC-UHFFFAOYSA-N,CC(CC1CCCCC1)CC1CC(C2CCCC2)CC(C2CCCC2)C1,10.1016/j.bmcl.2008.01.036,18249540,1,False,True,pending_dual_review,quarantined_before_evidence_review,generic_scaffold_overlaps_model_selection
BDB-50372562,50372562,Cc1cc(C)n(-c2cc(NC(=O)Cc3ccc(CN(C)C)cc3)nc(-c3ccc(C)o3)n2)n1,CVWQGNPVQUEBQT-UHFFFAOYSA-N,CC(CC1CCCCC1)CC1CC(C2CCCC2)CC(C2CCCC2)C1,10.1016/j.bmcl.2008.01.036,18249540,1,False,True,pending_dual_review,quarantined_before_evidence_review,generic_scaffold_overlaps_model_selection
BDB-50372563,50372563,Cc1cc(C)n(-c2cc(NC(=O)Cc3ccc(N(C)C)cc3)nc(-c3ccc(C)o3)n2)n1,WLMUFMKHAZAXJK-UHFFFAOYSA-N,CC(CC1CCCCC1)CC1CC(C2CCCC2)CC(C2CCCC2)C1,10.1016/j.bmcl.2008.01.036,18249540,1,False,True,pending_dual_review,quarantined_before_evidence_review,generic_scaffold_overlaps_model_selection
BDB-50372564,50372564,Cc1cc(C)n(-c2cc(NC(=O)Cc3ccc(NS(C)(=O)=O)cc3)nc(-c3ccc(C)o3)n2)n1,CJMZMTPUYHISPT-UHFFFAOYSA-N,CC(CC1CCCCC1)CC1CC(C2CCCC2)CC(C2CCCC2)C1,10.1016/j.bmcl.2008.01.036,18249540,1,False,True,pending_dual_review,quarantined_before_evidence_review,generic_scaffold_overlaps_model_selection
BDB-50372565,50372565,COc1ccc(CC(=O)Nc2cc(-n3nc(C)cc3C)nc(-c3ccc(C)o3)n2)cc1C,YYXBTYUIXUEUTO-UHFFFAOYSA-N,CC(CC1CCCCC1)CC1CC(C2CCCC2)CC(C2CCCC2)C1,10.1016/j.bmcl.2008.01.036,18249540,1,False,True,pending_dual_review,quarantined_before_evidence_review,generic_scaffold_overlaps_model_selection
BDB-50372566,50372566,COc1ccc(CC(=O)Nc2cc(-n3nc(C)cc3C)nc(-c3ccc(C)o3)n2)cc1F,ZQGVNCZTGPFGSM-UHFFFAOYSA-N,CC(CC1CCCCC1)CC1CC(C2CCCC2)CC(C2CCCC2)C1,10.1016/j.bmcl.2008.01.036,18249540,1,False,True,pending_dual_review,quarantined_before_evidence_review,generic_scaffold_overlaps_model_selection
BDB-50372567,50372567,Cc1cc(C)n(-c2cc(NC(=O)Cc3ccc(F)c(F)c3)nc(-c3ccc(C)o3)n2)n1,RSMDEAIXWSAVMJ-UHFFFAOYSA-N,CC(CC1CCCCC1)CC1CC(C2CCCC2)CC(C2CCCC2)C1,10.1016/j.bmcl.2008.01.036,18249540,1,False,True,pending_dual_review,quarantined_before_evidence_review,generic_scaffold_overlaps_model_selection
BDB-50372568,50372568,Cc1cc(C)n(-c2cc(NC(=O)Cc3cc(F)cc(F)c3)nc(-c3ccc(C)o3)n2)n1,MBJVDWRCIGPBCQ-UHFFFAOYSA-N,CC(CC1CCCCC1)CC1CC(C2CCCC2)CC(C2CCCC2)C1,10.1016/j.bmcl.2008.01.036,18249540,1,False,True,pending_dual_review,quarantined_before_evidence_review,generic_scaffold_overlaps_model_selection
BDB-50372569,50372569,COc1cc(CC(=O)Nc2cc(-n3nc(C)cc3C)nc(-c3ccc(C)o3)n2)cc(OC)c1,ZNHZMFMDDLFSPW-UHFFFAOYSA-N,CC(CC1CCCCC1)CC1CC(C2CCCC2)CC(C2CCCC2)C1,10.1016/j.bmcl.2008.01.036,18249540,1,False,True,pending_dual_review,quarantined_before_evidence_review,generic_scaffold_overlaps_model_selection
BDB-50372570,50372570,COc1ccc(CC(=O)Nc2cc(-n3nc(C)cc3C)nc(-c3ccc(C)o3)n2)cc1OC,XZMJQJMORVMAJZ-UHFFFAOYSA-N,CC(CC1CCCCC1)CC1CC(C2CCCC2)CC(C2CCCC2)C1,10.1016/j.bmcl.2008.01.036,18249540,1,False,True,pending_dual_review,quarantined_before_evidence_review,generic_scaffold_overlaps_model_selection
BDB-50372571,50372571,Cc1cc(C)n(-c2cc(NC(=O)Cc3ccc(S(C)(=O)=O)cc3)nc(-c3ccccn3)n2)n1,ZKEREZNJKGRMFY-UHFFFAOYSA-N,CC(CC1CCCCC1)CC1CC(C2CCCCC2)CC(C2CCCC2)C1,10.1016/j.bmcl.2008.01.036,18249540,1,True,True,pending_dual_review,quarantined_before_evidence_review,exact_structure_previously_visible|generic_scaffold_overlaps_model_selection
BDB-50372572,50372572,Cc1cc(C)cc(CC(=O)Nc2cc(-n3nc(C)cc3C)nc(-c3ccccn3)n2)c1,AGKSAEJJQWDEES-UHFFFAOYSA-N,CC(CC1CCCCC1)CC1CC(C2CCCCC2)CC(C2CCCC2)C1,10.1016/j.bmcl.2008.01.036,18249540,1,False,True,pending_dual_review,quarantined_before_evidence_review,generic_scaffold_overlaps_model_selection
BDB-50372573,50372573,CCOc1ccc(CC(=O)Nc2cc(-n3nc(C)cc3C)nc(-c3ccccn3)n2)cc1OC,PNLGKAIYTKSYNF-UHFFFAOYSA-N,CC(CC1CCCCC1)CC1CC(C2CCCCC2)CC(C2CCCC2)C1,10.1016/j.bmcl.2008.01.036,18249540,1,False,True,pending_dual_review,quarantined_before_evidence_review,generic_scaffold_overlaps_model_selection
BDB-50372574,50372574,COc1cc(CC(=O)Nc2cc(-n3nc(C)cc3C)nc(-c3ccccn3)n2)cc(OC)c1,USHUMFPTMMCHJE-UHFFFAOYSA-N,CC(CC1CCCCC1)CC1CC(C2CCCCC2)CC(C2CCCC2)C1,10.1016/j.bmcl.2008.01.036,18249540,1,False,True,pending_dual_review,quarantined_before_evidence_review,generic_scaffold_overlaps_model_selection
BDB-50372575,50372575,COc1ccc(CC(=O)Nc2cc(-c3nccs3)nc(-c3ccccn3)n2)cc1,HSMSMAGPIWGXBI-UHFFFAOYSA-N,CC(CC1CCCCC1)CC1CC(C2CCCCC2)CC(C2CCCC2)C1,10.1016/j.bmcl.2008.01.036,18249540,1,False,True,pending_dual_review,quarantined_before_evidence_review,generic_scaffold_overlaps_model_selection
BDB-50372576,50372576,COc1ccc(CC(=O)Nc2cc(-n3nc(C)cc3C)nc(-c3ccccn3)n2)cc1,AQXGGRVGXYPDQH-UHFFFAOYSA-N,CC(CC1CCCCC1)CC1CC(C2CCCCC2)CC(C2CCCC2)C1,10.1016/j.bmcl.2008.01.036,18249540,1,False,True,pending_dual_review,quarantined_before_evidence_review,generic_scaffold_overlaps_model_selection
BDB-50372577,50372577,COc1ccc(CC(=O)Nc2cc(-c3nccs3)nc(-c3ccc(C)o3)n2)cc1,IDPYHDVIUQUXRL-UHFFFAOYSA-N,CC(CC1CCCCC1)CC1CC(C2CCCC2)CC(C2CCCC2)C1,10.1016/j.bmcl.2008.01.036,18249540,1,False,True,pending_dual_review,quarantined_before_evidence_review,generic_scaffold_overlaps_model_selection
BDB-50372578,50372578,COc1ccc(CC(=O)Nc2cc(-n3cccn3)nc(-c3ccc(C)o3)n2)cc1,QXFYHXJSEUVRSG-UHFFFAOYSA-N,CC(CC1CCCCC1)CC1CC(C2CCCC2)CC(C2CCCC2)C1,10.1016/j.bmcl.2008.01.036,18249540,1,False,True,pending_dual_review,quarantined_before_evidence_review,generic_scaffold_overlaps_model_selection
BDB-50375411,50375411,CCCn1c(=O)n(C)c(=O)c2[nH]c(-c3ccc(OCC(=O)N4CCN(c5ccc(C(F)(F)F)cc5)CC4)cc3)cc21,PJWUUDRQACIYIH-UHFFFAOYSA-N,CC1CC(C)C2CC(C3CCC(CCC(C)C4CCC(C5CCCCC5)CC4)CC3)CC2C1,10.1016/j.bmc.2008.01.002,18226909,1,False,True,pending_dual_review,quarantined_before_evidence_review,generic_scaffold_overlaps_model_selection
BDB-50375412,50375412,CCCn1c(=O)n(C)c(=O)c2[nH]c(-c3ccc(OCC(=O)N4CCC(c5ccccc5)(c5ccccc5)CC4)cc3)cc21,NHADJLJUOVTRKS-UHFFFAOYSA-N,CC1CC(C)C2CC(C3CCC(CCC(C)C4CCC(C5CCCCC5)(C5CCCCC5)CC4)CC3)CC2C1,10.1016/j.bmc.2008.01.002,18226909,1,True,True,pending_dual_review,quarantined_before_evidence_review,exact_structure_previously_visible|generic_scaffold_overlaps_model_selection
BDB-50375413,50375413,Cc1ccc(N2CCN(C(=O)C(C)Oc3ccc(-c4cc5c([nH]4)c(=O)n(C)c(=O)n5C)cc3)CC2)cc1,IUMNNJUDXBYJQN-UHFFFAOYSA-N,CC1CC(C)C2CC(C3CCC(CCC(C)C4CCC(C5CCCCC5)CC4)CC3)CC2C1,10.1016/j.bmc.2008.01.002,18226909,1,False,True,pending_dual_review,quarantined_before_evidence_review,generic_scaffold_overlaps_model_selection
BDB-50375414,50375414,CCCn1c(=O)c2[nH]c(-c3ccc(OCC(=O)N4CCN(c5cccc(Cl)c5)CC4)cc3)cc2n(CCC)c1=O,LFSSHPZPGDYFIC-UHFFFAOYSA-N,CC1CC(C)C2CC(C3CCC(CCC(C)C4CCC(C5CCCCC5)CC4)CC3)CC2C1,10.1016/j.bmc.2008.01.002,18226909,1,False,True,pending_dual_review,quarantined_before_evidence_review,generic_scaffold_overlaps_model_selection
BDB-50375416,50375416,Cn1c(=O)c2[nH]c(-c3ccc(OCC(=O)N4CCN(c5cccc(Cl)c5)CC4)cc3)cc2n(C)c1=O,KYHLKVDUCVJGPQ-UHFFFAOYSA-N,CC1CC(C)C2CC(C3CCC(CCC(C)C4CCC(C5CCCCC5)CC4)CC3)CC2C1,10.1016/j.bmc.2008.01.002,18226909,1,False,True,pending_dual_review,quarantined_before_evidence_review,generic_scaffold_overlaps_model_selection
BDB-50375417,50375417,CCCn1c(=O)n(C)c(=O)c2[nH]c(-c3ccc(OCC(=O)N4CCC(c5ccccc5)CC4)cc3)cc21,PGXQZXDDBGEOCI-UHFFFAOYSA-N,CC1CC(C)C2CC(C3CCC(CCC(C)C4CCC(C5CCCCC5)CC4)CC3)CC2C1,10.1016/j.bmc.2008.01.002,18226909,1,False,True,pending_dual_review,quarantined_before_evidence_review,generic_scaffold_overlaps_model_selection
BDB-50376932,50376932,NNc1nc(OCCc2c[nH]c3cc(Br)ccc23)nc2c1ncn2[C@@H]1O[C@H](CO)[C@@H](O)[C@H]1O,GMXUEMZFNYPWFA-NVQRDWNXSA-N,C1CCC2C(C1)CCC2CCCC1CCC2CCC(C3CCCC3)C2C1,10.1021/jm701442d,18321038,1,False,True,pending_dual_review,quarantined_before_evidence_review,generic_scaffold_overlaps_model_selection
BDB-50376961,50376961,CCn1c(=O)n(CC(C)C)c(=O)c2[nH]c(-c3cn[nH]c3)nc21,GQFFUWUKFFLQEI-UHFFFAOYSA-N,CC1CC(C)C2CC(C3CCCC3)CC2C1,10.1021/jm7014815,18321039,1,False,True,pending_dual_review,quarantined_before_evidence_review,generic_scaffold_overlaps_model_selection
BDB-50376966,50376966,CC(C)Cn1c(=O)c2[nH]c(-c3cn[nH]c3)nc2n(C)c1=O,IQNAJKFHWYEYQY-UHFFFAOYSA-N,CC1CC(C)C2CC(C3CCCC3)CC2C1,10.1021/jm7014815,18321039,1,False,True,pending_dual_review,quarantined_before_evidence_review,generic_scaffold_overlaps_model_selection
BDB-50377446,50377446,O[C@H](c1cc(C(F)(F)F)nc2c(C(F)(F)F)cccc12)[C@@H]1CCCCN1,XEEQGYMUWCZPDN-SWLSCSKDSA-N,C1CCC(CC2CCCC3CCCCC32)CC1,10.1016/j.bmcl.2008.03.075|10.1021/jm4011669,18406614|24164628|35462165,3,True,False,pending_dual_review,quarantined_before_evidence_review,exact_structure_previously_visible
BDB-50377447,50377447,O=C(c1cccs1)c1nc(NCCCO)nc2ccsc12,BEHFCCCUBYKLIL-UHFFFAOYSA-N,CC(C1CCCC1)C1CCCC2CCCC21,10.1016/j.bmcl.2008.03.075,18406614,1,False,True,pending_dual_review,quarantined_before_evidence_review,generic_scaffold_overlaps_model_selection
BDB-50377448,50377448,O=C(c1cccs1)c1nc(NCCO)nc2ccsc12,PGCHQXADUKRVDJ-UHFFFAOYSA-N,CC(C1CCCC1)C1CCCC2CCCC21,10.1016/j.bmcl.2008.03.075,18406614,1,False,True,pending_dual_review,quarantined_before_evidence_review,generic_scaffold_overlaps_model_selection
BDB-50377449,50377449,O=C(c1cccs1)c1nc(NCc2ccccc2)nc2ccsc12,VAKBAVCRGSQHSJ-UHFFFAOYSA-N,CC(C1CCCC1)C1CC(CCC2CCCCC2)CC2CCCC21,10.1016/j.bmcl.2008.03.075,18406614,1,False,True,pending_dual_review,quarantined_before_evidence_review,generic_scaffold_overlaps_model_selection
BDB-50377450,50377450,CN(C)c1nc(C(=O)c2cccs2)c2sccc2n1,PEWSMSKQFJWWOV-UHFFFAOYSA-N,CC(C1CCCC1)C1CCCC2CCCC21,10.1016/j.bmcl.2008.03.075,18406614,1,False,True,pending_dual_review,quarantined_before_evidence_review,generic_scaffold_overlaps_model_selection
BDB-50377451,50377451,CCNc1nc(C(=O)c2cccs2)c2sccc2n1,QKJVMMLPDDHLMS-UHFFFAOYSA-N,CC(C1CCCC1)C1CCCC2CCCC21,10.1016/j.bmcl.2008.03.075,18406614,1,False,True,pending_dual_review,quarantined_before_evidence_review,generic_scaffold_overlaps_model_selection
BDB-50377452,50377452,NNc1nc(C(=O)c2cccs2)c2sccc2n1,NCWKPHUIOGEAFJ-UHFFFAOYSA-N,CC(C1CCCC1)C1CCCC2CCCC21,10.1016/j.bmcl.2008.03.075,18406614,1,False,True,pending_dual_review,quarantined_before_evidence_review,generic_scaffold_overlaps_model_selection
BDB-50377453,50377453,Nc1nc(C(=O)c2cccs2)c2sccc2n1,HUVSXFBXVUJVPQ-UHFFFAOYSA-N,CC(C1CCCC1)C1CCCC2CCCC21,10.1016/j.bmcl.2008.03.075,18406614,1,False,True,pending_dual_review,quarantined_before_evidence_review,generic_scaffold_overlaps_model_selection
BDB-50377459,50377459,O=C(c1nccs1)c1nc(C(F)(F)F)nc2ccsc12,FPNFAKZHWWSOET-UHFFFAOYSA-N,CC(C1CCCC1)C1CCCC2CCCC21,10.1016/j.bmcl.2008.03.075,18406614,1,False,True,pending_dual_review,quarantined_before_evidence_review,generic_scaffold_overlaps_model_selection
BDB-50377460,50377460,O=C(c1ccco1)c1nc(C(F)(F)F)nc2ccsc12,JMOAKXAKAJITNV-UHFFFAOYSA-N,CC(C1CCCC1)C1CCCC2CCCC21,10.1016/j.bmcl.2008.03.075,18406614,1,False,True,pending_dual_review,quarantined_before_evidence_review,generic_scaffold_overlaps_model_selection
BDB-50377464,50377464,COc1nc(C(=O)c2cccs2)c2sccc2n1,OWAGZTXCCQXVNH-UHFFFAOYSA-N,CC(C1CCCC1)C1CCCC2CCCC21,10.1016/j.bmcl.2008.03.075,18406614,1,False,True,pending_dual_review,quarantined_before_evidence_review,generic_scaffold_overlaps_model_selection
BDB-50377465,50377465,CCc1nc(C(=O)c2cccs2)c2sccc2n1,HLISWGJXLDUSNL-UHFFFAOYSA-N,CC(C1CCCC1)C1CCCC2CCCC21,10.1016/j.bmcl.2008.03.075,18406614,1,False,True,pending_dual_review,quarantined_before_evidence_review,generic_scaffold_overlaps_model_selection
BDB-50377466,50377466,Cc1nc(C(=O)c2cccs2)c2sccc2n1,YXSSKMYRHDMREO-UHFFFAOYSA-N,CC(C1CCCC1)C1CCCC2CCCC21,10.1016/j.bmcl.2008.03.075,18406614,1,False,True,pending_dual_review,quarantined_before_evidence_review,generic_scaffold_overlaps_model_selection
BDB-50377467,50377467,Cc1ccc(C(=O)c2nc(C(F)(F)F)nc3ccsc23)o1,KPEYZRAWZIFZTP-UHFFFAOYSA-N,CC(C1CCCC1)C1CCCC2CCCC21,10.1016/j.bmcl.2008.03.075,18406614,1,False,True,pending_dual_review,quarantined_before_evidence_review,generic_scaffold_overlaps_model_selection
BDB-50377468,50377468,O=C(c1ccoc1)c1nc(C(F)(F)F)nc2ccsc12,VMRXZSRMKKHZMR-UHFFFAOYSA-N,CC(C1CCCC1)C1CCCC2CCCC21,10.1016/j.bmcl.2008.03.075,18406614,1,False,True,pending_dual_review,quarantined_before_evidence_review,generic_scaffold_overlaps_model_selection
BDB-50377469,50377469,O=C(c1ccsc1)c1nc(C(F)(F)F)nc2ccsc12,DTUSGNXGARIEET-UHFFFAOYSA-N,CC(C1CCCC1)C1CCCC2CCCC21,10.1016/j.bmcl.2008.03.075,18406614,1,False,True,pending_dual_review,quarantined_before_evidence_review,generic_scaffold_overlaps_model_selection
BDB-50377470,50377470,O=C(c1cccs1)c1nc(C(F)(F)F)nc2ccsc12,CKBZBVWSVPWPNP-UHFFFAOYSA-N,CC(C1CCCC1)C1CCCC2CCCC21,10.1016/j.bmcl.2008.03.075,18406614,1,False,True,pending_dual_review,quarantined_before_evidence_review,generic_scaffold_overlaps_model_selection
BDB-50377471,50377471,O=C(c1ccc[nH]1)c1nc(C(F)(F)F)nc2ccsc12,ROOJVVSBHUKHJA-UHFFFAOYSA-N,CC(C1CCCC1)C1CCCC2CCCC21,10.1016/j.bmcl.2008.03.075,18406614,1,False,True,pending_dual_review,quarantined_before_evidence_review,generic_scaffold_overlaps_model_selection
BDB-50377473,50377473,OC[C@H]1CCCN1c1nc(-c2nccs2)c2sccc2n1,DFJYJKJUDWOECT-SECBINFHSA-N,C1CCC(C2CC3CCCC3C(C3CCCC3)C2)C1,10.1016/j.bmcl.2008.03.076,18407496,1,True,False,pending_dual_review,quarantined_before_evidence_review,exact_structure_previously_visible
BDB-50377474,50377474,OCCNc1nc(-c2nccs2)c2sccc2n1,CAQGMMDINLWTBJ-UHFFFAOYSA-N,C1CCC(C2CCCC3CCCC32)C1,10.1016/j.bmcl.2008.03.076,18407496,1,True,False,pending_dual_review,quarantined_before_evidence_review,exact_structure_previously_visible
BDB-50377475,50377475,CC(C)(C)c1nc(-c2nccs2)c2sccc2n1,JDGVLPPKIZVIOR-UHFFFAOYSA-N,C1CCC(C2CCCC3CCCC32)C1,10.1016/j.bmcl.2008.03.076,18407496,1,True,False,pending_dual_review,quarantined_before_evidence_review,exact_structure_previously_visible
BDB-50377476,50377476,c1csc(-c2nc(C3CC3)nc3ccsc23)n1,LPCQDRGHQVPEGR-UHFFFAOYSA-N,C1CCC(C2CC(C3CC3)CC3CCCC32)C1,10.1016/j.bmcl.2008.03.076,18407496,1,True,False,pending_dual_review,quarantined_before_evidence_review,exact_structure_previously_visible
BDB-50377477,50377477,Clc1nc(-c2nccs2)c2sccc2n1,GWBPGRWRSLAHEX-UHFFFAOYSA-N,C1CCC(C2CCCC3CCCC32)C1,10.1016/j.bmcl.2008.03.076,18407496,1,True,False,pending_dual_review,quarantined_before_evidence_review,exact_structure_previously_visible
BDB-50377478,50377478,CN(C)c1nc(-c2cnccn2)c2sccc2n1,BWJYNCQEEXAZPF-UHFFFAOYSA-N,C1CCC(C2CCCC3CCCC32)CC1,10.1016/j.bmcl.2008.03.076,18407496,1,True,False,pending_dual_review,quarantined_before_evidence_review,exact_structure_previously_visible
BDB-50377479,50377479,Cc1ccc(-c2nc(N(C)C)nc3ccsc23)nc1,MIIZNLIOWNGHCW-UHFFFAOYSA-N,C1CCC(C2CCCC3CCCC32)CC1,10.1016/j.bmcl.2008.03.076,18407496,1,True,False,pending_dual_review,quarantined_before_evidence_review,exact_structure_previously_visible
BDB-50377480,50377480,CN(C)c1nc(-c2cn[nH]c2)c2sccc2n1,IKGOKLKEMKEDFN-UHFFFAOYSA-N,C1CCC(C2CCCC3CCCC32)C1,10.1016/j.bmcl.2008.03.076,18407496,1,True,False,pending_dual_review,quarantined_before_evidence_review,exact_structure_previously_visible
BDB-50377481,50377481,CN(C)c1nc(-c2nccn2C)c2sccc2n1,PYBJKDFKVLVPFI-UHFFFAOYSA-N,C1CCC(C2CCCC3CCCC32)C1,10.1016/j.bmcl.2008.03.076,18407496,1,True,False,pending_dual_review,quarantined_before_evidence_review,exact_structure_previously_visible
BDB-50377482,50377482,Cc1nc(-c2nc(N(C)C)nc3ccsc23)sc1C,DFZWYHQYSZQCEB-UHFFFAOYSA-N,C1CCC(C2CCCC3CCCC32)C1,10.1016/j.bmcl.2008.03.076,18407496,1,True,False,pending_dual_review,quarantined_before_evidence_review,exact_structure_previously_visible
BDB-50377483,50377483,Cc1cnc(-c2nc(N(C)C)nc3ccsc23)s1,FXLNAONFFGCVNG-UHFFFAOYSA-N,C1CCC(C2CCCC3CCCC32)C1,10.1016/j.bmcl.2008.03.076,18407496,1,True,False,pending_dual_review,quarantined_before_evidence_review,exact_structure_previously_visible
BDB-50377484,50377484,CCc1nc(-c2cccc(C)n2)c2sccc2n1,YQMIBLJSKYDOQY-UHFFFAOYSA-N,C1CCC(C2CCCC3CCCC32)CC1,10.1016/j.bmcl.2008.03.076,18407496,1,True,False,pending_dual_review,quarantined_before_evidence_review,exact_structure_previously_visible
BDB-50377485,50377485,CCc1nc(-c2ccccn2)c2sccc2n1,RJLBQJZGTPMDPY-UHFFFAOYSA-N,C1CCC(C2CCCC3CCCC32)CC1,10.1016/j.bmcl.2008.03.076,18407496,1,True,False,pending_dual_review,quarantined_before_evidence_review,exact_structure_previously_visible
BDB-50377486,50377486,CCc1nc(-n2nccn2)c2sccc2n1,UUVWJUFHLHQBGQ-UHFFFAOYSA-N,C1CCC(C2CCCC3CCCC32)C1,10.1016/j.bmcl.2008.03.076,18407496,1,True,False,pending_dual_review,quarantined_before_evidence_review,exact_structure_previously_visible
BDB-50377487,50377487,CCc1nc(-c2ncc[nH]2)c2sccc2n1,ZSWIQFDBESSLGO-UHFFFAOYSA-N,C1CCC(C2CCCC3CCCC32)C1,10.1016/j.bmcl.2008.03.076,18407496,1,True,False,pending_dual_review,quarantined_before_evidence_review,exact_structure_previously_visible
BDB-50377488,50377488,CNc1nc(-c2ccco2)c2sccc2n1,JJILBKPHHSQIHX-UHFFFAOYSA-N,C1CCC(C2CCCC3CCCC32)C1,10.1016/j.bmcl.2008.03.076,18407496,1,True,False,pending_dual_review,quarantined_before_evidence_review,exact_structure_previously_visible
BDB-50377489,50377489,Nc1nc(-c2ccco2)c2sccc2n1,ARPSUXKIHNZLQL-UHFFFAOYSA-N,C1CCC(C2CCCC3CCCC32)C1,10.1016/j.bmcl.2008.03.072|10.1016/j.bmcl.2008.03.076,18407496|18411049,2,True,False,pending_dual_review,quarantined_before_evidence_review,exact_structure_previously_visible
BDB-50377490,50377490,CN(C)c1nc(-c2cc3ccccc3s2)c2sccc2n1,XRBONJUPIUVING-UHFFFAOYSA-N,C1CCC2CC(C3CCCC4CCCC43)CC2C1,10.1016/j.bmcl.2008.03.076,18407496,1,True,False,pending_dual_review,quarantined_before_evidence_review,exact_structure_previously_visible
BDB-50377491,50377491,CCc1nc(-c2nc(C)cs2)c2sccc2n1,POLYXEOIYQFPSB-UHFFFAOYSA-N,C1CCC(C2CCCC3CCCC32)C1,10.1016/j.bmcl.2008.03.076,18407496,1,True,False,pending_dual_review,quarantined_before_evidence_review,exact_structure_previously_visible
BDB-50377492,50377492,CCc1nc(-c2nccs2)c2sccc2n1,YNBYJWXOQPYWEM-UHFFFAOYSA-N,C1CCC(C2CCCC3CCCC32)C1,10.1016/j.bmcl.2008.03.076,18407496,1,True,False,pending_dual_review,quarantined_before_evidence_review,exact_structure_previously_visible
BDB-50377493,50377493,CCc1nc(-c2ccoc2)c2sccc2n1,XVRNMWQROQLUBA-UHFFFAOYSA-N,C1CCC(C2CCCC3CCCC32)C1,10.1016/j.bmcl.2008.03.076,18407496,1,True,False,pending_dual_review,quarantined_before_evidence_review,exact_structure_previously_visible
BDB-50377494,50377494,CCc1nc(-c2ccco2)c2sccc2n1,UPHUXPVSRYTEBO-UHFFFAOYSA-N,C1CCC(C2CCCC3CCCC32)C1,10.1016/j.bmcl.2008.03.076,18407496,1,True,False,pending_dual_review,quarantined_before_evidence_review,exact_structure_previously_visible
BDB-50377495,50377495,OCCNc1nc(-c2cccs2)c2sccc2n1,YBNJFMGHISFAAZ-UHFFFAOYSA-N,C1CCC(C2CCCC3CCCC32)C1,10.1016/j.bmcl.2008.03.076,18407496,1,True,False,pending_dual_review,quarantined_before_evidence_review,exact_structure_previously_visible
BDB-50377496,50377496,CN(C)c1nc(-c2cccs2)c2sccc2n1,HKAACASDXFXZSN-UHFFFAOYSA-N,C1CCC(C2CCCC3CCCC32)C1,10.1016/j.bmcl.2008.03.076,18407496,1,True,False,pending_dual_review,quarantined_before_evidence_review,exact_structure_previously_visible
BDB-50377497,50377497,CCNc1nc(-c2cccs2)c2sccc2n1,BQKICNAFISUHIE-UHFFFAOYSA-N,C1CCC(C2CCCC3CCCC32)C1,10.1016/j.bmcl.2008.03.076,18407496,1,True,False,pending_dual_review,quarantined_before_evidence_review,exact_structure_previously_visible
BDB-50377498,50377498,COc1nc(-c2cccs2)c2sccc2n1,AWFQBTPSFUTIDF-UHFFFAOYSA-N,C1CCC(C2CCCC3CCCC32)C1,10.1016/j.bmcl.2008.03.076,18407496,1,True,False,pending_dual_review,quarantined_before_evidence_review,exact_structure_previously_visible
BDB-50377499,50377499,CCc1nc(-c2cccs2)c2sccc2n1,HTDFKCHXFHIXPU-UHFFFAOYSA-N,C1CCC(C2CCCC3CCCC32)C1,10.1016/j.bmcl.2008.03.076,18407496,1,True,False,pending_dual_review,quarantined_before_evidence_review,exact_structure_previously_visible
BDB-50377500,50377500,OC[C@@H]1CCCN1c1nc(-c2nccs2)c2sccc2n1,DFJYJKJUDWOECT-VIFPVBQESA-N,C1CCC(C2CC3CCCC3C(C3CCCC3)C2)C1,10.1016/j.bmcl.2008.03.076,18407496,1,True,False,pending_dual_review,quarantined_before_evidence_review,exact_structure_previously_visible
BDB-50377501,50377501,CN(C)c1nc(-c2nccs2)c2sccc2n1,IWTXHGKRHJCTKE-UHFFFAOYSA-N,C1CCC(C2CCCC3CCCC32)C1,10.1016/j.bmcl.2008.03.076,18407496,1,True,False,pending_dual_review,quarantined_before_evidence_review,exact_structure_previously_visible
BDB-50377502,50377502,Cc1csc(-c2nc(N(C)C)nc3ccsc23)n1,RHKUYOQQESUGNM-UHFFFAOYSA-N,C1CCC(C2CCCC3CCCC32)C1,10.1016/j.bmcl.2008.03.076,18407496,1,True,False,pending_dual_review,quarantined_before_evidence_review,exact_structure_previously_visible
BDB-50377503,50377503,Nc1nc(-c2nccs2)c2sccc2n1,CLNBBLGSLDNSMF-UHFFFAOYSA-N,C1CCC(C2CCCC3CCCC32)C1,10.1016/j.bmcl.2008.03.076,18407496,1,True,False,pending_dual_review,quarantined_before_evidence_review,exact_structure_previously_visible
BDB-50377504,50377504,CN(C)c1nc(-c2ccoc2)c2sccc2n1,VONRTYGRAFFNFN-UHFFFAOYSA-N,C1CCC(C2CCCC3CCCC32)C1,10.1016/j.bmcl.2008.03.076,18407496,1,True,False,pending_dual_review,quarantined_before_evidence_review,exact_structure_previously_visible
BDB-50377505,50377505,OCCNc1nc(-c2ccco2)c2sccc2n1,RTVGVVIYUCCTBU-UHFFFAOYSA-N,C1CCC(C2CCCC3CCCC32)C1,10.1016/j.bmcl.2008.03.076,18407496,1,True,False,pending_dual_review,quarantined_before_evidence_review,exact_structure_previously_visible
BDB-50377506,50377506,CN(C)c1nc(-c2ccco2)c2sccc2n1,SHZNJNOVLJASQX-UHFFFAOYSA-N,C1CCC(C2CCCC3CCCC32)C1,10.1016/j.bmcl.2008.03.076,18407496,1,True,False,pending_dual_review,quarantined_before_evidence_review,exact_structure_previously_visible
BDB-50377507,50377507,CCNc1nc(-c2ccco2)c2sccc2n1,ZXENVOVUMSKHIR-UHFFFAOYSA-N,C1CCC(C2CCCC3CCCC32)C1,10.1016/j.bmcl.2008.03.076,18407496,1,True,False,pending_dual_review,quarantined_before_evidence_review,exact_structure_previously_visible
BDB-50377508,50377508,Clc1nc(-c2cccs2)c2sccc2n1,GFDPXLUZWJSHBL-UHFFFAOYSA-N,C1CCC(C2CCCC3CCCC32)C1,10.1016/j.bmcl.2008.03.076,18407496,1,True,False,pending_dual_review,quarantined_before_evidence_review,exact_structure_previously_visible
BDB-50377509,50377509,CN(C)c1nc(-c2ccccn2)c2sccc2n1,RRUBGPMMGVDXDJ-UHFFFAOYSA-N,C1CCC(C2CCCC3CCCC32)CC1,10.1016/j.bmcl.2008.03.076,18407496,1,True,False,pending_dual_review,quarantined_before_evidence_review,exact_structure_previously_visible
BDB-50377510,50377510,CN(C)c1nc(-c2ncc[nH]2)c2sccc2n1,XFROMHAKVQVKQX-UHFFFAOYSA-N,C1CCC(C2CCCC3CCCC32)C1,10.1016/j.bmcl.2008.03.076,18407496,1,True,False,pending_dual_review,quarantined_before_evidence_review,exact_structure_previously_visible
BDB-50377511,50377511,CS(=O)(=O)c1ccc(Cn2cnc3c(-c4ccco4)nc(N)nc32)cc1,BKSPAXUSQQHIDF-UHFFFAOYSA-N,C1CCC(CC2CCC3C(C4CCCC4)CCCC23)CC1,10.1016/j.bmcl.2008.03.072,18411049,1,False,True,pending_dual_review,quarantined_before_evidence_review,generic_scaffold_overlaps_model_selection
BDB-50377512,50377512,Nc1nc(-c2ccco2)c2ncn(Cc3ccccc3F)c2n1,IYPMOYPLNFSVQJ-UHFFFAOYSA-N,C1CCC(CC2CCC3C(C4CCCC4)CCCC23)CC1,10.1016/j.bmcl.2008.03.072,18411049,1,False,True,pending_dual_review,quarantined_before_evidence_review,generic_scaffold_overlaps_model_selection
BDB-50377513,50377513,Nc1cccc(Cn2cnc3c(-c4ccco4)nc(N)nc32)c1,XBESCJVITPKCJA-UHFFFAOYSA-N,C1CCC(CC2CCC3C(C4CCCC4)CCCC23)CC1,10.1016/j.bmcl.2008.03.072,18411049,1,False,True,pending_dual_review,quarantined_before_evidence_review,generic_scaffold_overlaps_model_selection
BDB-50377514,50377514,Nc1nc(-c2ccco2)c2ncn(Cc3ccc([N+](=O)[O-])cc3)c2n1,QAQYSXUIQQIGHU-UHFFFAOYSA-N,C1CCC(CC2CCC3C(C4CCCC4)CCCC23)CC1,10.1016/j.bmcl.2008.03.072,18411049,1,False,True,pending_dual_review,quarantined_before_evidence_review,generic_scaffold_overlaps_model_selection
BDB-50377515,50377515,Nc1nc(-c2ccco2)c2ncn(Cc3cccc([N+](=O)[O-])c3)c2n1,LYSMIARHRJVSBZ-UHFFFAOYSA-N,C1CCC(CC2CCC3C(C4CCCC4)CCCC23)CC1,10.1016/j.bmcl.2008.03.072,18411049,1,False,True,pending_dual_review,quarantined_before_evidence_review,generic_scaffold_overlaps_model_selection
BDB-50377516,50377516,COC(=O)c1cccc(Cn2cnc3c(-c4ccco4)nc(N)nc32)c1,FINXTYDWQCXWIZ-UHFFFAOYSA-N,C1CCC(CC2CCC3C(C4CCCC4)CCCC23)CC1,10.1016/j.bmcl.2008.03.072,18411049,1,False,True,pending_dual_review,quarantined_before_evidence_review,generic_scaffold_overlaps_model_selection
BDB-50377517,50377517,Nc1nc(-c2ccco2)c2ncn(Cc3cccc(Cl)c3)c2n1,XPJKLXMFGDTXCL-UHFFFAOYSA-N,C1CCC(CC2CCC3C(C4CCCC4)CCCC23)CC1,10.1016/j.bmcl.2008.03.072,18411049,1,False,True,pending_dual_review,quarantined_before_evidence_review,generic_scaffold_overlaps_model_selection
BDB-50377518,50377518,Cc1cccc(Cn2cnc3c(-c4ccco4)nc(N)nc32)c1,PYKOCNGJHAJHDC-UHFFFAOYSA-N,C1CCC(CC2CCC3C(C4CCCC4)CCCC23)CC1,10.1016/j.bmcl.2008.03.072,18411049,1,False,True,pending_dual_review,quarantined_before_evidence_review,generic_scaffold_overlaps_model_selection
BDB-50377519,50377519,Nc1nc(-c2ncc[nH]2)c2cnn(Cc3ccccc3F)c2n1,DCRYBLZMIAJHMU-UHFFFAOYSA-N,C1CCC(CC2CCC3C(C4CCCC4)CCCC23)CC1,10.1016/j.bmcl.2008.03.072,18411049,1,False,True,pending_dual_review,quarantined_before_evidence_review,generic_scaffold_overlaps_model_selection
BDB-50377520,50377520,Cn1ccnc1-c1nc(N)nc2c1cnn2Cc1ccccc1F,KYXOBFWXGDFNOK-UHFFFAOYSA-N,C1CCC(CC2CCC3C(C4CCCC4)CCCC23)CC1,10.1016/j.bmcl.2008.03.072,18411049,1,False,True,pending_dual_review,quarantined_before_evidence_review,generic_scaffold_overlaps_model_selection
BDB-50377521,50377521,Nc1nc(-n2ccnn2)c2cnn(Cc3ccccc3F)c2n1,VAMXZDFNYOJPGF-UHFFFAOYSA-N,C1CCC(CC2CCC3C(C4CCCC4)CCCC23)CC1,10.1016/j.bmcl.2008.03.072,18411049,1,False,True,pending_dual_review,quarantined_before_evidence_review,generic_scaffold_overlaps_model_selection
BDB-50377522,50377522,Nc1nc(-c2nccs2)c2cnn(Cc3ccccc3F)c2n1,QHLHZLPICFOIQN-UHFFFAOYSA-N,C1CCC(CC2CCC3C(C4CCCC4)CCCC23)CC1,10.1016/j.bmcl.2008.03.072,18411049,1,False,True,pending_dual_review,quarantined_before_evidence_review,generic_scaffold_overlaps_model_selection
BDB-50377523,50377523,Nc1nc(-c2cc[nH]n2)c2cnn(Cc3ccccc3F)c2n1,VCYLLZQKLGQTQI-UHFFFAOYSA-N,C1CCC(CC2CCC3C(C4CCCC4)CCCC23)CC1,10.1016/j.bmcl.2008.03.072,18411049,1,False,True,pending_dual_review,quarantined_before_evidence_review,generic_scaffold_overlaps_model_selection
BDB-50377525,50377525,Nc1nc(-c2cccs2)c2cnn(Cc3ccccc3F)c2n1,BTNSODUMYOQWPY-UHFFFAOYSA-N,C1CCC(CC2CCC3C(C4CCCC4)CCCC23)CC1,10.1016/j.bmcl.2008.03.072,18411049,1,False,True,pending_dual_review,quarantined_before_evidence_review,generic_scaffold_overlaps_model_selection
BDB-50377526,50377526,CS(=O)(=O)c1ccc(Cn2ncc3c(-c4ccco4)nc(N)nc32)cc1,RQORBWBTJGJMAQ-UHFFFAOYSA-N,C1CCC(CC2CCC3C(C4CCCC4)CCCC23)CC1,10.1016/j.bmcl.2008.03.072,18411049,1,False,True,pending_dual_review,quarantined_before_evidence_review,generic_scaffold_overlaps_model_selection
BDB-50377527,50377527,Nc1nc(-c2ccco2)c2cnn(Cc3ccc(C(F)(F)F)cc3)c2n1,IQLFDFPOVXRQQK-UHFFFAOYSA-N,C1CCC(CC2CCC3C(C4CCCC4)CCCC23)CC1,10.1016/j.bmcl.2008.03.072,18411049,1,False,True,pending_dual_review,quarantined_before_evidence_review,generic_scaffold_overlaps_model_selection
BDB-50377528,50377528,Nc1nc(-c2ccco2)c2cnn(Cc3c(F)cccc3F)c2n1,SWAOAHRULUIAGE-UHFFFAOYSA-N,C1CCC(CC2CCC3C(C4CCCC4)CCCC23)CC1,10.1016/j.bmcl.2008.03.072,18411049,1,False,True,pending_dual_review,quarantined_before_evidence_review,generic_scaffold_overlaps_model_selection
BDB-50377529,50377529,Nc1nc(-c2ccco2)c2cnn(Cc3ccccc3F)c2n1,JEEJMSUHUZNTCD-UHFFFAOYSA-N,C1CCC(CC2CCC3C(C4CCCC4)CCCC23)CC1,10.1016/j.bmcl.2008.03.072,18411049,1,False,True,pending_dual_review,quarantined_before_evidence_review,generic_scaffold_overlaps_model_selection
BDB-50377530,50377530,Nc1nc(-c2ccco2)c2cnn(Cc3cccc(C(=O)O)c3)c2n1,MTKGBJBJLQVLGG-UHFFFAOYSA-N,C1CCC(CC2CCC3C(C4CCCC4)CCCC23)CC1,10.1016/j.bmcl.2008.03.072,18411049,1,False,True,pending_dual_review,quarantined_before_evidence_review,generic_scaffold_overlaps_model_selection
BDB-50377531,50377531,Nc1cccc(Cn2ncc3c(-c4ccco4)nc(N)nc32)c1,ONVWTFFLKUKVPB-UHFFFAOYSA-N,C1CCC(CC2CCC3C(C4CCCC4)CCCC23)CC1,10.1016/j.bmcl.2008.03.072,18411049,1,False,True,pending_dual_review,quarantined_before_evidence_review,generic_scaffold_overlaps_model_selection
BDB-50377532,50377532,Nc1nc(-c2ccco2)c2cnn(Cc3ccccc3N)c2n1,ZFEJEARZYGGQPB-UHFFFAOYSA-N,C1CCC(CC2CCC3C(C4CCCC4)CCCC23)CC1,10.1016/j.bmcl.2008.03.072,18411049,1,False,True,pending_dual_review,quarantined_before_evidence_review,generic_scaffold_overlaps_model_selection
BDB-50377533,50377533,Nc1nc(-c2ccco2)c2cnn(Cc3ccc([N+](=O)[O-])cc3)c2n1,WGTBXNXJZFFWIV-UHFFFAOYSA-N,C1CCC(CC2CCC3C(C4CCCC4)CCCC23)CC1,10.1016/j.bmcl.2008.03.072,18411049,1,False,True,pending_dual_review,quarantined_before_evidence_review,generic_scaffold_overlaps_model_selection
BDB-50377534,50377534,Nc1nc(-c2ccco2)c2cnn(Cc3cccc([N+](=O)[O-])c3)c2n1,LBRPYUOVBLAKJP-UHFFFAOYSA-N,C1CCC(CC2CCC3C(C4CCCC4)CCCC23)CC1,10.1016/j.bmcl.2008.03.072,18411049,1,False,True,pending_dual_review,quarantined_before_evidence_review,generic_scaffold_overlaps_model_selection
BDB-50377535,50377535,Nc1nc(-c2ccco2)c2cnn(Cc3ccccc3[N+](=O)[O-])c2n1,IBFJHCJKQVECLP-UHFFFAOYSA-N,C1CCC(CC2CCC3C(C4CCCC4)CCCC23)CC1,10.1016/j.bmcl.2008.03.072,18411049,1,False,True,pending_dual_review,quarantined_before_evidence_review,generic_scaffold_overlaps_model_selection
BDB-50377536,50377536,COC(=O)c1cccc(Cn2ncc3c(-c4ccco4)nc(N)nc32)c1,HNZVEECDIWXELW-UHFFFAOYSA-N,C1CCC(CC2CCC3C(C4CCCC4)CCCC23)CC1,10.1016/j.bmcl.2008.03.072,18411049,1,False,True,pending_dual_review,quarantined_before_evidence_review,generic_scaffold_overlaps_model_selection
BDB-50377537,50377537,COc1cccc(Cn2ncc3c(-c4ccco4)nc(N)nc32)c1,KKWJKBFSQUQIQJ-UHFFFAOYSA-N,C1CCC(CC2CCC3C(C4CCCC4)CCCC23)CC1,10.1016/j.bmcl.2008.03.072,18411049,1,False,True,pending_dual_review,quarantined_before_evidence_review,generic_scaffold_overlaps_model_selection
BDB-50377538,50377538,Nc1nc(-c2ccco2)c2cnn(Cc3cccc(Cl)c3)c2n1,MVRKOWLGBWSXFT-UHFFFAOYSA-N,C1CCC(CC2CCC3C(C4CCCC4)CCCC23)CC1,10.1016/j.bmcl.2008.03.072,18411049,1,False,True,pending_dual_review,quarantined_before_evidence_review,generic_scaffold_overlaps_model_selection
BDB-50377539,50377539,Nc1nc(-c2ccco2)c2cnn(Cc3ccccc3Cl)c2n1,SCEUFYHRASPKRI-UHFFFAOYSA-N,C1CCC(CC2CCC3C(C4CCCC4)CCCC23)CC1,10.1016/j.bmcl.2008.03.072,18411049,1,False,True,pending_dual_review,quarantined_before_evidence_review,generic_scaffold_overlaps_model_selection
BDB-50377540,50377540,Cc1cccc(Cn2ncc3c(-c4ccco4)nc(N)nc32)c1,KTFSXZDFJVBZPU-UHFFFAOYSA-N,C1CCC(CC2CCC3C(C4CCCC4)CCCC23)CC1,10.1016/j.bmcl.2008.03.072,18411049,1,False,True,pending_dual_review,quarantined_before_evidence_review,generic_scaffold_overlaps_model_selection
BDB-50377547,50377547,Nc1nc(-c2ccco2)c2cnn(Cc3cccnc3)c2n1,HJARLDOLFAIFOG-UHFFFAOYSA-N,C1CCC(CC2CCC3C(C4CCCC4)CCCC23)CC1,10.1016/j.bmcl.2008.03.072,18411049,1,False,True,pending_dual_review,quarantined_before_evidence_review,generic_scaffold_overlaps_model_selection
BDB-50377548,50377548,Nc1nc(-c2ccco2)c2cnn(CC3CCCCC3)c2n1,OBNVKWPJMAOTMJ-UHFFFAOYSA-N,C1CCC(CC2CCC3C(C4CCCC4)CCCC23)CC1,10.1016/j.bmcl.2008.03.072,18411049,1,False,True,pending_dual_review,quarantined_before_evidence_review,generic_scaffold_overlaps_model_selection
BDB-50377549,50377549,Nc1nc(-c2ccco2)c2cnn(Cc3ccccc3)c2n1,RPXZQPYMRFTGOH-UHFFFAOYSA-N,C1CCC(CC2CCC3C(C4CCCC4)CCCC23)CC1,10.1016/j.bmcl.2008.03.072,18411049,1,False,True,pending_dual_review,quarantined_before_evidence_review,generic_scaffold_overlaps_model_selection
BDB-50377550,50377550,Nc1nc(-c2ccco2)c2ccn(Cc3ccccc3F)c2n1,HFFBFYRTHLQYHB-UHFFFAOYSA-N,C1CCC(CC2CCC3C(C4CCCC4)CCCC23)CC1,10.1016/j.bmcl.2008.03.072,18411049,1,False,True,pending_dual_review,quarantined_before_evidence_review,generic_scaffold_overlaps_model_selection
BDB-50377559,50377559,Nc1nc(-c2ccco2)c2ncn(C(=O)NCc3ccco3)c2n1,WTMAGSBNGPVFQV-UHFFFAOYSA-N,CC(CCC1CCCC1)C1CCC2C(C3CCCC3)CCCC12,10.1016/j.bmcl.2008.03.072|10.1021/jm4011669,18411049|24164628,2,True,False,pending_dual_review,quarantined_before_evidence_review,exact_structure_previously_visible
BDB-50377568,50377568,Nc1nc(-c2ccco2)c2ncn(Cc3cccc(C(=O)O)c3)c2n1,UMKVVIWHHKNNEB-UHFFFAOYSA-N,C1CCC(CC2CCC3C(C4CCCC4)CCCC23)CC1,10.1016/j.bmcl.2008.03.072,18411049,1,False,True,pending_dual_review,quarantined_before_evidence_review,generic_scaffold_overlaps_model_selection
BDB-50382487,50382487,Nc1nnc(-c2ccccc2)c(-c2ccccc2)n1,NZRHOWNFGASHMN-UHFFFAOYSA-N,C1CCC(C2CCCCC2C2CCCCC2)CC1,10.1021/jm201376w|10.1021/jm4011669,22220592|24164628,2,True,True,pending_dual_review,quarantined_before_evidence_review,exact_structure_previously_visible|generic_scaffold_overlaps_model_selection
BDB-50382488,50382488,Nc1nnc(-c2cccc(Cl)c2)c(-c2ccccc2)n1,KRDHDDNWMDQZBH-UHFFFAOYSA-N,C1CCC(C2CCCCC2C2CCCCC2)CC1,10.1021/jm201376w,22220592,2,False,True,pending_dual_review,quarantined_before_evidence_review,generic_scaffold_overlaps_model_selection
BDB-50382489,50382489,Nc1nnc(-c2cc(Cl)cc(Cl)c2)c(-c2ccccc2)n1,HMAOALRIGFSFDY-UHFFFAOYSA-N,C1CCC(C2CCCCC2C2CCCCC2)CC1,10.1021/jm201376w,22220592,2,False,True,pending_dual_review,quarantined_before_evidence_review,generic_scaffold_overlaps_model_selection
BDB-50382490,50382490,Cc1cc(C)cc(-c2nnc(N)nc2-c2ccccc2)c1,UDTRKUCMSDMFIR-UHFFFAOYSA-N,C1CCC(C2CCCCC2C2CCCCC2)CC1,10.1021/jm201376w,22220592,2,False,True,pending_dual_review,quarantined_before_evidence_review,generic_scaffold_overlaps_model_selection
BDB-50382491,50382491,Nc1nnc(-c2ccc(O)c(Cl)c2)c(-c2ccccc2)n1,ZHUZHTHIEMXLRA-UHFFFAOYSA-N,C1CCC(C2CCCCC2C2CCCCC2)CC1,10.1016/j.ejmech.2017.12.007|10.1021/jm201376w,22220592|29268131|35933788,4,True,True,pending_dual_review,quarantined_before_evidence_review,exact_structure_previously_visible|generic_scaffold_overlaps_model_selection
BDB-50382492,50382492,Cc1cc(-c2nnc(N)nc2-c2ccccc2)cc(C)n1,SORFNYWLKDSNNF-UHFFFAOYSA-N,C1CCC(C2CCCCC2C2CCCCC2)CC1,10.1021/jm201376w,22220592,3,False,True,pending_dual_review,quarantined_before_evidence_review,generic_scaffold_overlaps_model_selection
BDB-50382493,50382493,Cc1cc(-c2nnc(N)nc2-c2ccc(F)cc2)cc(C)n1,NEYZTILMBRSITP-UHFFFAOYSA-N,C1CCC(C2CCCCC2C2CCCCC2)CC1,10.1021/acs.jmedchem.0c00237|10.1021/jm201376w,22220592|32667814,2,True,True,pending_dual_review,quarantined_before_evidence_review,exact_structure_previously_visible|generic_scaffold_overlaps_model_selection
BDB-50382494,50382494,Cc1cc(-c2nnc(N)nc2-c2cc(F)cc(F)c2)cc(C)n1,ZEBNSCYTUBSYES-UHFFFAOYSA-N,C1CCC(C2CCCCC2C2CCCCC2)CC1,10.1021/jm201376w,22220592,2,False,True,pending_dual_review,quarantined_before_evidence_review,generic_scaffold_overlaps_model_selection
BDB-50382495,50382495,Cc1cc(-c2nnc(N)nc2-c2cccc(F)c2)cc(C)n1,LYVNVEJCGRVTLE-UHFFFAOYSA-N,C1CCC(C2CCCCC2C2CCCCC2)CC1,10.1021/jm201376w,22220592,2,False,True,pending_dual_review,quarantined_before_evidence_review,generic_scaffold_overlaps_model_selection
BDB-50382496,50382496,Cc1cc(-c2nnc(N)nc2-c2ccc(F)cc2)cc(C(F)(F)F)n1,GIFJFWNMMFGQLP-UHFFFAOYSA-N,C1CCC(C2CCCCC2C2CCCCC2)CC1,10.1021/jm201376w,22220592,3,False,True,pending_dual_review,quarantined_before_evidence_review,generic_scaffold_overlaps_model_selection
BDB-50382497,50382497,Cc1cc(-c2nnc(N)nc2-c2ccccc2)cc(C)c1O,DSCUJHKNOYFIAC-UHFFFAOYSA-N,C1CCC(C2CCCCC2C2CCCCC2)CC1,10.1021/jm201376w,22220592,2,False,True,pending_dual_review,quarantined_before_evidence_review,generic_scaffold_overlaps_model_selection
BDB-50382498,50382498,Cc1cc(-c2nnc(N)nc2-c2ccccc2)cc(C(F)(F)F)n1,NDFNRBWLVZWETQ-UHFFFAOYSA-N,C1CCC(C2CCCCC2C2CCCCC2)CC1,10.1021/jm201376w|10.1021/jm4011669,22220592|24164628,3,True,True,pending_dual_review,quarantined_before_evidence_review,exact_structure_previously_visible|generic_scaffold_overlaps_model_selection
BDB-50382975,50382975,Cc1ccsc1/C=C/c1nc(N)nc(-c2ccccc2O)n1,LYXVHWMMKGFVBV-VOTSOKGWSA-N,C1CCC(C2CCCC(CCC3CCCC3)C2)CC1,10.1021/jm201455y,22250781,1,False,True,pending_dual_review,quarantined_before_evidence_review,generic_scaffold_overlaps_model_selection
BDB-50382990,50382990,CN1CCN(C(=O)c2cccc(-c3nc(N)nc(-c4ccccc4O)n3)c2)CC1,SENKKHIKGQSFKC-UHFFFAOYSA-N,CC(C1CCCCC1)C1CCCC(C2CCCC(C3CCCCC3)C2)C1,10.1021/jm2003798|10.1021/jm201455y,21661720|22250781,2,True,False,pending_dual_review,quarantined_before_evidence_review,exact_structure_previously_visible
BDB-50385634,50385634,Nc1nc(SCCc2ccc(S(=O)(=O)O)cc2)nc2c1ncn2[C@@H]1O[C@H](CO)[C@@H](O)[C@H]1O,MSSJGFVZLYCDOA-LSCFUAHRSA-N,C1CCC(CCCC2CCC3CCC(C4CCCC4)C3C2)CC1,10.1021/ml200189u,24900277,1,True,True,pending_dual_review,quarantined_before_evidence_review,exact_structure_previously_visible|generic_scaffold_overlaps_model_selection
BDB-50386103,50386103,COc1cccc2cc(C(N)=O)c(=N)oc12,HHMZURGWXAWJGC-UHFFFAOYSA-N,CC1CCC2CCCCC2C1,10.1016/j.ejmech.2012.05.009,22677030,1,True,True,pending_dual_review,quarantined_before_evidence_review,exact_structure_previously_visible|generic_scaffold_overlaps_model_selection
BDB-50386104,50386104,COCCNC(=O)c1cc2cccc(OC)c2oc1=N,OUMXLQTVDZOSCT-UHFFFAOYSA-N,CC1CCC2CCCCC2C1,10.1016/j.ejmech.2012.05.009,22677030,1,False,True,pending_dual_review,quarantined_before_evidence_review,generic_scaffold_overlaps_model_selection
BDB-50386107,50386107,COc1cccc2cc(C(=O)Nc3c(C#N)ncn3-c3ccc(F)cc3)c(=N)oc12,VLBFZMVIQCLDRL-UHFFFAOYSA-N,CC1CC2CCCCC2CC1C(C)CC1CCCC1C1CCCCC1,10.1016/j.ejmech.2012.05.009,22677030,1,True,True,pending_dual_review,quarantined_before_evidence_review,exact_structure_previously_visible|generic_scaffold_overlaps_model_selection
BDB-50386108,50386108,COc1cccc2cc(C(=O)NCCO)c(=N)oc12,SHVPBAOXUMSRAV-UHFFFAOYSA-N,CC1CCC2CCCCC2C1,10.1016/j.ejmech.2012.05.009,22677030,1,False,True,pending_dual_review,quarantined_before_evidence_review,generic_scaffold_overlaps_model_selection
BDB-50386109,50386109,COc1cccc2cc(C(=O)NCCCCCO)c(=N)oc12,FVPZCVMFHCQFQL-UHFFFAOYSA-N,CC1CCC2CCCCC2C1,10.1016/j.ejmech.2012.05.009,22677030,1,False,True,pending_dual_review,quarantined_before_evidence_review,generic_scaffold_overlaps_model_selection
BDB-50386110,50386110,COc1cccc2cc(C(=O)NCCc3ccc(O)cc3)c(=N)oc12,FZDOJZCUDKGLGL-UHFFFAOYSA-N,CC(CCCC1CCCCC1)C1CC2CCCCC2CC1C,10.1016/j.ejmech.2012.05.009,22677030,1,True,True,pending_dual_review,quarantined_before_evidence_review,exact_structure_previously_visible|generic_scaffold_overlaps_model_selection
BDB-50386111,50386111,COc1cccc2cc(C(=O)NCC(O)c3ccccc3)c(=N)oc12,AUORTGQKWNTDKT-UHFFFAOYSA-N,CC(CCCC1CCCCC1)C1CC2CCCCC2CC1C,10.1016/j.ejmech.2012.05.009,22677030,1,False,True,pending_dual_review,quarantined_before_evidence_review,generic_scaffold_overlaps_model_selection
BDB-50386114,50386114,CCOC(CNC(=O)c1cc2cccc(OC)c2oc1=N)OCC,LPPCBRDGCRPBLT-UHFFFAOYSA-N,CC1CCC2CCCCC2C1,10.1016/j.ejmech.2012.05.009,22677030,1,False,True,pending_dual_review,quarantined_before_evidence_review,generic_scaffold_overlaps_model_selection
BDB-50386115,50386115,COc1cccc2cc(C(=O)NC3CCCCC3)c(=N)oc12,LUFDYZFYLCODSE-UHFFFAOYSA-N,CC(CC1CCCCC1)C1CC2CCCCC2CC1C,10.1016/j.ejmech.2012.05.009,22677030,1,True,True,pending_dual_review,quarantined_before_evidence_review,exact_structure_previously_visible|generic_scaffold_overlaps_model_selection
BDB-50386116,50386116,COc1cccc2cc(C(=O)Nc3c(C#N)ncn3-c3ccccc3)c(=N)oc12,MWZSRENIWOXJIM-UHFFFAOYSA-N,CC1CC2CCCCC2CC1C(C)CC1CCCC1C1CCCCC1,10.1016/j.ejmech.2012.05.009,22677030,1,False,True,pending_dual_review,quarantined_before_evidence_review,generic_scaffold_overlaps_model_selection
BDB-50386117,50386117,COc1cccc2cc(C(=O)NCCCOCCCCOCCCNC(=O)c3cc4cccc(OC)c4oc3=N)c(=N)oc12,JNCOYVVDNPCLKB-UHFFFAOYSA-N,CC(CCCCCCCCCCCCCCC(C)C1CC2CCCCC2CC1C)C1CC2CCCCC2CC1C,10.1016/j.ejmech.2012.05.009,22677030,1,True,True,pending_dual_review,quarantined_before_evidence_review,exact_structure_previously_visible|generic_scaffold_overlaps_model_selection
BDB-50386118,50386118,COc1cccc2cc(C(=O)NCCCO)c(=N)oc12,HJKNCQKGKXXLMB-UHFFFAOYSA-N,CC1CCC2CCCCC2C1,10.1016/j.ejmech.2012.05.009,22677030,1,False,True,pending_dual_review,quarantined_before_evidence_review,generic_scaffold_overlaps_model_selection
BDB-50389794,50389794,Nc1ncnc2c1ncn2[C@@H]1O[C@H](C(=O)NCC(F)(F)F)[C@@H](O)[C@H]1O,YZDMWFGIVFREQG-QMWPFBOUSA-N,C1CCC2C(C1)CCC2C1CCCC1,10.1021/jm300095s,22486652,1,False,True,pending_dual_review,quarantined_before_evidence_review,generic_scaffold_overlaps_model_selection
BDB-50389796,50389796,CCCNC(=O)[C@H]1O[C@@H](n2cnc3c(N)ncnc32)[C@H](O)[C@@H]1O,UQGKLARJCHZHSS-QRIDJOKKSA-N,C1CCC2C(C1)CCC2C1CCCC1,10.1021/jm300095s,22486652,1,False,True,pending_dual_review,quarantined_before_evidence_review,generic_scaffold_overlaps_model_selection
BDB-50389797,50389797,Nc1ncnc2c1ncn2[C@@H]1O[C@H](C(=O)NC2CC2)[C@@H](O)[C@H]1O,MYNRELUCFAQMFC-QRIDJOKKSA-N,CC(CC1CC1)C1CCC(C2CCC3CCCCC32)C1,10.1021/acs.jmedchem.8b01662|10.1021/jm300095s,22486652|30605331,2,True,True,pending_dual_review,quarantined_before_evidence_review,exact_structure_previously_visible|generic_scaffold_overlaps_model_selection
BDB-50389798,50389798,Nc1ncnc2c1ncn2[C@@H]1O[C@H](C(=O)NC2CCC2)[C@@H](O)[C@H]1O,CGYRWWMWNACLSU-AEISUSGSSA-N,CC(CC1CCC1)C1CCC(C2CCC3CCCCC32)C1,10.1021/jm300095s,22486652,1,True,True,pending_dual_review,quarantined_before_evidence_review,exact_structure_previously_visible|generic_scaffold_overlaps_model_selection
BDB-50389799,50389799,Nc1ncnc2c1ncn2[C@@H]1O[C@H](C(=O)NC2CCCC2)[C@@H](O)[C@H]1O,ISNMLOJARGEFLK-BQVMBELUSA-N,CC(CC1CCCC1)C1CCC(C2CCC3CCCCC32)C1,10.1021/jm300095s,22486652,1,True,True,pending_dual_review,quarantined_before_evidence_review,exact_structure_previously_visible|generic_scaffold_overlaps_model_selection
BDB-50392814,50392814,CCCC(=O)Nc1nnc(-c2ccccc2)[nH]1,RNBOADGNRXNEPF-UHFFFAOYSA-N,C1CCC(C2CCCC2)CC1,10.1021/ml300097g,23342198,1,False,True,pending_dual_review,quarantined_before_evidence_review,generic_scaffold_overlaps_model_selection
BDB-50392829,50392829,CCC(=O)Nc1nnc(-c2ccccc2)[nH]1,XKVQBJSJLKDYSE-UHFFFAOYSA-N,C1CCC(C2CCCC2)CC1,10.1021/ml300097g,23342198,1,False,True,pending_dual_review,quarantined_before_evidence_review,generic_scaffold_overlaps_model_selection
BDB-50393172,50393172,Cn1c(=O)c2c(nc3n2CCCN3CC2CC2)n(C)c1=O,YRBJBKSUFQWHDB-UHFFFAOYSA-N,CC1CC(C)C2C(C1)CC1C(CC3CC3)CCCC12,10.1016/j.ejmech.2011.05.023,21664729,1,True,True,pending_dual_review,quarantined_before_evidence_review,exact_structure_previously_visible|generic_scaffold_overlaps_model_selection
BDB-50393174,50393174,Cn1c(=O)c2c(nc3n2CCCN3C2CCC(O)CC2)n(C)c1=O,OWTYYHRZFHBGMQ-UHFFFAOYSA-N,CC1CC(C)C2C(C1)CC1C(C3CCCCC3)CCCC12,10.1016/j.ejmech.2011.05.023,21664729,1,False,True,pending_dual_review,quarantined_before_evidence_review,generic_scaffold_overlaps_model_selection
BDB-50393175,50393175,CC(=O)O[C@H]1CC[C@H](N2CCCn3c2nc2c3c(=O)n(C)c(=O)n2C)CC1,OJYXGJFSGZSAIZ-JOCQHMNTSA-N,CC1CC(C)C2C(C1)CC1C(C3CCCCC3)CCCC12,10.1016/j.ejmech.2011.05.023,21664729,1,False,True,pending_dual_review,quarantined_before_evidence_review,generic_scaffold_overlaps_model_selection
BDB-50393181,50393181,Cn1c(=O)c2c(nc3n2CCCN3CCC2=CCCCC2)n(C)c1=O,SWNYYOGHDZUOLU-UHFFFAOYSA-N,CC1CC(C)C2C(C1)CC1C(CCC3CCCCC3)CCCC12,10.1016/j.ejmech.2011.05.023,21664729,1,False,True,pending_dual_review,quarantined_before_evidence_review,generic_scaffold_overlaps_model_selection
BDB-50393188,50393188,CC1CCC(N2CCCn3c2nc2c3c(=O)n(C)c(=O)n2C)CC1,HXKSIAZEWSOTLE-UHFFFAOYSA-N,CC1CC(C)C2C(C1)CC1C(C3CCCCC3)CCCC12,10.1016/j.ejmech.2011.05.023,21664729,1,True,True,pending_dual_review,quarantined_before_evidence_review,exact_structure_previously_visible|generic_scaffold_overlaps_model_selection
BDB-50393191,50393191,Cn1c(=O)c2c(nc3n2CCCN3C2CCCCC2)n(C)c1=O,WAYDPNOZWCATPC-UHFFFAOYSA-N,CC1CC(C)C2C(C1)CC1C(C3CCCCC3)CCCC12,10.1016/j.ejmech.2011.05.023,21664729,1,False,True,pending_dual_review,quarantined_before_evidence_review,generic_scaffold_overlaps_model_selection
BDB-50393192,50393192,Cn1c(=O)c2c(nc3n2CCN3C2CCCCCCC2)n(C)c1=O,BMVNEXDBQUNWCE-UHFFFAOYSA-N,CC1CC(C)C2C(C1)CC1C(C3CCCCCCC3)CCC12,10.1016/j.ejmech.2011.05.023,21664729,1,True,True,pending_dual_review,quarantined_before_evidence_review,exact_structure_previously_visible|generic_scaffold_overlaps_model_selection
BDB-50394715,50394715,CC(C)n1cc(-c2ncc(N)nc2-c2ccc(F)cc2)ccc1=O,MNUJNGGYFNZUNB-UHFFFAOYSA-N,CC1CCC(C2CCCCC2C2CCCCC2)CC1,10.1021/jm201640m|10.1021/jm4011669,22239465|24164628|35933788,3,True,True,pending_dual_review,quarantined_before_evidence_review,exact_structure_previously_visible|generic_scaffold_overlaps_model_selection
BDB-50394716,50394716,Nc1nc(-c2ccccc2)c2c(n1)-c1cc(C(F)(F)c3cccnc3)ccc1C2=O,POPYYVZUAWNIHD-UHFFFAOYSA-N,CC1C2CCC(CC3CCCCC3)CC2C2CCCC(C3CCCCC3)C12,10.1021/jm201640m,22239465,1,True,True,pending_dual_review,quarantined_before_evidence_review,exact_structure_previously_visible|generic_scaffold_overlaps_model_selection
BDB-50394717,50394717,Nc1nc(-c2ccccc2)c2c(n1)-c1cc(C(=O)c3cccnc3)ccc1C2=O,WMZRGJNFVYCBOW-UHFFFAOYSA-N,CC(C1CCCCC1)C1CCC2C(C)C3C(C4CCCCC4)CCCC3C2C1,10.1021/jm201640m,22239465,1,True,True,pending_dual_review,quarantined_before_evidence_review,exact_structure_previously_visible|generic_scaffold_overlaps_model_selection
BDB-50394718,50394718,Nc1nc(-c2ccccc2)c2c(n1)-c1cc(Cc3cnccc3Cl)ccc1C2=O,BLTKTCQOSSTUDS-UHFFFAOYSA-N,CC1C2CCC(CC3CCCCC3)CC2C2CCCC(C3CCCCC3)C12,10.1021/jm201640m,22239465,1,True,True,pending_dual_review,quarantined_before_evidence_review,exact_structure_previously_visible|generic_scaffold_overlaps_model_selection
BDB-50394719,50394719,Nc1nc(-c2ccccc2)c2c(n1)-c1cc(Cc3ccncc3F)ccc1C2=O,JEKOIWILWQACKQ-UHFFFAOYSA-N,CC1C2CCC(CC3CCCCC3)CC2C2CCCC(C3CCCCC3)C12,10.1021/jm201640m,22239465,1,True,True,pending_dual_review,quarantined_before_evidence_review,exact_structure_previously_visible|generic_scaffold_overlaps_model_selection
BDB-50394720,50394720,Nc1nc(-c2ccccc2)c2c(n1)-c1cc(Cc3cncc(F)c3)ccc1C2=O,SGXSQJCDFWYGRN-UHFFFAOYSA-N,CC1C2CCC(CC3CCCCC3)CC2C2CCCC(C3CCCCC3)C12,10.1021/jm201640m,22239465,1,True,True,pending_dual_review,quarantined_before_evidence_review,exact_structure_previously_visible|generic_scaffold_overlaps_model_selection
BDB-50394721,50394721,N#Cc1cncc(Cc2ccc3c(c2)-c2nc(N)nc(-c4ccccc4)c2C3=O)c1,RKKAXBCWGKKVRK-UHFFFAOYSA-N,CC1C2CCC(CC3CCCCC3)CC2C2CCCC(C3CCCCC3)C12,10.1021/jm201640m,22239465,1,True,True,pending_dual_review,quarantined_before_evidence_review,exact_structure_previously_visible|generic_scaffold_overlaps_model_selection
BDB-50394722,50394722,Nc1nc(-c2ccccc2)c2c(n1)-c1cc(Cc3cccnc3)ccc1C2=O,MOPAHRHEKKVOML-UHFFFAOYSA-N,CC1C2CCC(CC3CCCCC3)CC2C2CCCC(C3CCCCC3)C12,10.1021/jm201640m,22239465,1,True,True,pending_dual_review,quarantined_before_evidence_review,exact_structure_previously_visible|generic_scaffold_overlaps_model_selection
BDB-50394723,50394723,Nc1nc(-c2ccccc2)c2c(n1)-c1cc(CN3C4CCC3CC4)ccc1C2=O,CTSJRKVVECGHGZ-UHFFFAOYSA-N,CC1C2CCC(CC3C4CCC3CC4)CC2C2CCCC(C3CCCCC3)C12,10.1021/jm201640m,22239465,1,True,True,pending_dual_review,quarantined_before_evidence_review,exact_structure_previously_visible|generic_scaffold_overlaps_model_selection
BDB-50394724,50394724,CC1CC[C@@H](C)N1Cc1ccc2c(c1)-c1nc(N)nc(-c3ccccc3)c1C2=O,GQNKLNZBZDEAMD-GICMACPYSA-N,CC1C2CCC(CC3CCCC3)CC2C2CCCC(C3CCCCC3)C12,10.1021/jm201640m,22239465,1,True,True,pending_dual_review,quarantined_before_evidence_review,exact_structure_previously_visible|generic_scaffold_overlaps_model_selection
BDB-50395122,50395122,COP(=O)(OC)OC[C@H]1O[C@@H](n2cnc3c(NC4CCCC4)nc(Cl)nc32)[C@H](O)[C@@H]1O,XOTIHNLKQLTTCS-XNIJJKJLSA-N,C1CCC(CC2CCCC3C(C4CCCC4)CCC23)C1,10.1021/jm3004834,22738238,1,False,True,pending_dual_review,quarantined_before_evidence_review,generic_scaffold_overlaps_model_selection
BDB-50395123,50395123,O=P(O)(O)OC[C@H]1O[C@@H](n2cnc3c(NC4CCCC4)nc(Cl)nc32)[C@H](O)[C@@H]1O,YSXGYHSLWDFGDS-IDTAVKCVSA-N,C1CCC(CC2CCCC3C(C4CCCC4)CCC23)C1,10.1021/jm3004834,22738238,1,False,True,pending_dual_review,quarantined_before_evidence_review,generic_scaffold_overlaps_model_selection
BDB-50395126,50395126,OC[C@H]1O[C@@H](n2cnc3c(N[C@H]4CCC[C@@H]4O)ncnc32)[C@H](O)[C@@H]1O,GYWXTRVEUURNEW-TVDBPQCTSA-N,C1CCC(CC2CCCC3C(C4CCCC4)CCC23)C1,10.1007/s00044-004-0013-y,,1,True,True,pending_dual_review,quarantined_before_evidence_review,exact_structure_previously_visible|generic_scaffold_overlaps_model_selection
BDB-50407975,50407975,CNC(=O)[C@H]1O[C@@H](n2cnc3c(N)ncnc32)[C@H](O)[C@@H]1O,PLYRYAHDNXANEG-QMWPFBOUSA-N,C1CCC2C(C1)CCC2C1CCCC1,10.1021/acs.jmedchem.8b01662,30605331,1,False,True,pending_dual_review,quarantined_before_evidence_review,generic_scaffold_overlaps_model_selection
BDB-50408411,50408411,C[C@H](Cc1ccccc1)Nc1ncnc2c1ncn2[C@@H]1O[C@H](CO)[C@@H](O)[C@@]1(C)O,WJCRFGFGOJNWSD-NHOKMAFPSA-N,C1CCC(CCCC2CCCC3C(C4CCCC4)CCC23)CC1,10.1021/jm9707737,9572897,1,False,True,pending_dual_review,quarantined_before_evidence_review,generic_scaffold_overlaps_model_selection
BDB-50408412,50408412,CCNC(=O)[C@H]1O[C@@H](n2cnc3c(N)ncnc32)[C@](C)(O)[C@@H]1O,FAGCJFVAXVJDMA-XDPNNTCOSA-N,C1CCC2C(C1)CCC2C1CCCC1,10.1021/jm9707737,9572897,1,False,True,pending_dual_review,quarantined_before_evidence_review,generic_scaffold_overlaps_model_selection
BDB-50410646,50410646,Cn1c(=O)c2[nH]c(-c3ccc(OCC(=O)Nc4ccc(Br)cc4)cc3)cc2n(C)c1=O,AZGRESCKAVVMKU-UHFFFAOYSA-N,CC(CCC1CCC(C2CC3CC(C)CC(C)C3C2)CC1)CC1CCCCC1,10.1021/jm0506221,16392813,1,True,True,pending_dual_review,quarantined_before_evidence_review,exact_structure_previously_visible|generic_scaffold_overlaps_model_selection
BDB-50410650,50410650,CCCn1c(=O)c2[nH]c(-c3ccc(OCC(=O)Nc4ccc(Cl)cc4)cc3)cc2n(CCC)c1=O,VTUNZFFCWJBTMW-UHFFFAOYSA-N,CC(CCC1CCC(C2CC3CC(C)CC(C)C3C2)CC1)CC1CCCCC1,10.1021/jm0506221,16392813,1,False,True,pending_dual_review,quarantined_before_evidence_review,generic_scaffold_overlaps_model_selection
BDB-50410651,50410651,CCCn1c(=O)c2[nH]c(-c3ccc(OCC(=O)c4ccc(I)cc4)cc3)nc2n(CCC)c1=O,RAKPTCORSHLZMM-UHFFFAOYSA-N,CC1CC(C)C2CC(C3CCC(CCC(C)C4CCCCC4)CC3)CC2C1,10.1021/jm0506221,16392813,1,False,True,pending_dual_review,quarantined_before_evidence_review,generic_scaffold_overlaps_model_selection
BDB-50410652,50410652,CCCn1c(=O)c2[nH]c(-c3cc(OCC(=O)c4ccc(C(=O)OCC)cc4)nn3C)nc2n(CCC)c1=O,BWSHNHONBPSTAX-UHFFFAOYSA-N,CC1CC(C)C2CC(C3CCC(CCC(C)C4CCCCC4)C3)CC2C1,10.1021/jm0506221,16392813,1,False,True,pending_dual_review,quarantined_before_evidence_review,generic_scaffold_overlaps_model_selection
BDB-50410653,50410653,CCCn1c(=O)c2[nH]c(-c3ccc(OCC(=O)Nc4ccc(C(=O)OCC)cc4)cc3)cc2n(C)c1=O,FRXLNACWYMPJGZ-UHFFFAOYSA-N,CC(CCC1CCC(C2CC3CC(C)CC(C)C3C2)CC1)CC1CCCCC1,10.1021/jm0506221,16392813,1,False,True,pending_dual_review,quarantined_before_evidence_review,generic_scaffold_overlaps_model_selection
BDB-50410655,50410655,CCCn1c(=O)c2[nH]c(-c3ccc(OC(C)C(=O)Nc4ccc(F)cc4)cc3)cc2n(CCC)c1=O,IJWAXAZVNVPWBR-UHFFFAOYSA-N,CC(CCC1CCC(C2CC3CC(C)CC(C)C3C2)CC1)CC1CCCCC1,10.1021/jm0506221,16392813,1,False,True,pending_dual_review,quarantined_before_evidence_review,generic_scaffold_overlaps_model_selection
BDB-50410656,50410656,CCCn1c(=O)c2[nH]c(-c3ccc(OCC(=O)Nc4ccc(CC(=O)O)cc4)cc3)cc2n(CCC)c1=O,UUSZMPVCNIYGRD-UHFFFAOYSA-N,CC(CCC1CCC(C2CC3CC(C)CC(C)C3C2)CC1)CC1CCCCC1,10.1021/jm0506221,16392813,1,False,True,pending_dual_review,quarantined_before_evidence_review,generic_scaffold_overlaps_model_selection
BDB-50410657,50410657,CCCn1c(=O)c2[nH]c(-c3ccc(OCC(=O)Nc4cccc(F)c4)cc3)c(Cl)c2n(CCC)c1=O,UJRZLBZSMLTOBF-UHFFFAOYSA-N,CC(CCC1CCC(C2CC3CC(C)CC(C)C3C2)CC1)CC1CCCCC1,10.1021/jm0506221,16392813,1,False,True,pending_dual_review,quarantined_before_evidence_review,generic_scaffold_overlaps_model_selection
BDB-50410658,50410658,CCCn1c(=O)c2[nH]c(-c3ccc(OCC(=O)Nc4ccc(OC)cc4)cc3)c(Cl)c2n(CCC)c1=O,JTHKBXNYHRMGKJ-UHFFFAOYSA-N,CC(CCC1CCC(C2CC3CC(C)CC(C)C3C2)CC1)CC1CCCCC1,10.1021/jm0506221,16392813,1,False,True,pending_dual_review,quarantined_before_evidence_review,generic_scaffold_overlaps_model_selection
BDB-50410659,50410659,CCCn1c(=O)c2[nH]c(-c3ccc(OCC(=O)Nc4ccc(NC(C)=O)cc4)cc3)cc2n(CCC)c1=O,PYVWMBHGWIEVTH-UHFFFAOYSA-N,CC(CCC1CCC(C2CC3CC(C)CC(C)C3C2)CC1)CC1CCCCC1,10.1021/jm0506221,16392813,1,False,True,pending_dual_review,quarantined_before_evidence_review,generic_scaffold_overlaps_model_selection
BDB-50410661,50410661,Cn1c(=O)c2[nH]c(-c3ccc(OCC(=O)Nc4ccc([N+](=O)[O-])cc4)cc3)cc2n(C)c1=O,VCPSPVGCIBZGCA-UHFFFAOYSA-N,CC(CCC1CCC(C2CC3CC(C)CC(C)C3C2)CC1)CC1CCCCC1,10.1021/jm0506221,16392813,1,False,True,pending_dual_review,quarantined_before_evidence_review,generic_scaffold_overlaps_model_selection
BDB-50410663,50410663,Cn1c(=O)c2[nH]c(-c3ccc(OCC(=O)Nc4ccc(C#N)cc4)cc3)cc2n(C)c1=O,CBNXOSCGWXMGTB-UHFFFAOYSA-N,CC(CCC1CCC(C2CC3CC(C)CC(C)C3C2)CC1)CC1CCCCC1,10.1021/jm0506221,16392813,1,True,True,pending_dual_review,quarantined_before_evidence_review,exact_structure_previously_visible|generic_scaffold_overlaps_model_selection
BDB-50410664,50410664,CCn1c(=O)c2[nH]c(-c3ccc(OCC(=O)Nc4ccccc4)cc3)cc2n(CC)c1=O,BDLFZJSJPYPKOZ-UHFFFAOYSA-N,CC(CCC1CCC(C2CC3CC(C)CC(C)C3C2)CC1)CC1CCCCC1,10.1021/jm0506221,16392813,1,False,True,pending_dual_review,quarantined_before_evidence_review,generic_scaffold_overlaps_model_selection
BDB-50410666,50410666,CCCn1c(=O)c2[nH]c(-c3ccc(OCC(=O)Nc4ccc(Br)cc4)cc3)c(Cl)c2n(CCC)c1=O,KJNHVJLVNQWDOB-UHFFFAOYSA-N,CC(CCC1CCC(C2CC3CC(C)CC(C)C3C2)CC1)CC1CCCCC1,10.1021/jm0506221,16392813,1,False,True,pending_dual_review,quarantined_before_evidence_review,generic_scaffold_overlaps_model_selection
BDB-50410667,50410667,COc1cc(OCC(=O)Nc2ccc(Br)cc2)ccc1-c1cc2c([nH]1)c(=O)n(C)c(=O)n2C,FDOSHTFSNUWZRF-UHFFFAOYSA-N,CC(CCC1CCC(C2CC3CC(C)CC(C)C3C2)CC1)CC1CCCCC1,10.1021/jm0506221,16392813,1,True,True,pending_dual_review,quarantined_before_evidence_review,exact_structure_previously_visible|generic_scaffold_overlaps_model_selection
BDB-50410669,50410669,CCCn1c(=O)c2[nH]c(-c3ccc(OCC(=O)Nc4ccc(C(C)(C)C)cc4)cc3)cc2n(CCC)c1=O,CATPTKAYOJQNBR-UHFFFAOYSA-N,CC(CCC1CCC(C2CC3CC(C)CC(C)C3C2)CC1)CC1CCCCC1,10.1021/jm0506221,16392813,1,False,True,pending_dual_review,quarantined_before_evidence_review,generic_scaffold_overlaps_model_selection
BDB-50410670,50410670,Cn1c(=O)c2[nH]c(-c3ccc(OCC(=O)Nc4ccc(F)cc4)cc3)cc2n(C)c1=O,OTTHALQEWXGENA-UHFFFAOYSA-N,CC(CCC1CCC(C2CC3CC(C)CC(C)C3C2)CC1)CC1CCCCC1,10.1021/jm0506221,16392813,1,True,True,pending_dual_review,quarantined_before_evidence_review,exact_structure_previously_visible|generic_scaffold_overlaps_model_selection
BDB-50410672,50410672,CCCn1c(=O)c2[nH]c(-c3ccc(OCC(=O)Nc4ccccc4)cc3)cc2n(C)c1=O,XKJVLEUGGMTMES-UHFFFAOYSA-N,CC(CCC1CCC(C2CC3CC(C)CC(C)C3C2)CC1)CC1CCCCC1,10.1021/jm0506221,16392813,1,False,True,pending_dual_review,quarantined_before_evidence_review,generic_scaffold_overlaps_model_selection
BDB-50410674,50410674,CC(Oc1ccc(-c2cc3c([nH]2)c(=O)n(C)c(=O)n3C)cc1)C(=O)Nc1ccccc1,YRHPMZVDWXFYJY-UHFFFAOYSA-N,CC(CCC1CCC(C2CC3CC(C)CC(C)C3C2)CC1)CC1CCCCC1,10.1021/jm0506221,16392813,1,False,True,pending_dual_review,quarantined_before_evidence_review,generic_scaffold_overlaps_model_selection
BDB-50410675,50410675,CCCn1c(=O)n(C)c(=O)c2[nH]c(-c3ccc(OCC(=O)Nc4ccc(F)cc4)cc3)cc21,GAWYCBYRYBDZFT-UHFFFAOYSA-N,CC(CCC1CCC(C2CC3CC(C)CC(C)C3C2)CC1)CC1CCCCC1,10.1021/jm0506221,16392813,1,False,True,pending_dual_review,quarantined_before_evidence_review,generic_scaffold_overlaps_model_selection
BDB-50410677,50410677,CCCn1c(=O)c2[nH]c(-c3ccc(OCC(=O)Nc4cc(OC)nc(OC)n4)cc3)cc2n(CCC)c1=O,GPFAWXMAIJMLRE-UHFFFAOYSA-N,CC(CCC1CCC(C2CC3CC(C)CC(C)C3C2)CC1)CC1CCCCC1,10.1021/jm0506221,16392813,1,False,True,pending_dual_review,quarantined_before_evidence_review,generic_scaffold_overlaps_model_selection
BDB-50410679,50410679,COc1cc(-c2cc3c([nH]2)c(=O)n(C)c(=O)n3C)ccc1OCC(=O)Nc1ccccc1,HKTMAHFYXSEAQB-UHFFFAOYSA-N,CC(CCC1CCC(C2CC3CC(C)CC(C)C3C2)CC1)CC1CCCCC1,10.1021/jm0506221,16392813,1,False,True,pending_dual_review,quarantined_before_evidence_review,generic_scaffold_overlaps_model_selection
BDB-50410680,50410680,CCCn1c(=O)c2[nH]c(-c3ccc(OCC(=O)Nc4ccccc4)cc3)cc2n(CCC)c1=O,LKJSFFJBVQESFA-UHFFFAOYSA-N,CC(CCC1CCC(C2CC3CC(C)CC(C)C3C2)CC1)CC1CCCCC1,10.1021/jm0506221,16392813,1,False,True,pending_dual_review,quarantined_before_evidence_review,generic_scaffold_overlaps_model_selection
BDB-50410681,50410681,CCCn1c(=O)c2[nH]c(-c3ccc(OCC(=O)Nc4ccc(F)cc4)cc3)c(Cl)c2n(CCC)c1=O,CEBZSDJFTQSKNB-UHFFFAOYSA-N,CC(CCC1CCC(C2CC3CC(C)CC(C)C3C2)CC1)CC1CCCCC1,10.1021/jm0506221,16392813,1,False,True,pending_dual_review,quarantined_before_evidence_review,generic_scaffold_overlaps_model_selection
BDB-50410683,50410683,CCCn1c(=O)c2[nH]c(-c3ccc(OC(CC)C(=O)Nc4ccc(Br)cc4)cc3)cc2n(CCC)c1=O,ZVKQGJZAIYNFMS-UHFFFAOYSA-N,CC(CCC1CCC(C2CC3CC(C)CC(C)C3C2)CC1)CC1CCCCC1,10.1021/jm0506221,16392813,1,False,True,pending_dual_review,quarantined_before_evidence_review,generic_scaffold_overlaps_model_selection
BDB-50410686,50410686,CCCn1c(=O)c2[nH]c(-c3ccc(OCC(=O)Nc4ccc(OC)nc4)cc3)cc2n(C)c1=O,ZJIWYSVNLCZXDJ-UHFFFAOYSA-N,CC(CCC1CCC(C2CC3CC(C)CC(C)C3C2)CC1)CC1CCCCC1,10.1021/jm0506221,16392813,1,False,True,pending_dual_review,quarantined_before_evidence_review,generic_scaffold_overlaps_model_selection
BDB-50410688,50410688,CCCn1c(=O)c2[nH]c(-c3ccc(OCC(=O)Nc4ccccc4Cl)cc3)c(Cl)c2n(CCC)c1=O,MNZDYPXDENLDQX-UHFFFAOYSA-N,CC(CCC1CCC(C2CC3CC(C)CC(C)C3C2)CC1)CC1CCCCC1,10.1021/jm0506221,16392813,1,False,True,pending_dual_review,quarantined_before_evidence_review,generic_scaffold_overlaps_model_selection
BDB-50410689,50410689,CCCn1c(=O)c2[nH]c(-c3ccc(OCC(=O)Nc4ccc(CC(=O)OCC)cc4)cc3)cc2n(CCC)c1=O,YDOCNTGWZZZOMO-UHFFFAOYSA-N,CC(CCC1CCC(C2CC3CC(C)CC(C)C3C2)CC1)CC1CCCCC1,10.1021/jm0506221,16392813,1,False,True,pending_dual_review,quarantined_before_evidence_review,generic_scaffold_overlaps_model_selection
BDB-50410691,50410691,CCCn1c(=O)c2[nH]c(-c3ccc(OCC(=O)Nc4ccc(-c5ccccc5)cc4)cc3)cc2n(C)c1=O,FTVRDQDWDBZPQP-UHFFFAOYSA-N,CC(CCC1CCC(C2CC3CC(C)CC(C)C3C2)CC1)CC1CCC(C2CCCCC2)CC1,10.1021/jm0506221,16392813,1,True,True,pending_dual_review,quarantined_before_evidence_review,exact_structure_previously_visible|generic_scaffold_overlaps_model_selection
BDB-50410692,50410692,CCCn1c(=O)c2[nH]c(-c3ccc(OCC(=O)Nc4ccc(F)cc4)cc3)cc2n(C)c1=O,NCVDREIDZXUDFC-UHFFFAOYSA-N,CC(CCC1CCC(C2CC3CC(C)CC(C)C3C2)CC1)CC1CCCCC1,10.1021/jm0506221,16392813,1,False,True,pending_dual_review,quarantined_before_evidence_review,generic_scaffold_overlaps_model_selection
BDB-50410694,50410694,CCCn1c(=O)c2[nH]c(-c3ccc(OC(C)C(=O)Nc4ccccc4)cc3)cc2n(CCC)c1=O,JJIOOGLZSLOLRQ-UHFFFAOYSA-N,CC(CCC1CCC(C2CC3CC(C)CC(C)C3C2)CC1)CC1CCCCC1,10.1021/jm0506221,16392813,1,False,True,pending_dual_review,quarantined_before_evidence_review,generic_scaffold_overlaps_model_selection
BDB-50410695,50410695,CCCn1c(=O)c2[nH]c(-c3ccc(OCC(=O)Nc4ccc(C=O)cc4)cc3)cc2n(CCC)c1=O,VXGGLXCOAJWAPF-UHFFFAOYSA-N,CC(CCC1CCC(C2CC3CC(C)CC(C)C3C2)CC1)CC1CCCCC1,10.1021/jm0506221,16392813,1,False,True,pending_dual_review,quarantined_before_evidence_review,generic_scaffold_overlaps_model_selection
BDB-50410696,50410696,CCCn1c(=O)c2[nH]c(-c3ccc(OCC(=O)Nc4ccc(O)cc4)cc3)cc2n(CCC)c1=O,RIQAZSHUWAMREQ-UHFFFAOYSA-N,CC(CCC1CCC(C2CC3CC(C)CC(C)C3C2)CC1)CC1CCCCC1,10.1021/jm0506221,16392813,1,False,True,pending_dual_review,quarantined_before_evidence_review,generic_scaffold_overlaps_model_selection
BDB-50410697,50410697,CC(Oc1ccc(-c2cc3c([nH]2)c(=O)n(C)c(=O)n3C)cc1)C(=O)Nc1ccc(Br)cc1,AHBFRDFGJZRTEK-UHFFFAOYSA-N,CC(CCC1CCC(C2CC3CC(C)CC(C)C3C2)CC1)CC1CCCCC1,10.1021/jm0506221,16392813,1,False,True,pending_dual_review,quarantined_before_evidence_review,generic_scaffold_overlaps_model_selection
BDB-50410699,50410699,CCCn1c(=O)c2[nH]c(-c3ccc(OCC(=O)Nc4ncccc4O)cc3)cc2n(CCC)c1=O,DRBWKAFKKDSUAN-UHFFFAOYSA-N,CC(CCC1CCC(C2CC3CC(C)CC(C)C3C2)CC1)CC1CCCCC1,10.1021/jm0506221,16392813,1,False,True,pending_dual_review,quarantined_before_evidence_review,generic_scaffold_overlaps_model_selection
BDB-50410700,50410700,COc1cc(-c2cc3c([nH]2)c(=O)n(C)c(=O)n3C)ccc1OCC(=O)Nc1ccc(Br)cc1,QMURZXBHECCACD-UHFFFAOYSA-N,CC(CCC1CCC(C2CC3CC(C)CC(C)C3C2)CC1)CC1CCCCC1,10.1021/jm0506221,16392813,1,False,True,pending_dual_review,quarantined_before_evidence_review,generic_scaffold_overlaps_model_selection
BDB-50410701,50410701,CCCn1c(=O)c2[nH]c(-c3ccc(OC(CC)C(=O)Nc4ccccc4)cc3)cc2n(CCC)c1=O,YTQVYBWYASCOSU-UHFFFAOYSA-N,CC(CCC1CCC(C2CC3CC(C)CC(C)C3C2)CC1)CC1CCCCC1,10.1021/jm0506221,16392813,1,False,True,pending_dual_review,quarantined_before_evidence_review,generic_scaffold_overlaps_model_selection
BDB-50410702,50410702,COc1cc(OCC(=O)Nc2ccc(F)cc2)ccc1-c1cc2c([nH]1)c(=O)n(C)c(=O)n2C,YRDFTGHYBMXMJX-UHFFFAOYSA-N,CC(CCC1CCC(C2CC3CC(C)CC(C)C3C2)CC1)CC1CCCCC1,10.1021/jm0506221,16392813,1,False,True,pending_dual_review,quarantined_before_evidence_review,generic_scaffold_overlaps_model_selection
BDB-50410703,50410703,CCCn1c(=O)c2[nH]c(-c3ccc(OCC(=O)Nc4ccc(C(C)=O)cc4)cc3)c(Cl)c2n(CCC)c1=O,XMBROSDRBABBEI-UHFFFAOYSA-N,CC(CCC1CCC(C2CC3CC(C)CC(C)C3C2)CC1)CC1CCCCC1,10.1021/jm0506221,16392813,1,False,True,pending_dual_review,quarantined_before_evidence_review,generic_scaffold_overlaps_model_selection
BDB-50410705,50410705,CCCn1c(=O)n(C)c(=O)c2[nH]c(-c3ccc(OCC(=O)Nc4ccccc4)cc3)cc21,PGTXFPCYELLJBT-UHFFFAOYSA-N,CC(CCC1CCC(C2CC3CC(C)CC(C)C3C2)CC1)CC1CCCCC1,10.1021/jm0506221,16392813,1,False,True,pending_dual_review,quarantined_before_evidence_review,generic_scaffold_overlaps_model_selection
BDB-50410706,50410706,CCCn1c(=O)c2[nH]c(-c3ccc(OCC(=O)Nc4ccc(CC#N)cc4)cc3)cc2n(CCC)c1=O,JAOIGADLYQLIKJ-UHFFFAOYSA-N,CC(CCC1CCC(C2CC3CC(C)CC(C)C3C2)CC1)CC1CCCCC1,10.1021/jm0506221,16392813,1,False,True,pending_dual_review,quarantined_before_evidence_review,generic_scaffold_overlaps_model_selection
BDB-50410708,50410708,CCCn1c(=O)c2[nH]c(-c3ccc(OCC(=O)Nc4ccccn4)cc3)cc2n(CCC)c1=O,MKJDYAUCMPAWMT-UHFFFAOYSA-N,CC(CCC1CCC(C2CC3CC(C)CC(C)C3C2)CC1)CC1CCCCC1,10.1021/jm0506221,16392813,1,False,True,pending_dual_review,quarantined_before_evidence_review,generic_scaffold_overlaps_model_selection
BDB-50410709,50410709,CCCn1c(=O)c2[nH]c(-c3ccc(N(C=O)CC(=O)Nc4ccc(Br)cc4)cc3)cc2n(CCC)c1=O,ZEHWFMJMZOZIAM-UHFFFAOYSA-N,CC(CCC1CCC(C2CC3CC(C)CC(C)C3C2)CC1)CC1CCCCC1,10.1021/jm0506221,16392813,1,False,True,pending_dual_review,quarantined_before_evidence_review,generic_scaffold_overlaps_model_selection
BDB-50410712,50410712,CCCn1c(=O)c2[nH]c(-c3ccc(OCC(=O)Nc4ccccc4O)cc3)cc2n(CCC)c1=O,UPKPXBLLHMEEHF-UHFFFAOYSA-N,CC(CCC1CCC(C2CC3CC(C)CC(C)C3C2)CC1)CC1CCCCC1,10.1021/jm0506221,16392813,1,False,True,pending_dual_review,quarantined_before_evidence_review,generic_scaffold_overlaps_model_selection
BDB-50410713,50410713,CCCn1c(=O)c2[nH]c(-c3ccc(OCC(=O)Nc4ccc(C(N)=O)cc4)cc3)cc2n(CCC)c1=O,GDABKDVNVSXWPP-UHFFFAOYSA-N,CC(CCC1CCC(C2CC3CC(C)CC(C)C3C2)CC1)CC1CCCCC1,10.1021/jm0506221,16392813,1,False,True,pending_dual_review,quarantined_before_evidence_review,generic_scaffold_overlaps_model_selection
BDB-50410714,50410714,CCCn1c(=O)c2[nH]c(-c3ccc(OCC(=O)Nc4ccc(C)cc4)cc3)c(Cl)c2n(CCC)c1=O,HFUXLUMUEISPCY-UHFFFAOYSA-N,CC(CCC1CCC(C2CC3CC(C)CC(C)C3C2)CC1)CC1CCCCC1,10.1021/jm0506221,16392813,1,False,True,pending_dual_review,quarantined_before_evidence_review,generic_scaffold_overlaps_model_selection
BDB-50410716,50410716,CCCn1c(=O)c2[nH]c(-c3cc(OCC(=O)c4ccc(Br)cc4)n(C)n3)nc2n(CCC)c1=O,YHPLRJJANVRWSC-UHFFFAOYSA-N,CC1CC(C)C2CC(C3CCC(CCC(C)C4CCCCC4)C3)CC2C1,10.1021/jm0506221,16392813,1,False,True,pending_dual_review,quarantined_before_evidence_review,generic_scaffold_overlaps_model_selection
BDB-50410717,50410717,CCCn1c(=O)c2[nH]c(-c3cc(OCC(=O)c4ccc(F)cc4)nn3C)nc2n(CCC)c1=O,BIRBAVBRZJXUON-UHFFFAOYSA-N,CC1CC(C)C2CC(C3CCC(CCC(C)C4CCCCC4)C3)CC2C1,10.1021/jm0506221,16392813,1,False,True,pending_dual_review,quarantined_before_evidence_review,generic_scaffold_overlaps_model_selection
BDB-50410718,50410718,Cn1c(=O)c2[nH]c(-c3ccc(OCC(=O)Nc4ccccc4)cc3)cc2n(C)c1=O,BUEJCBZTDZRXBI-UHFFFAOYSA-N,CC(CCC1CCC(C2CC3CC(C)CC(C)C3C2)CC1)CC1CCCCC1,10.1021/jm0506221,16392813,1,True,True,pending_dual_review,quarantined_before_evidence_review,exact_structure_previously_visible|generic_scaffold_overlaps_model_selection
BDB-50410720,50410720,CCCn1c(=O)c2[nH]c(-c3ccc(OCC(=O)Nc4ccc(OC)nc4)cc3)cc2n(CCC)c1=O,PFFCZHNKBAGBLM-UHFFFAOYSA-N,CC(CCC1CCC(C2CC3CC(C)CC(C)C3C2)CC1)CC1CCCCC1,10.1021/jm0506221,16392813,1,False,True,pending_dual_review,quarantined_before_evidence_review,generic_scaffold_overlaps_model_selection
BDB-50410722,50410722,CCCn1c(=O)c2[nH]c(-c3ccc(OCC(=O)Nc4ccc([N+](C)(C)C)cc4)cc3)cc2n(CCC)c1=O,OLFCLNQNUIIWPM-UHFFFAOYSA-O,CC(CCC1CCC(C2CC3CC(C)CC(C)C3C2)CC1)CC1CCCCC1,10.1021/jm0506221,16392813,1,False,True,pending_dual_review,quarantined_before_evidence_review,generic_scaffold_overlaps_model_selection
BDB-50410723,50410723,COc1cc(-c2cc3c([nH]2)c(=O)n(C)c(=O)n3C)ccc1OCC(=O)Nc1ccc(C#N)cc1,CZSIWCHSTUKTMN-UHFFFAOYSA-N,CC(CCC1CCC(C2CC3CC(C)CC(C)C3C2)CC1)CC1CCCCC1,10.1021/jm0506221,16392813,1,False,True,pending_dual_review,quarantined_before_evidence_review,generic_scaffold_overlaps_model_selection
BDB-50410724,50410724,CCCn1c(=O)c2[nH]c(-c3ccc(OCC(=O)Nc4ccc(F)cc4)cc3)cc2n(CCC)c1=O,ZYSDLLXOCRDCHJ-UHFFFAOYSA-N,CC(CCC1CCC(C2CC3CC(C)CC(C)C3C2)CC1)CC1CCCCC1,10.1021/jm0506221,16392813,1,False,True,pending_dual_review,quarantined_before_evidence_review,generic_scaffold_overlaps_model_selection
BDB-50410726,50410726,CCCn1c(=O)c2[nH]c(-c3cc(OCC(=O)c4ccc(F)cc4)n(C)n3)nc2n(CCC)c1=O,LCKHOECZFMZZQD-UHFFFAOYSA-N,CC1CC(C)C2CC(C3CCC(CCC(C)C4CCCCC4)C3)CC2C1,10.1021/jm0506221,16392813,1,False,True,pending_dual_review,quarantined_before_evidence_review,generic_scaffold_overlaps_model_selection
BDB-50410729,50410729,CCCn1c(=O)c2[nH]c(-c3ccc(OC(C)C(=O)Nc4ccc(OC)cc4)cc3)cc2n(CCC)c1=O,SYWJSKUGSUEULE-UHFFFAOYSA-N,CC(CCC1CCC(C2CC3CC(C)CC(C)C3C2)CC1)CC1CCCCC1,10.1021/jm0506221,16392813,1,False,True,pending_dual_review,quarantined_before_evidence_review,generic_scaffold_overlaps_model_selection
BDB-50410733,50410733,CCCn1c(=O)c2[nH]c(-c3ccc(OCC(=O)Nc4ccc(Cl)cc4)cc3)c(Cl)c2n(CCC)c1=O,MZJKREKPOJROSR-UHFFFAOYSA-N,CC(CCC1CCC(C2CC3CC(C)CC(C)C3C2)CC1)CC1CCCCC1,10.1021/jm0506221,16392813,1,False,True,pending_dual_review,quarantined_before_evidence_review,generic_scaffold_overlaps_model_selection
BDB-50410734,50410734,CCCn1c(=O)c2[nH]c(-c3ccc(OCC(=O)Nc4ccc(-c5ccccc5)cc4)cc3)cc2n(CCC)c1=O,KOFYMHLBWLOQCR-UHFFFAOYSA-N,CC(CCC1CCC(C2CC3CC(C)CC(C)C3C2)CC1)CC1CCC(C2CCCCC2)CC1,10.1021/jm0506221,16392813,1,False,True,pending_dual_review,quarantined_before_evidence_review,generic_scaffold_overlaps_model_selection
BDB-50410736,50410736,CCCn1c(=O)c2[nH]c(-c3ccc(OC(C)(C)C(=O)Nc4ccc(F)cc4)cc3)cc2n(CCC)c1=O,HUSMKCOFKJZSFR-UHFFFAOYSA-N,CC(CCC1CCC(C2CC3CC(C)CC(C)C3C2)CC1)CC1CCCCC1,10.1021/jm0506221,16392813,1,False,True,pending_dual_review,quarantined_before_evidence_review,generic_scaffold_overlaps_model_selection
BDB-50410737,50410737,CCCn1c(=O)c2[nH]c(-c3ccc(OCC(=O)Nc4ccc(I)cc4)cc3)cc2n(CCC)c1=O,PXXVUVOYJKDUKB-UHFFFAOYSA-N,CC(CCC1CCC(C2CC3CC(C)CC(C)C3C2)CC1)CC1CCCCC1,10.1021/jm0506221,16392813,1,False,True,pending_dual_review,quarantined_before_evidence_review,generic_scaffold_overlaps_model_selection
BDB-50410738,50410738,CCCn1c(=O)c2[nH]c(-c3cc(OCC(=O)c4ccc(C(C)=O)cc4)nn3C)nc2n(CCC)c1=O,UQXPXNBUKWHERA-UHFFFAOYSA-N,CC1CC(C)C2CC(C3CCC(CCC(C)C4CCCCC4)C3)CC2C1,10.1021/jm0506221,16392813,1,False,True,pending_dual_review,quarantined_before_evidence_review,generic_scaffold_overlaps_model_selection
BDB-50410740,50410740,CCCn1c(=O)c2[nH]c(-c3ccc(OCC(=O)Nc4ccc(C(=O)OCC)cc4)cc3)cc2n(CCC)c1=O,PGWPQGPURQYVJW-UHFFFAOYSA-N,CC(CCC1CCC(C2CC3CC(C)CC(C)C3C2)CC1)CC1CCCCC1,10.1021/jm0506221,16392813,1,False,True,pending_dual_review,quarantined_before_evidence_review,generic_scaffold_overlaps_model_selection
BDB-50410744,50410744,CCCn1c(=O)c2[nH]c(-c3ccc(OCC(=O)c4ccc(I)cc4)cn3)nc2n(CCC)c1=O,CCIQUWLWXAHDLL-UHFFFAOYSA-N,CC1CC(C)C2CC(C3CCC(CCC(C)C4CCCCC4)CC3)CC2C1,10.1021/jm0506221,16392813,1,False,True,pending_dual_review,quarantined_before_evidence_review,generic_scaffold_overlaps_model_selection
BDB-50410745,50410745,Cn1c(=O)c2[nH]c(-c3ccc(OCC(=O)Nc4ccc(CCN)cc4)cc3)cc2n(C)c1=O,LHMQNWPJSIWFLP-UHFFFAOYSA-N,CC(CCC1CCC(C2CC3CC(C)CC(C)C3C2)CC1)CC1CCCCC1,10.1021/jm0506221,16392813,1,False,True,pending_dual_review,quarantined_before_evidence_review,generic_scaffold_overlaps_model_selection
BDB-50410749,50410749,CCCn1c(=O)c2[nH]c(-c3ccc(OCC(=O)Nc4ccc(F)cc4)cc3)c(Br)c2n(CCC)c1=O,LWWOHEAOPXQSLD-UHFFFAOYSA-N,CC(CCC1CCC(C2CC3CC(C)CC(C)C3C2)CC1)CC1CCCCC1,10.1021/jm0506221,16392813,1,False,True,pending_dual_review,quarantined_before_evidence_review,generic_scaffold_overlaps_model_selection
BDB-50410752,50410752,CCCn1c(=O)c2[nH]c(-c3ccc(OCC(=O)Nc4ccccc4F)cc3)c(Cl)c2n(CCC)c1=O,YQXDRLYPDKTPAP-UHFFFAOYSA-N,CC(CCC1CCC(C2CC3CC(C)CC(C)C3C2)CC1)CC1CCCCC1,10.1021/jm0506221,16392813,1,False,True,pending_dual_review,quarantined_before_evidence_review,generic_scaffold_overlaps_model_selection
BDB-50410753,50410753,COc1cc(-c2cc3c([nH]2)c(=O)n(C)c(=O)n3C)ccc1OCC(=O)Nc1ccc(F)cc1,YZADYLANTDJQCH-UHFFFAOYSA-N,CC(CCC1CCC(C2CC3CC(C)CC(C)C3C2)CC1)CC1CCCCC1,10.1021/jm0506221,16392813,1,False,True,pending_dual_review,quarantined_before_evidence_review,generic_scaffold_overlaps_model_selection
BDB-50410758,50410758,COc1cc(OCC(=O)Nc2ccccc2)ccc1-c1cc2c([nH]1)c(=O)n(C)c(=O)n2C,QDVXPLSCDFEVDT-UHFFFAOYSA-N,CC(CCC1CCC(C2CC3CC(C)CC(C)C3C2)CC1)CC1CCCCC1,10.1021/jm0506221,16392813,1,False,True,pending_dual_review,quarantined_before_evidence_review,generic_scaffold_overlaps_model_selection
BDB-50410759,50410759,CCCn1c(=O)c2[nH]c(-c3ccc(OCC(=O)Nc4ccccc4)cc3)c(Cl)c2n(CCC)c1=O,DPZXZYXYORFFKR-UHFFFAOYSA-N,CC(CCC1CCC(C2CC3CC(C)CC(C)C3C2)CC1)CC1CCCCC1,10.1021/jm0506221,16392813,1,False,True,pending_dual_review,quarantined_before_evidence_review,generic_scaffold_overlaps_model_selection
BDB-50410760,50410760,CCCn1c(=O)c2[nH]c(-c3ccc(OCC(=O)Nc4ccccc4)cc3)c(Br)c2n(CCC)c1=O,WDMPGMACHIQWFR-UHFFFAOYSA-N,CC(CCC1CCC(C2CC3CC(C)CC(C)C3C2)CC1)CC1CCCCC1,10.1021/jm0506221,16392813,1,False,True,pending_dual_review,quarantined_before_evidence_review,generic_scaffold_overlaps_model_selection
BDB-50410761,50410761,CCCn1c(=O)c2[nH]c(-c3ccc(OCC(=O)Nc4ccc(OC)cc4)cc3)cc2n(CCC)c1=O,OYEIVOSTIBNOSC-UHFFFAOYSA-N,CC(CCC1CCC(C2CC3CC(C)CC(C)C3C2)CC1)CC1CCCCC1,10.1021/jm0506221,16392813,1,False,True,pending_dual_review,quarantined_before_evidence_review,generic_scaffold_overlaps_model_selection
BDB-50410762,50410762,CCCn1c(=O)c2[nH]c(-c3ccc(OCC(=O)Nc4ccc(C)cn4)cc3)cc2n(CCC)c1=O,CCJMWBUVFYXMOJ-UHFFFAOYSA-N,CC(CCC1CCC(C2CC3CC(C)CC(C)C3C2)CC1)CC1CCCCC1,10.1021/jm0506221,16392813,1,False,True,pending_dual_review,quarantined_before_evidence_review,generic_scaffold_overlaps_model_selection
BDB-50410766,50410766,CCCn1c(=O)c2[nH]c(-c3ccc(OCC(=O)Nc4ccc(OC(F)(F)F)cc4)cc3)cc2n(CCC)c1=O,OHWWIWAQNOEJKA-UHFFFAOYSA-N,CC(CCC1CCC(C2CC3CC(C)CC(C)C3C2)CC1)CC1CCCCC1,10.1021/jm0506221,16392813,1,False,True,pending_dual_review,quarantined_before_evidence_review,generic_scaffold_overlaps_model_selection
BDB-50410767,50410767,CCCn1c(=O)c2[nH]c(-c3cc(OCC(=O)c4ccc(C)cc4)nn3C)nc2n(CCC)c1=O,GFOSJTAXXOQMHZ-UHFFFAOYSA-N,CC1CC(C)C2CC(C3CCC(CCC(C)C4CCCCC4)C3)CC2C1,10.1021/jm0506221,16392813,1,False,True,pending_dual_review,quarantined_before_evidence_review,generic_scaffold_overlaps_model_selection
BDB-50410769,50410769,COCCCn1c(=O)n(C)c(=O)c2[nH]c(-c3ccc(OCC(=O)Nc4ccccc4)cc3)cc21,SQPXFKAIIGBCGI-UHFFFAOYSA-N,CC(CCC1CCC(C2CC3CC(C)CC(C)C3C2)CC1)CC1CCCCC1,10.1021/jm0506221,16392813,1,False,True,pending_dual_review,quarantined_before_evidence_review,generic_scaffold_overlaps_model_selection
BDB-50410770,50410770,CCCn1c(=O)c2[nH]c(-c3cc(OCC(=O)c4ccc(Br)cc4)nn3C)nc2n(CCC)c1=O,XBCMRZOAQOXJGJ-UHFFFAOYSA-N,CC1CC(C)C2CC(C3CCC(CCC(C)C4CCCCC4)C3)CC2C1,10.1021/jm0506221,16392813,1,False,True,pending_dual_review,quarantined_before_evidence_review,generic_scaffold_overlaps_model_selection
BDB-50410772,50410772,CCCn1c(=O)c2[nH]c(-c3ccc(OC(C)(C)C(=O)Nc4ccccc4)cc3)cc2n(CCC)c1=O,JDLAMKGHPDKFSU-UHFFFAOYSA-N,CC(CCC1CCC(C2CC3CC(C)CC(C)C3C2)CC1)CC1CCCCC1,10.1021/jm0506221,16392813,1,False,True,pending_dual_review,quarantined_before_evidence_review,generic_scaffold_overlaps_model_selection
BDB-50410773,50410773,CCn1c(=O)c2[nH]c(-c3ccc(OCC(=O)Nc4ccc(C#N)cc4)cc3)cc2n(CC)c1=O,AJVYKTWTYTZZBL-UHFFFAOYSA-N,CC(CCC1CCC(C2CC3CC(C)CC(C)C3C2)CC1)CC1CCCCC1,10.1021/jm0506221,16392813,1,False,True,pending_dual_review,quarantined_before_evidence_review,generic_scaffold_overlaps_model_selection
BDB-50410774,50410774,CCCn1c(=O)c2[nH]c(-c3ccc(OC(CC)C(=O)Nc4ccc(F)cc4)cc3)cc2n(CCC)c1=O,MLOKMUUSEUIIGH-UHFFFAOYSA-N,CC(CCC1CCC(C2CC3CC(C)CC(C)C3C2)CC1)CC1CCCCC1,10.1021/jm0506221,16392813,1,False,True,pending_dual_review,quarantined_before_evidence_review,generic_scaffold_overlaps_model_selection
BDB-50413803,50413803,CCNC(=O)C1OC(n2cnc3c(NC4CCCC4)nc(Cl)nc32)C(O)C1O,WUKVYEJUMZSHDS-UHFFFAOYSA-N,C1CCC(CC2CCCC3C(C4CCCC4)CCC23)C1,10.1021/acs.jmedchem.7b00457,28590753,1,False,True,pending_dual_review,quarantined_before_evidence_review,generic_scaffold_overlaps_model_selection
BDB-50414351,50414351,CCn1c(=O)c2[nH]c(-c3ccc(OCC(=O)Nc4ccc(C(C)=O)cc4)cc3)nc2n(CCCOC)c1=O,AKZIEFVYNBPYOK-UHFFFAOYSA-N,CC(CCC1CCC(C2CC3CC(C)CC(C)C3C2)CC1)CC1CCCCC1,10.1016/j.bmc.2009.03.029,19346133,1,False,True,pending_dual_review,quarantined_before_evidence_review,generic_scaffold_overlaps_model_selection
BDB-50414352,50414352,CCn1c(=O)c2[nH]c(-c3ccc(OCC(=O)Nc4cccnc4)cc3)nc2n(CCCOC)c1=O,ATJXEJOSDSEZMI-UHFFFAOYSA-N,CC(CCC1CCC(C2CC3CC(C)CC(C)C3C2)CC1)CC1CCCCC1,10.1016/j.bmc.2009.03.029,19346133,1,False,True,pending_dual_review,quarantined_before_evidence_review,generic_scaffold_overlaps_model_selection
BDB-50414353,50414353,CCn1c(=O)c2[nH]c(-c3ccc(OCC(=O)Nc4ccc(Br)cc4)cc3)nc2n(CCCOC)c1=O,TYIPNKRSYTVPNP-UHFFFAOYSA-N,CC(CCC1CCC(C2CC3CC(C)CC(C)C3C2)CC1)CC1CCCCC1,10.1016/j.bmc.2009.03.029,19346133,1,False,True,pending_dual_review,quarantined_before_evidence_review,generic_scaffold_overlaps_model_selection
BDB-50414354,50414354,CCn1c(=O)c2[nH]c(-c3ccc(OCC(=O)Nc4ccc(F)cc4)cc3)nc2n(CCCOC)c1=O,WVNGOVBNOFPUTI-UHFFFAOYSA-N,CC(CCC1CCC(C2CC3CC(C)CC(C)C3C2)CC1)CC1CCCCC1,10.1016/j.bmc.2009.03.029,19346133,1,False,True,pending_dual_review,quarantined_before_evidence_review,generic_scaffold_overlaps_model_selection
BDB-50414355,50414355,CCn1c(=O)c2[nH]c(-c3ccc(OCC(=O)Nc4ccccc4)cc3)nc2n(CCCOC)c1=O,UKKHUVHUTYWSMN-UHFFFAOYSA-N,CC(CCC1CCC(C2CC3CC(C)CC(C)C3C2)CC1)CC1CCCCC1,10.1016/j.bmc.2009.03.029,19346133,1,False,True,pending_dual_review,quarantined_before_evidence_review,generic_scaffold_overlaps_model_selection
BDB-50414358,50414358,CCn1c(=O)c2[nH]c(-c3ccc(OCC(=O)Nc4ccc(C#N)cc4)cc3)nc2n(CCCOC)c1=O,IGNMITXEGXOEGD-UHFFFAOYSA-N,CC(CCC1CCC(C2CC3CC(C)CC(C)C3C2)CC1)CC1CCCCC1,10.1016/j.bmc.2009.03.029,19346133,1,False,True,pending_dual_review,quarantined_before_evidence_review,generic_scaffold_overlaps_model_selection
BDB-50414359,50414359,CCn1c(=O)c2[nH]c(-c3ccc(OCC(=O)Nc4ccc(N(C)C)cc4)cc3)nc2n(CCCOC)c1=O,KQMNNGBXJHFJAC-UHFFFAOYSA-N,CC(CCC1CCC(C2CC3CC(C)CC(C)C3C2)CC1)CC1CCCCC1,10.1016/j.bmc.2009.03.029,19346133,1,False,True,pending_dual_review,quarantined_before_evidence_review,generic_scaffold_overlaps_model_selection
BDB-50414360,50414360,CCn1c(=O)c2[nH]c(-c3ccc(OCC(=O)Nc4ccc(O)cc4)cc3)nc2n(CCCOC)c1=O,AKVYMVYDFPHFKS-UHFFFAOYSA-N,CC(CCC1CCC(C2CC3CC(C)CC(C)C3C2)CC1)CC1CCCCC1,10.1016/j.bmc.2009.03.029,19346133,1,False,True,pending_dual_review,quarantined_before_evidence_review,generic_scaffold_overlaps_model_selection
BDB-50414362,50414362,CCn1c(=O)c2[nH]c(-c3ccc(OCC(=O)Nc4ccccn4)cc3)nc2n(CCCOC)c1=O,OOAIRISUHIUXCU-UHFFFAOYSA-N,CC(CCC1CCC(C2CC3CC(C)CC(C)C3C2)CC1)CC1CCCCC1,10.1016/j.bmc.2009.03.029,19346133,1,False,True,pending_dual_review,quarantined_before_evidence_review,generic_scaffold_overlaps_model_selection
BDB-50414364,50414364,CCSCCn1c(=O)c2[nH]c(-c3ccco3)nc2n(CCCOC)c1=O,KXXRRDFSLRCYCX-UHFFFAOYSA-N,CC1CC(C)C2CC(C3CCCC3)CC2C1,10.1016/j.bmc.2009.03.029,19346133,1,False,True,pending_dual_review,quarantined_before_evidence_review,generic_scaffold_overlaps_model_selection
BDB-50414365,50414365,CCCn1c(=O)c2[nH]c(-c3ccc[nH]3)nc2n(CCCOC)c1=O,JOYKULOTNFAOOF-UHFFFAOYSA-N,CC1CC(C)C2CC(C3CCCC3)CC2C1,10.1016/j.bmc.2009.03.029,19346133,1,False,True,pending_dual_review,quarantined_before_evidence_review,generic_scaffold_overlaps_model_selection
BDB-50414367,50414367,CCn1c(=O)c2[nH]c(-c3ccc[nH]3)nc2n(CCCOC)c1=O,OJAVXLNLLQMITF-UHFFFAOYSA-N,CC1CC(C)C2CC(C3CCCC3)CC2C1,10.1016/j.bmc.2009.03.029,19346133,1,False,True,pending_dual_review,quarantined_before_evidence_review,generic_scaffold_overlaps_model_selection
BDB-50414369,50414369,CCn1c(=O)c2[nH]c(-c3cccs3)nc2n(CCCOC)c1=O,OBRVOWCZMFMSMJ-UHFFFAOYSA-N,CC1CC(C)C2CC(C3CCCC3)CC2C1,10.1016/j.bmc.2009.03.029,19346133,1,False,True,pending_dual_review,quarantined_before_evidence_review,generic_scaffold_overlaps_model_selection
BDB-50414370,50414370,CCn1c(=O)c2[nH]c(-c3ccco3)nc2n(CCCOC)c1=O,FKUNKKPKGGEJHK-UHFFFAOYSA-N,CC1CC(C)C2CC(C3CCCC3)CC2C1,10.1016/j.bmc.2009.03.029,19346133,1,False,True,pending_dual_review,quarantined_before_evidence_review,generic_scaffold_overlaps_model_selection
BDB-50415881,50415881,Cc1ccc(-c2nc(C(=O)Nc3ccccn3)c3n2CCCCC3)cc1,KYSFTXJTWSDCSC-UHFFFAOYSA-N,CC(CC1CCCCC1)C1CC(C2CCCCC2)C2CCCCCC12,10.1016/j.bmc.2010.03.048,20382540,2,True,True,pending_dual_review,quarantined_before_evidence_review,exact_structure_previously_visible|generic_scaffold_overlaps_model_selection
BDB-50416330,50416330,CCCn1c(=O)[nH]c2cc(-c3ccc(OCC(=O)Nc4ccc(F)cc4)cc3)[nH]c2c1=O,RJEUVUWMGWNOOY-UHFFFAOYSA-N,CC(CCC1CCC(C2CC3CC(C)CC(C)C3C2)CC1)CC1CCCCC1,10.1016/j.ejmech.2010.03.011,20371139,1,False,True,pending_dual_review,quarantined_before_evidence_review,generic_scaffold_overlaps_model_selection
BDB-50418842,50418842,Nc1nc(-c2ccccc2O)nc(N2Cc3ccc(F)cc3C2)n1,PVDILSXPBZQZOY-UHFFFAOYSA-N,C1CCC(C2CCCC(C3CC4CCCCC4C3)C2)CC1,10.1021/jm2003798,21661720,1,True,False,pending_dual_review,quarantined_before_evidence_review,exact_structure_previously_visible
BDB-50426713,50426713,COc1ccc(CN=Nc2nc(N)c3ncn([C@@H]4O[C@H](CO)[C@@H](O)[C@H]4O)c3n2)cc1,HXRNPPRITCUVAN-LSCFUAHRSA-N,C1CCC(CCCC2CCC3CCC(C4CCCC4)C3C2)CC1,10.1016/j.bmc.2012.11.021,23245803,1,False,True,pending_dual_review,quarantined_before_evidence_review,generic_scaffold_overlaps_model_selection
BDB-50427585,50427585,Nc1nc(-c2ccccc2)nc2cn(-c3ccccc3)nc12,OSXQTDKHWVGIFS-UHFFFAOYSA-N,C1CCC(C2CCC3CC(C4CCCCC4)CC3C2)CC1,10.1016/j.bmc.2016.04.048|10.1016/j.ejmech.2014.07.060|10.1016/j.ejmech.2015.11.015|10.1021/jm400068e,23427825|25063944|26638043|27161878,4,False,True,pending_dual_review,quarantined_before_evidence_review,generic_scaffold_overlaps_model_selection
BDB-50449635,50449635,Nc1nc(NCc2ccncc2)nc2sc(-c3ccco3)nc12,KHTVOKLHZZCRHX-UHFFFAOYSA-N,C1CCC(CCC2CCC3CC(C4CCCC4)CC3C2)CC1,10.1016/j.ejmech.2018.06.020,29909340,1,True,False,pending_dual_review,quarantined_before_evidence_review,exact_structure_previously_visible
BDB-50449637,50449637,Nc1nc(NCCc2cccnc2)nc2sc(-c3ccco3)nc12,XFDJFLKGEUUOAG-UHFFFAOYSA-N,C1CCC(CCCC2CCC3CC(C4CCCC4)CC3C2)CC1,10.1016/j.ejmech.2018.06.020,29909340,1,True,False,pending_dual_review,quarantined_before_evidence_review,exact_structure_previously_visible
BDB-50449638,50449638,COc1ccccc1CNc1nc(N)c2nc(-c3cccs3)sc2n1,VRCYNPYVXJBCSE-UHFFFAOYSA-N,C1CCC(CCC2CCC3CC(C4CCCC4)CC3C2)CC1,10.1016/j.ejmech.2018.06.020,29909340,1,True,False,pending_dual_review,quarantined_before_evidence_review,exact_structure_previously_visible
BDB-50449642,50449642,Nc1nc(NCCc2ccco2)nc2sc(-c3ccco3)nc12,JYTHVDBRJGGODY-UHFFFAOYSA-N,C1CCC(CCCC2CCC3CC(C4CCCC4)CC3C2)C1,10.1016/j.ejmech.2018.06.020,29909340,1,True,False,pending_dual_review,quarantined_before_evidence_review,exact_structure_previously_visible
BDB-50449643,50449643,Nc1nc(NCc2cccs2)nc2sc(-c3cccs3)nc12,USNKOSVFZIVLHG-UHFFFAOYSA-N,C1CCC(CCC2CCC3CC(C4CCCC4)CC3C2)C1,10.1016/j.ejmech.2018.06.020,29909340,1,True,False,pending_dual_review,quarantined_before_evidence_review,exact_structure_previously_visible
BDB-50449649,50449649,Nc1nc(NCc2ccsc2)nc2sc(-c3ccco3)nc12,PQWDMDZIOAGQDU-UHFFFAOYSA-N,C1CCC(CCC2CCC3CC(C4CCCC4)CC3C2)C1,10.1016/j.ejmech.2018.06.020,29909340,1,True,False,pending_dual_review,quarantined_before_evidence_review,exact_structure_previously_visible
BDB-50449650,50449650,Nc1nc(NCc2ccccn2)nc2sc(-c3ccco3)nc12,WEHYNQFWCGHDQS-UHFFFAOYSA-N,C1CCC(CCC2CCC3CC(C4CCCC4)CC3C2)CC1,10.1016/j.ejmech.2018.06.020,29909340,1,True,False,pending_dual_review,quarantined_before_evidence_review,exact_structure_previously_visible
BDB-50449651,50449651,Nc1nc(NCc2cnccn2)nc2sc(-c3ccco3)nc12,NHUDWRIFKGAOEZ-UHFFFAOYSA-N,C1CCC(CCC2CCC3CC(C4CCCC4)CC3C2)CC1,10.1016/j.ejmech.2018.06.020,29909340,1,True,False,pending_dual_review,quarantined_before_evidence_review,exact_structure_previously_visible
BDB-50452520,50452520,COc1cc(OC)cc(C(CNc2ncnc3c2ncn3[C@@H]2O[C@H](CO)[C@@H](O)[C@H]2O)c2ccccc2C)c1,BUHVIAUBTBOHAG-FOYDDCNASA-N,C1CCC(C(CCC2CCCC3C(C4CCCC4)CCC23)C2CCCCC2)CC1,10.1021/jm970084v,9258366,3,False,True,pending_dual_review,quarantined_before_evidence_review,generic_scaffold_overlaps_model_selection
BDB-50453216,50453216,CCCCCCC#Cc1nc(N)c2ncn([C@@H]3O[C@H](CO)[C@@H](O)[C@H]3O)c2n1,NVGGIHKSKVAPEY-XKLVTHTNSA-N,C1CCC2C(C1)CCC2C1CCCC1,10.1021/acs.jmedchem.5b00828|10.1021/jm00091a003,1619615|26356532,2,False,True,pending_dual_review,quarantined_before_evidence_review,generic_scaffold_overlaps_model_selection
BDB-50453221,50453221,CCCC#Cc1nc(N)c2ncn([C@@H]3O[C@H](CO)[C@@H](O)[C@H]3O)c2n1,LZDOYNUYPGJBBG-PMXXHBEXSA-N,C1CCC2C(C1)CCC2C1CCCC1,10.1021/jm00091a003,1619615,1,False,True,pending_dual_review,quarantined_before_evidence_review,generic_scaffold_overlaps_model_selection
BDB-50453222,50453222,CCCC#Cc1nc(N)c2ncn([C@@H]3O[C@H](C(=O)NCC)[C@@H](O)[C@H]3O)c2n1,FIZRNRNEIRBGSK-PFHKOEEOSA-N,C1CCC2C(C1)CCC2C1CCCC1,10.1021/jm00091a003,1619615,2,False,True,pending_dual_review,quarantined_before_evidence_review,generic_scaffold_overlaps_model_selection
BDB-50453223,50453223,CCCCCC#Cc1nc(N)c2ncn([C@@H]3O[C@H](CO)[C@@H](O)[C@H]3O)c2n1,YARMLJBLGAQULU-IWCJZZDYSA-N,C1CCC2C(C1)CCC2C1CCCC1,10.1021/jm00091a003,1619615,1,False,True,pending_dual_review,quarantined_before_evidence_review,generic_scaffold_overlaps_model_selection
BDB-50453224,50453224,CCCCC#Cc1nc(N)c2ncn([C@@H]3O[C@H](C(=O)NCC)[C@@H](O)[C@H]3O)c2n1,FDEACFAXFCKCHZ-MOROJQBDSA-N,C1CCC2C(C1)CCC2C1CCCC1,10.1021/jm00091a003,1619615,1,True,True,pending_dual_review,quarantined_before_evidence_review,exact_structure_previously_visible|generic_scaffold_overlaps_model_selection
BDB-50457084,50457084,Cn1c(=O)n(CCN2CCN(c3ccc(F)cc3F)CC2)c2nc(N)n3nc(-c4ccco4)nc3c21,VRROWBWSLINEDE-UHFFFAOYSA-N,CC1CC2C3CC(C4CCCC4)CC3CCC2C1CCC1CCC(C2CCCCC2)CC1,10.1021/acsmedchemlett.7b00175,28835798,2,True,True,pending_dual_review,quarantined_before_evidence_review,exact_structure_previously_visible|generic_scaffold_overlaps_model_selection
BDB-50457085,50457085,Cc1nc2cc(N3CCN(CCn4c(=O)n(C)c5c4nc(N)n4nc(-c6ccco6)nc54)CC3)c(F)cc2o1,HZAQUZWWTITTFO-UHFFFAOYSA-N,CC1CC2C3CC(C4CCCC4)CC3CCC2C1CCC1CCC(C2CCC3CCCC3C2)CC1,10.1021/acsmedchemlett.7b00175,28835798,2,True,True,pending_dual_review,quarantined_before_evidence_review,exact_structure_previously_visible|generic_scaffold_overlaps_model_selection
BDB-50457086,50457086,COCCOc1ccc(N2CCN(CCn3c(=O)n(C)c4c3nc(N)n3nc(-c5nccs5)nc43)CC2)cc1F,CQEIDBVNJDOWJV-UHFFFAOYSA-N,CC1CC2C3CC(C4CCCC4)CC3CCC2C1CCC1CCC(C2CCCCC2)CC1,10.1021/acsmedchemlett.7b00175,28835798,2,True,True,pending_dual_review,quarantined_before_evidence_review,exact_structure_previously_visible|generic_scaffold_overlaps_model_selection
BDB-50457087,50457087,COCCOc1ccc(N2CCN(CCn3c(=O)n(C)c4c3nc(N)n3nc(-c5ccco5)nc43)CC2)cc1,DZAZOXNQTRLVNU-UHFFFAOYSA-N,CC1CC2C3CC(C4CCCC4)CC3CCC2C1CCC1CCC(C2CCCCC2)CC1,10.1021/acsmedchemlett.7b00175,28835798,2,True,True,pending_dual_review,quarantined_before_evidence_review,exact_structure_previously_visible|generic_scaffold_overlaps_model_selection
BDB-50457088,50457088,COCCOc1ccc(N2CCN(CCn3c(=O)n(C)c4c3nc(N)n3nc(-c5nccs5)nc43)CC2)cc1,MGFKXUGZODTPSK-UHFFFAOYSA-N,CC1CC2C3CC(C4CCCC4)CC3CCC2C1CCC1CCC(C2CCCCC2)CC1,10.1021/acsmedchemlett.7b00175,28835798,2,True,True,pending_dual_review,quarantined_before_evidence_review,exact_structure_previously_visible|generic_scaffold_overlaps_model_selection
BDB-50457089,50457089,Cn1c(=O)n(CCN2CCN(c3nc(C(F)(F)F)cs3)CC2)c2nc(N)n3nc(-c4ccco4)nc3c21,YOXUINAHBUOBMU-UHFFFAOYSA-N,CC1CC2C3CC(C4CCCC4)CC3CCC2C1CCC1CCC(C2CCCC2)CC1,10.1021/acsmedchemlett.7b00175,28835798,2,True,True,pending_dual_review,quarantined_before_evidence_review,exact_structure_previously_visible|generic_scaffold_overlaps_model_selection
BDB-50457090,50457090,Cn1c(=O)n(CCN2CCN(c3ccc(C(F)(F)F)cc3)CC2)c2nc(N)n3nc(-c4ccco4)nc3c21,KTZXOBJQPKFGGC-UHFFFAOYSA-N,CC1CC2C3CC(C4CCCC4)CC3CCC2C1CCC1CCC(C2CCCCC2)CC1,10.1021/acsmedchemlett.7b00175,28835798,1,True,True,pending_dual_review,quarantined_before_evidence_review,exact_structure_previously_visible|generic_scaffold_overlaps_model_selection
BDB-50457091,50457091,Cn1c(=O)n(CCN2CCN(c3ccc(C#N)c(F)c3)CC2)c2nc(N)n3nc(-c4ccco4)nc3c21,UBIUQCJGWPZWLC-UHFFFAOYSA-N,CC1CC2C3CC(C4CCCC4)CC3CCC2C1CCC1CCC(C2CCCCC2)CC1,10.1021/acsmedchemlett.7b00175,28835798,2,True,True,pending_dual_review,quarantined_before_evidence_review,exact_structure_previously_visible|generic_scaffold_overlaps_model_selection
BDB-50457092,50457092,Cn1c(=O)n(CCN2CCN(c3ccc(OC4CCOCC4)cc3)CC2)c2nc(N)n3nc(-c4ccco4)nc3c21,VJHSRYVQSIZZOS-UHFFFAOYSA-N,CC1CC2C3CC(C4CCCC4)CC3CCC2C1CCC1CCC(C2CCC(CC3CCCCC3)CC2)CC1,10.1021/acsmedchemlett.7b00175,28835798,2,True,True,pending_dual_review,quarantined_before_evidence_review,exact_structure_previously_visible|generic_scaffold_overlaps_model_selection
BDB-50457093,50457093,Cn1c(=O)n(CCN2CCN(c3ccc(OC4CCOC4)cc3)CC2)c2nc(N)n3nc(-c4ccco4)nc3c21,KMMFUGMKQUTMNT-UHFFFAOYSA-N,CC1CC2C3CC(C4CCCC4)CC3CCC2C1CCC1CCC(C2CCC(CC3CCCC3)CC2)CC1,10.1021/acsmedchemlett.7b00175,28835798,2,True,True,pending_dual_review,quarantined_before_evidence_review,exact_structure_previously_visible|generic_scaffold_overlaps_model_selection
BDB-50457094,50457094,COCC(C)(C)Oc1ccc(N2CCN(CCn3c(=O)n(C)c4c3nc(N)n3nc(-c5ccco5)nc43)CC2)cc1,WTSGLQVSVKYTNF-UHFFFAOYSA-N,CC1CC2C3CC(C4CCCC4)CC3CCC2C1CCC1CCC(C2CCCCC2)CC1,10.1021/acsmedchemlett.7b00175,28835798,2,True,True,pending_dual_review,quarantined_before_evidence_review,exact_structure_previously_visible|generic_scaffold_overlaps_model_selection
BDB-50457095,50457095,COCCOc1ccc(N2CCN(CCn3c(=O)n(C)c4c3nc(N)n3nc(-c5ccco5)nc43)CC2)cc1F,YGFPIHVPJZOXLU-UHFFFAOYSA-N,CC1CC2C3CC(C4CCCC4)CC3CCC2C1CCC1CCC(C2CCCCC2)CC1,10.1021/acsmedchemlett.7b00175,28835798,1,True,True,pending_dual_review,quarantined_before_evidence_review,exact_structure_previously_visible|generic_scaffold_overlaps_model_selection
BDB-50457096,50457096,Cn1c(=O)n(CCN2CCN(c3ccc(OCCOC4CC4)cc3)CC2)c2nc(N)n3nc(-c4ccco4)nc3c21,ZDTKVDOJSNWXML-UHFFFAOYSA-N,CC1CC2C3CC(C4CCCC4)CC3CCC2C1CCC1CCC(C2CCC(CCCCC3CC3)CC2)CC1,10.1021/acsmedchemlett.7b00175,28835798,1,True,True,pending_dual_review,quarantined_before_evidence_review,exact_structure_previously_visible|generic_scaffold_overlaps_model_selection
BDB-50457097,50457097,Cn1c(=O)n(CCN2CCN(c3ccc(OC4CC4)cc3)CC2)c2nc(N)n3nc(-c4ccco4)nc3c21,DSELQYYUAIUYPA-UHFFFAOYSA-N,CC1CC2C3CC(C4CCCC4)CC3CCC2C1CCC1CCC(C2CCC(CC3CC3)CC2)CC1,10.1021/acsmedchemlett.7b00175,28835798,2,True,True,pending_dual_review,quarantined_before_evidence_review,exact_structure_previously_visible|generic_scaffold_overlaps_model_selection
BDB-50457098,50457098,COc1ccc(N2CCN(CCn3c(=O)n(C)c4c3nc(N)n3nc(-c5ccco5)nc43)CC2)c(F)c1,HOIVEVTUZZPZIY-UHFFFAOYSA-N,CC1CC2C3CC(C4CCCC4)CC3CCC2C1CCC1CCC(C2CCCCC2)CC1,10.1021/acsmedchemlett.7b00175,28835798,2,True,True,pending_dual_review,quarantined_before_evidence_review,exact_structure_previously_visible|generic_scaffold_overlaps_model_selection
BDB-50457099,50457099,COc1ccc(N2CCN(CCn3c(=O)n(C)c4c3nc(N)n3nc(-c5ccco5)nc43)CC2)cc1,LPZMPIQUFFANFR-UHFFFAOYSA-N,CC1CC2C3CC(C4CCCC4)CC3CCC2C1CCC1CCC(C2CCCCC2)CC1,10.1021/acsmedchemlett.7b00175,28835798,2,True,True,pending_dual_review,quarantined_before_evidence_review,exact_structure_previously_visible|generic_scaffold_overlaps_model_selection
BDB-50457100,50457100,Cc1ccc(N2CCN(CCn3c(=O)n(C)c4c3nc(N)n3nc(-c5ccco5)nc43)CC2)cc1,KQLMKDVBZAWJSH-UHFFFAOYSA-N,CC1CC2C3CC(C4CCCC4)CC3CCC2C1CCC1CCC(C2CCCCC2)CC1,10.1021/acsmedchemlett.7b00175,28835798,2,True,True,pending_dual_review,quarantined_before_evidence_review,exact_structure_previously_visible|generic_scaffold_overlaps_model_selection
BDB-50457101,50457101,COCCOc1cccc(N2CCN(CCn3c(=O)n(C)c4c3nc(N)n3nc(-c5ccco5)nc43)CC2)c1,OIYJVCAIUDLONL-UHFFFAOYSA-N,CC1CC2C3CC(C4CCCC4)CC3CCC2C1CCC1CCC(C2CCCCC2)CC1,10.1021/acsmedchemlett.7b00175,28835798,2,True,True,pending_dual_review,quarantined_before_evidence_review,exact_structure_previously_visible|generic_scaffold_overlaps_model_selection
BDB-50457102,50457102,COCCOc1cc(F)c(N2CCN(CCn3c(=O)n(C)c4c3nc(N)n3nc(-c5ccco5)nc43)CC2)cc1F,WWBGULQMSHETHZ-UHFFFAOYSA-N,CC1CC2C3CC(C4CCCC4)CC3CCC2C1CCC1CCC(C2CCCCC2)CC1,10.1021/acsmedchemlett.7b00175,28835798,2,True,True,pending_dual_review,quarantined_before_evidence_review,exact_structure_previously_visible|generic_scaffold_overlaps_model_selection
BDB-50457103,50457103,Cn1c(=O)n(CCN2CCN(c3ccc(OC(F)F)cc3)CC2)c2nc(N)n3nc(-c4ccco4)nc3c21,XWQJVBZFHWJDGX-UHFFFAOYSA-N,CC1CC2C3CC(C4CCCC4)CC3CCC2C1CCC1CCC(C2CCCCC2)CC1,10.1021/acsmedchemlett.7b00175,28835798,2,True,True,pending_dual_review,quarantined_before_evidence_review,exact_structure_previously_visible|generic_scaffold_overlaps_model_selection
BDB-50457104,50457104,Cc1ccc(N2CCN(CCn3c(=O)n(C)c4c3nc(N)n3nc(-c5ccco5)nc43)CC2)nc1,YJMHRFTVOKUYAI-UHFFFAOYSA-N,CC1CC2C3CC(C4CCCC4)CC3CCC2C1CCC1CCC(C2CCCCC2)CC1,10.1021/acsmedchemlett.7b00175,28835798,2,True,True,pending_dual_review,quarantined_before_evidence_review,exact_structure_previously_visible|generic_scaffold_overlaps_model_selection
BDB-50457105,50457105,Cn1c(=O)n(CCN2CCN(c3ccc(C#N)cc3)CC2)c2nc(N)n3nc(-c4ccco4)nc3c21,RWGBSTYGWOSDSQ-UHFFFAOYSA-N,CC1CC2C3CC(C4CCCC4)CC3CCC2C1CCC1CCC(C2CCCCC2)CC1,10.1021/acsmedchemlett.7b00175,28835798,2,True,True,pending_dual_review,quarantined_before_evidence_review,exact_structure_previously_visible|generic_scaffold_overlaps_model_selection
BDB-50457106,50457106,COc1ccc(N2CCN(CCn3c(=O)n(C)c4c3nc(N)n3nc(-c5ccco5)nc43)CC2)cn1,ABSWGCNVJMJCLU-UHFFFAOYSA-N,CC1CC2C3CC(C4CCCC4)CC3CCC2C1CCC1CCC(C2CCCCC2)CC1,10.1021/acsmedchemlett.7b00175,28835798,1,True,True,pending_dual_review,quarantined_before_evidence_review,exact_structure_previously_visible|generic_scaffold_overlaps_model_selection
BDB-50457107,50457107,COCC(C)Oc1ccc(N2CCN(CCn3c(=O)n(C)c4c3nc(N)n3nc(-c5ccco5)nc43)CC2)cc1,HURASBAMXINLCB-UHFFFAOYSA-N,CC1CC2C3CC(C4CCCC4)CC3CCC2C1CCC1CCC(C2CCCCC2)CC1,10.1021/acsmedchemlett.7b00175,28835798,2,True,True,pending_dual_review,quarantined_before_evidence_review,exact_structure_previously_visible|generic_scaffold_overlaps_model_selection
BDB-50457108,50457108,COCCOc1c(F)cc(N2CCN(CCn3c(=O)n(C)c4c3nc(N)n3nc(-c5ccco5)nc43)CC2)cc1F,CJVOWLOXUUZQRH-UHFFFAOYSA-N,CC1CC2C3CC(C4CCCC4)CC3CCC2C1CCC1CCC(C2CCCCC2)CC1,10.1021/acsmedchemlett.7b00175,28835798,1,True,True,pending_dual_review,quarantined_before_evidence_review,exact_structure_previously_visible|generic_scaffold_overlaps_model_selection
BDB-50458352,50458352,CCOc1ccc(-c2c(C#N)c(N)nc(SCc3ncc[nH]3)c2C#N)cc1,MIKJZSSGWVFBKS-UHFFFAOYSA-N,C1CCC(C2CCCC(CCC3CCCC3)C2)CC1,10.1016/j.ejmech.2018.02.081,29525433,1,False,True,pending_dual_review,quarantined_before_evidence_review,generic_scaffold_overlaps_model_selection
BDB-50464745,50464745,Nc1cc(-c2cccs2)c2oc(-c3ccco3)nc2c1,UVPGKVICQAMXGQ-UHFFFAOYSA-N,C1CCC(C2CC3CCCC(C4CCCC4)C3C2)C1,10.1016/j.ejmech.2017.12.007,29268131,1,False,True,pending_dual_review,quarantined_before_evidence_review,generic_scaffold_overlaps_model_selection
BDB-50464746,50464746,O=C(CN1CCCCC1)Nc1ccc2oc(-c3ccco3)nc2c1,YJKSXILGDKVDBO-UHFFFAOYSA-N,CC(CC1CCCCC1)CC1CCC2CC(C3CCCC3)CC2C1,10.1016/j.ejmech.2017.12.007,29268131|34695776,3,False,True,pending_dual_review,quarantined_before_evidence_review,generic_scaffold_overlaps_model_selection
BDB-50464747,50464747,O=C(CN1CCCCC1)Nc1cc(-c2ccco2)c2oc(-c3ccco3)nc2c1,HGXZSQKJGZKRPF-UHFFFAOYSA-N,CC(CC1CCCCC1)CC1CC2CC(C3CCCC3)CC2C(C2CCCC2)C1,10.1016/j.ejmech.2017.12.007,29268131,1,True,True,pending_dual_review,quarantined_before_evidence_review,exact_structure_previously_visible|generic_scaffold_overlaps_model_selection
BDB-50464748,50464748,Nc1cc(-c2ccco2)c2oc(-c3ccco3)nc2c1,CFHKTWHFWORIBL-UHFFFAOYSA-N,C1CCC(C2CC3CCCC(C4CCCC4)C3C2)C1,10.1016/j.ejmech.2017.12.007,29268131|34695776,2,True,True,pending_dual_review,quarantined_before_evidence_review,exact_structure_previously_visible|generic_scaffold_overlaps_model_selection
BDB-50464750,50464750,Nc1cc(NC(=O)CN2CCCCC2)cc2nc(-c3ccco3)oc12,DFHJRVMQONSFPQ-UHFFFAOYSA-N,CC(CC1CCCCC1)CC1CCC2CC(C3CCCC3)CC2C1,10.1016/j.ejmech.2017.12.007,29268131,1,True,True,pending_dual_review,quarantined_before_evidence_review,exact_structure_previously_visible|generic_scaffold_overlaps_model_selection
BDB-50464755,50464755,Nc1ccc2oc(-c3ccco3)nc2c1,BAPKXAQKALAXCW-UHFFFAOYSA-N,C1CCC(C2CC3CCCCC3C2)C1,10.1016/j.ejmech.2017.12.007,29268131|34695776,3,False,True,pending_dual_review,quarantined_before_evidence_review,generic_scaffold_overlaps_model_selection
BDB-50470458,50470458,CCOC(=O)c1cnc(OCC)n2nc(-c3ccco3)nc12,SWLCGYWFCAPFOH-UHFFFAOYSA-N,C1CCC(C2CC3CCCCC3C2)C1,10.1016/j.ejmech.2018.08.042,30144700,1,False,True,pending_dual_review,quarantined_before_evidence_review,generic_scaffold_overlaps_model_selection
BDB-50470465,50470465,CCOC(=O)CNC(=O)c1cnc(NCC(=O)OCC)n2nc(-c3ccco3)nc12,CBZSAPYLOYGFIZ-UHFFFAOYSA-N,C1CCC(C2CC3CCCCC3C2)C1,10.1016/j.ejmech.2018.08.042,30144700,1,False,True,pending_dual_review,quarantined_before_evidence_review,generic_scaffold_overlaps_model_selection
BDB-50470467,50470467,CC(C)(C)OC(=O)NCCNc1ncc(C(=O)O)c2nc(-c3ccco3)nn12,BGRXOIKLKVIKNN-UHFFFAOYSA-N,C1CCC(C2CC3CCCCC3C2)C1,10.1016/j.ejmech.2018.08.042,30144700,1,False,True,pending_dual_review,quarantined_before_evidence_review,generic_scaffold_overlaps_model_selection
BDB-50470472,50470472,CCOC(=O)c1cnc(NN)n2nc(-c3ccco3)nc12,LZRJTCLKARXZBF-UHFFFAOYSA-N,C1CCC(C2CC3CCCCC3C2)C1,10.1016/j.ejmech.2018.08.042,30144700,1,False,True,pending_dual_review,quarantined_before_evidence_review,generic_scaffold_overlaps_model_selection
BDB-50470473,50470473,CCOC(=O)c1cnc(NCCN)n2nc(-c3ccco3)nc12,HAUIGLJRHMGTNZ-UHFFFAOYSA-N,C1CCC(C2CC3CCCCC3C2)C1,10.1016/j.ejmech.2018.08.042,30144700,1,False,True,pending_dual_review,quarantined_before_evidence_review,generic_scaffold_overlaps_model_selection
BDB-50470475,50470475,CCOC(=O)c1cnc(NCCNC(=O)OC(C)(C)C)n2nc(-c3ccco3)nc12,HUFLEYUDQOMVLQ-UHFFFAOYSA-N,C1CCC(C2CC3CCCCC3C2)C1,10.1016/j.ejmech.2018.08.042,30144700,1,False,True,pending_dual_review,quarantined_before_evidence_review,generic_scaffold_overlaps_model_selection
BDB-50470487,50470487,CNc1ncc(C(=O)OC(C)C)c2nc(-c3ccco3)nn12,LPCDJQHFMKVKPZ-UHFFFAOYSA-N,C1CCC(C2CC3CCCCC3C2)C1,10.1016/j.ejmech.2018.08.042,30144700,1,False,True,pending_dual_review,quarantined_before_evidence_review,generic_scaffold_overlaps_model_selection
BDB-50470493,50470493,CCOC(=O)c1cnc(NNC(=O)OC(C)(C)C)n2nc(-c3ccco3)nc12,RXVGYNYYZNXLSR-UHFFFAOYSA-N,C1CCC(C2CC3CCCCC3C2)C1,10.1016/j.ejmech.2018.08.042,30144700,1,False,True,pending_dual_review,quarantined_before_evidence_review,generic_scaffold_overlaps_model_selection
BDB-50487261,50487261,O[C@@H]1[C@H](O)[C@@H](CF)O[C@H]1n1cnc2c(NC3CCOCC3)ncnc21,LESLGDYUXNSVSS-SDBHATRESA-N,C1CCC(CC2CCCC3C(C4CCCC4)CCC23)CC1,10.1007/s00044-004-0013-y,,1,True,True,pending_dual_review,quarantined_before_evidence_review,exact_structure_previously_visible|generic_scaffold_overlaps_model_selection
BDB-50491070,50491070,N#Cc1cccc(-c2nc(N)c3cc(C4(c5ccccc5)CC4)sc3n2)c1,JWFFZYKQEFJTQY-UHFFFAOYSA-N,C1CCC(C2CCC3CC(C4(C5CCCCC5)CC4)CC3C2)CC1,10.1016/j.bmcl.2013.02.078,23522563,1,True,True,pending_dual_review,quarantined_before_evidence_review,exact_structure_previously_visible|generic_scaffold_overlaps_model_selection
BDB-50491071,50491071,Cc1csc(-c2nc(N)c3cc(C4(c5ccccc5)CC4)sc3n2)n1,NEGXZKPQYUOIFO-UHFFFAOYSA-N,C1CCC(C2(C3CC4CCC(C5CCCC5)CC4C3)CC2)CC1,10.1016/j.bmcl.2013.02.078,23522563,1,True,True,pending_dual_review,quarantined_before_evidence_review,exact_structure_previously_visible|generic_scaffold_overlaps_model_selection
BDB-50491073,50491073,Nc1nc(-c2cccc(C(F)(F)F)c2)nc2sc(Cc3ccccc3)cc12,PKRVBBALEJXYBE-UHFFFAOYSA-N,C1CCC(CC2CC3CCC(C4CCCCC4)CC3C2)CC1,10.1016/j.bmcl.2013.02.078,23522563,1,True,True,pending_dual_review,quarantined_before_evidence_review,exact_structure_previously_visible|generic_scaffold_overlaps_model_selection
BDB-50491074,50491074,C=C(c1ccccc1)c1cc2c(N)nc(-c3cccc(C#N)c3)nc2s1,BHVPOSFNSGUGIO-UHFFFAOYSA-N,CC(C1CCCCC1)C1CC2CCC(C3CCCCC3)CC2C1,10.1016/j.bmcl.2013.02.078,23522563,1,True,True,pending_dual_review,quarantined_before_evidence_review,exact_structure_previously_visible|generic_scaffold_overlaps_model_selection
BDB-50491075,50491075,Cc1ccc(-c2nc(N)c3cc(Cc4ccccc4F)sc3n2)o1,SIHPOFYQCVJROB-UHFFFAOYSA-N,C1CCC(CC2CC3CCC(C4CCCC4)CC3C2)CC1,10.1016/j.bmcl.2013.02.078,23522563|34695776,2,True,True,pending_dual_review,quarantined_before_evidence_review,exact_structure_previously_visible|generic_scaffold_overlaps_model_selection
BDB-50491076,50491076,Nc1nc(-c2ccc(C(F)F)o2)nc2sc(Cc3ccccc3)cc12,AURLHFYBUXKXRM-UHFFFAOYSA-N,C1CCC(CC2CC3CCC(C4CCCC4)CC3C2)CC1,10.1016/j.bmcl.2013.02.078,23522563,1,True,True,pending_dual_review,quarantined_before_evidence_review,exact_structure_previously_visible|generic_scaffold_overlaps_model_selection
BDB-50491077,50491077,Cc1ccc(-c2nc(N)c3cc(CCc4ccccc4)sc3n2)o1,CZCQGKAJTJOUKQ-UHFFFAOYSA-N,C1CCC(CCC2CC3CCC(C4CCCC4)CC3C2)CC1,10.1016/j.bmcl.2013.02.078,23522563,1,True,True,pending_dual_review,quarantined_before_evidence_review,exact_structure_previously_visible|generic_scaffold_overlaps_model_selection
BDB-50491078,50491078,Cc1csc(-c2nc(N)c3cc(Cc4ccccc4)sc3n2)n1,CGLAAXXKQBXPQP-UHFFFAOYSA-N,C1CCC(CC2CC3CCC(C4CCCC4)CC3C2)CC1,10.1016/j.bmcl.2013.02.078,23522563,1,True,True,pending_dual_review,quarantined_before_evidence_review,exact_structure_previously_visible|generic_scaffold_overlaps_model_selection
BDB-50491079,50491079,Nc1nc(-c2cccnc2)nc2sc(Cc3ccccc3)cc12,ZIPXHYWCPDUDDE-UHFFFAOYSA-N,C1CCC(CC2CC3CCC(C4CCCCC4)CC3C2)CC1,10.1016/j.bmcl.2013.02.078,23522563,1,True,True,pending_dual_review,quarantined_before_evidence_review,exact_structure_previously_visible|generic_scaffold_overlaps_model_selection
BDB-50491080,50491080,Nc1nc(-c2ccc(C3CC3)o2)nc2sc(Cc3ccccc3)cc12,NVNOBGYXPMPAEC-UHFFFAOYSA-N,C1CCC(CC2CC3CCC(C4CCC(C5CC5)C4)CC3C2)CC1,10.1016/j.bmcl.2013.02.078,23522563,1,True,True,pending_dual_review,quarantined_before_evidence_review,exact_structure_previously_visible|generic_scaffold_overlaps_model_selection
BDB-50491081,50491081,Nc1nc(-c2ccncc2)nc2sc(Cc3ccccc3)cc12,YRAKFXFULYRCLD-UHFFFAOYSA-N,C1CCC(CC2CC3CCC(C4CCCCC4)CC3C2)CC1,10.1016/j.bmcl.2013.02.078,23522563,1,True,True,pending_dual_review,quarantined_before_evidence_review,exact_structure_previously_visible|generic_scaffold_overlaps_model_selection
BDB-50491082,50491082,Cn1cnc(-c2nc(N)c3cc(Cc4ccccc4)sc3n2)c1,IALIDEAJOWYECV-UHFFFAOYSA-N,C1CCC(CC2CC3CCC(C4CCCC4)CC3C2)CC1,10.1016/j.bmcl.2013.02.078,23522563,1,True,True,pending_dual_review,quarantined_before_evidence_review,exact_structure_previously_visible|generic_scaffold_overlaps_model_selection
BDB-50491083,50491083,Nc1nc(-c2ccccc2)nc2sccc12,VQUWVROZMNLFDC-UHFFFAOYSA-N,C1CCC(C2CCC3CCCC3C2)CC1,10.1016/j.bmcl.2013.02.078,23522563,1,True,True,pending_dual_review,quarantined_before_evidence_review,exact_structure_previously_visible|generic_scaffold_overlaps_model_selection
BDB-50491084,50491084,Cc1ccc(-c2nc(N)c3cc(C(C)c4ccccc4)sc3n2)o1,BOOIVHMUPCSFPC-UHFFFAOYSA-N,C1CCC(CC2CC3CCC(C4CCCC4)CC3C2)CC1,10.1016/j.bmcl.2013.02.078,23522563,1,True,True,pending_dual_review,quarantined_before_evidence_review,exact_structure_previously_visible|generic_scaffold_overlaps_model_selection
BDB-50491085,50491085,CC(c1ccccc1)c1cc2c(N)nc(-c3cccc(C#N)c3)nc2s1,DSUOREHBHQCFIO-UHFFFAOYSA-N,C1CCC(CC2CC3CCC(C4CCCCC4)CC3C2)CC1,10.1016/j.bmcl.2013.02.078,23522563,1,True,True,pending_dual_review,quarantined_before_evidence_review,exact_structure_previously_visible|generic_scaffold_overlaps_model_selection
BDB-50491086,50491086,CC(C)c1ccc(-c2nc(N)c3cc(Cc4ccccc4)sc3n2)o1,BVTZXEVYMYHUKI-UHFFFAOYSA-N,C1CCC(CC2CC3CCC(C4CCCC4)CC3C2)CC1,10.1016/j.bmcl.2013.02.078,23522563,1,True,True,pending_dual_review,quarantined_before_evidence_review,exact_structure_previously_visible|generic_scaffold_overlaps_model_selection
BDB-50491087,50491087,COc1cccc(-c2nc(N)c3cc(Cc4ccccc4)sc3n2)c1,ULJTUNXFPWCVPW-UHFFFAOYSA-N,C1CCC(CC2CC3CCC(C4CCCCC4)CC3C2)CC1,10.1016/j.bmcl.2013.02.078,23522563,1,True,True,pending_dual_review,quarantined_before_evidence_review,exact_structure_previously_visible|generic_scaffold_overlaps_model_selection
BDB-50491088,50491088,Nc1nc(-c2ccccc2)nc2sc(-c3ccccc3)cc12,DOOVOCKWYMYRGX-UHFFFAOYSA-N,C1CCC(C2CCC3CC(C4CCCCC4)CC3C2)CC1,10.1016/j.bmcl.2013.02.078,23522563,1,True,True,pending_dual_review,quarantined_before_evidence_review,exact_structure_previously_visible|generic_scaffold_overlaps_model_selection
BDB-50491089,50491089,Nc1nc(-c2ccccc2)nc2sc(Cc3ccccc3)cc12,YCJUYKBUDGJHNY-UHFFFAOYSA-N,C1CCC(CC2CC3CCC(C4CCCCC4)CC3C2)CC1,10.1016/j.bmcl.2013.02.078,23522563,1,True,True,pending_dual_review,quarantined_before_evidence_review,exact_structure_previously_visible|generic_scaffold_overlaps_model_selection
BDB-50491090,50491090,COc1ccccc1Cc1cc2c(N)nc(-c3ccc(C)o3)nc2s1,YGURUQQTVSHGEJ-UHFFFAOYSA-N,C1CCC(CC2CC3CCC(C4CCCC4)CC3C2)CC1,10.1016/j.bmcl.2013.02.078,23522563|34695776,2,True,True,pending_dual_review,quarantined_before_evidence_review,exact_structure_previously_visible|generic_scaffold_overlaps_model_selection
BDB-50491091,50491091,Cc1ccc(-c2nc(N)c3ccsc3n2)o1,DGQVGYRTJCHHBD-UHFFFAOYSA-N,C1CCC(C2CCC3CCCC3C2)C1,10.1016/j.bmcl.2013.02.078,23522563,1,True,True,pending_dual_review,quarantined_before_evidence_review,exact_structure_previously_visible|generic_scaffold_overlaps_model_selection
BDB-50491092,50491092,Cc1ccc(-c2nc(N)c3cc(-c4ccccc4)sc3n2)o1,JNBHZYOEHBWUGX-UHFFFAOYSA-N,C1CCC(C2CC3CCC(C4CCCC4)CC3C2)CC1,10.1016/j.bmcl.2013.02.078,23522563,1,True,True,pending_dual_review,quarantined_before_evidence_review,exact_structure_previously_visible|generic_scaffold_overlaps_model_selection
BDB-50491093,50491093,Cc1nc(-c2nc(N)c3cc(Cc4ccccc4)sc3n2)cs1,APRCSRZMJCGPNC-UHFFFAOYSA-N,C1CCC(CC2CC3CCC(C4CCCC4)CC3C2)CC1,10.1016/j.bmcl.2013.02.078,23522563,1,True,True,pending_dual_review,quarantined_before_evidence_review,exact_structure_previously_visible|generic_scaffold_overlaps_model_selection
BDB-50491094,50491094,N#Cc1cccc(-c2nc(N)c3cc(Cc4ccccc4Cl)sc3n2)c1,XLXCMWODNIWATL-UHFFFAOYSA-N,C1CCC(CC2CC3CCC(C4CCCCC4)CC3C2)CC1,10.1016/j.bmcl.2013.02.078,23522563,1,True,True,pending_dual_review,quarantined_before_evidence_review,exact_structure_previously_visible|generic_scaffold_overlaps_model_selection
BDB-50491095,50491095,Nc1nc(-c2ncccn2)nc2sc(Cc3ccccc3)cc12,ZAJVOCNBXNLYGC-UHFFFAOYSA-N,C1CCC(CC2CC3CCC(C4CCCCC4)CC3C2)CC1,10.1016/j.bmcl.2013.02.078,23522563,1,True,True,pending_dual_review,quarantined_before_evidence_review,exact_structure_previously_visible|generic_scaffold_overlaps_model_selection
BDB-50491096,50491096,COc1ccccc1Cc1cc2c(N)nc(-c3ccc(C(F)F)o3)nc2s1,UAGQRYJXRUJZTP-UHFFFAOYSA-N,C1CCC(CC2CC3CCC(C4CCCC4)CC3C2)CC1,10.1016/j.bmcl.2013.02.078,23522563,1,True,True,pending_dual_review,quarantined_before_evidence_review,exact_structure_previously_visible|generic_scaffold_overlaps_model_selection
BDB-50491097,50491097,N#Cc1cccc(-c2nc(N)c3cc(Cc4ccccc4)sc3n2)c1,KJFGCCBQFGTIJE-UHFFFAOYSA-N,C1CCC(CC2CC3CCC(C4CCCCC4)CC3C2)CC1,10.1016/j.bmcl.2013.02.078,23522563|34695776,2,True,True,pending_dual_review,quarantined_before_evidence_review,exact_structure_previously_visible|generic_scaffold_overlaps_model_selection
BDB-50491098,50491098,N#Cc1cccc(-c2nc(N)c3cc(Cc4ccccc4F)sc3n2)c1,UBDBXZOMLBXFOB-UHFFFAOYSA-N,C1CCC(CC2CC3CCC(C4CCCCC4)CC3C2)CC1,10.1016/j.bmcl.2013.02.078,23522563,1,True,True,pending_dual_review,quarantined_before_evidence_review,exact_structure_previously_visible|generic_scaffold_overlaps_model_selection
BDB-50491099,50491099,Cc1csc(-c2nc(N)c3cc(Cc4ccccc4Cl)sc3n2)n1,XIEZWLPXIACEEY-UHFFFAOYSA-N,C1CCC(CC2CC3CCC(C4CCCC4)CC3C2)CC1,10.1016/j.bmcl.2013.02.078,23522563,1,True,True,pending_dual_review,quarantined_before_evidence_review,exact_structure_previously_visible|generic_scaffold_overlaps_model_selection
BDB-50491100,50491100,Nc1nc(-c2ncco2)nc2sc(Cc3ccccc3)cc12,WBPDJKYORJQJOS-UHFFFAOYSA-N,C1CCC(CC2CC3CCC(C4CCCC4)CC3C2)CC1,10.1016/j.bmcl.2013.02.078,23522563,1,True,True,pending_dual_review,quarantined_before_evidence_review,exact_structure_previously_visible|generic_scaffold_overlaps_model_selection
BDB-50491101,50491101,Nc1nc(-c2cnccn2)nc2sc(Cc3ccccc3)cc12,WOPLPHFZOGXYJK-UHFFFAOYSA-N,C1CCC(CC2CC3CCC(C4CCCCC4)CC3C2)CC1,10.1016/j.bmcl.2013.02.078,23522563,1,True,True,pending_dual_review,quarantined_before_evidence_review,exact_structure_previously_visible|generic_scaffold_overlaps_model_selection
BDB-50491103,50491103,Cc1ccc(-c2nc(N)c3cc(Cc4ccccc4)sc3n2)o1,LMPCWHWIGICQCW-UHFFFAOYSA-N,C1CCC(CC2CC3CCC(C4CCCC4)CC3C2)CC1,10.1016/j.bmcl.2013.02.078,23522563|34695776,2,True,True,pending_dual_review,quarantined_before_evidence_review,exact_structure_previously_visible|generic_scaffold_overlaps_model_selection
BDB-50491104,50491104,Nc1nc(-c2cccc(F)c2)nc2sc(Cc3ccccc3)cc12,BRMQUXUPXMYYIL-UHFFFAOYSA-N,C1CCC(CC2CC3CCC(C4CCCCC4)CC3C2)CC1,10.1016/j.bmcl.2013.02.078,23522563,1,True,True,pending_dual_review,quarantined_before_evidence_review,exact_structure_previously_visible|generic_scaffold_overlaps_model_selection
BDB-50491105,50491105,Cc1ccc(-c2nc(N)c3cc(Cc4ccccc4Cl)sc3n2)o1,MYJRPHGICROETI-UHFFFAOYSA-N,C1CCC(CC2CC3CCC(C4CCCC4)CC3C2)CC1,10.1016/j.bmcl.2013.02.078,23522563|34695776,2,True,True,pending_dual_review,quarantined_before_evidence_review,exact_structure_previously_visible|generic_scaffold_overlaps_model_selection
BDB-50491106,50491106,N#Cc1cccc(-c2nc(N)c3cc(Cc4ccccc4)sc3n2)n1,BCIJZIDPONGWKE-UHFFFAOYSA-N,C1CCC(CC2CC3CCC(C4CCCCC4)CC3C2)CC1,10.1016/j.bmcl.2013.02.078,23522563,1,True,True,pending_dual_review,quarantined_before_evidence_review,exact_structure_previously_visible|generic_scaffold_overlaps_model_selection
BDB-50491107,50491107,Nc1nc(C2CCCO2)nc2sc(Cc3ccccc3)cc12,MFDGKTWFFVHPFX-UHFFFAOYSA-N,C1CCC(CC2CC3CCC(C4CCCC4)CC3C2)CC1,10.1016/j.bmcl.2013.02.078,23522563,1,True,True,pending_dual_review,quarantined_before_evidence_review,exact_structure_previously_visible|generic_scaffold_overlaps_model_selection
BDB-50491108,50491108,N#Cc1ccc(-c2nc(N)c3cc(Cc4ccccc4)sc3n2)o1,CRBRCZHPLVWUME-UHFFFAOYSA-N,C1CCC(CC2CC3CCC(C4CCCC4)CC3C2)CC1,10.1016/j.bmcl.2013.02.078,23522563,1,True,True,pending_dual_review,quarantined_before_evidence_review,exact_structure_previously_visible|generic_scaffold_overlaps_model_selection
BDB-50491109,50491109,Nc1nc(-c2cnco2)nc2sc(Cc3ccccc3)cc12,GQQVMWJRFKUPHG-UHFFFAOYSA-N,C1CCC(CC2CC3CCC(C4CCCC4)CC3C2)CC1,10.1016/j.bmcl.2013.02.078,23522563,1,True,True,pending_dual_review,quarantined_before_evidence_review,exact_structure_previously_visible|generic_scaffold_overlaps_model_selection
BDB-50491110,50491110,C=C(c1ccccc1)c1cc2c(N)nc(-c3nc(C)cs3)nc2s1,DFBNAUSKOWYPSJ-UHFFFAOYSA-N,CC(C1CCCCC1)C1CC2CCC(C3CCCC3)CC2C1,10.1016/j.bmcl.2013.02.078,23522563,1,True,True,pending_dual_review,quarantined_before_evidence_review,exact_structure_previously_visible|generic_scaffold_overlaps_model_selection
BDB-50491111,50491111,Cc1csc(-c2nc(N)c3cc(Cc4ccccc4F)sc3n2)n1,DFNCCBYZMPHKDD-UHFFFAOYSA-N,C1CCC(CC2CC3CCC(C4CCCC4)CC3C2)CC1,10.1016/j.bmcl.2013.02.078,23522563,1,True,True,pending_dual_review,quarantined_before_evidence_review,exact_structure_previously_visible|generic_scaffold_overlaps_model_selection
BDB-50491112,50491112,COc1ccccc1Cc1cc2c(N)nc(-c3nc(C)cs3)nc2s1,PBOYDOVGTCZSGJ-UHFFFAOYSA-N,C1CCC(CC2CC3CCC(C4CCCC4)CC3C2)CC1,10.1016/j.bmcl.2013.02.078,23522563,1,True,True,pending_dual_review,quarantined_before_evidence_review,exact_structure_previously_visible|generic_scaffold_overlaps_model_selection
BDB-50491113,50491113,COc1ccccc1Cc1cc2c(N)nc(-c3cccc(C#N)c3)nc2s1,HCPSIVGZIXIKOE-UHFFFAOYSA-N,C1CCC(CC2CC3CCC(C4CCCCC4)CC3C2)CC1,10.1016/j.bmcl.2013.02.078,23522563,1,True,True,pending_dual_review,quarantined_before_evidence_review,exact_structure_previously_visible|generic_scaffold_overlaps_model_selection
BDB-50491114,50491114,Nc1nc(-c2cccc(Cl)n2)nc2sc(Cc3ccccc3)cc12,AZFPAXQMFUACBE-UHFFFAOYSA-N,C1CCC(CC2CC3CCC(C4CCCCC4)CC3C2)CC1,10.1016/j.bmcl.2013.02.078,23522563,1,True,True,pending_dual_review,quarantined_before_evidence_review,exact_structure_previously_visible|generic_scaffold_overlaps_model_selection
BDB-50491115,50491115,Cc1csc(-c2nc(N)c3cc(C(C)c4ccccc4)sc3n2)n1,TZEFSFNRGUGGIZ-UHFFFAOYSA-N,C1CCC(CC2CC3CCC(C4CCCC4)CC3C2)CC1,10.1016/j.bmcl.2013.02.078,23522563,1,True,True,pending_dual_review,quarantined_before_evidence_review,exact_structure_previously_visible|generic_scaffold_overlaps_model_selection
BDB-50491116,50491116,CCc1ccc(-c2nc(N)c3cc(Cc4ccccc4)sc3n2)o1,ANVWGBHEIKDLMZ-UHFFFAOYSA-N,C1CCC(CC2CC3CCC(C4CCCC4)CC3C2)CC1,10.1016/j.bmcl.2013.02.078,23522563,1,True,True,pending_dual_review,quarantined_before_evidence_review,exact_structure_previously_visible|generic_scaffold_overlaps_model_selection
BDB-50491117,50491117,Nc1nc(-c2ccccn2)nc2sc(Cc3ccccc3)cc12,BCOZEEXKYOJQRS-UHFFFAOYSA-N,C1CCC(CC2CC3CCC(C4CCCCC4)CC3C2)CC1,10.1016/j.bmcl.2013.02.078,23522563,1,True,True,pending_dual_review,quarantined_before_evidence_review,exact_structure_previously_visible|generic_scaffold_overlaps_model_selection
BDB-50491503,50491503,O=C(C/C=C/c1ccccc1)Nc1nc2ccccc2c(=O)s1,BOVKXVYCLYUDJU-RMKNXTFCSA-N,CC(CCCC1CCCCC1)CC1CC(C)C2CCCCC2C1,10.1021/jm400336x,23631427,1,False,True,pending_dual_review,quarantined_before_evidence_review,generic_scaffold_overlaps_model_selection
BDB-50491505,50491505,O=C(CCCc1ccccc1)Nc1nc2ccccc2c(=O)s1,QMBOZLGNPMVERZ-UHFFFAOYSA-N,CC(CCCC1CCCCC1)CC1CC(C)C2CCCCC2C1,10.1021/jm400336x,23631427,1,True,True,pending_dual_review,quarantined_before_evidence_review,exact_structure_previously_visible|generic_scaffold_overlaps_model_selection
BDB-50491511,50491511,COc1cccc(/C=C/CC(=O)Nc2nc3ccccc3c(=O)s2)c1,LBUAUZQZSWNSDK-FNORWQNLSA-N,CC(CCCC1CCCCC1)CC1CC(C)C2CCCCC2C1,10.1021/jm400336x,23631427,1,False,True,pending_dual_review,quarantined_before_evidence_review,generic_scaffold_overlaps_model_selection
BDB-50491512,50491512,COc1cccc(CCCC(=O)Nc2nc3ccccc3c(=O)s2)c1,SHLPQUHKONZOAE-UHFFFAOYSA-N,CC(CCCC1CCCCC1)CC1CC(C)C2CCCCC2C1,10.1021/jm400336x,23631427,1,False,True,pending_dual_review,quarantined_before_evidence_review,generic_scaffold_overlaps_model_selection
BDB-50492322,50492322,CCC(O)Cc1nc(N)c2nc(-n3nccn3)n(C)c2n1,AHNTZNKPFIDJQY-UHFFFAOYSA-N,C1CCC(C2CC3CCCCC3C2)C1,10.1021/jm400491x,23789814,1,False,True,pending_dual_review,quarantined_before_evidence_review,generic_scaffold_overlaps_model_selection
BDB-50493145,50493145,N#Cc1sc(=S)n(-c2ccccc2)c1/N=C/c1ccc(Br)cc1,CZGKLCQUUVSDMP-RGVLZGJSSA-N,CC1CCC(CCC2CCCCC2)C1C1CCCCC1,10.1016/j.bmc.2013.07.005|10.1016/j.ejmech.2019.111879,23953686|31780082|34695776,3,True,False,pending_dual_review,quarantined_before_evidence_review,exact_structure_previously_visible
BDB-50494423,50494423,Nc1ncnc2c1nc(-c1ccco1)n2CCO,MSXARAZRKUHRJO-UHFFFAOYSA-N,C1CCC(C2CC3CCCCC3C2)C1,10.1016/j.ejmech.2013.10.006,24189496,1,False,True,pending_dual_review,quarantined_before_evidence_review,generic_scaffold_overlaps_model_selection
BDB-50494425,50494425,CCCn1c(-c2ccco2)nc2c(N)ncnc21,GKECZGRACAHMPZ-UHFFFAOYSA-N,C1CCC(C2CC3CCCCC3C2)C1,10.1016/j.ejmech.2013.10.006,24189496,1,False,True,pending_dual_review,quarantined_before_evidence_review,generic_scaffold_overlaps_model_selection
BDB-50494427,50494427,Nc1ncnc2c1nc(-c1ccco1)n2CCCO,JWDGJWBUHXYDDI-UHFFFAOYSA-N,C1CCC(C2CC3CCCCC3C2)C1,10.1016/j.ejmech.2013.10.006,24189496,1,False,True,pending_dual_review,quarantined_before_evidence_review,generic_scaffold_overlaps_model_selection
BDB-50494430,50494430,Cn1c(-c2ccco2)nc2c(N)ncnc21,HBWZWSVAQBRFRS-UHFFFAOYSA-N,C1CCC(C2CC3CCCCC3C2)C1,10.1016/j.ejmech.2013.10.006,24189496|34695776,2,False,True,pending_dual_review,quarantined_before_evidence_review,generic_scaffold_overlaps_model_selection
BDB-50494431,50494431,CCn1c(-c2ccco2)nc2c(N)ncnc21,SUGBMFVITGLGIX-UHFFFAOYSA-N,C1CCC(C2CC3CCCCC3C2)C1,10.1016/j.ejmech.2013.10.006,24189496,1,False,True,pending_dual_review,quarantined_before_evidence_review,generic_scaffold_overlaps_model_selection
BDB-50494548,50494548,Cn1c(=O)c2c(nc3n2CCCN3c2ccc(F)cc2)n(C)c1=O,XXGJQSLIDOPLEK-UHFFFAOYSA-N,CC1CC(C)C2C(C1)CC1C(C3CCCCC3)CCCC12,10.1016/j.bmc.2013.09.044,24139167,2,False,True,pending_dual_review,quarantined_before_evidence_review,generic_scaffold_overlaps_model_selection
BDB-50494552,50494552,C#CCn1c(=O)c2c(nc3n2CCCN3c2cccc(Br)c2)n(C)c1=O,QCNBBPGRAQMBJB-UHFFFAOYSA-N,CC1CC(C)C2C(C1)CC1C(C3CCCCC3)CCCC12,10.1016/j.bmc.2013.09.044,24139167,1,False,True,pending_dual_review,quarantined_before_evidence_review,generic_scaffold_overlaps_model_selection
BDB-50494554,50494554,C#CCn1c(=O)c2c(nc3n2CCCN3CCc2ccccc2)n(C)c1=O,JPWWLARJGBYSLT-UHFFFAOYSA-N,CC1CC(C)C2C(C1)CC1C(CCC3CCCCC3)CCCC12,10.1016/j.bmc.2013.09.044,24139167,1,False,True,pending_dual_review,quarantined_before_evidence_review,generic_scaffold_overlaps_model_selection
BDB-50494557,50494557,Cn1c(=O)c2c(nc3n2CCCN3CCc2ccc(Cl)c(Cl)c2)n(C)c1=O,VLOOMVYYAMOVKO-UHFFFAOYSA-N,CC1CC(C)C2C(C1)CC1C(CCC3CCCCC3)CCCC12,10.1016/j.bmc.2013.09.044,24139167,1,False,True,pending_dual_review,quarantined_before_evidence_review,generic_scaffold_overlaps_model_selection
BDB-50494567,50494567,Cn1c(=O)c2c(nc3n2CCCN3CCc2cccc(Cl)c2)n(C)c1=O,SZYMIXUSFLOHHB-UHFFFAOYSA-N,CC1CC(C)C2C(C1)CC1C(CCC3CCCCC3)CCCC12,10.1016/j.bmc.2013.09.044,24139167,1,False,True,pending_dual_review,quarantined_before_evidence_review,generic_scaffold_overlaps_model_selection
BDB-50494571,50494571,CCn1c(=O)c2c(nc3n2CCCN3CCc2ccc(OC)cc2)n(CC)c1=O,PHUMLXXVWRRNNU-UHFFFAOYSA-N,CC1CC(C)C2C(C1)CC1C(CCC3CCCCC3)CCCC12,10.1016/j.bmc.2013.09.044,24139167,1,False,True,pending_dual_review,quarantined_before_evidence_review,generic_scaffold_overlaps_model_selection
BDB-50494573,50494573,C#CCn1c(=O)c2c(nc3n2CCCN3CCc2ccc(O)cc2)n(C)c1=O,WXFOODWTBXEZGF-UHFFFAOYSA-N,CC1CC(C)C2C(C1)CC1C(CCC3CCCCC3)CCCC12,10.1016/j.bmc.2013.09.044,24139167,1,False,True,pending_dual_review,quarantined_before_evidence_review,generic_scaffold_overlaps_model_selection
BDB-50494578,50494578,C#CCn1c(=O)c2c(nc3n2CCCN3C2CCCCC2)n(C)c1=O,LSVIGDGSTBSSRY-UHFFFAOYSA-N,CC1CC(C)C2C(C1)CC1C(C3CCCCC3)CCCC12,10.1016/j.bmc.2013.09.044,24139167,1,False,True,pending_dual_review,quarantined_before_evidence_review,generic_scaffold_overlaps_model_selection
BDB-50494586,50494586,C#CCn1c(=O)c2c(nc3n2CCCN3c2ccc(F)cc2)n(C)c1=O,DIUGFASVSFQUSJ-UHFFFAOYSA-N,CC1CC(C)C2C(C1)CC1C(C3CCCCC3)CCCC12,10.1016/j.bmc.2013.09.044,24139167,1,False,True,pending_dual_review,quarantined_before_evidence_review,generic_scaffold_overlaps_model_selection
BDB-50494597,50494597,Cn1c(=O)c2c(nc3n2CCCN3c2cc(Cl)cc(Cl)c2)n(C)c1=O,WRPMRWOBRNCHOJ-UHFFFAOYSA-N,CC1CC(C)C2C(C1)CC1C(C3CCCCC3)CCCC12,10.1016/j.bmc.2013.09.044,24139167,1,False,True,pending_dual_review,quarantined_before_evidence_review,generic_scaffold_overlaps_model_selection
BDB-50494598,50494598,C#CCn1c(=O)c2c(nc3n2CCCN3CCc2ccc(OC)cc2)n(C)c1=O,POSAETBGNVHIOB-UHFFFAOYSA-N,CC1CC(C)C2C(C1)CC1C(CCC3CCCCC3)CCCC12,10.1016/j.bmc.2013.09.044,24139167,1,False,True,pending_dual_review,quarantined_before_evidence_review,generic_scaffold_overlaps_model_selection
BDB-50495052,50495052,COC[C@H]1CCCN1c1cc(NCC(F)(F)F)nc(-n2nc(C)cc2C)n1,XNCPZNBFPUTRIL-CYBMUJFWSA-N,C1CCC(C2CCCC(C3CCCC3)C2)C1,10.1016/j.bmcl.2013.11.051,24332624,1,False,True,pending_dual_review,quarantined_before_evidence_review,generic_scaffold_overlaps_model_selection
BDB-50495055,50495055,Cc1cc(C)n(-c2nc(NCC(F)(F)F)cc(-n3cccn3)n2)n1,HOHGICFLPPFDMU-UHFFFAOYSA-N,C1CCC(C2CCCC(C3CCCC3)C2)C1,10.1016/j.bmcl.2013.11.051,24332624,1,False,True,pending_dual_review,quarantined_before_evidence_review,generic_scaffold_overlaps_model_selection
BDB-50496306,50496306,CCCCC#Cc1nc(N)c2ncn([C@H]3[C@H](O)[C@H](O)[C@@H]4C[C@@H]43)c2n1,IVOZJYYXCJCRGN-HLXQIYJLSA-N,C1CCC2C(C1)CCC2C1CCC2CC21,10.1021/jm4015313,24456490,1,True,False,pending_dual_review,quarantined_before_evidence_review,exact_structure_previously_visible
BDB-50505381,50505381,CC(C)(C)c1cc(-c2cn3c(=O)n(-c4ccccc4)nc3c(N)n2)ccc1O,FQPMECRNRDRAPV-UHFFFAOYSA-N,CC1C2CC(C3CCCCC3)CCC2CC1C1CCCCC1,10.1021/acs.jmedchem.9b00778,31453698,1,True,True,pending_dual_review,quarantined_before_evidence_review,exact_structure_previously_visible|generic_scaffold_overlaps_model_selection
BDB-50505382,50505382,COc1ccc(-c2cn3c(=O)n(-c4ccccc4)nc3c(N)n2)cc1OC,PCZWTWBBTBZKBM-UHFFFAOYSA-N,CC1C2CC(C3CCCCC3)CCC2CC1C1CCCCC1,10.1021/acs.jmedchem.9b00778,31453698,1,False,True,pending_dual_review,quarantined_before_evidence_review,generic_scaffold_overlaps_model_selection
BDB-50505383,50505383,NCCOc1ccc(-c2cn3c(=O)n(-c4ccccc4)nc3c(N)n2)cc1,JCSACTFCEWJZAC-UHFFFAOYSA-N,CC1C2CC(C3CCCCC3)CCC2CC1C1CCCCC1,10.1021/acs.jmedchem.9b00778,31453698,1,False,True,pending_dual_review,quarantined_before_evidence_review,generic_scaffold_overlaps_model_selection
BDB-50505384,50505384,COc1c(C)cc(-c2cn3c(=O)n(-c4ccccc4)nc3c(N)n2)cc1C,FVXMIEXJXLWTRO-UHFFFAOYSA-N,CC1C2CC(C3CCCCC3)CCC2CC1C1CCCCC1,10.1021/acs.jmedchem.9b00778,31453698,1,False,True,pending_dual_review,quarantined_before_evidence_review,generic_scaffold_overlaps_model_selection
BDB-50505385,50505385,N#CCOc1ccc(-c2cn3c(=O)n(-c4ccccc4)nc3c(N)n2)cc1,WWQYFWNNAFDIPN-UHFFFAOYSA-N,CC1C2CC(C3CCCCC3)CCC2CC1C1CCCCC1,10.1021/acs.jmedchem.9b00778,31453698,1,True,True,pending_dual_review,quarantined_before_evidence_review,exact_structure_previously_visible|generic_scaffold_overlaps_model_selection
BDB-50505386,50505386,NCCC(=O)Nc1ccc(-c2cn3c(=O)n(-c4ccccc4)nc3c(N)n2)cc1,DAPDVSFUCKLAKR-UHFFFAOYSA-N,CC1C2CC(C3CCCCC3)CCC2CC1C1CCCCC1,10.1021/acs.jmedchem.9b00778,31453698,1,False,True,pending_dual_review,quarantined_before_evidence_review,generic_scaffold_overlaps_model_selection
BDB-50505387,50505387,C=CC(=O)Nc1ccc(-c2cn3c(=O)n(-c4ccccc4)nc3c(N)n2)cc1,QJKKKFYLHKLADL-UHFFFAOYSA-N,CC1C2CC(C3CCCCC3)CCC2CC1C1CCCCC1,10.1021/acs.jmedchem.9b00778,31453698,1,False,True,pending_dual_review,quarantined_before_evidence_review,generic_scaffold_overlaps_model_selection
BDB-50505388,50505388,CC(C)(C)c1cc(C(=O)NCCC(=O)Nc2ccc(-c3cn4c(=O)n(-c5ccccc5)nc4c(N)n3)cc2)cc(C(C)(C)C)c1O,GNROHNFPJCPGCQ-UHFFFAOYSA-N,CC(CCCC(C)C1CCCCC1)CC1CCC(C2CCC3CC(C4CCCCC4)C(C)C3C2)CC1,10.1021/acs.jmedchem.9b00778,31453698,1,True,True,pending_dual_review,quarantined_before_evidence_review,exact_structure_previously_visible|generic_scaffold_overlaps_model_selection
BDB-50505389,50505389,Nc1ccc(-c2cn3c(=O)n(-c4ccccc4)nc3c(N)n2)cc1,USBWTMHHGYJVJX-UHFFFAOYSA-N,CC1C2CC(C3CCCCC3)CCC2CC1C1CCCCC1,10.1021/acs.jmedchem.9b00778,31453698,1,False,True,pending_dual_review,quarantined_before_evidence_review,generic_scaffold_overlaps_model_selection
BDB-50505390,50505390,Nc1nc(-c2ccc(OCCNC(=O)CCCCC3CCSS3)cc2)cn2c(=O)n(-c3ccccc3)nc12,QUUSOCIUFGWWEB-UHFFFAOYSA-N,CC(CCCCC1CCCC1)CCCCC1CCC(C2CCC3CC(C4CCCCC4)C(C)C3C2)CC1,10.1021/acs.jmedchem.9b00778,31453698,1,True,True,pending_dual_review,quarantined_before_evidence_review,exact_structure_previously_visible|generic_scaffold_overlaps_model_selection
BDB-50505391,50505391,Nc1nc(-c2ccc(NC(=O)CCNC(=O)CCCCC3CCSS3)cc2)cn2c(=O)n(-c3ccccc3)nc12,PSDRVKSUMXGOJT-UHFFFAOYSA-N,CC(CCCCC1CCCC1)CCCC(C)CC1CCC(C2CCC3CC(C4CCCCC4)C(C)C3C2)CC1,10.1021/acs.jmedchem.9b00778,31453698,1,True,True,pending_dual_review,quarantined_before_evidence_review,exact_structure_previously_visible|generic_scaffold_overlaps_model_selection
BDB-50505393,50505393,Cc1cc(-c2cn3c(=O)n(-c4ccccc4)nc3c(N)n2)cc(C)c1O,WSHRCZWQFFUBMC-UHFFFAOYSA-N,CC1C2CC(C3CCCCC3)CCC2CC1C1CCCCC1,10.1021/acs.jmedchem.9b00778,31453698,1,False,True,pending_dual_review,quarantined_before_evidence_review,generic_scaffold_overlaps_model_selection
BDB-50505394,50505394,Nc1nc(-c2cc(O)c(O)c(O)c2)cn2c(=O)n(-c3ccccc3)nc12,ZXNLEZIGIRYUMA-UHFFFAOYSA-N,CC1C2CC(C3CCCCC3)CCC2CC1C1CCCCC1,10.1021/acs.jmedchem.9b00778,31453698,1,False,True,pending_dual_review,quarantined_before_evidence_review,generic_scaffold_overlaps_model_selection
BDB-50505395,50505395,COc1cc(O)ccc1-c1cn2c(=O)n(-c3ccccc3)nc2c(N)n1,UVFATQJHJQXQPF-UHFFFAOYSA-N,CC1C2CC(C3CCCCC3)CCC2CC1C1CCCCC1,10.1021/acs.jmedchem.9b00778,31453698,1,False,True,pending_dual_review,quarantined_before_evidence_review,generic_scaffold_overlaps_model_selection
BDB-50505396,50505396,COc1c(C(C)(C)C)cc(-c2cn3c(=O)n(-c4ccccc4)nc3c(N)n2)cc1C(C)(C)C,SAVMBELDOOXVNX-UHFFFAOYSA-N,CC1C2CC(C3CCCCC3)CCC2CC1C1CCCCC1,10.1021/acs.jmedchem.9b00778,31453698,1,False,True,pending_dual_review,quarantined_before_evidence_review,generic_scaffold_overlaps_model_selection
BDB-50505399,50505399,Nc1nc(-c2ccc(O)c(O)c2)cn2c(=O)n(-c3ccccc3)nc12,SBZNVVOMIFOEIH-UHFFFAOYSA-N,CC1C2CC(C3CCCCC3)CCC2CC1C1CCCCC1,10.1021/acs.jmedchem.9b00778,31453698,1,False,True,pending_dual_review,quarantined_before_evidence_review,generic_scaffold_overlaps_model_selection
BDB-50505400,50505400,COc1ccc(-c2cn3c(=O)n(-c4ccccc4)nc3c(N)n2)c(OC)c1,YWEBCQWTOPUQHE-UHFFFAOYSA-N,CC1C2CC(C3CCCCC3)CCC2CC1C1CCCCC1,10.1021/acs.jmedchem.9b00778,31453698,1,False,True,pending_dual_review,quarantined_before_evidence_review,generic_scaffold_overlaps_model_selection
BDB-50505401,50505401,NC(=O)COc1ccc(-c2cn3c(=O)n(-c4ccccc4)nc3c(N)n2)cc1,BWSCSSSMXYJTQJ-UHFFFAOYSA-N,CC1C2CC(C3CCCCC3)CCC2CC1C1CCCCC1,10.1021/acs.jmedchem.9b00778,31453698,1,False,True,pending_dual_review,quarantined_before_evidence_review,generic_scaffold_overlaps_model_selection
BDB-50505402,50505402,COc1cc(-c2cn3c(=O)n(-c4ccccc4)nc3c(N)n2)cc(OC)c1OC,ZVNUQVQHRWHRQA-UHFFFAOYSA-N,CC1C2CC(C3CCCCC3)CCC2CC1C1CCCCC1,10.1021/acs.jmedchem.9b00778,31453698,1,False,True,pending_dual_review,quarantined_before_evidence_review,generic_scaffold_overlaps_model_selection
BDB-50508671,50508671,Nc1nc(-c2cccc(CO)c2)nc2sc(-c3ccccc3)nc12,JSVSRNHXYPGLRB-UHFFFAOYSA-N,C1CCC(C2CCC3CC(C4CCCCC4)CC3C2)CC1,10.1016/j.bmcl.2018.12.062,30638876,1,False,True,pending_dual_review,quarantined_before_evidence_review,generic_scaffold_overlaps_model_selection
BDB-50508672,50508672,Cc1ccc(-c2nc(N)c3nc(-c4ccco4)sc3n2)o1,DSWHEWMWFGQIQI-UHFFFAOYSA-N,C1CCC(C2CCC3CC(C4CCCC4)CC3C2)C1,10.1016/j.bmcl.2018.12.062,30638876,1,False,True,pending_dual_review,quarantined_before_evidence_review,generic_scaffold_overlaps_model_selection
BDB-50508673,50508673,Cc1ccc(-c2nc(N)c3nc(-c4ccccc4)sc3n2)o1,LTYIPBFFLWFOSZ-UHFFFAOYSA-N,C1CCC(C2CC3CCC(C4CCCC4)CC3C2)CC1,10.1016/j.bmcl.2018.12.062,30638876,1,False,True,pending_dual_review,quarantined_before_evidence_review,generic_scaffold_overlaps_model_selection
BDB-50508674,50508674,Nc1nc(-c2ccco2)nc2sc(-c3ccco3)nc12,YXLDLDOAWIUYIS-UHFFFAOYSA-N,C1CCC(C2CCC3CC(C4CCCC4)CC3C2)C1,10.1016/j.bmcl.2018.12.062,30638876,1,True,True,pending_dual_review,quarantined_before_evidence_review,exact_structure_previously_visible|generic_scaffold_overlaps_model_selection
BDB-50508677,50508677,COc1cccc(-c2nc(N)c3nc(-c4ccccc4)sc3n2)c1,SGGUOPWXHFAGDQ-UHFFFAOYSA-N,C1CCC(C2CCC3CC(C4CCCCC4)CC3C2)CC1,10.1016/j.bmcl.2018.12.062,30638876,1,False,True,pending_dual_review,quarantined_before_evidence_review,generic_scaffold_overlaps_model_selection
BDB-50508679,50508679,Nc1nc(-c2cccc(CO)c2)nc2sc(-c3ccco3)nc12,PXBABKDQVWUESV-UHFFFAOYSA-N,C1CCC(C2CCC3CC(C4CCCC4)CC3C2)CC1,10.1016/j.bmcl.2018.12.062,30638876,1,False,True,pending_dual_review,quarantined_before_evidence_review,generic_scaffold_overlaps_model_selection
BDB-50508680,50508680,Nc1nc(-c2cccc(O)c2)nc2sc(-c3ccccc3)nc12,JCWKGEUAMLOCDO-UHFFFAOYSA-N,C1CCC(C2CCC3CC(C4CCCCC4)CC3C2)CC1,10.1016/j.bmcl.2018.12.062,30638876,1,True,True,pending_dual_review,quarantined_before_evidence_review,exact_structure_previously_visible|generic_scaffold_overlaps_model_selection
BDB-50508682,50508682,COc1cccc(-c2nc(N)c3nc(-c4ccco4)sc3n2)c1,AUNXSAUXRUCPOQ-UHFFFAOYSA-N,C1CCC(C2CCC3CC(C4CCCC4)CC3C2)CC1,10.1016/j.bmcl.2018.12.062,30638876,1,False,True,pending_dual_review,quarantined_before_evidence_review,generic_scaffold_overlaps_model_selection
BDB-50508683,50508683,Nc1nc(-c2ccco2)nc2sc(-c3ccccc3)nc12,JLFVQFYMGKCKHG-UHFFFAOYSA-N,C1CCC(C2CC3CCC(C4CCCC4)CC3C2)CC1,10.1016/j.bmcl.2018.12.062,30638876,1,True,True,pending_dual_review,quarantined_before_evidence_review,exact_structure_previously_visible|generic_scaffold_overlaps_model_selection
BDB-50508684,50508684,N#Cc1cccc(-c2nc(N)c3nc(-c4ccccc4)sc3n2)c1,BISZHCYIUNSQHR-UHFFFAOYSA-N,C1CCC(C2CCC3CC(C4CCCCC4)CC3C2)CC1,10.1016/j.bmcl.2018.12.062,30638876,1,False,True,pending_dual_review,quarantined_before_evidence_review,generic_scaffold_overlaps_model_selection
BDB-50508685,50508685,COc1ccc(-c2nc(N)c3nc(-c4ccccc4)sc3n2)cc1,PVUAHOZQHJZVSR-UHFFFAOYSA-N,C1CCC(C2CCC3CC(C4CCCCC4)CC3C2)CC1,10.1016/j.bmcl.2018.12.062,30638876,1,False,True,pending_dual_review,quarantined_before_evidence_review,generic_scaffold_overlaps_model_selection
BDB-50508686,50508686,Nc1nc(-c2ccc(CO)cc2)nc2sc(-c3ccccc3)nc12,CRRYKFPPDXLMBA-UHFFFAOYSA-N,C1CCC(C2CCC3CC(C4CCCCC4)CC3C2)CC1,10.1016/j.bmcl.2018.12.062,30638876,1,False,True,pending_dual_review,quarantined_before_evidence_review,generic_scaffold_overlaps_model_selection
BDB-50508690,50508690,Nc1nc(-c2cccc(O)c2)nc2sc(-c3ccco3)nc12,IFAWCWLECSSPBT-UHFFFAOYSA-N,C1CCC(C2CCC3CC(C4CCCC4)CC3C2)CC1,10.1016/j.bmcl.2018.12.062,30638876,1,True,True,pending_dual_review,quarantined_before_evidence_review,exact_structure_previously_visible|generic_scaffold_overlaps_model_selection
BDB-50508691,50508691,N#Cc1cccc(-c2nc(N)c3nc(-c4ccco4)sc3n2)c1,YYGJUIJNQLTDIF-UHFFFAOYSA-N,C1CCC(C2CCC3CC(C4CCCC4)CC3C2)CC1,10.1016/j.bmcl.2018.12.062,30638876,1,False,True,pending_dual_review,quarantined_before_evidence_review,generic_scaffold_overlaps_model_selection
BDB-50508692,50508692,COc1ccc(-c2nc(N)c3nc(-c4ccco4)sc3n2)cc1,SRTHZUKKFVRLLA-UHFFFAOYSA-N,C1CCC(C2CCC3CC(C4CCCC4)CC3C2)CC1,10.1016/j.bmcl.2018.12.062,30638876,1,False,True,pending_dual_review,quarantined_before_evidence_review,generic_scaffold_overlaps_model_selection
BDB-50508693,50508693,Nc1nc(-c2ccccc2)nc2sc(-c3ccco3)nc12,DPPYADKHEBSKOL-UHFFFAOYSA-N,C1CCC(C2CCC3CC(C4CCCC4)CC3C2)CC1,10.1016/j.bmcl.2018.12.062,30638876,1,False,True,pending_dual_review,quarantined_before_evidence_review,generic_scaffold_overlaps_model_selection
BDB-50508694,50508694,Nc1nc(-c2ccccc2)nc2sc(-c3ccccc3)nc12,CCWIRVKMRZKCHH-UHFFFAOYSA-N,C1CCC(C2CCC3CC(C4CCCCC4)CC3C2)CC1,10.1016/j.bmcl.2018.12.062,30638876,1,False,True,pending_dual_review,quarantined_before_evidence_review,generic_scaffold_overlaps_model_selection
BDB-50508695,50508695,Nc1nc(-c2ccc(CO)cc2)nc2sc(-c3ccco3)nc12,RVEWYNPAAMHLSW-UHFFFAOYSA-N,C1CCC(C2CCC3CC(C4CCCC4)CC3C2)CC1,10.1016/j.bmcl.2018.12.062,30638876,1,False,True,pending_dual_review,quarantined_before_evidence_review,generic_scaffold_overlaps_model_selection
BDB-50513528,50513528,Nc1nc(N/N=C/C2CCCC2)nc2c1ncn2[C@@H]1O[C@H](CO)[C@@H](O)[C@H]1O,FGLIMVVQSUMAMZ-AYSLJPDLSA-N,C1CCC(CCCC2CCC3CCC(C4CCCC4)C3C2)C1,10.1016/j.ejmech.2019.06.050,31255928,1,True,False,pending_dual_review,quarantined_before_evidence_review,exact_structure_previously_visible
BDB-50513529,50513529,Nc1nc(N/N=C/c2ccc(Br)cn2)nc2c1ncn2[C@@H]1O[C@H](CO)[C@@H](O)[C@H]1O,WQAWRVFTCNGLHN-ORVVPLSJSA-N,C1CCC(CCCC2CCC3CCC(C4CCCC4)C3C2)CC1,10.1016/j.ejmech.2019.06.050,31255928,1,False,True,pending_dual_review,quarantined_before_evidence_review,generic_scaffold_overlaps_model_selection
BDB-50513531,50513531,CCCCC/C=C/C=C/C=N/Nc1nc(N)c2ncn([C@@H]3O[C@H](CO)[C@@H](O)[C@H]3O)c2n1,LCYPSICJTNPPEJ-LIJLLEJISA-N,C1CCC2C(C1)CCC2C1CCCC1,10.1016/j.ejmech.2019.06.050,31255928,1,True,True,pending_dual_review,quarantined_before_evidence_review,exact_structure_previously_visible|generic_scaffold_overlaps_model_selection
BDB-50513533,50513533,Nc1nc(N/N=C/c2ccc(-c3ccccn3)cc2)nc2c1ncn2[C@@H]1O[C@H](CO)[C@@H](O)[C@H]1O,LOFLMEUTZUZUHN-GSJHMHELSA-N,C1CCC(C2CCC(CCCC3CCC4CCC(C5CCCC5)C4C3)CC2)CC1,10.1016/j.ejmech.2019.06.050,31255928,1,False,True,pending_dual_review,quarantined_before_evidence_review,generic_scaffold_overlaps_model_selection
BDB-50513534,50513534,CCCOc1ccc(/C=N/Nc2nc(N)c3ncn([C@@H]4O[C@H](CO)[C@@H](O)[C@H]4O)c3n2)cc1,SPUJGGIQVHNXJX-VBWKHAAMSA-N,C1CCC(CCCC2CCC3CCC(C4CCCC4)C3C2)CC1,10.1016/j.ejmech.2019.06.050,31255928,1,False,True,pending_dual_review,quarantined_before_evidence_review,generic_scaffold_overlaps_model_selection
BDB-50513537,50513537,Nc1nc(N/N=C/c2ccc[nH]2)nc2c1ncn2[C@@H]1O[C@H](CO)[C@@H](O)[C@H]1O,AOQSILHFKQNLII-YSSHQLGOSA-N,C1CCC(CCCC2CCC3CCC(C4CCCC4)C3C2)C1,10.1016/j.ejmech.2019.06.050,31255928,1,True,False,pending_dual_review,quarantined_before_evidence_review,exact_structure_previously_visible
BDB-50513538,50513538,Nc1nc(N/N=C/c2cccnc2Cl)nc2c1ncn2[C@@H]1O[C@H](CO)[C@@H](O)[C@H]1O,CJUIJRFDRPPWHP-DBBDEIFASA-N,C1CCC(CCCC2CCC3CCC(C4CCCC4)C3C2)CC1,10.1016/j.ejmech.2019.06.050,31255928,1,True,True,pending_dual_review,quarantined_before_evidence_review,exact_structure_previously_visible|generic_scaffold_overlaps_model_selection
BDB-50513539,50513539,COc1ccc(/C=N/Nc2nc(N)c3ncn([C@@H]4O[C@H](CO)[C@@H](O)[C@H]4O)c3n2)cn1,LFMKTVAZEZSSRV-XCYUMRGQSA-N,C1CCC(CCCC2CCC3CCC(C4CCCC4)C3C2)CC1,10.1016/j.ejmech.2019.06.050,31255928,1,False,True,pending_dual_review,quarantined_before_evidence_review,generic_scaffold_overlaps_model_selection
BDB-50513541,50513541,N#Cc1ccc(/C=N/Nc2nc(N)c3ncn([C@@H]4O[C@H](CO)[C@@H](O)[C@H]4O)c3n2)cc1,VPJMYKCQHBQJRQ-LKCJKRFLSA-N,C1CCC(CCCC2CCC3CCC(C4CCCC4)C3C2)CC1,10.1016/j.ejmech.2019.06.050,31255928,1,True,True,pending_dual_review,quarantined_before_evidence_review,exact_structure_previously_visible|generic_scaffold_overlaps_model_selection
BDB-50513542,50513542,Nc1nc(N/N=C/c2ccc(C(F)(F)F)cc2)nc2c1ncn2[C@@H]1O[C@H](CO)[C@@H](O)[C@H]1O,NWBCWRIQUQNCRT-NLZKIDJSSA-N,C1CCC(CCCC2CCC3CCC(C4CCCC4)C3C2)CC1,10.1016/j.ejmech.2019.06.050,31255928,1,False,True,pending_dual_review,quarantined_before_evidence_review,generic_scaffold_overlaps_model_selection
BDB-50513543,50513543,Nc1nc(N/N=C/c2ccc(Cl)c(C(F)(F)F)c2)nc2c1ncn2[C@@H]1O[C@H](CO)[C@@H](O)[C@H]1O,SGWJWJOGVJLXDP-LHBCFQKASA-N,C1CCC(CCCC2CCC3CCC(C4CCCC4)C3C2)CC1,10.1016/j.ejmech.2019.06.050,31255928,1,False,True,pending_dual_review,quarantined_before_evidence_review,generic_scaffold_overlaps_model_selection
BDB-50513544,50513544,COc1cc(/C=N/Nc2nc(N)c3ncn([C@@H]4O[C@H](CO)[C@@H](O)[C@H]4O)c3n2)cc(OC)c1OC,ANMDUUXPKPBIQC-SCEBWWASSA-N,C1CCC(CCCC2CCC3CCC(C4CCCC4)C3C2)CC1,10.1016/j.ejmech.2019.06.050,31255928,1,False,True,pending_dual_review,quarantined_before_evidence_review,generic_scaffold_overlaps_model_selection
BDB-50513545,50513545,Nc1nc(N/N=C/c2ccc(OCc3ccc(F)cc3)cc2)nc2c1ncn2[C@@H]1O[C@H](CO)[C@@H](O)[C@H]1O,UYHNVMOFUPUSHA-JKXQLKLBSA-N,C1CCC(CCC2CCC(CCCC3CCC4CCC(C5CCCC5)C4C3)CC2)CC1,10.1016/j.ejmech.2019.06.050,31255928,1,True,True,pending_dual_review,quarantined_before_evidence_review,exact_structure_previously_visible|generic_scaffold_overlaps_model_selection
BDB-50513546,50513546,COc1cc(/C=N/Nc2nc(N)c3ncn([C@@H]4O[C@H](CO)[C@@H](O)[C@H]4O)c3n2)ccc1OCc1ccccc1,JIRJGHAYVKLZJF-JASSPIKSSA-N,C1CCC(CCC2CCC(CCCC3CCC4CCC(C5CCCC5)C4C3)CC2)CC1,10.1016/j.ejmech.2019.06.050,31255928,1,False,True,pending_dual_review,quarantined_before_evidence_review,generic_scaffold_overlaps_model_selection
BDB-50513547,50513547,Nc1nc(N/N=C/c2ccc(OCc3ccccc3)c(OCc3ccccc3)c2)nc2c1ncn2[C@@H]1O[C@H](CO)[C@@H](O)[C@H]1O,DHSFMYUYIXNXST-QTMKEUKHSA-N,C1CCC(CCC2CCC(CCCC3CCC4CCC(C5CCCC5)C4C3)CC2CCC2CCCCC2)CC1,10.1016/j.ejmech.2019.06.050,31255928,1,True,False,pending_dual_review,quarantined_before_evidence_review,exact_structure_previously_visible
BDB-50513548,50513548,Nc1nc(N/N=C/c2ccc(N3CCOCC3)cc2)nc2c1ncn2[C@@H]1O[C@H](CO)[C@@H](O)[C@H]1O,XOEYPAUAEFHJOQ-QPLSIJSKSA-N,C1CCC(C2CCC(CCCC3CCC4CCC(C5CCCC5)C4C3)CC2)CC1,10.1016/j.ejmech.2019.06.050,31255928,1,False,True,pending_dual_review,quarantined_before_evidence_review,generic_scaffold_overlaps_model_selection
BDB-50513549,50513549,CC(=O)Nc1ccc(/C=N/Nc2nc(N)c3ncn([C@@H]4O[C@H](CO)[C@@H](O)[C@H]4O)c3n2)cc1,IWPAWGWRGPANFS-UDAWVJFNSA-N,C1CCC(CCCC2CCC3CCC(C4CCCC4)C3C2)CC1,10.1016/j.ejmech.2019.06.050,31255928,1,False,True,pending_dual_review,quarantined_before_evidence_review,generic_scaffold_overlaps_model_selection
BDB-50513550,50513550,Nc1nc(N/N=C/c2ccc(-c3ccccc3)cc2)nc2c1ncn2[C@@H]1O[C@H](CO)[C@@H](O)[C@H]1O,PPUKIHRLXKYNBF-LJLWDHIUSA-N,C1CCC(C2CCC(CCCC3CCC4CCC(C5CCCC5)C4C3)CC2)CC1,10.1016/j.ejmech.2019.06.050,31255928,1,True,True,pending_dual_review,quarantined_before_evidence_review,exact_structure_previously_visible|generic_scaffold_overlaps_model_selection
BDB-50513551,50513551,CCCCc1nc(/C=N/Nc2nc(N)c3ncn([C@@H]4O[C@H](CO)[C@@H](O)[C@H]4O)c3n2)c(Cl)[nH]1,RURQHXBBEOQUIE-YIKSQJPDSA-N,C1CCC(CCCC2CCC3CCC(C4CCCC4)C3C2)C1,10.1016/j.ejmech.2019.06.050,31255928,1,True,False,pending_dual_review,quarantined_before_evidence_review,exact_structure_previously_visible
BDB-50513552,50513552,Nc1nc(N/N=C/c2ccc3ncccc3c2)nc2c1ncn2[C@@H]1O[C@H](CO)[C@@H](O)[C@H]1O,BYMKGFLXFZSJRJ-SNIPAVBPSA-N,C1CCC2CC(CCCC3CCC4CCC(C5CCCC5)C4C3)CCC2C1,10.1016/j.ejmech.2019.06.050,31255928,1,True,False,pending_dual_review,quarantined_before_evidence_review,exact_structure_previously_visible
BDB-50513553,50513553,CN(C)c1ccc(/C=N/Nc2nc(N)c3ncn([C@@H]4O[C@H](CO)[C@@H](O)[C@H]4O)c3n2)cc1,AEHLDSIOUITFOD-FJKURUNVSA-N,C1CCC(CCCC2CCC3CCC(C4CCCC4)C3C2)CC1,10.1016/j.ejmech.2019.06.050,31255928,1,True,True,pending_dual_review,quarantined_before_evidence_review,exact_structure_previously_visible|generic_scaffold_overlaps_model_selection
BDB-50513554,50513554,CC(/C=N/Nc1nc(N)c2ncn([C@@H]3O[C@H](CO)[C@@H](O)[C@H]3O)c2n1)Cc1ccc(C(C)C)cc1,AIOSZHDLBCMUEO-FXDAFLNFSA-N,C1CCC(CCCCCC2CCC3CCC(C4CCCC4)C3C2)CC1,10.1016/j.ejmech.2019.06.050,31255928,1,True,False,pending_dual_review,quarantined_before_evidence_review,exact_structure_previously_visible
BDB-50513555,50513555,Nc1nc(N/N=C/c2ccc(C(F)(F)F)cc2C(F)(F)F)nc2c1ncn2[C@@H]1O[C@H](CO)[C@@H](O)[C@H]1O,PFYMXIWUZUZYGG-VRBCEEMDSA-N,C1CCC(CCCC2CCC3CCC(C4CCCC4)C3C2)CC1,10.1016/j.ejmech.2019.06.050,31255928,1,False,True,pending_dual_review,quarantined_before_evidence_review,generic_scaffold_overlaps_model_selection
BDB-50513556,50513556,CCOc1cc(/C=N/Nc2nc(N)c3ncn([C@@H]4O[C@H](CO)[C@@H](O)[C@H]4O)c3n2)ccc1O,TWRMWPJXMDFASL-UDAWVJFNSA-N,C1CCC(CCCC2CCC3CCC(C4CCCC4)C3C2)CC1,10.1016/j.ejmech.2019.06.050,31255928,1,False,True,pending_dual_review,quarantined_before_evidence_review,generic_scaffold_overlaps_model_selection
BDB-50513558,50513558,N#Cc1ccccc1/C=N/Nc1nc(N)c2ncn([C@@H]3O[C@H](CO)[C@@H](O)[C@H]3O)c2n1,ORLWPRGZVCSJEU-LKCJKRFLSA-N,C1CCC(CCCC2CCC3CCC(C4CCCC4)C3C2)CC1,10.1016/j.ejmech.2019.06.050,31255928,1,False,True,pending_dual_review,quarantined_before_evidence_review,generic_scaffold_overlaps_model_selection
BDB-50528408,50528408,Nc1nc(NCc2ccc(Cl)cc2)nc(-c2ccccc2CO)n1,YBSDSAUOKIJKQV-UHFFFAOYSA-N,C1CCC(CCC2CCCC(C3CCCCC3)C2)CC1,10.1021/acs.jmedchem.9b00869,31298539,3,True,False,pending_dual_review,quarantined_before_evidence_review,exact_structure_previously_visible
BDB-50528484,50528484,COC(=O)c1cccc(CSc2nc(N)c(C#N)c(-c3ccco3)c2C#N)c1,IKBOAPCYYHRBSI-UHFFFAOYSA-N,C1CCC(CCC2CCCC(C3CCCC3)C2)CC1,10.1021/acs.jmedchem.9b00106,31306001,1,True,True,pending_dual_review,quarantined_before_evidence_review,exact_structure_previously_visible|generic_scaffold_overlaps_model_selection
BDB-50528485,50528485,N#Cc1c(N)nc(SCc2ccccn2)c(C#N)c1-c1ccco1,MRUNWTOEZIGJBB-UHFFFAOYSA-N,C1CCC(CCC2CCCC(C3CCCC3)C2)CC1,10.1021/acs.jmedchem.9b00106,31306001,1,False,True,pending_dual_review,quarantined_before_evidence_review,generic_scaffold_overlaps_model_selection
BDB-50528487,50528487,N#Cc1c(N)nc(SCc2cccc(C(N)=O)c2)c(C#N)c1-c1ccco1,PBSWAVQHNZBRMP-UHFFFAOYSA-N,C1CCC(CCC2CCCC(C3CCCC3)C2)CC1,10.1021/acs.jmedchem.9b00106,31306001,1,True,True,pending_dual_review,quarantined_before_evidence_review,exact_structure_previously_visible|generic_scaffold_overlaps_model_selection
BDB-50528488,50528488,N#Cc1c(N)nc(SCc2cccnc2)c(C#N)c1-c1ccco1,RCHMOBFVVHVEGJ-UHFFFAOYSA-N,C1CCC(CCC2CCCC(C3CCCC3)C2)CC1,10.1021/acs.jmedchem.9b00106,31306001,1,True,True,pending_dual_review,quarantined_before_evidence_review,exact_structure_previously_visible|generic_scaffold_overlaps_model_selection
BDB-50528492,50528492,N#Cc1c(N)nc(SCc2cccc(CO)c2)c(C#N)c1-c1ccco1,AWILPOCGXGKWER-UHFFFAOYSA-N,C1CCC(CCC2CCCC(C3CCCC3)C2)CC1,10.1021/acs.jmedchem.9b00106,31306001,1,True,True,pending_dual_review,quarantined_before_evidence_review,exact_structure_previously_visible|generic_scaffold_overlaps_model_selection
BDB-50528493,50528493,N#Cc1c(NCc2ccccc2)nc(SCCO)c(C#N)c1-c1ccco1,YNJGOECAICQSFB-UHFFFAOYSA-N,C1CCC(CCC2CCCC(C3CCCC3)C2)CC1,10.1021/acs.jmedchem.9b00106,31306001,1,False,True,pending_dual_review,quarantined_before_evidence_review,generic_scaffold_overlaps_model_selection
BDB-50528497,50528497,COC(=O)c1cccc(CSc2nc(N)c(C#N)c(-c3cccs3)c2C#N)c1,LLFDKESQGBJKPL-UHFFFAOYSA-N,C1CCC(CCC2CCCC(C3CCCC3)C2)CC1,10.1021/acs.jmedchem.9b00106,31306001,1,False,True,pending_dual_review,quarantined_before_evidence_review,generic_scaffold_overlaps_model_selection
BDB-50528498,50528498,COC(=O)c1cccc(CSc2nc(N)c(C#N)c(-c3ccoc3)c2C#N)c1,UFSPCMWZWAAVAI-UHFFFAOYSA-N,C1CCC(CCC2CCCC(C3CCCC3)C2)CC1,10.1021/acs.jmedchem.9b00106,31306001,1,False,True,pending_dual_review,quarantined_before_evidence_review,generic_scaffold_overlaps_model_selection
BDB-50528499,50528499,N#Cc1c(N)nc(SCc2ccncc2)c(C#N)c1-c1ccco1,XDDKKVMAZSJNOX-UHFFFAOYSA-N,C1CCC(CCC2CCCC(C3CCCC3)C2)CC1,10.1021/acs.jmedchem.9b00106,31306001,1,False,True,pending_dual_review,quarantined_before_evidence_review,generic_scaffold_overlaps_model_selection
BDB-50528500,50528500,N#Cc1c(N)nc(SCc2cccc(C(=O)O)c2)c(C#N)c1-c1ccco1,NXBXTZDBNPJDJD-UHFFFAOYSA-N,C1CCC(CCC2CCCC(C3CCCC3)C2)CC1,10.1021/acs.jmedchem.9b00106,31306001,1,False,True,pending_dual_review,quarantined_before_evidence_review,generic_scaffold_overlaps_model_selection
BDB-50528502,50528502,N#CCSc1nc(N)c(C#N)c(-c2ccco2)c1C#N,LIYUZQVCQBZKJF-UHFFFAOYSA-N,C1CCC(C2CCCC2)CC1,10.1021/acs.jmedchem.9b00106,31306001,1,False,True,pending_dual_review,quarantined_before_evidence_review,generic_scaffold_overlaps_model_selection
BDB-50528505,50528505,N#Cc1cccc(CSc2nc(N)c(C#N)c(-c3ccco3)c2C#N)c1,IYIVPBBGRWZCSP-UHFFFAOYSA-N,C1CCC(CCC2CCCC(C3CCCC3)C2)CC1,10.1021/acs.jmedchem.9b00106,31306001,1,False,True,pending_dual_review,quarantined_before_evidence_review,generic_scaffold_overlaps_model_selection
BDB-50534172,50534172,Cn1c(=O)c2c(nc3n2CCN([C@@H]2CCCc4ccccc42)C3)n(C)c1=O,GEMWFQCNZGPNFF-OAHLLOKOSA-N,CC1CC(C)C2C(C1)CC1CC(C3CCCC4CCCCC43)CCC12,10.1016/j.bmc.2016.09.003,27658798,1,True,True,pending_dual_review,quarantined_before_evidence_review,exact_structure_previously_visible|generic_scaffold_overlaps_model_selection
BDB-50534174,50534174,Cn1c(=O)c2c(nc3n2CCN(Cc2csc(-c4cccs4)n2)C3)n(C)c1=O,YQRZRTIMIDGUQW-UHFFFAOYSA-N,CC1CC(C)C2C(C1)CC1CC(CC3CCC(C4CCCC4)C3)CCC12,10.1016/j.bmc.2016.09.003,27658798,1,True,True,pending_dual_review,quarantined_before_evidence_review,exact_structure_previously_visible|generic_scaffold_overlaps_model_selection
BDB-50534175,50534175,Cn1c(=O)c2c(nc3n2CCN(Cc2csc(-c4ccc(C(F)(F)F)cc4)n2)C3)n(C)c1=O,ZQRIIWBOYPCWHS-UHFFFAOYSA-N,CC1CC(C)C2C(C1)CC1CC(CC3CCC(C4CCCCC4)C3)CCC12,10.1016/j.bmc.2016.09.003,27658798,1,True,True,pending_dual_review,quarantined_before_evidence_review,exact_structure_previously_visible|generic_scaffold_overlaps_model_selection
BDB-50534179,50534179,Cn1c(=O)c2c(nc3n2CCN(Cc2csc(-c4cccc(Cl)c4)n2)C3)n(C)c1=O,JFIAUWNUIUKPBJ-UHFFFAOYSA-N,CC1CC(C)C2C(C1)CC1CC(CC3CCC(C4CCCCC4)C3)CCC12,10.1016/j.bmc.2016.09.003,27658798,1,False,True,pending_dual_review,quarantined_before_evidence_review,generic_scaffold_overlaps_model_selection
BDB-50534182,50534182,Cn1c(=O)c2c(nc3n2CCN(Cc2csc(-c4ccc(Cl)cc4)n2)C3)n(C)c1=O,CDSBRKBGYBCBGI-UHFFFAOYSA-N,CC1CC(C)C2C(C1)CC1CC(CC3CCC(C4CCCCC4)C3)CCC12,10.1016/j.bmc.2016.09.003,27658798,1,False,True,pending_dual_review,quarantined_before_evidence_review,generic_scaffold_overlaps_model_selection
BDB-50534184,50534184,Cn1c(=O)c2c(nc3n2CCN(CCCc2cccc(Br)c2)C3)n(C)c1=O,DGHLLMFHASRJAN-UHFFFAOYSA-N,CC1CC(C)C2C(C1)CC1CC(CCCC3CCCCC3)CCC12,10.1016/j.bmc.2016.09.003,27658798,1,False,True,pending_dual_review,quarantined_before_evidence_review,generic_scaffold_overlaps_model_selection
BDB-50534190,50534190,Cn1c(=O)c2c(nc3n2CCN(CCCc2ccc(Cl)cc2)C3)n(C)c1=O,OOVWJQCYDXLQQI-UHFFFAOYSA-N,CC1CC(C)C2C(C1)CC1CC(CCCC3CCCCC3)CCC12,10.1016/j.bmc.2016.09.003,27658798,1,True,True,pending_dual_review,quarantined_before_evidence_review,exact_structure_previously_visible|generic_scaffold_overlaps_model_selection
BDB-50537263,50537263,Cn1c(=O)c2c(nc3n2CCCN3CCc2cccnc2)n(C)c1=O,CGWYHYVZAWWMPW-UHFFFAOYSA-N,CC1CC(C)C2C(C1)CC1C(CCC3CCCCC3)CCCC12,10.1016/j.bmc.2019.02.004,30808606,1,False,True,pending_dual_review,quarantined_before_evidence_review,generic_scaffold_overlaps_model_selection
BDB-50545422,50545422,Nc1nc(-c2ccc(OCCO)cc2)cn2c(=O)n(-c3ccccc3)nc12,YLFFYCSPRODDOW-UHFFFAOYSA-N,CC1C2CC(C3CCCCC3)CCC2CC1C1CCCCC1,10.1016/j.bmcl.2020.127126,32241719,1,False,True,pending_dual_review,quarantined_before_evidence_review,generic_scaffold_overlaps_model_selection
BDB-50545433,50545433,Nc1nc(-c2ccc(OCC(O)CO)cc2)cn2c(=O)n(-c3ccccc3)nc12,JGSJJZGTGOMAIC-UHFFFAOYSA-N,CC1C2CC(C3CCCCC3)CCC2CC1C1CCCCC1,10.1016/j.bmcl.2020.127126,32241719,1,False,True,pending_dual_review,quarantined_before_evidence_review,generic_scaffold_overlaps_model_selection
BDB-50553403,50553403,COc1nc(-c2ncco2)nc(N)c1C(=O)NCc1c(Cl)cccc1Cl,MZALOVKMJUTVDD-UHFFFAOYSA-N,CC(CCC1CCCCC1)C1CCC(C2CCCC2)CC1,10.1021/acs.jmedchem.0c00237,32667814,1,True,False,pending_dual_review,quarantined_before_evidence_review,exact_structure_previously_visible
BDB-50553404,50553404,Cc1ccc(-c2nc(N)nc3c2nnn3Cc2cccc(CO[C@H]3CCOC3)n2)o1,KURQKNMKCGYWRJ-HNNXBMFYSA-N,C1CCC(CCC2CCCC(CC3CCC4C(C5CCCC5)CCCC34)C2)C1,10.1021/acs.jmedchem.0c00237,32667814|34695776|38845345,3,True,True,pending_dual_review,quarantined_before_evidence_review,exact_structure_previously_visible|generic_scaffold_overlaps_model_selection
BDB-50553413,50553413,Nc1nc(-n2cc(O)cn2)nc(-n2cccn2)c1Br,XSLJSHJSFPBCAB-UHFFFAOYSA-N,C1CCC(C2CCCC(C3CCCC3)C2)C1,10.1021/acs.jmedchem.0c00237,32667814,1,False,True,pending_dual_review,quarantined_before_evidence_review,generic_scaffold_overlaps_model_selection
BDB-50555707,50555707,Nc1nc(-c2ccc(S(N)(=O)=O)cc2)cn2c(=O)n(-c3ccccc3)nc12,NFFOARSMZVEQBA-UHFFFAOYSA-N,CC1C2CC(C3CCCCC3)CCC2CC1C1CCCCC1,10.1016/j.ejmech.2020.112478,32659606,1,False,True,pending_dual_review,quarantined_before_evidence_review,generic_scaffold_overlaps_model_selection
BDB-50555708,50555708,CN(C)c1nc(-c2ccc(S(N)(=O)=O)cc2)cn2c(=O)n(-c3ccccc3)nc12,SMRAUEYCFQUGMY-UHFFFAOYSA-N,CC1C2CC(C3CCCCC3)CCC2CC1C1CCCCC1,10.1016/j.ejmech.2020.112478,32659606,1,False,True,pending_dual_review,quarantined_before_evidence_review,generic_scaffold_overlaps_model_selection
BDB-50555709,50555709,CCOC(=O)CNc1ccc(-c2cn3c(=O)n(-c4ccccc4)nc3c(N)n2)cc1,ZMVUYNQVYVTCAD-UHFFFAOYSA-N,CC1C2CC(C3CCCCC3)CCC2CC1C1CCCCC1,10.1016/j.ejmech.2020.112478,32659606,1,False,True,pending_dual_review,quarantined_before_evidence_review,generic_scaffold_overlaps_model_selection
BDB-50555710,50555710,Nc1nc(-c2ccc(NC(=O)CCC(=O)O)cc2)cn2c(=O)n(-c3ccccc3)nc12,WBXYUQQMXZEFHT-UHFFFAOYSA-N,CC1C2CC(C3CCCCC3)CCC2CC1C1CCCCC1,10.1016/j.ejmech.2020.112478,32659606,1,False,True,pending_dual_review,quarantined_before_evidence_review,generic_scaffold_overlaps_model_selection
BDB-50555724,50555724,Nc1nc(-c2ccc(NC(=O)CCNC(=O)c3ccc(S(N)(=O)=O)cc3)cc2)cn2c(=O)n(-c3ccccc3)nc12,FHXDIWZSFIJLNH-UHFFFAOYSA-N,CC(CCCC(C)C1CCCCC1)CC1CCC(C2CCC3CC(C4CCCCC4)C(C)C3C2)CC1,10.1016/j.ejmech.2020.112478,32659606,1,False,True,pending_dual_review,quarantined_before_evidence_review,generic_scaffold_overlaps_model_selection
BDB-50555725,50555725,Nc1nc(-c2ccc(NC(=O)CCNC(=O)c3cccc(S(N)(=O)=O)c3)cc2)cn2c(=O)n(-c3ccccc3)nc12,BQYCUVSPDUOPHX-UHFFFAOYSA-N,CC(CCCC(C)C1CCCCC1)CC1CCC(C2CCC3CC(C4CCCCC4)C(C)C3C2)CC1,10.1016/j.ejmech.2020.112478,32659606,1,False,True,pending_dual_review,quarantined_before_evidence_review,generic_scaffold_overlaps_model_selection
BDB-50580161,50580161,N[C@@H]1CS[C@@H](n2cnc3c(NCc4cccc(I)c4)nc(Cl)nc32)[C@@H]1O,DLOSJENCHVOYJS-IXPVHAAZSA-N,C1CCC(CCC2CCCC3C(C4CCCC4)CCC23)CC1,10.1021/acs.jmedchem.1c00239,34435786,1,False,True,pending_dual_review,quarantined_before_evidence_review,generic_scaffold_overlaps_model_selection
BDB-50580162,50580162,N[C@@H]1CS[C@@H](n2cnc3c(NCc4cccc(I)c4)ncnc32)[C@@H]1O,HZHZTWSOBKLCAM-AXAPSJFSSA-N,C1CCC(CCC2CCCC3C(C4CCCC4)CCC23)CC1,10.1021/acs.jmedchem.1c00239,34435786,1,False,True,pending_dual_review,quarantined_before_evidence_review,generic_scaffold_overlaps_model_selection
BDB-50580292,50580292,Nc1nc(NCCCCCCC(=O)NO)nc2nc(-c3ccco3)nn12,IBKFDNLDJJYCFV-UHFFFAOYSA-N,C1CCC(C2CC3CCCCC3C2)C1,10.1021/acs.jmedchem.1c01155,34783558,1,False,True,pending_dual_review,quarantined_before_evidence_review,generic_scaffold_overlaps_model_selection
BDB-50580294,50580294,Nc1nc2c(cnn2CCc2ccc(C(=O)NO)cc2)c2nc(-c3ccco3)nn12,MAKQWFNACRCLGJ-UHFFFAOYSA-N,C1CCC(CCC2CCC3C2CCC2CC(C4CCCC4)CC23)CC1,10.1021/acs.jmedchem.1c01155,34783558,1,False,True,pending_dual_review,quarantined_before_evidence_review,generic_scaffold_overlaps_model_selection
BDB-50580295,50580295,Nc1nc2c(cnn2CCc2ccc(OCCCCCC(=O)NO)cc2)c2nc(-c3ccco3)nn12,OKYOGYUMGOCADK-UHFFFAOYSA-N,C1CCC(CCC2CCC3C2CCC2CC(C4CCCC4)CC23)CC1,10.1021/acs.jmedchem.1c01155,34783558,1,False,True,pending_dual_review,quarantined_before_evidence_review,generic_scaffold_overlaps_model_selection
BDB-50580296,50580296,Nc1nc2c(cnn2CCc2ccc(NC(=O)CCCCCCC(=O)NO)cc2)c2nc(-c3ccco3)nn12,GDORGFVYOGNYSG-UHFFFAOYSA-N,C1CCC(CCC2CCC3C2CCC2CC(C4CCCC4)CC23)CC1,10.1021/acs.jmedchem.1c01155,34783558,1,False,True,pending_dual_review,quarantined_before_evidence_review,generic_scaffold_overlaps_model_selection
BDB-50580515,50580515,Nc1nc(-c2ccccc2)c2c(n1)-c1cc(OCCCN3CCCC3)ccc1C2,BDUVGZUKNGPFEZ-UHFFFAOYSA-N,C1CCC(C2CCCC3C4CC(CCCCC5CCCC5)CCC4CC23)CC1,10.1021/acs.jmedchem.0c00914,34107215,1,True,False,pending_dual_review,quarantined_before_evidence_review,exact_structure_previously_visible
BDB-50580522,50580522,Nc1nc(-c2ccccc2)c2c(n1)-c1cc(OCCCN3CCCCC3)ccc1C2=O,FDGXVDUYFWJNRM-UHFFFAOYSA-N,CC1C2CCC(CCCCC3CCCCC3)CC2C2CCCC(C3CCCCC3)C12,10.1021/acs.jmedchem.0c00914,34107215,1,True,False,pending_dual_review,quarantined_before_evidence_review,exact_structure_previously_visible
BDB-50581955,50581955,CCCCn1c(=O)c2nc(C34CCC(C(=O)NCCCN=[N+]=[N-])(CC3)CC4)[nH]c2n(CCCNC(=O)c2ccc(S(=O)(=O)F)cc2)c1=O,OILFXMJWXJFNKA-UHFFFAOYSA-N,CC(CCCCC1C(C)CC(C)C2CC(C34CCC(CC3)CC4)CC12)C1CCCCC1,10.1021/acs.jmedchem.0c02169,34120444,1,True,True,pending_dual_review,quarantined_before_evidence_review,exact_structure_previously_visible|generic_scaffold_overlaps_model_selection
BDB-50581957,50581957,CCCn1c(=O)c2nc(C34CCC(C(=O)NCCCN=[N+]=[N-])(CC3)CC4)[nH]c2n(CCCNC(=O)c2ccc(S(=O)(=O)F)cc2)c1=O,MKKYCVDHNWHQPM-UHFFFAOYSA-N,CC(CCCCC1C(C)CC(C)C2CC(C34CCC(CC3)CC4)CC12)C1CCCCC1,10.1021/acs.jmedchem.0c02169,34120444,1,True,True,pending_dual_review,quarantined_before_evidence_review,exact_structure_previously_visible|generic_scaffold_overlaps_model_selection
BDB-50581958,50581958,CCCCn1c(=O)c2nc(C34CCC(C(=O)NCCCCN=[N+]=[N-])(CC3)CC4)[nH]c2n(CCCNC(=O)c2ccc(S(=O)(=O)F)cc2)c1=O,PRYJQIVBGGDTIP-UHFFFAOYSA-N,CC(CCCCC1C(C)CC(C)C2CC(C34CCC(CC3)CC4)CC12)C1CCCCC1,10.1021/acs.jmedchem.0c02169,34120444,1,True,True,pending_dual_review,quarantined_before_evidence_review,exact_structure_previously_visible|generic_scaffold_overlaps_model_selection
BDB-50581960,50581960,CCCCn1c(=O)c2nc(C34CCC(C(=O)NCCOCCOCCN=[N+]=[N-])(CC3)CC4)[nH]c2n(CCCNC(=O)c2ccc(S(=O)(=O)F)cc2)c1=O,MCEYCZMPZCYMEI-UHFFFAOYSA-N,CC(CCCCC1C(C)CC(C)C2CC(C34CCC(CC3)CC4)CC12)C1CCCCC1,10.1021/acs.jmedchem.0c02169,34120444,1,True,True,pending_dual_review,quarantined_before_evidence_review,exact_structure_previously_visible|generic_scaffold_overlaps_model_selection
BDB-50581961,50581961,CCCCn1c(=O)c2nc(C34CCC(C(=O)NCCOCCOCCOCCN=[N+]=[N-])(CC3)CC4)[nH]c2n(CCCNC(=O)c2ccc(S(=O)(=O)F)cc2)c1=O,SMLYNLQHAYCBJP-UHFFFAOYSA-N,CC(CCCCC1C(C)CC(C)C2CC(C34CCC(CC3)CC4)CC12)C1CCCCC1,10.1021/acs.jmedchem.0c02169,34120444,1,True,True,pending_dual_review,quarantined_before_evidence_review,exact_structure_previously_visible|generic_scaffold_overlaps_model_selection
BDB-50581964,50581964,C#CCCCCNC(=O)C12CCC(c3nc4c(=O)n(CCCC)c(=O)n(CCCNC(=O)c5ccc(S(=O)(=O)F)cc5)c4[nH]3)(CC1)CC2,MNFYVRVTDSODIK-UHFFFAOYSA-N,CC(CCCCC1C(C)CC(C)C2CC(C34CCC(CC3)CC4)CC12)C1CCCCC1,10.1021/acs.jmedchem.0c02169,34120444,1,True,True,pending_dual_review,quarantined_before_evidence_review,exact_structure_previously_visible|generic_scaffold_overlaps_model_selection
BDB-50582413,50582413,N#Cc1c(N)nc(SCc2ncc[nH]2)nc1-c1ccccc1,KNAVXUQOZNYRNP-UHFFFAOYSA-N,C1CCC(C2CCCC(CCC3CCCC3)C2)CC1,10.1021/acs.jmedchem.0c01856,33764785,1,True,True,pending_dual_review,quarantined_before_evidence_review,exact_structure_previously_visible|generic_scaffold_overlaps_model_selection
BDB-50582414,50582414,Nc1nc(SCc2ncc[nH]2)nc(-c2ccccc2)n1,XYPHNPGHZMKQGS-UHFFFAOYSA-N,C1CCC(C2CCCC(CCC3CCCC3)C2)CC1,10.1021/acs.jmedchem.0c01856,33764785,1,True,True,pending_dual_review,quarantined_before_evidence_review,exact_structure_previously_visible|generic_scaffold_overlaps_model_selection
BDB-50582415,50582415,N#Cc1c(SCc2ncc[nH]2)nc(N)nc1-c1ccccc1,VNVKLVVDRZDUDB-UHFFFAOYSA-N,C1CCC(C2CCCC(CCC3CCCC3)C2)CC1,10.1021/acs.jmedchem.0c01856,33764785,1,True,True,pending_dual_review,quarantined_before_evidence_review,exact_structure_previously_visible|generic_scaffold_overlaps_model_selection
BDB-50582416,50582416,N#Cc1c(-c2ccccc2)cc(SCc2ncc[nH]2)nc1N,ZWGXHARBQIAHQP-UHFFFAOYSA-N,C1CCC(C2CCCC(CCC3CCCC3)C2)CC1,10.1021/acs.jmedchem.0c01856,33764785,1,True,True,pending_dual_review,quarantined_before_evidence_review,exact_structure_previously_visible|generic_scaffold_overlaps_model_selection
BDB-50582417,50582417,N#Cc1c(-c2ccccc2)cc(N)nc1SCc1ncc[nH]1,RDIJWMVTYZIEQU-UHFFFAOYSA-N,C1CCC(C2CCCC(CCC3CCCC3)C2)CC1,10.1021/acs.jmedchem.0c01856,33764785,1,True,True,pending_dual_review,quarantined_before_evidence_review,exact_structure_previously_visible|generic_scaffold_overlaps_model_selection
BDB-50584569,50584569,N#Cc1c(-c2ccccc2)nc(N)nc1-c1ccsc1,GZFMIKWKBQWFQA-UHFFFAOYSA-N,C1CCC(C2CCCC(C3CCCC3)C2)CC1,10.1021/acs.jmedchem.1c01636,35068155,1,False,True,pending_dual_review,quarantined_before_evidence_review,generic_scaffold_overlaps_model_selection
BDB-50584577,50584577,CNc1nc(-c2ccccc2)c(C#N)c(-c2ccco2)n1,SKAWIEBCFSXXDA-UHFFFAOYSA-N,C1CCC(C2CCCC(C3CCCC3)C2)CC1,10.1021/acs.jmedchem.1c01636,35068155,1,False,True,pending_dual_review,quarantined_before_evidence_review,generic_scaffold_overlaps_model_selection
BDB-50584582,50584582,N#Cc1c(-c2ccc(F)cc2)nc(N)nc1-c1ccco1,FZQFAKGQUMBHKS-UHFFFAOYSA-N,C1CCC(C2CCCC(C3CCCC3)C2)CC1,10.1021/acs.jmedchem.1c01636,35068155,1,False,True,pending_dual_review,quarantined_before_evidence_review,generic_scaffold_overlaps_model_selection
BDB-50584585,50584585,N#Cc1c(-c2ccccc2)nc(N)nc1-c1ccco1,MSWFMEAKMSUXBO-UHFFFAOYSA-N,C1CCC(C2CCCC(C3CCCC3)C2)CC1,10.1021/acs.jmedchem.1c01636,35068155,1,False,True,pending_dual_review,quarantined_before_evidence_review,generic_scaffold_overlaps_model_selection
BDB-50584596,50584596,N#Cc1c(-c2ccccc2)nc(N)nc1-c1cccs1,VZLSYUWHFSYECO-UHFFFAOYSA-N,C1CCC(C2CCCC(C3CCCC3)C2)CC1,10.1021/acs.jmedchem.1c01636,35068155,1,False,True,pending_dual_review,quarantined_before_evidence_review,generic_scaffold_overlaps_model_selection
BDB-50584599,50584599,N#Cc1c(-c2ccccc2)nc(N)nc1-c1ccoc1,BTYPMBXTINWTBV-UHFFFAOYSA-N,C1CCC(C2CCCC(C3CCCC3)C2)CC1,10.1021/acs.jmedchem.1c01636,35068155,1,False,True,pending_dual_review,quarantined_before_evidence_review,generic_scaffold_overlaps_model_selection
BDB-50585018,50585018,Cn1cc(-c2cnc(N)n3nc(-c4ccco4)nc23)ccc1=O,REBSCEKUSAWQBZ-UHFFFAOYSA-N,CC1CCC(C2CCCC3CC(C4CCCC4)CC32)CC1,10.1021/acsmedchemlett.1c00599,35295085,1,True,True,pending_dual_review,quarantined_before_evidence_review,exact_structure_previously_visible|generic_scaffold_overlaps_model_selection
BDB-50585020,50585020,Cn1cc(-c2cnc(N)n3nc(-c4nccs4)nc23)ccc1=O,QQYWBZGZWKOKDH-UHFFFAOYSA-N,CC1CCC(C2CCCC3CC(C4CCCC4)CC32)CC1,10.1021/acsmedchemlett.1c00599,35295085,1,False,True,pending_dual_review,quarantined_before_evidence_review,generic_scaffold_overlaps_model_selection
BDB-50585021,50585021,Cc1cnc(-c2nc3c(-c4ccc(=O)n(C)c4)cnc(N)n3n2)s1,DYSAGUGAFNVWHS-UHFFFAOYSA-N,CC1CCC(C2CCCC3CC(C4CCCC4)CC32)CC1,10.1021/acsmedchemlett.1c00599,35295085,1,False,True,pending_dual_review,quarantined_before_evidence_review,generic_scaffold_overlaps_model_selection
BDB-50585022,50585022,Cc1ccc(-c2nc3c(-c4ccc(=O)n(C)c4)cnc(N)n3n2)o1,KLJDXFGQVZGHIH-UHFFFAOYSA-N,CC1CCC(C2CCCC3CC(C4CCCC4)CC32)CC1,10.1021/acsmedchemlett.1c00599,35295085,1,False,True,pending_dual_review,quarantined_before_evidence_review,generic_scaffold_overlaps_model_selection
BDB-50585023,50585023,Cc1csc(-c2nc3c(-c4ccc(=O)n(C)c4)cnc(N)n3n2)n1,WSRDZFYHMPCZFJ-UHFFFAOYSA-N,CC1CCC(C2CCCC3CC(C4CCCC4)CC32)CC1,10.1021/acsmedchemlett.1c00599,35295085,1,False,True,pending_dual_review,quarantined_before_evidence_review,generic_scaffold_overlaps_model_selection
BDB-50585024,50585024,Cn1ccc(-c2nc3c(-c4ccc(=O)n(C)c4)cnc(N)n3n2)n1,QJMNUBMDOSFREH-UHFFFAOYSA-N,CC1CCC(C2CCCC3CC(C4CCCC4)CC32)CC1,10.1021/acsmedchemlett.1c00599,35295085,1,False,True,pending_dual_review,quarantined_before_evidence_review,generic_scaffold_overlaps_model_selection
BDB-50585026,50585026,Cn1nccc1-c1nc2c(-c3ccc(=O)n(C)c3)cnc(N)n2n1,QHXSKQBRFSNNMC-UHFFFAOYSA-N,CC1CCC(C2CCCC3CC(C4CCCC4)CC32)CC1,10.1021/acsmedchemlett.1c00599,35295085,1,False,True,pending_dual_review,quarantined_before_evidence_review,generic_scaffold_overlaps_model_selection
BDB-50594625,50594625,Cc1c(C#N)cccc1-c1cc(-c2cn(Cc3cccc(C(C)(C)O)n3)nn2)nc(N)n1,BUXIAWLTBSXYSW-UHFFFAOYSA-N,C1CCC(CC2CCC(C3CCCC(C4CCCCC4)C3)C2)CC1,,34695776,1,True,True,pending_dual_review,quarantined_before_evidence_review,exact_structure_previously_visible|generic_scaffold_overlaps_model_selection
BDB-50594628,50594628,COc1ccc(-c2cn3c(=O)n(-c4ccc([N+](=O)[O-])cc4)nc3c(N)n2)cc1,SYVSMGXRSLWUDV-UHFFFAOYSA-N,CC1C2CC(C3CCCCC3)CCC2CC1C1CCCCC1,,34695776,1,True,True,pending_dual_review,quarantined_before_evidence_review,exact_structure_previously_visible|generic_scaffold_overlaps_model_selection
BDB-50594632,50594632,Nc1nc(-c2cccc(Cl)c2)cn2c(=O)n(-c3ccccc3)nc12,WDURZCNQMMOMOT-UHFFFAOYSA-N,CC1C2CC(C3CCCCC3)CCC2CC1C1CCCCC1,,34695776,1,False,True,pending_dual_review,quarantined_before_evidence_review,generic_scaffold_overlaps_model_selection
BDB-50594634,50594634,Nc1nc(Nc2ccco2)nc2sc(Cc3cccnc3)nc12,JQEUVIGFWWXQIW-UHFFFAOYSA-N,C1CCC(CC2CC3CCC(CC4CCCC4)CC3C2)CC1,,34695776,1,True,False,pending_dual_review,quarantined_before_evidence_review,exact_structure_previously_visible
BDB-50594636,50594636,Nc1nc(N2CCN(CCN3CCCC3)CC2)nc2sc(-c3ccco3)nc12,JLLUUCPOQJOUJM-UHFFFAOYSA-N,C1CCC(CCC2CCC(C3CCC4CC(C5CCCC5)CC4C3)CC2)C1,,34695776,1,True,False,pending_dual_review,quarantined_before_evidence_review,exact_structure_previously_visible
BDB-50594637,50594637,Nc1nc(N2CCN(c3ccccc3)CC2)nc2sc(-c3ccco3)nc12,NOUWULVTAWEVHA-UHFFFAOYSA-N,C1CCC(C2CCC(C3CCC4CC(C5CCCC5)CC4C3)CC2)CC1,,34695776,1,True,False,pending_dual_review,quarantined_before_evidence_review,exact_structure_previously_visible
BDB-50594638,50594638,Nc1nc(NC2CCN(C3CCCN(Cc4ccccc4)C3)CC2)nc2sc(-c3ccco3)nc12,DCNWRYIFSYUHCI-UHFFFAOYSA-N,C1CCC(CC2CCCC(C3CCC(CC4CCC5CC(C6CCCC6)CC5C4)CC3)C2)CC1,,34695776,1,True,False,pending_dual_review,quarantined_before_evidence_review,exact_structure_previously_visible
BDB-50594639,50594639,COc1ccc(CCNc2nc(N)c3nn(-c4ccccc4)cc3n2)cc1OC,WOMQVTVAGCUWGH-UHFFFAOYSA-N,C1CCC(CCCC2CCC3CC(C4CCCCC4)CC3C2)CC1,,34695776,1,False,True,pending_dual_review,quarantined_before_evidence_review,generic_scaffold_overlaps_model_selection
BDB-50594647,50594647,Cc1cccc(Nc2nc(NCCCO)nc3c2cnn3-c2ccccc2)c1,ALKLEJFDIFUWAN-UHFFFAOYSA-N,C1CCC(CC2CCCC3C(C4CCCCC4)CCC23)CC1,,35462165,1,True,False,pending_dual_review,quarantined_before_evidence_review,exact_structure_previously_visible
BDB-50594659,50594659,COCCOc1ccc(N2CCN(CCn3c(=O)n(C)c4c3nc(N)n3nc(-c5nccs5)nc43)CC2)c(F)c1,IQWGGVNTARNMKJ-UHFFFAOYSA-N,CC1CC2C3CC(C4CCCC4)CC3CCC2C1CCC1CCC(C2CCCCC2)CC1,,34695776,1,False,True,pending_dual_review,quarantined_before_evidence_review,generic_scaffold_overlaps_model_selection
BDB-50594666,50594666,COc1cccc(C(=O)n2nc(-c3ccccc3Cl)nc2N)c1,VQRBKNAKDYQRNE-UHFFFAOYSA-N,CC(C1CCCCC1)C1CCC(C2CCCCC2)C1,,34695776,1,True,False,pending_dual_review,quarantined_before_evidence_review,exact_structure_previously_visible
BDB-50594667,50594667,Nc1nc(-c2ccccc2Cl)cn1C(=O)c1cccc(Cl)c1,WCYRZPCRNQHRMY-UHFFFAOYSA-N,CC(C1CCCCC1)C1CCC(C2CCCCC2)C1,,34695776,1,True,False,pending_dual_review,quarantined_before_evidence_review,exact_structure_previously_visible
BDB-50595097,50595097,COC[C@H]1CCCN1c1cc(Nc2ccccn2)nc(-n2cccn2)n1,GJWZPYAJTCEKDL-CQSZACIVSA-N,C1CCC(CC2CC(C3CCCC3)CC(C3CCCC3)C2)CC1,,35462165,1,True,False,pending_dual_review,quarantined_before_evidence_review,exact_structure_previously_visible
BDB-50595579,50595579,CCCCC#Cc1nc(N)c2nc(-c3cccs3)n([C@@H]3OC[C@@H](O)[C@H]3O)c2n1,MUHXGASCCALSAJ-PRIMNGNOSA-N,C1CCC2C(C1)CC(C1CCCC1)C2C1CCCC1,10.1021/acs.jmedchem.3c00806,35977382|37603705,5,True,True,pending_dual_review,quarantined_before_evidence_review,exact_structure_previously_visible|generic_scaffold_overlaps_model_selection
BDB-50600746,50600746,Nc1nc(C(=O)NCc2ccccc2)cn2c1nc1ccccc12,XYNLOSWJZOQHDR-UHFFFAOYSA-N,CC(CCC1CCCCC1)C1CCC2CC3CCCCC3C2C1,,35714367,1,False,True,pending_dual_review,quarantined_before_evidence_review,generic_scaffold_overlaps_model_selection
BDB-50600747,50600747,Nc1nc(C(=O)NCc2cccc(Cl)c2)cn2c1nc1ccccc12,XDZDPMVJQKADFA-UHFFFAOYSA-N,CC(CCC1CCCCC1)C1CCC2CC3CCCCC3C2C1,,35714367,1,False,True,pending_dual_review,quarantined_before_evidence_review,generic_scaffold_overlaps_model_selection
BDB-50600748,50600748,Nc1nc(C(=O)NCc2ccccn2)cn2c1nc1ccccc12,QHIATACMHNLOEM-UHFFFAOYSA-N,CC(CCC1CCCCC1)C1CCC2CC3CCCCC3C2C1,,35714367,2,True,True,pending_dual_review,quarantined_before_evidence_review,exact_structure_previously_visible|generic_scaffold_overlaps_model_selection
BDB-50600755,50600755,Nc1nc(C(=O)NCCc2ccccn2)cn2c1nc1ccccc12,MWISIRXEPKXITJ-UHFFFAOYSA-N,CC(CCCC1CCCCC1)C1CCC2CC3CCCCC3C2C1,,35714367,1,True,False,pending_dual_review,quarantined_before_evidence_review,exact_structure_previously_visible
BDB-50600757,50600757,Nc1nc(C(=O)NCc2cccnc2)cn2c1nc1ccccc12,DMRGTSADNQMEHM-UHFFFAOYSA-N,CC(CCC1CCCCC1)C1CCC2CC3CCCCC3C2C1,,35714367,1,True,True,pending_dual_review,quarantined_before_evidence_review,exact_structure_previously_visible|generic_scaffold_overlaps_model_selection
BDB-50600758,50600758,Nc1nc(C(=O)NCc2ccncc2)cn2c1nc1ccccc12,DBHBCVCCWMOUKI-UHFFFAOYSA-N,CC(CCC1CCCCC1)C1CCC2CC3CCCCC3C2C1,,35714367,1,True,True,pending_dual_review,quarantined_before_evidence_review,exact_structure_previously_visible|generic_scaffold_overlaps_model_selection
BDB-50604917,50604917,Nc1nc(-c2ccco2)c2cnn(Cc3ccc(C(=O)NO)cc3)c2n1,TYDFOPOLZHXGIW-UHFFFAOYSA-N,C1CCC(CC2CCC3C(C4CCCC4)CCCC23)CC1,,35390714,1,False,True,pending_dual_review,quarantined_before_evidence_review,generic_scaffold_overlaps_model_selection
BDB-50604918,50604918,Cc1ccc(-c2nc(N)nc3c2cnn3Cc2ccc(C(=O)NO)cc2)o1,KYNXYBJKGKYGER-UHFFFAOYSA-N,C1CCC(CC2CCC3C(C4CCCC4)CCCC23)CC1,,35390714,1,False,True,pending_dual_review,quarantined_before_evidence_review,generic_scaffold_overlaps_model_selection
BDB-50604931,50604931,Nc1nc(-c2ccco2)c2cnn(Cc3ccc(/C=C/C(=O)NO)cc3)c2n1,HADMBUXJGCALMH-BQYQJAHWSA-N,C1CCC(CC2CCC3C(C4CCCC4)CCCC23)CC1,,35390714,1,False,True,pending_dual_review,quarantined_before_evidence_review,generic_scaffold_overlaps_model_selection
BDB-50604932,50604932,Nc1nc(-c2ccco2)c2cnn(Cc3cccc(/C=C/C(=O)NO)c3)c2n1,SZNUGYXIXXNAOC-VOTSOKGWSA-N,C1CCC(CC2CCC3C(C4CCCC4)CCCC23)CC1,,35390714,1,False,True,pending_dual_review,quarantined_before_evidence_review,generic_scaffold_overlaps_model_selection
BDB-50604933,50604933,Cc1ccc(-c2nc(N)nc3c2cnn3Cc2cccc(/C=C/C(=O)NO)c2)o1,ALUBLBMIZNEPIT-SOFGYWHQSA-N,C1CCC(CC2CCC3C(C4CCCC4)CCCC23)CC1,,35390714,1,False,True,pending_dual_review,quarantined_before_evidence_review,generic_scaffold_overlaps_model_selection
BDB-50604937,50604937,Nc1nc(-c2ccco2)c2cnn(Cc3cccc(OCCCCC(=O)NO)c3)c2n1,XXBLBFPUOSWBDU-UHFFFAOYSA-N,C1CCC(CC2CCC3C(C4CCCC4)CCCC23)CC1,,35390714,1,False,True,pending_dual_review,quarantined_before_evidence_review,generic_scaffold_overlaps_model_selection
BDB-50604938,50604938,Nc1nc(-c2ccco2)c2cnn(Cc3cccc(OCCCCCC(=O)NO)c3)c2n1,RBVNSTORMBQZHN-UHFFFAOYSA-N,C1CCC(CC2CCC3C(C4CCCC4)CCCC23)CC1,,35390714,1,False,True,pending_dual_review,quarantined_before_evidence_review,generic_scaffold_overlaps_model_selection
BDB-50604939,50604939,Nc1nc(-c2ccco2)c2cnn(Cc3cccc(OCCCCCCC(=O)NO)c3)c2n1,BNMVLBFIXXFEJN-UHFFFAOYSA-N,C1CCC(CC2CCC3C(C4CCCC4)CCCC23)CC1,,35390714,1,False,True,pending_dual_review,quarantined_before_evidence_review,generic_scaffold_overlaps_model_selection
BDB-50604940,50604940,Cc1ccc(-c2nc(N)nc3c2cnn3Cc2cccc(OCCCCC(=O)NO)c2)o1,VGPWNNYVQUWXJT-UHFFFAOYSA-N,C1CCC(CC2CCC3C(C4CCCC4)CCCC23)CC1,,35390714,1,False,True,pending_dual_review,quarantined_before_evidence_review,generic_scaffold_overlaps_model_selection
BDB-50604941,50604941,Cc1ccc(-c2nc(N)nc3c2cnn3Cc2cccc(OCCCCCC(=O)NO)c2)o1,KLGPVKAUWJSGET-UHFFFAOYSA-N,C1CCC(CC2CCC3C(C4CCCC4)CCCC23)CC1,,35390714,1,False,True,pending_dual_review,quarantined_before_evidence_review,generic_scaffold_overlaps_model_selection
BDB-50604942,50604942,Cc1ccc(-c2nc(N)nc3c2cnn3Cc2cccc(OCCCCCCC(=O)NO)c2)o1,UTQQHFAKUWFGCW-UHFFFAOYSA-N,C1CCC(CC2CCC3C(C4CCCC4)CCCC23)CC1,,35390714,1,False,True,pending_dual_review,quarantined_before_evidence_review,generic_scaffold_overlaps_model_selection
BDB-50604943,50604943,Nc1nc(-c2ccco2)c2cnn(Cc3cccc(OCCCCC(=O)NO)n3)c2n1,DEKCUYWHVMRDNV-UHFFFAOYSA-N,C1CCC(CC2CCC3C(C4CCCC4)CCCC23)CC1,,35390714,1,False,True,pending_dual_review,quarantined_before_evidence_review,generic_scaffold_overlaps_model_selection
BDB-50604944,50604944,Nc1nc(-c2ccco2)c2cnn(Cc3cccc(OCCCCCC(=O)NO)n3)c2n1,CMGJPVLKHNPFFV-UHFFFAOYSA-N,C1CCC(CC2CCC3C(C4CCCC4)CCCC23)CC1,,35390714,1,False,True,pending_dual_review,quarantined_before_evidence_review,generic_scaffold_overlaps_model_selection
BDB-50604945,50604945,Nc1nc(-c2ccco2)c2cnn(Cc3cccc(OCCCCCCC(=O)NO)n3)c2n1,RQDWUHDIGLJGCG-UHFFFAOYSA-N,C1CCC(CC2CCC3C(C4CCCC4)CCCC23)CC1,,35390714,1,False,True,pending_dual_review,quarantined_before_evidence_review,generic_scaffold_overlaps_model_selection
BDB-50604946,50604946,Cc1ccc(-c2nc(N)nc3c2cnn3Cc2cccc(OCCCCC(=O)NO)n2)o1,OUWGVHNEPISDJV-UHFFFAOYSA-N,C1CCC(CC2CCC3C(C4CCCC4)CCCC23)CC1,,35390714,1,False,True,pending_dual_review,quarantined_before_evidence_review,generic_scaffold_overlaps_model_selection
BDB-50604947,50604947,Cc1ccc(-c2nc(N)nc3c2cnn3Cc2cccc(OCCCCCC(=O)NO)n2)o1,FCIAWMPGAVAUAC-UHFFFAOYSA-N,C1CCC(CC2CCC3C(C4CCCC4)CCCC23)CC1,,35390714,1,False,True,pending_dual_review,quarantined_before_evidence_review,generic_scaffold_overlaps_model_selection
BDB-50604948,50604948,Cc1ccc(-c2nc(N)nc3c2cnn3Cc2cccc(OCCCCCCC(=O)NO)n2)o1,ZRDDVKHINJTHNY-UHFFFAOYSA-N,C1CCC(CC2CCC3C(C4CCCC4)CCCC23)CC1,,35390714,1,False,True,pending_dual_review,quarantined_before_evidence_review,generic_scaffold_overlaps_model_selection
BDB-50604949,50604949,Nc1nc(-c2ccco2)c2cnn(Cc3ccc(N)c(OCCCCCCC(=O)NO)c3)c2n1,NJQFOUVHOGXLPQ-UHFFFAOYSA-N,C1CCC(CC2CCC3C(C4CCCC4)CCCC23)CC1,,35390714,1,False,True,pending_dual_review,quarantined_before_evidence_review,generic_scaffold_overlaps_model_selection
BDB-50604950,50604950,Cc1ccc(-c2nc(N)nc3c2cnn3Cc2ccc(N)c(OCCCCCCC(=O)NO)c2)o1,AURVZVCNNNFNKZ-UHFFFAOYSA-N,C1CCC(CC2CCC3C(C4CCCC4)CCCC23)CC1,,35390714,1,False,True,pending_dual_review,quarantined_before_evidence_review,generic_scaffold_overlaps_model_selection
BDB-50628399,50628399,CCCCC#Cc1nc(N)c2nc(-c3ccco3)n([C@@H]3OC[C@@H](O)[C@H]3O)c2n1,JFCCLEWBAGSLFT-PRIMNGNOSA-N,C1CCC2C(C1)CC(C1CCCC1)C2C1CCCC1,10.1021/acs.jmedchem.3c00806,37603705,2,True,True,pending_dual_review,quarantined_before_evidence_review,exact_structure_previously_visible|generic_scaffold_overlaps_model_selection
BDB-50628400,50628400,CCCCC#Cc1nc(NC)c2nc(-c3ccco3)n([C@@H]3OC[C@@H](O)[C@H]3O)c2n1,AOQZOGKNUADFRH-CBLJQSSYSA-N,C1CCC2C(C1)CC(C1CCCC1)C2C1CCCC1,10.1021/acs.jmedchem.3c00806,37603705,1,False,True,pending_dual_review,quarantined_before_evidence_review,generic_scaffold_overlaps_model_selection
BDB-50628401,50628401,CCCCC#Cc1nc(NC)c2nc(-c3cccs3)n([C@@H]3OC[C@@H](O)[C@H]3O)c2n1,BJWNWHKUOZZNRL-CBLJQSSYSA-N,C1CCC2C(C1)CC(C1CCCC1)C2C1CCCC1,10.1021/acs.jmedchem.3c00806,37603705,1,False,True,pending_dual_review,quarantined_before_evidence_review,generic_scaffold_overlaps_model_selection
BDB-50628403,50628403,CCCCC#Cc1nc(N)c2nc(-c3cccs3)n([C@@H]3SC[C@@H](O)[C@H]3O)c2n1,CRLNRKLEXXPAHH-PRIMNGNOSA-N,C1CCC2C(C1)CC(C1CCCC1)C2C1CCCC1,10.1021/acs.jmedchem.3c00806,37603705,1,False,True,pending_dual_review,quarantined_before_evidence_review,generic_scaffold_overlaps_model_selection
BDB-50628404,50628404,Nc1nc(Cl)nc2c1nc(-c1ccco1)n2[C@@H]1SC[C@@H](O)[C@H]1O,NBTDHRMFLGVKNZ-XIGBOZDYSA-N,C1CCC2C(C1)CC(C1CCCC1)C2C1CCCC1,10.1021/acs.jmedchem.3c00806,37603705,1,False,True,pending_dual_review,quarantined_before_evidence_review,generic_scaffold_overlaps_model_selection
BDB-50628406,50628406,Nc1nc(Cl)nc2c1nc(-c1cccs1)n2[C@@H]1SC[C@@H](O)[C@H]1O,YREJGOVMVZFJDC-XIGBOZDYSA-N,C1CCC2C(C1)CC(C1CCCC1)C2C1CCCC1,10.1021/acs.jmedchem.3c00806,37603705,1,False,True,pending_dual_review,quarantined_before_evidence_review,generic_scaffold_overlaps_model_selection
BDB-50628410,50628410,CCCCC#Cc1nc(N)c2nc(-c3ccco3)n([C@@H]3SC[C@@H](O)[C@H]3O)c2n1,LCEQNZWFBWECDK-PRIMNGNOSA-N,C1CCC2C(C1)CC(C1CCCC1)C2C1CCCC1,10.1021/acs.jmedchem.3c00806,37603705,1,True,True,pending_dual_review,quarantined_before_evidence_review,exact_structure_previously_visible|generic_scaffold_overlaps_model_selection
BDB-50628411,50628411,CCCCC#Cc1nc(NC)c2nc(-c3ccco3)n([C@@H]3SC[C@@H](O)[C@H]3O)c2n1,VCPHSIUPIXSXMW-CBLJQSSYSA-N,C1CCC2C(C1)CC(C1CCCC1)C2C1CCCC1,10.1021/acs.jmedchem.3c00806,37603705,1,False,True,pending_dual_review,quarantined_before_evidence_review,generic_scaffold_overlaps_model_selection
BDB-50628412,50628412,CCCCC#Cc1nc(NC)c2nc(-c3cccs3)n([C@@H]3SC[C@@H](O)[C@H]3O)c2n1,PESFGYYNBLHZAJ-CBLJQSSYSA-N,C1CCC2C(C1)CC(C1CCCC1)C2C1CCCC1,10.1021/acs.jmedchem.3c00806,37603705,1,False,True,pending_dual_review,quarantined_before_evidence_review,generic_scaffold_overlaps_model_selection
BDB-50628413,50628413,CNc1nc(Cl)nc2c1nc(-c1ccco1)n2[C@@H]1SC[C@@H](O)[C@H]1O,AXLBLGXKUIWSNY-CIQYLNAISA-N,C1CCC2C(C1)CC(C1CCCC1)C2C1CCCC1,10.1021/acs.jmedchem.3c00806,37603705,1,False,True,pending_dual_review,quarantined_before_evidence_review,generic_scaffold_overlaps_model_selection
BDB-50628414,50628414,CNc1nc(Cl)nc2c1nc(-c1cccs1)n2[C@@H]1SC[C@@H](O)[C@H]1O,PYSUNPAOADKPGK-CIQYLNAISA-N,C1CCC2C(C1)CC(C1CCCC1)C2C1CCCC1,10.1021/acs.jmedchem.3c00806,37603705,1,False,True,pending_dual_review,quarantined_before_evidence_review,generic_scaffold_overlaps_model_selection
BDB-50638392,50638392,CCCCC#Cc1nc2c(N)nc(-c3ccco3)nc2n1[C@@H]1OC[C@@H](O)[C@H]1O,MYHYECFOCSQRBC-PRIMNGNOSA-N,C1CCC(C2CCC3CCC(C4CCCC4)C3C2)C1,,38845345,1,True,True,pending_dual_review,quarantined_before_evidence_review,exact_structure_previously_visible|generic_scaffold_overlaps_model_selection
BDB-50638393,50638393,CCCCC#Cc1nc2c(NC)nc(-c3ccco3)nc2n1[C@@H]1OC[C@@H](O)[C@H]1O,DACJMPASLFHHOI-CBLJQSSYSA-N,C1CCC(C2CCC3CCC(C4CCCC4)C3C2)C1,,38845345,1,False,True,pending_dual_review,quarantined_before_evidence_review,generic_scaffold_overlaps_model_selection
BDB-50638394,50638394,CCCCC#Cc1nc2c(N)nc(-c3cccs3)nc2n1[C@@H]1OC[C@@H](O)[C@H]1O,GPMMUPOGOQQHSE-PRIMNGNOSA-N,C1CCC(C2CCC3CCC(C4CCCC4)C3C2)C1,,38845345,1,True,True,pending_dual_review,quarantined_before_evidence_review,exact_structure_previously_visible|generic_scaffold_overlaps_model_selection
BDB-50638395,50638395,CCCCC#Cc1nc2c(N)nc(-c3ccco3)nc2n1[C@@H]1SC[C@@H](O)[C@H]1O,YROBLOXLHQVABO-PRIMNGNOSA-N,C1CCC(C2CCC3CCC(C4CCCC4)C3C2)C1,,38845345,1,True,True,pending_dual_review,quarantined_before_evidence_review,exact_structure_previously_visible|generic_scaffold_overlaps_model_selection
BDB-50638396,50638396,CCCCC#Cc1nc2c(NC)nc(-c3ccco3)nc2n1[C@@H]1SC[C@@H](O)[C@H]1O,UFIVCZRQWPHPTL-CBLJQSSYSA-N,C1CCC(C2CCC3CCC(C4CCCC4)C3C2)C1,,38845345,1,False,True,pending_dual_review,quarantined_before_evidence_review,generic_scaffold_overlaps_model_selection
BDB-50638397,50638397,CCCCC#Cc1nc2c(N)nc(-c3cccs3)nc2n1[C@@H]1SC[C@@H](O)[C@H]1O,NUOPIJOVCGUYBH-PRIMNGNOSA-N,C1CCC(C2CCC3CCC(C4CCCC4)C3C2)C1,,38845345,1,True,True,pending_dual_review,quarantined_before_evidence_review,exact_structure_previously_visible|generic_scaffold_overlaps_model_selection
BDB-50638398,50638398,CCCCC#Cc1nc2c(NC)nc(-c3cccs3)nc2n1[C@@H]1SC[C@@H](O)[C@H]1O,VBXKKOLNJBPXHL-CBLJQSSYSA-N,C1CCC(C2CCC3CCC(C4CCCC4)C3C2)C1,,38845345,1,False,True,pending_dual_review,quarantined_before_evidence_review,generic_scaffold_overlaps_model_selection
BDB-50638400,50638400,CCCCC#Cc1nc2c(N)nc(-c3ccco3)nc2[nH]1,CUXKGZJSDUHGOJ-UHFFFAOYSA-N,C1CCC(C2CCC3CCCC3C2)C1,,38845345,1,True,True,pending_dual_review,quarantined_before_evidence_review,exact_structure_previously_visible|generic_scaffold_overlaps_model_selection
BDB-50638401,50638401,CCCCC#Cc1nc2c(NC)nc(-c3ccco3)nc2[nH]1,CZQSSCGZCCSAEE-UHFFFAOYSA-N,C1CCC(C2CCC3CCCC3C2)C1,,38845345,1,False,True,pending_dual_review,quarantined_before_evidence_review,generic_scaffold_overlaps_model_selection
BDB-50638402,50638402,CCCCC#Cc1nc2c(NC)nc(-c3cccs3)nc2[nH]1,APQUIKJRSHEWBU-UHFFFAOYSA-N,C1CCC(C2CCC3CCCC3C2)C1,,38845345,1,False,True,pending_dual_review,quarantined_before_evidence_review,generic_scaffold_overlaps_model_selection
BDB-50638403,50638403,CCCCC#Cc1nc(N)c2nc(-c3ccco3)[nH]c2n1,PDIXDOVKNZZYKW-UHFFFAOYSA-N,C1CCC(C2CC3CCCCC3C2)C1,,38845345,1,True,True,pending_dual_review,quarantined_before_evidence_review,exact_structure_previously_visible|generic_scaffold_overlaps_model_selection
BDB-50638404,50638404,CCCCC#Cc1nc(NC)c2nc(-c3cccs3)[nH]c2n1,BWRGNCIORXEUCS-UHFFFAOYSA-N,C1CCC(C2CC3CCCCC3C2)C1,,38845345,1,False,True,pending_dual_review,quarantined_before_evidence_review,generic_scaffold_overlaps_model_selection
BDB-50638406,50638406,Nc1nc(-c2ccco2)nc2[nH]c(-c3ccco3)nc12,IDHOYORMDSDHSP-UHFFFAOYSA-N,C1CCC(C2CCC3CC(C4CCCC4)CC3C2)C1,,38845345,1,False,True,pending_dual_review,quarantined_before_evidence_review,generic_scaffold_overlaps_model_selection
BDB-50638407,50638407,Nc1nc(-c2cccs2)nc2[nH]c(-c3cccs3)nc12,YLJZJILCUFFMCQ-UHFFFAOYSA-N,C1CCC(C2CCC3CC(C4CCCC4)CC3C2)C1,,38845345,1,False,True,pending_dual_review,quarantined_before_evidence_review,generic_scaffold_overlaps_model_selection
BDB-50638409,50638409,CCCCC#Cc1nc2c(NC)nc(-c3cccs3)nc2n1[C@@H]1OC[C@@H](O)[C@H]1O,FYQJUHIBGJVGRN-CBLJQSSYSA-N,C1CCC(C2CCC3CCC(C4CCCC4)C3C2)C1,,38845345,1,False,True,pending_dual_review,quarantined_before_evidence_review,generic_scaffold_overlaps_model_selection
BDB-50638412,50638412,CCCCC#Cc1nc2c(N)nc(-c3cccs3)nc2[nH]1,GINSISHQZZKKDM-UHFFFAOYSA-N,C1CCC(C2CCC3CCCC3C2)C1,,38845345,1,True,True,pending_dual_review,quarantined_before_evidence_review,exact_structure_previously_visible|generic_scaffold_overlaps_model_selection
BDB-50638414,50638414,CCCCC#Cc1nc(NC)c2nc(-c3ccco3)[nH]c2n1,DXQRFQMWRINTPJ-UHFFFAOYSA-N,C1CCC(C2CC3CCCCC3C2)C1,,38845345,1,False,True,pending_dual_review,quarantined_before_evidence_review,generic_scaffold_overlaps_model_selection
BDB-50638415,50638415,CCCCC#Cc1nc(N)c2nc(-c3cccs3)[nH]c2n1,PLYPUFOPXDLKMR-UHFFFAOYSA-N,C1CCC(C2CC3CCCCC3C2)C1,,38845345,1,True,True,pending_dual_review,quarantined_before_evidence_review,exact_structure_previously_visible|generic_scaffold_overlaps_model_selection
BDB-50638416,50638416,CCCCC#Cc1nc(N)c2nc(C#CCCCC)n([C@@H]3OC[C@@H](O)[C@H]3O)c2n1,YUNNAJMEEYCJEH-CFCCAZDESA-N,C1CCC2C(C1)CCC2C1CCCC1,,38845345,1,False,True,pending_dual_review,quarantined_before_evidence_review,generic_scaffold_overlaps_model_selection
BDB-50657835,50657835,CCCCC#Cc1nc(N)c2nc(-c3cccs3)n([C@H]3[C@H](O)[C@H](O)[C@@H]4C[C@@H]43)c2n1,LSUIVCYGEPLQJQ-RBGFHWGBSA-N,C1CCC2C(C1)CC(C1CCCC1)C2C1CCC2CC21,,39504593,1,True,False,pending_dual_review,quarantined_before_evidence_review,exact_structure_previously_visible
BDB-50657838,50657838,CCCCC#Cc1nc(N)c2ncn([C@@H]3C=C[C@@H](O)[C@H]3O)c2n1,YBVRXYYSVHIWFW-GYSYKLTISA-N,C1CCC2C(C1)CCC2C1CCCC1,,39504593,1,False,True,pending_dual_review,quarantined_before_evidence_review,generic_scaffold_overlaps_model_selection
BDB-50657839,50657839,CCCCC#Cc1nc(N)c2ncn([C@@H]3CC[C@@H](O)[C@H]3O)c2n1,QTSTYXDHGARWLY-GYSYKLTISA-N,C1CCC2C(C1)CCC2C1CCCC1,,39504593,1,False,True,pending_dual_review,quarantined_before_evidence_review,generic_scaffold_overlaps_model_selection
BDB-508516,508516,Nc1nc2c3c(ccc2c2ncnn12)OC(F)(F)O3,IDJPABHSWGUTFO-UHFFFAOYSA-N,C1CC2CCC3C4CCCC4CCC3C2C1,,,1,False,False,pending_dual_review,quarantined_before_evidence_review,primary_publication_identifier_missing
BDB-508517,508517,Cc1nc2c3ccc4c(c3nc(N)n2n1)OC(F)(F)O4,MGJHOVPDUBDFTM-UHFFFAOYSA-N,C1CC2CCC3C4CCCC4CCC3C2C1,,,1,False,False,pending_dual_review,quarantined_before_evidence_review,primary_publication_identifier_missing
BDB-508518,508518,Nc1nc2c3c(ccc2c2nc(Cc4cccnc4Cl)nn12)OC(F)(F)O3,ZWFQHBKSCKKBOL-UHFFFAOYSA-N,C1CCC(CC2CC3CCC4C5CCCC5CCC4C3C2)CC1,,,1,False,False,pending_dual_review,quarantined_before_evidence_review,primary_publication_identifier_missing
BDB-508520,508520,Nc1nc2c3c(ccc2c2nc(Cc4cccnc4N4CC[C@@H](c5ccc(F)cc5)C4)nn12)OC(F)(F)O3,FJBFHXMCTSGINL-MRXNPFEDSA-N,C1CCC(C2CCC(C3CCCCC3CC3CC4CCC5C6CCCC6CCC5C4C3)C2)CC1,,,1,False,False,pending_dual_review,quarantined_before_evidence_review,primary_publication_identifier_missing
BDB-508522,508522,Nc1nc2c3c(ccc2c2nc(Cc4cccnc4N4CC[C@@H](c5ccc(C(F)(F)F)cc5)C4)nn12)OC(F)(F)O3,SJUQCZFCOZFYFA-MRXNPFEDSA-N,C1CCC(C2CCC(C3CCCCC3CC3CC4CCC5C6CCCC6CCC5C4C3)C2)CC1,,,1,False,False,pending_dual_review,quarantined_before_evidence_review,primary_publication_identifier_missing
BDB-508525,508525,Nc1nc2c3c(ccc2c2nc(CCN4Cc5cccnc5C4)nn12)OC(F)(F)O3,AECLHEWOCFJTDO-UHFFFAOYSA-N,C1CCC2CC(CCC3CC4CCC5C6CCCC6CCC5C4C3)CC2C1,,,1,False,False,pending_dual_review,quarantined_before_evidence_review,primary_publication_identifier_missing
BDB-508527,508527,Nc1nc2c3c(ccc2c2nc(CCN4Cc5ccc(C(F)(F)F)cc5C4)nn12)OC(F)(F)O3,PWKZWTRNHWLNCM-UHFFFAOYSA-N,C1CCC2CC(CCC3CC4CCC5C6CCCC6CCC5C4C3)CC2C1,,,1,False,False,pending_dual_review,quarantined_before_evidence_review,primary_publication_identifier_missing
BDB-508528,508528,Nc1nc2c3c(ccc2c2nc(CCN4Cc5ccc(F)cc5C4)nn12)OC(F)(F)O3,AKNUXWXVGLTOPO-UHFFFAOYSA-N,C1CCC2CC(CCC3CC4CCC5C6CCCC6CCC5C4C3)CC2C1,,,1,False,False,pending_dual_review,quarantined_before_evidence_review,primary_publication_identifier_missing
BDB-508531,508531,Nc1nc2c3c(ccc2c2nc(CCN4Cc5cnc(C(F)(F)F)nc5C4)nn12)OC(F)(F)O3,SPCQXKKYGVOOMF-UHFFFAOYSA-N,C1CCC2CC(CCC3CC4CCC5C6CCCC6CCC5C4C3)CC2C1,,,1,False,False,pending_dual_review,quarantined_before_evidence_review,primary_publication_identifier_missing
BDB-508532,508532,CCc1nnc2n1CCN(CCc1nc3c4ccc5c(c4nc(N)n3n1)OC(F)(F)O5)C2,CCNKKQKCFGVPSU-UHFFFAOYSA-N,C1CC2CCC(CCC3CC4CCC5C6CCCC6CCC5C4C3)CC2C1,,,1,False,False,pending_dual_review,quarantined_before_evidence_review,primary_publication_identifier_missing
BDB-508533,508533,Nc1nc2c3c(ccc2c2nc(CCN4Cc5ccncc5C4)nn12)OC(F)(F)O3,AKCITDRVEXHURE-UHFFFAOYSA-N,C1CCC2CC(CCC3CC4CCC5C6CCCC6CCC5C4C3)CC2C1,,,1,False,False,pending_dual_review,quarantined_before_evidence_review,primary_publication_identifier_missing
BDB-508535,508535,Cc1nc2c(o1)CN(CCc1nc3c4ccc5c(c4nc(N)n3n1)OC(F)(F)O5)CC2,CGPLCYZRPVTZTG-UHFFFAOYSA-N,C1CC2CCC(CCC3CC4CCC5C6CCCC6CCC5C4C3)CC2C1,,,1,False,False,pending_dual_review,quarantined_before_evidence_review,primary_publication_identifier_missing
BDB-508536,508536,Cc1nc2c(s1)CCN(CCc1nc3c4ccc5c(c4nc(N)n3n1)OC(F)(F)O5)C2,VSADVRQGSKOOFG-UHFFFAOYSA-N,C1CC2CCC(CCC3CC4CCC5C6CCCC6CCC5C4C3)CC2C1,,,1,False,False,pending_dual_review,quarantined_before_evidence_review,primary_publication_identifier_missing
BDB-508537,508537,Nc1nc2c3c(ccc2c2nc(CCN4CCc5nc(C6CC6)oc5C4)nn12)OC(F)(F)O3,QWJPZYIOHDOSNN-UHFFFAOYSA-N,C1CC2CCC3C4CC(CCC5CCC6CC(C7CC7)CC6C5)CC4CCC3C2C1,,,1,False,False,pending_dual_review,quarantined_before_evidence_review,primary_publication_identifier_missing
BDB-508538,508538,Nc1nc2c3c(ccc2c2nc(CCN4CC(F)C4)nn12)OC(F)(F)O3,MUEIKGPWMRIDPX-UHFFFAOYSA-N,C1CC(CCC2CC3CCC4C5CCCC5CCC4C3C2)C1,,,1,False,False,pending_dual_review,quarantined_before_evidence_review,primary_publication_identifier_missing
BDB-508539,508539,CC1(F)CN(CCc2nc3c4ccc5c(c4nc(N)n3n2)OC(F)(F)O5)C1,GZNSKUORIVJEHP-UHFFFAOYSA-N,C1CC(CCC2CC3CCC4C5CCCC5CCC4C3C2)C1,,,1,False,False,pending_dual_review,quarantined_before_evidence_review,primary_publication_identifier_missing
BDB-508541,508541,CCC1(F)CN(CCc2nc3c4ccc5c(c4nc(N)n3n2)OC(F)(F)O5)C1,HSFKTKOVLOSSQC-UHFFFAOYSA-N,C1CC(CCC2CC3CCC4C5CCCC5CCC4C3C2)C1,,,1,False,False,pending_dual_review,quarantined_before_evidence_review,primary_publication_identifier_missing
BDB-508542,508542,Nc1nc2c3c(ccc2c2nc(CCN4CC(F)(C5CC5)C4)nn12)OC(F)(F)O3,JRTHLTIYKPPTEH-UHFFFAOYSA-N,C1CC2CCC3C4CC(CCC5CC(C6CC6)C5)CC4CCC3C2C1,,,1,False,False,pending_dual_review,quarantined_before_evidence_review,primary_publication_identifier_missing
BDB-508543,508543,Nc1nc2c3c(ccc2c2nc(CCN4CC(F)(F)C4)nn12)OC(F)(F)O3,WDGIVJLHWCPTKG-UHFFFAOYSA-N,C1CC(CCC2CC3CCC4C5CCCC5CCC4C3C2)C1,,,1,False,False,pending_dual_review,quarantined_before_evidence_review,primary_publication_identifier_missing
BDB-508544,508544,Nc1nc2c3c(ccc2c2nc(CCN4CC(O)(C(F)(F)F)C4)nn12)OC(F)(F)O3,QMLRPGVLCFTIRX-UHFFFAOYSA-N,C1CC(CCC2CC3CCC4C5CCCC5CCC4C3C2)C1,,,1,False,False,pending_dual_review,quarantined_before_evidence_review,primary_publication_identifier_missing
BDB-508546,508546,Nc1nc2c3c(ccc2c2nc(CCN4CC(F)(C(F)(F)F)C4)nn12)OC(F)(F)O3,ONMYIBRCVRGHAC-UHFFFAOYSA-N,C1CC(CCC2CC3CCC4C5CCCC5CCC4C3C2)C1,,,1,False,False,pending_dual_review,quarantined_before_evidence_review,primary_publication_identifier_missing
BDB-508547,508547,C[C@@H]1C[C@H](F)CN1CCc1nc2c3ccc4c(c3nc(N)n2n1)OC(F)(F)O4,ABVUYCPJEBHHQX-BDAKNGLRSA-N,C1CCC(CCC2CC3CCC4C5CCCC5CCC4C3C2)C1,,,1,False,False,pending_dual_review,quarantined_before_evidence_review,primary_publication_identifier_missing
BDB-508551,508551,Nc1nc2c3c(ccc2c2nc(CCN4C[C@H](F)[C@@H](F)C4)nn12)OC(F)(F)O3,NXPBMMZAICGBLE-IUCAKERBSA-N,C1CCC(CCC2CC3CCC4C5CCCC5CCC4C3C2)C1,,,1,False,False,pending_dual_review,quarantined_before_evidence_review,primary_publication_identifier_missing
BDB-508552,508552,Nc1nc2c3c(ccc2c2nc(CCN4CCC(F)(F)C4)nn12)OC(F)(F)O3,HEPQTLANZGPFJC-UHFFFAOYSA-N,C1CCC(CCC2CC3CCC4C5CCCC5CCC4C3C2)C1,,,1,False,False,pending_dual_review,quarantined_before_evidence_review,primary_publication_identifier_missing
BDB-508553,508553,C[C@@H]1CC(F)(F)CN1CCc1nc2c3ccc4c(c3nc(N)n2n1)OC(F)(F)O4,JTRLSAVAFBZUNS-MRVPVSSYSA-N,C1CCC(CCC2CC3CCC4C5CCCC5CCC4C3C2)C1,,,1,False,False,pending_dual_review,quarantined_before_evidence_review,primary_publication_identifier_missing
BDB-508554,508554,C[C@H]1CC(F)(F)CN1CCc1nc2c3ccc4c(c3nc(N)n2n1)OC(F)(F)O4,JTRLSAVAFBZUNS-QMMMGPOBSA-N,C1CCC(CCC2CC3CCC4C5CCCC5CCC4C3C2)C1,,,1,False,False,pending_dual_review,quarantined_before_evidence_review,primary_publication_identifier_missing
BDB-508555,508555,Nc1nc2c3c(ccc2c2nc(CCN4CCC(F)CC4)nn12)OC(F)(F)O3,WRTKYCODMUMCIU-UHFFFAOYSA-N,C1CCC(CCC2CC3CCC4C5CCCC5CCC4C3C2)CC1,,,1,False,False,pending_dual_review,quarantined_before_evidence_review,primary_publication_identifier_missing
BDB-508556,508556,CC1(F)CCN(CCc2nc3c4ccc5c(c4nc(N)n3n2)OC(F)(F)O5)CC1,VAFAZPIINIPGCM-UHFFFAOYSA-N,C1CCC(CCC2CC3CCC4C5CCCC5CCC4C3C2)CC1,,,1,False,False,pending_dual_review,quarantined_before_evidence_review,primary_publication_identifier_missing
BDB-508557,508557,Nc1nc2c3c(ccc2c2nc(CCN4CCCC(F)(F)C4)nn12)OC(F)(F)O3,VTERORWFGSWFHY-UHFFFAOYSA-N,C1CCC(CCC2CC3CCC4C5CCCC5CCC4C3C2)CC1,,,1,False,False,pending_dual_review,quarantined_before_evidence_review,primary_publication_identifier_missing
BDB-508558,508558,Nc1nc2c3c(ccc2c2nc(CCN4CCC(F)(F)CC4)nn12)OC(F)(F)O3,GKRCHTLAXBZLQY-UHFFFAOYSA-N,C1CCC(CCC2CC3CCC4C5CCCC5CCC4C3C2)CC1,,,1,False,False,pending_dual_review,quarantined_before_evidence_review,primary_publication_identifier_missing
BDB-508559,508559,C[C@@H]1CC(F)(F)CCN1CCc1nc2c3ccc4c(c3nc(N)n2n1)OC(F)(F)O4,LETYUMYVWYKPFV-SECBINFHSA-N,C1CCC(CCC2CC3CCC4C5CCCC5CCC4C3C2)CC1,,,1,False,False,pending_dual_review,quarantined_before_evidence_review,primary_publication_identifier_missing
BDB-508560,508560,Nc1nc2c3c(ccc2c2nc(CCN4CC5COCC(C4)C5(F)F)nn12)OC(F)(F)O3,TWDCWOGUNVQEBP-UHFFFAOYSA-N,C1CC2CC(C1)CC(CCC1CC3CCC4C5CCCC5CCC4C3C1)C2,,,1,False,False,pending_dual_review,quarantined_before_evidence_review,primary_publication_identifier_missing
BDB-508563,508563,CC1(C)CN(CCc2nc3c4ccc5c(c4nc(N)n3n2)OC(F)(F)O5)C1,WJQBHYBAOKEQJB-UHFFFAOYSA-N,C1CC(CCC2CC3CCC4C5CCCC5CCC4C3C2)C1,,,1,False,False,pending_dual_review,quarantined_before_evidence_review,primary_publication_identifier_missing
BDB-508564,508564,C[C@@H]1CC[C@@H](C)N1CCc1nc2c3ccc4c(c3nc(N)n2n1)OC(F)(F)O4,GDOBSPRQMOXROL-NXEZZACHSA-N,C1CCC(CCC2CC3CCC4C5CCCC5CCC4C3C2)C1,,,1,False,False,pending_dual_review,quarantined_before_evidence_review,primary_publication_identifier_missing
BDB-508565,508565,Nc1nc2c3c(ccc2c2nc(CCN4CC5CC5C4)nn12)OC(F)(F)O3,SCFVAFKJBRMBON-UHFFFAOYSA-N,C1CC2CCC3C4CC(CCC5CC6CC6C5)CC4CCC3C2C1,,,1,False,False,pending_dual_review,quarantined_before_evidence_review,primary_publication_identifier_missing
BDB-508566,508566,Nc1nc2c3c(ccc2c2nc(CCN4CC[C@@H](c5ccccc5)C4)nn12)OC(F)(F)O3,HDJZIOUSIOKJMD-CQSZACIVSA-N,C1CCC(C2CCC(CCC3CC4CCC5C6CCCC6CCC5C4C3)C2)CC1,,,1,False,False,pending_dual_review,quarantined_before_evidence_review,primary_publication_identifier_missing
BDB-508567,508567,Nc1nc2c3c(ccc2c2nc(CCN4CC[C@H](c5ccccc5)C4)nn12)OC(F)(F)O3,HDJZIOUSIOKJMD-AWEZNQCLSA-N,C1CCC(C2CCC(CCC3CC4CCC5C6CCCC6CCC5C4C3)C2)CC1,,,1,False,False,pending_dual_review,quarantined_before_evidence_review,primary_publication_identifier_missing
BDB-508568,508568,CC1CCN(CCc2nc3c4ccc5c(c4nc(N)n3n2)OC(F)(F)O5)CC1,CVDQZHHBKBEVHK-UHFFFAOYSA-N,C1CCC(CCC2CC3CCC4C5CCCC5CCC4C3C2)CC1,,,1,False,False,pending_dual_review,quarantined_before_evidence_review,primary_publication_identifier_missing
BDB-508569,508569,CC1(C)CCCN(CCc2nc3c4ccc5c(c4nc(N)n3n2)OC(F)(F)O5)C1,VOPXKJKORUYYPS-UHFFFAOYSA-N,C1CCC(CCC2CC3CCC4C5CCCC5CCC4C3C2)CC1,,,1,False,False,pending_dual_review,quarantined_before_evidence_review,primary_publication_identifier_missing
BDB-508570,508570,CO[C@@H]1CCCN(CCc2nc3c4ccc5c(c4nc(N)n3n2)OC(F)(F)O5)C1,KCOSDLAPOVKPSC-SNVBAGLBSA-N,C1CCC(CCC2CC3CCC4C5CCCC5CCC4C3C2)CC1,,,1,False,False,pending_dual_review,quarantined_before_evidence_review,primary_publication_identifier_missing
BDB-508571,508571,CC1=CCN(CCc2nc3c4ccc5c(c4nc(N)n3n2)OC(F)(F)O5)CC1,LARMPANJXUOGPO-UHFFFAOYSA-N,C1CCC(CCC2CC3CCC4C5CCCC5CCC4C3C2)CC1,,,1,False,False,pending_dual_review,quarantined_before_evidence_review,primary_publication_identifier_missing
BDB-508572,508572,C[C@@H]1CN(CCc2nc3c4ccc5c(c4nc(N)n3n2)OC(F)(F)O5)CCO1,RHZTZICJIDXCBK-SECBINFHSA-N,C1CCC(CCC2CC3CCC4C5CCCC5CCC4C3C2)CC1,,,1,False,False,pending_dual_review,quarantined_before_evidence_review,primary_publication_identifier_missing
BDB-508575,508575,C[C@H]1COCCN1CCc1nc2c3ccc4c(c3nc(N)n2n1)OC(F)(F)O4,RBRWXJDRARDMOH-VIFPVBQESA-N,C1CCC(CCC2CC3CCC4C5CCCC5CCC4C3C2)CC1,,,1,False,False,pending_dual_review,quarantined_before_evidence_review,primary_publication_identifier_missing
BDB-508578,508578,C[C@@H]1CN(CCc2nc3c4ccc5c(c4nc(N)n3n2)OC(F)(F)O5)C[C@H](C)O1,QYJOGKYZLUPTOM-AOOOYVTPSA-N,C1CCC(CCC2CC3CCC4C5CCCC5CCC4C3C2)CC1,,,1,False,False,pending_dual_review,quarantined_before_evidence_review,primary_publication_identifier_missing
BDB-508587,508587,Cc1ncc(N2CCN(CCc3nc4c5ccc6c(c5nc(N)n4n3)OC(F)(F)O6)[C@H](C)C2)s1,FHKCSNKDZARFSL-LLVKDONJSA-N,C1CCC(C2CCC(CCC3CC4CCC5C6CCCC6CCC5C4C3)CC2)C1,,,1,False,False,pending_dual_review,quarantined_before_evidence_review,primary_publication_identifier_missing
BDB-508590,508590,C[C@@H]1CN(c2nsnc2Cl)CCN1CCc1nc2c3ccc4c(c3nc(N)n2n1)OC(F)(F)O4,GRNGMGWDQXERDK-SECBINFHSA-N,C1CCC(C2CCC(CCC3CC4CCC5C6CCCC6CCC5C4C3)CC2)C1,,,1,False,False,pending_dual_review,quarantined_before_evidence_review,primary_publication_identifier_missing
BDB-508592,508592,CN1CCN(CCc2nc3c4ccc5c(c4nc(N)n3n2)OC(F)(F)O5)CC1=O,BPELZGJTHASFRK-UHFFFAOYSA-N,CC1CCCC(CCC2CC3CCC4C5CCCC5CCC4C3C2)C1,,,1,False,False,pending_dual_review,quarantined_before_evidence_review,primary_publication_identifier_missing
BDB-508593,508593,Nc1nc2c3c(ccc2c2nc(CCN4CCN(CC5CC5)C(=O)C4)nn12)OC(F)(F)O3,PAMAALSFNSNOJP-UHFFFAOYSA-N,CC1CC(CCC2CC3CCC4C5CCCC5CCC4C3C2)CCC1CC1CC1,,,1,False,False,pending_dual_review,quarantined_before_evidence_review,primary_publication_identifier_missing
BDB-508596,508596,Nc1nc2c3c(ccc2c2nc(CCN4CCN(C5CCCC5)C(=O)C4)nn12)OC(F)(F)O3,GCRWICJKQIDBHQ-UHFFFAOYSA-N,CC1CC(CCC2CC3CCC4C5CCCC5CCC4C3C2)CCC1C1CCCC1,,,1,False,False,pending_dual_review,quarantined_before_evidence_review,primary_publication_identifier_missing
BDB-508599,508599,Nc1nc2c3c(ccc2c2nc(CCN4CCN(c5cccc(F)c5)C(=O)C4)nn12)OC(F)(F)O3,YJYATIKHBYQFBB-UHFFFAOYSA-N,CC1CC(CCC2CC3CCC4C5CCCC5CCC4C3C2)CCC1C1CCCCC1,,,1,False,False,pending_dual_review,quarantined_before_evidence_review,primary_publication_identifier_missing
BDB-508600,508600,Nc1nc2c3c(ccc2c2nc(CCN4C[C@H]5CCCN[C@H]5C4)nn12)OC(F)(F)O3,XMYHFGZKIBHQEK-PWSUYJOCSA-N,C1CCC2CC(CCC3CC4CCC5C6CCCC6CCC5C4C3)CC2C1,,,1,False,False,pending_dual_review,quarantined_before_evidence_review,primary_publication_identifier_missing
BDB-508603,508603,Nc1nc2c3c(ccc2c2nc(CCN4CC5CNC[C@H]5C4)nn12)OC(F)(F)O3,HMBWLIYULLDMSW-RGURZIINSA-N,C1CC2CC(CCC3CC4CCC5C6CCCC6CCC5C4C3)CC2C1,,,1,False,False,pending_dual_review,quarantined_before_evidence_review,primary_publication_identifier_missing
BDB-508604,508604,Nc1nc2c3c(ccc2c2nc(CCN4CCC5(CCNCC5)C4)nn12)OC(F)(F)O3,VWVSFOCUENPVTJ-UHFFFAOYSA-N,C1CCC2(CC1)CCC(CCC1CC3CCC4C5CCCC5CCC4C3C1)C2,,,1,False,False,pending_dual_review,quarantined_before_evidence_review,primary_publication_identifier_missing
BDB-508605,508605,Nc1nc2c3c(ccc2c2nc(CCN4CCC5(CCNCC5)CC4)nn12)OC(F)(F)O3,RLWBAVPTMBVYOS-UHFFFAOYSA-N,C1CCC2(CC1)CCC(CCC1CC3CCC4C5CCCC5CCC4C3C1)CC2,,,1,False,False,pending_dual_review,quarantined_before_evidence_review,primary_publication_identifier_missing
BDB-508606,508606,Nc1nc2c3c(ccc2c2nc(CCN4CCCC45CCNCC5)nn12)OC(F)(F)O3,IQHDICWJHSHNEV-UHFFFAOYSA-N,C1CCC2(CC1)CCCC2CCC1CC2CCC3C4CCCC4CCC3C2C1,,,1,False,False,pending_dual_review,quarantined_before_evidence_review,primary_publication_identifier_missing
BDB-508607,508607,Nc1nc2c3c(ccc2c2nc(CCN4CCCC5(CCNCC5)C4)nn12)OC(F)(F)O3,HHJNJUGFZIMBDG-UHFFFAOYSA-N,C1CCC2(CC1)CCCC(CCC1CC3CCC4C5CCCC5CCC4C3C1)C2,,,1,False,False,pending_dual_review,quarantined_before_evidence_review,primary_publication_identifier_missing
BDB-508610,508610,Nc1nc2c3c(ccc2c2nc(CCNC4CC5(CNC5)C4)nn12)OC(F)(F)O3,XNDSSJAPNRIYQH-UHFFFAOYSA-N,C(CC1CC2CCC3C4CCCC4CCC3C2C1)CC1CC2(CCC2)C1,,,1,False,False,pending_dual_review,quarantined_before_evidence_review,primary_publication_identifier_missing
BDB-508611,508611,Nc1nc2c3c(ccc2c2nc(CCNC4(C(F)(F)F)CCC4)nn12)OC(F)(F)O3,RXHIPZBRUQSAOP-UHFFFAOYSA-N,C1CC(CCCC2CC3CCC4C5CCCC5CCC4C3C2)C1,,,1,False,False,pending_dual_review,quarantined_before_evidence_review,primary_publication_identifier_missing
BDB-508613,508613,Nc1nc2c3c(ccc2c2nc(CCNCc4ccc(C(F)(F)F)cc4)nn12)OC(F)(F)O3,CYSYKLGHAJOMGQ-UHFFFAOYSA-N,C1CCC(CCCCC2CC3CCC4C5CCCC5CCC4C3C2)CC1,,,1,False,False,pending_dual_review,quarantined_before_evidence_review,primary_publication_identifier_missing
BDB-508614,508614,Cc1csc(CN(CCc2nc3c4ccc5c(c4nc(N)n3n2)OC(F)(F)O5)CC2CC2)n1,YPDQSLFPONLXDD-UHFFFAOYSA-N,C1CCC(CC(CCC2CC3CCC4C5CCCC5CCC4C3C2)CC2CC2)C1,,,1,False,False,pending_dual_review,quarantined_before_evidence_review,primary_publication_identifier_missing
BDB-508616,508616,Cc1ncc(CN(CCc2nc3c4ccc5c(c4nc(N)n3n2)OC(F)(F)O5)CC2CC2)s1,VHAZWQIFHRSADS-UHFFFAOYSA-N,C1CCC(CC(CCC2CC3CCC4C5CCCC5CCC4C3C2)CC2CC2)C1,,,1,False,False,pending_dual_review,quarantined_before_evidence_review,primary_publication_identifier_missing
BDB-508618,508618,Nc1nc2c3c(ccc2c2nc(CCN4CCCC(C(F)(F)F)C4)nn12)OC(F)(F)O3,VFMCJYILBUQPPV-UHFFFAOYSA-N,C1CCC(CCC2CC3CCC4C5CCCC5CCC4C3C2)CC1,,,1,False,False,pending_dual_review,quarantined_before_evidence_review,primary_publication_identifier_missing
BDB-508619,508619,C[C@@H]1CN(CCc2nc3c4ccc5c(c4nc(N)n3n2)OC(F)(F)O5)C[C@@H](C)O1,QYJOGKYZLUPTOM-NXEZZACHSA-N,C1CCC(CCC2CC3CCC4C5CCCC5CCC4C3C2)CC1,,,1,False,False,pending_dual_review,quarantined_before_evidence_review,primary_publication_identifier_missing
BDB-508620,508620,CC1(F)CCCN(CCc2nc3c4ccc5c(c4nc(N)n3n2)OC(F)(F)O5)C1,YDZQABZIYBBTFN-UHFFFAOYSA-N,C1CCC(CCC2CC3CCC4C5CCCC5CCC4C3C2)CC1,,,2,False,False,pending_dual_review,quarantined_before_evidence_review,primary_publication_identifier_missing
BDB-508622,508622,Nc1nc2c3c(ccc2c2nc(CCN4CC5CC4C(F)(F)C5)nn12)OC(F)(F)O3,KHYQDCRSZOBGGT-UHFFFAOYSA-N,C1CC2CCC3C4CC(CCC5CC6CCC5C6)CC4CCC3C2C1,,,2,False,False,pending_dual_review,quarantined_before_evidence_review,primary_publication_identifier_missing
BDB-508625,508625,C[C@H]1N(CCc2nc3c4ccc5c(c4nc(N)n3n2)OC(F)(F)O5)CCCC1(F)F,KGJBPVITPLCLSX-SECBINFHSA-N,C1CCC(CCC2CC3CCC4C5CCCC5CCC4C3C2)CC1,,,1,False,False,pending_dual_review,quarantined_before_evidence_review,primary_publication_identifier_missing
BDB-508627,508627,C[C@@H]1N(CCc2nc3c4ccc5c(c4nc(N)n3n2)OC(F)(F)O5)CCCC1(F)F,KGJBPVITPLCLSX-VIFPVBQESA-N,C1CCC(CCC2CC3CCC4C5CCCC5CCC4C3C2)CC1,,,1,False,False,pending_dual_review,quarantined_before_evidence_review,primary_publication_identifier_missing
BDB-508628,508628,Nc1nc2c3c(ccc2c2nc(CCN4CCCC(O)(C(F)(F)F)C4)nn12)OC(F)(F)O3,XGTYLVJPTZVMJG-UHFFFAOYSA-N,C1CCC(CCC2CC3CCC4C5CCCC5CCC4C3C2)CC1,,,2,False,False,pending_dual_review,quarantined_before_evidence_review,primary_publication_identifier_missing
BDB-508630,508630,Nc1nc2c3c(ccc2c2nc(CCN4CCCC(F)(C(F)(F)F)C4)nn12)OC(F)(F)O3,UBHPYDXPSWEUEP-UHFFFAOYSA-N,C1CCC(CCC2CC3CCC4C5CCCC5CCC4C3C2)CC1,,,2,False,False,pending_dual_review,quarantined_before_evidence_review,primary_publication_identifier_missing
BDB-508632,508632,C[C@H](Cc1nc2c3ccc4c(c3nc(N)n2n1)OC(F)(F)O4)N1Cc2ccncc2C1,WUWNYNVRAIDWJX-SNVBAGLBSA-N,C1CCC2CC(CCC3CC4CCC5C6CCCC6CCC5C4C3)CC2C1,,,1,False,False,pending_dual_review,quarantined_before_evidence_review,primary_publication_identifier_missing
BDB-508633,508633,C[C@H](Cc1nc2c3ccc4c(c3nc(N)n2n1)OC(F)(F)O4)N1CCc2cccnc21,GNTSUIGTYLYKSI-SNVBAGLBSA-N,C1CCC2C(C1)CCC2CCC1CC2CCC3C4CCCC4CCC3C2C1,,,1,False,False,pending_dual_review,quarantined_before_evidence_review,primary_publication_identifier_missing
BDB-508634,508634,C[C@H](Cc1nc2c3ccc4c(c3nc(N)n2n1)OC(F)(F)O4)N1CCc2ccncc21,NNIOZNVJPRUTPP-SNVBAGLBSA-N,C1CCC2C(C1)CCC2CCC1CC2CCC3C4CCCC4CCC3C2C1,,,1,False,False,pending_dual_review,quarantined_before_evidence_review,primary_publication_identifier_missing
BDB-508635,508635,C[C@H](Cc1nc2c3ccc4c(c3nc(N)n2n1)OC(F)(F)O4)N1CCc2ccncc2C1,SCZAIGMUJXVRHL-LLVKDONJSA-N,C1CCC2CC(CCC3CC4CCC5C6CCCC6CCC5C4C3)CCC2C1,,,1,False,False,pending_dual_review,quarantined_before_evidence_review,primary_publication_identifier_missing
BDB-508636,508636,C[C@H](Cc1nc2c3ccc4c(c3nc(N)n2n1)OC(F)(F)O4)N1CCc2cccnc2C1,LLLIUSFZCVTVMI-LLVKDONJSA-N,C1CCC2CC(CCC3CC4CCC5C6CCCC6CCC5C4C3)CCC2C1,,,1,False,False,pending_dual_review,quarantined_before_evidence_review,primary_publication_identifier_missing
BDB-508638,508638,Cc1nc2c(o1)CN([C@H](C)Cc1nc3c4ccc5c(c4nc(N)n3n1)OC(F)(F)O5)CC2,VNHRJOOWDCJHEQ-SECBINFHSA-N,C1CC2CCC(CCC3CC4CCC5C6CCCC6CCC5C4C3)CC2C1,,,1,False,False,pending_dual_review,quarantined_before_evidence_review,primary_publication_identifier_missing
BDB-508640,508640,Cc1nc2c(s1)CN([C@H](C)Cc1nc3c4ccc5c(c4nc(N)n3n1)OC(F)(F)O5)CC2,KOOPOZTZMDYGFF-SECBINFHSA-N,C1CC2CCC(CCC3CC4CCC5C6CCCC6CCC5C4C3)CC2C1,,,1,False,False,pending_dual_review,quarantined_before_evidence_review,primary_publication_identifier_missing
BDB-508641,508641,C[C@H](Cc1nc2c3ccc4c(c3nc(N)n2n1)OC(F)(F)O4)N1CCc2nc(C3CC3)oc2C1,PBPWGFJIPVYYFA-SNVBAGLBSA-N,C1CC2CCC3C4CC(CCC5CCC6CC(C7CC7)CC6C5)CC4CCC3C2C1,,,1,False,False,pending_dual_review,quarantined_before_evidence_review,primary_publication_identifier_missing
BDB-508642,508642,Cc1nc2c(s1)CCN([C@H](C)Cc1nc3c4ccc5c(c4nc(N)n3n1)OC(F)(F)O5)C2,BHCOAIWQBTVMSH-SECBINFHSA-N,C1CC2CCC(CCC3CC4CCC5C6CCCC6CCC5C4C3)CC2C1,,,1,False,False,pending_dual_review,quarantined_before_evidence_review,primary_publication_identifier_missing
BDB-508643,508643,Cc1cc2n(n1)CCN([C@H](C)Cc1nc3c4ccc5c(c4nc(N)n3n1)OC(F)(F)O5)C2,SQIGTHOWPCAUBU-LLVKDONJSA-N,C1CC2CCC(CCC3CC4CCC5C6CCCC6CCC5C4C3)CC2C1,,,1,False,False,pending_dual_review,quarantined_before_evidence_review,primary_publication_identifier_missing
BDB-508644,508644,C[C@H](Cc1nc2c3ccc4c(c3nc(N)n2n1)OC(F)(F)O4)N1CC(C)(F)C1,TWDDCQCAWPZGDM-MRVPVSSYSA-N,C1CC(CCC2CC3CCC4C5CCCC5CCC4C3C2)C1,,,1,False,False,pending_dual_review,quarantined_before_evidence_review,primary_publication_identifier_missing
BDB-508645,508645,C[C@H](Cc1nc2c3ccc4c(c3nc(N)n2n1)OC(F)(F)O4)N1CCCC(C)(F)C1,PDAWGJPESMBSAI-DMPGVRBJSA-N,C1CCC(CCC2CC3CCC4C5CCCC5CCC4C3C2)CC1,,,2,False,False,pending_dual_review,quarantined_before_evidence_review,primary_publication_identifier_missing
BDB-508647,508647,C[C@@H](Cc1nc2c3ccc4c(c3nc(N)n2n1)OC(F)(F)O4)N1Cc2ccncc2C1,WUWNYNVRAIDWJX-JTQLQIEISA-N,C1CCC2CC(CCC3CC4CCC5C6CCCC6CCC5C4C3)CC2C1,,,1,False,False,pending_dual_review,quarantined_before_evidence_review,primary_publication_identifier_missing
BDB-508648,508648,C[C@@H](Cc1nc2c3ccc4c(c3nc(N)n2n1)OC(F)(F)O4)N1CC(C)(F)C1,TWDDCQCAWPZGDM-QMMMGPOBSA-N,C1CC(CCC2CC3CCC4C5CCCC5CCC4C3C2)C1,,,1,False,False,pending_dual_review,quarantined_before_evidence_review,primary_publication_identifier_missing
BDB-508649,508649,C[C@@H](Cc1nc2c3ccc4c(c3nc(N)n2n1)OC(F)(F)O4)N1CCCC(C)(F)C1,PDAWGJPESMBSAI-APDXDRDNSA-N,C1CCC(CCC2CC3CCC4C5CCCC5CCC4C3C2)CC1,,,2,False,False,pending_dual_review,quarantined_before_evidence_review,primary_publication_identifier_missing
BDB-508651,508651,CC(Cc1nc2c3ccc4c(c3nc(N)n2n1)OC(F)(F)O4)N1Cc2cccnc2C1,SQQVNSFSSRMHRV-UHFFFAOYSA-N,C1CCC2CC(CCC3CC4CCC5C6CCCC6CCC5C4C3)CC2C1,,,2,False,False,pending_dual_review,quarantined_before_evidence_review,primary_publication_identifier_missing
BDB-508654,508654,CC(Cc1nc2c3ccc4c(c3nc(N)n2n1)OC(F)(F)O4)N1CC(F)(F)C1,ILIXALIZILTPHR-UHFFFAOYSA-N,C1CC(CCC2CC3CCC4C5CCCC5CCC4C3C2)C1,,,2,False,False,pending_dual_review,quarantined_before_evidence_review,primary_publication_identifier_missing
BDB-508657,508657,C[C@H](Cc1nc2c3ccc4c(c3nc(N)n2n1)OC(F)(F)O4)N1CCCC(F)(F)C1,SSPZFHOKRSYMDV-SECBINFHSA-N,C1CCC(CCC2CC3CCC4C5CCCC5CCC4C3C2)CC1,,,1,False,False,pending_dual_review,quarantined_before_evidence_review,primary_publication_identifier_missing
BDB-508658,508658,C[C@@H](Cc1nc2c3ccc4c(c3nc(N)n2n1)OC(F)(F)O4)N1CCCC(F)(F)C1,SSPZFHOKRSYMDV-VIFPVBQESA-N,C1CCC(CCC2CC3CCC4C5CCCC5CCC4C3C2)CC1,,,1,False,False,pending_dual_review,quarantined_before_evidence_review,primary_publication_identifier_missing
BDB-508659,508659,Nc1nc2c3c(ccc2c2nc(CC(C(F)F)N4Cc5cccnc5C4)nn12)OC(F)(F)O3,VYZOSYUGOLJDKX-UHFFFAOYSA-N,C1CCC2CC(CCC3CC4CCC5C6CCCC6CCC5C4C3)CC2C1,,,2,False,False,pending_dual_review,quarantined_before_evidence_review,primary_publication_identifier_missing
BDB-508661,508661,Nc1nc2c3c(ccc2c2nc(CCn4cccn4)nn12)OC(F)(F)O3,ICULLZMXRXWBII-UHFFFAOYSA-N,C1CCC(CCC2CC3CCC4C5CCCC5CCC4C3C2)C1,,,1,False,False,pending_dual_review,quarantined_before_evidence_review,primary_publication_identifier_missing
BDB-508663,508663,Nc1nc2c3c(ccc2c2nc(CCN4Cc5ncccc5C4=O)nn12)OC(F)(F)O3,OUIITEZPCFFLEE-UHFFFAOYSA-N,CC1C(CCC2CC3CCC4C5CCCC5CCC4C3C2)CC2CCCCC21,,,1,False,False,pending_dual_review,quarantined_before_evidence_review,primary_publication_identifier_missing
BDB-508664,508664,CC(C)(Cc1nc2c3ccc4c(c3nc(N)n2n1)OC(F)(F)O4)N1CC(F)C1,ZDCNXBYTWBCGGE-UHFFFAOYSA-N,C1CC(CCC2CC3CCC4C5CCCC5CCC4C3C2)C1,,,1,False,False,pending_dual_review,quarantined_before_evidence_review,primary_publication_identifier_missing
BDB-508665,508665,Nc1nc2c3c(ccc2c2nc(CN4CCN(c5ccc(F)cc5)CC45CC5)nn12)OC(F)(F)O3,GTEDXWGWLKSZPK-UHFFFAOYSA-N,C1CCC(C2CCC(CC3CC4CCC5C6CCCC6CCC5C4C3)C3(CC3)C2)CC1,,,1,False,False,pending_dual_review,quarantined_before_evidence_review,primary_publication_identifier_missing
BDB-508666,508666,Nc1nc2c3c(ccc2c2nc(CN4CCN(c5ccc(F)cn5)CC45CC5)nn12)OC(F)(F)O3,OVFZYPLIMRETHG-UHFFFAOYSA-N,C1CCC(C2CCC(CC3CC4CCC5C6CCCC6CCC5C4C3)C3(CC3)C2)CC1,,,1,False,False,pending_dual_review,quarantined_before_evidence_review,primary_publication_identifier_missing
BDB-508667,508667,Nc1nc2c3c(ccc2c2nc(CN4CCN(c5cccc(F)c5)CC45CC5)nn12)OC(F)(F)O3,MORYSIFERVLPAH-UHFFFAOYSA-N,C1CCC(C2CCC(CC3CC4CCC5C6CCCC6CCC5C4C3)C3(CC3)C2)CC1,,,1,False,False,pending_dual_review,quarantined_before_evidence_review,primary_publication_identifier_missing
BDB-508668,508668,COCCOc1ccc(N2CCN(Cc3nc4c5ccc6c(c5nc(N)n4n3)OC(F)(F)O6)C3(CC3)C2)cc1,DAINJCNZYFESTH-UHFFFAOYSA-N,C1CCC(C2CCC(CC3CC4CCC5C6CCCC6CCC5C4C3)C3(CC3)C2)CC1,,,1,False,False,pending_dual_review,quarantined_before_evidence_review,primary_publication_identifier_missing
BDB-508669,508669,C[C@@H]1CN(c2ccc(F)cc2)CCN1Cc1nc2c3ccc4c(c3nc(N)n2n1)OC(F)(F)O4,LBNQCEQRHYQKFU-GFCCVEGCSA-N,C1CCC(C2CCC(CC3CC4CCC5C6CCCC6CCC5C4C3)CC2)CC1,,,1,False,False,pending_dual_review,quarantined_before_evidence_review,primary_publication_identifier_missing
BDB-508670,508670,Cc1ncc(N2CCN(Cc3nc4c5ccc6c(c5nc(N)n4n3)OC(F)(F)O6)[C@H](C)C2)s1,KPFJJDNSPOIEBS-SNVBAGLBSA-N,C1CCC(C2CCC(CC3CC4CCC5C6CCCC6CCC5C4C3)CC2)C1,,,1,False,False,pending_dual_review,quarantined_before_evidence_review,primary_publication_identifier_missing
BDB-508671,508671,C[C@@H]1CN(c2nsnc2Cl)CCN1Cc1nc2c3ccc4c(c3nc(N)n2n1)OC(F)(F)O4,BKLNMARUODVUIB-MRVPVSSYSA-N,C1CCC(C2CCC(CC3CC4CCC5C6CCCC6CCC5C4C3)CC2)C1,,,1,False,False,pending_dual_review,quarantined_before_evidence_review,primary_publication_identifier_missing
BDB-508672,508672,Nc1nc2c3c(ccc2c2nc(CN4CC(F)(F)C4)nn12)OC(F)(F)O3,FAKUNPHJEUQGES-UHFFFAOYSA-N,C1CC(CC2CC3CCC4C5CCCC5CCC4C3C2)C1,,,1,False,False,pending_dual_review,quarantined_before_evidence_review,primary_publication_identifier_missing
BDB-508674,508674,CC1(C)CN(Cc2nc3c4ccc5c(c4nc(N)n3n2)OC(F)(F)O5)C1,APULSJPLGZCDMT-UHFFFAOYSA-N,C1CC(CC2CC3CCC4C5CCCC5CCC4C3C2)C1,,,1,False,False,pending_dual_review,quarantined_before_evidence_review,primary_publication_identifier_missing
BDB-508675,508675,CC1(F)CN(Cc2nc3c4ccc5c(c4nc(N)n3n2)OC(F)(F)O5)C1,LBFPGFAZMLMQPJ-UHFFFAOYSA-N,C1CC(CC2CC3CCC4C5CCCC5CCC4C3C2)C1,,,1,False,False,pending_dual_review,quarantined_before_evidence_review,primary_publication_identifier_missing
BDB-508676,508676,CCC1(F)CN(Cc2nc3c4ccc5c(c4nc(N)n3n2)OC(F)(F)O5)C1,ALKNTKAONZVPHS-UHFFFAOYSA-N,C1CC(CC2CC3CCC4C5CCCC5CCC4C3C2)C1,,,1,False,False,pending_dual_review,quarantined_before_evidence_review,primary_publication_identifier_missing
BDB-508677,508677,Nc1nc2c3c(ccc2c2nc(CN4CC(O)(C(F)(F)F)C4)nn12)OC(F)(F)O3,NMPGMZHWIHJBBQ-UHFFFAOYSA-N,C1CC(CC2CC3CCC4C5CCCC5CCC4C3C2)C1,,,1,False,False,pending_dual_review,quarantined_before_evidence_review,primary_publication_identifier_missing
BDB-508678,508678,Nc1nc2c3c(ccc2c2nc(CN4CC(F)(C(F)(F)F)C4)nn12)OC(F)(F)O3,NIIYEBSTWURKMK-UHFFFAOYSA-N,C1CC(CC2CC3CCC4C5CCCC5CCC4C3C2)C1,,,1,False,False,pending_dual_review,quarantined_before_evidence_review,primary_publication_identifier_missing
BDB-508679,508679,Nc1nc2c3c(ccc2c2nc(CN4C[C@H](F)[C@@H](F)C4)nn12)OC(F)(F)O3,JVYRLXHNCKXUCM-YUMQZZPRSA-N,C1CCC(CC2CC3CCC4C5CCCC5CCC4C3C2)C1,,,1,False,False,pending_dual_review,quarantined_before_evidence_review,primary_publication_identifier_missing
BDB-508680,508680,Nc1nc2c3c(ccc2c2nc(CN4CCC(F)(F)C4)nn12)OC(F)(F)O3,VFKUQVDTQCSOAA-UHFFFAOYSA-N,C1CCC(CC2CC3CCC4C5CCCC5CCC4C3C2)C1,,,1,False,False,pending_dual_review,quarantined_before_evidence_review,primary_publication_identifier_missing
BDB-508681,508681,Nc1nc2c3c(ccc2c2nc(CN4CCC(Oc5ccc(F)cc5)CC4)nn12)OC(F)(F)O3,DOIPPUIIOMEOSU-UHFFFAOYSA-N,C1CCC(CC2CCC(CC3CC4CCC5C6CCCC6CCC5C4C3)CC2)CC1,,,1,False,False,pending_dual_review,quarantined_before_evidence_review,primary_publication_identifier_missing
BDB-508682,508682,Nc1nc2c3c(ccc2c2nc(CN4CCCC(F)(F)C4)nn12)OC(F)(F)O3,DZUCPDPZFITWAA-UHFFFAOYSA-N,C1CCC(CC2CC3CCC4C5CCCC5CCC4C3C2)CC1,,,1,False,False,pending_dual_review,quarantined_before_evidence_review,primary_publication_identifier_missing
BDB-508683,508683,Nc1nc2c3c(ccc2c2nc(CN4CCC(F)(F)CC4)nn12)OC(F)(F)O3,NMEZZURKHOPHDH-UHFFFAOYSA-N,C1CCC(CC2CC3CCC4C5CCCC5CCC4C3C2)CC1,,,1,False,False,pending_dual_review,quarantined_before_evidence_review,primary_publication_identifier_missing
BDB-508684,508684,Nc1nc2c3c(ccc2c2nc(CN4Cc5ccc(F)cc5C4)nn12)OC(F)(F)O3,BERYUFMRIDMIRW-UHFFFAOYSA-N,C1CCC2CC(CC3CC4CCC5C6CCCC6CCC5C4C3)CC2C1,,,1,False,False,pending_dual_review,quarantined_before_evidence_review,primary_publication_identifier_missing
BDB-508685,508685,Nc1nc2c3c(ccc2c2nc(CN4Cc5cnc(C(F)(F)F)nc5C4)nn12)OC(F)(F)O3,LLZYNYCNUWGZNC-UHFFFAOYSA-N,C1CCC2CC(CC3CC4CCC5C6CCCC6CCC5C4C3)CC2C1,,,1,False,False,pending_dual_review,quarantined_before_evidence_review,primary_publication_identifier_missing
BDB-508686,508686,CCc1nnc2n1CCN(Cc1nc3c4ccc5c(c4nc(N)n3n1)OC(F)(F)O5)C2,AHYOFXKEUHGSGN-UHFFFAOYSA-N,C1CC2CCC(CC3CC4CCC5C6CCCC6CCC5C4C3)CC2C1,,,1,False,False,pending_dual_review,quarantined_before_evidence_review,primary_publication_identifier_missing
BDB-508687,508687,Nc1nc2c3c(ccc2c2nc(CN4Cc5ccc(C(F)(F)F)cc5C4)nn12)OC(F)(F)O3,VWOACZBJFSDJAU-UHFFFAOYSA-N,C1CCC2CC(CC3CC4CCC5C6CCCC6CCC5C4C3)CC2C1,,,1,False,False,pending_dual_review,quarantined_before_evidence_review,primary_publication_identifier_missing
BDB-508688,508688,Nc1nc2c3c(ccc2c2nc(CNCc4ccc(C(F)(F)F)cc4)nn12)OC(F)(F)O3,NEKBMBVIPUIJSX-UHFFFAOYSA-N,C1CCC(CCCC2CC3CCC4C5CCCC5CCC4C3C2)CC1,,,1,False,False,pending_dual_review,quarantined_before_evidence_review,primary_publication_identifier_missing
BDB-508689,508689,Nc1nc2c3c(ccc2c2nc(CNC4(C(F)(F)F)CCC4)nn12)OC(F)(F)O3,NENNTZOHMBPDLK-UHFFFAOYSA-N,C1CC(CCC2CC3CCC4C5CCCC5CCC4C3C2)C1,,,1,False,False,pending_dual_review,quarantined_before_evidence_review,primary_publication_identifier_missing
BDB-508690,508690,CN(C)Cc1nc2c3ccc4c(c3nc(N)n2n1)OC(F)(F)O4,HIKRBQJXOABBLA-UHFFFAOYSA-N,C1CC2CCC3C4CCCC4CCC3C2C1,,,1,False,False,pending_dual_review,quarantined_before_evidence_review,primary_publication_identifier_missing
BDB-508691,508691,Cc1csc(CN(Cc2nc3c4ccc5c(c4nc(N)n3n2)OC(F)(F)O5)CC2CC2)n1,WXSHYVOHWRZKNR-UHFFFAOYSA-N,C1CCC(CC(CC2CC2)CC2CC3CCC4C5CCCC5CCC4C3C2)C1,,,1,False,False,pending_dual_review,quarantined_before_evidence_review,primary_publication_identifier_missing
BDB-508692,508692,Nc1nc2c3c(ccc2c2nc(Cn4cccn4)nn12)OC(F)(F)O3,VDVSYJNUNHPZEX-UHFFFAOYSA-N,C1CCC(CC2CC3CCC4C5CCCC5CCC4C3C2)C1,,,1,False,False,pending_dual_review,quarantined_before_evidence_review,primary_publication_identifier_missing
BDB-508693,508693,Cc1cc(C)n(Cc2nc3c4ccc5c(c4nc(N)n3n2)OC(F)(F)O5)n1,ZOXYZNWRZFDWHO-UHFFFAOYSA-N,C1CCC(CC2CC3CCC4C5CCCC5CCC4C3C2)C1,,,1,False,False,pending_dual_review,quarantined_before_evidence_review,primary_publication_identifier_missing
BDB-508694,508694,Nc1nc2c3c(ccc2c2nc(Cn4nc(C(F)(F)F)cc4C(F)(F)F)nn12)OC(F)(F)O3,RVNMDLMJALSYKG-UHFFFAOYSA-N,C1CCC(CC2CC3CCC4C5CCCC5CCC4C3C2)C1,,,1,False,False,pending_dual_review,quarantined_before_evidence_review,primary_publication_identifier_missing
BDB-508695,508695,CC(c1nc2c3ccc4c(c3nc(N)n2n1)OC(F)(F)O4)N1CC(F)(F)C1,RXTBXTHYKCCCKQ-UHFFFAOYSA-N,C1CC(CC2CC3CCC4C5CCCC5CCC4C3C2)C1,,,2,False,False,pending_dual_review,quarantined_before_evidence_review,primary_publication_identifier_missing
BDB-508697,508697,CC(c1nc2c3ccc4c(c3nc(N)n2n1)OC(F)(F)O4)N1C[C@H](F)[C@@H](F)C1,MSJBRYPOECTBGI-KBNZOQNLSA-N,C1CCC(CC2CC3CCC4C5CCCC5CCC4C3C2)C1,,,2,False,False,pending_dual_review,quarantined_before_evidence_review,primary_publication_identifier_missing
BDB-508701,508701,C[C@H](c1nc2c3ccc4c(c3nc(N)n2n1)OC(F)(F)O4)N1CCCC(F)(F)C1,LRNSLGHTGBWWPR-MRVPVSSYSA-N,C1CCC(CC2CC3CCC4C5CCCC5CCC4C3C2)CC1,,,1,False,False,pending_dual_review,quarantined_before_evidence_review,primary_publication_identifier_missing
BDB-508702,508702,C[C@@H](c1nc2c3ccc4c(c3nc(N)n2n1)OC(F)(F)O4)N1CCCC(F)(F)C1,LRNSLGHTGBWWPR-QMMMGPOBSA-N,C1CCC(CC2CC3CCC4C5CCCC5CCC4C3C2)CC1,,,1,False,False,pending_dual_review,quarantined_before_evidence_review,primary_publication_identifier_missing
BDB-508703,508703,Nc1nc2c3c(ccc2c2nc(CN4Cc5cccnc5C4)nn12)OC(F)(F)O3,MWOCCCJVXGGLTB-UHFFFAOYSA-N,C1CCC2CC(CC3CC4CCC5C6CCCC6CCC5C4C3)CC2C1,,,1,False,False,pending_dual_review,quarantined_before_evidence_review,primary_publication_identifier_missing
BDB-508704,508704,Nc1nc2c3c(ccc2c2nc([C@@H]4CCCN(CC(F)(F)F)C4)nn12)OC(F)(F)O3,CMLGNIOVMJWKHZ-MRVPVSSYSA-N,C1CCC(C2CC3CCC4C5CCCC5CCC4C3C2)CC1,,,1,False,False,pending_dual_review,quarantined_before_evidence_review,primary_publication_identifier_missing
BDB-508705,508705,Nc1nc2c3c(ccc2c2nc([C@@H]4CCCN(CC(F)F)C4)nn12)OC(F)(F)O3,DYRMVASZNRVMSV-MRVPVSSYSA-N,C1CCC(C2CC3CCC4C5CCCC5CCC4C3C2)CC1,,,1,False,False,pending_dual_review,quarantined_before_evidence_review,primary_publication_identifier_missing
BDB-508706,508706,Nc1nc2c3c(ccc2c2nc(C4CCCN(CCC(F)(F)F)C4)nn12)OC(F)(F)O3,DEFWYCPHRXWTIF-UHFFFAOYSA-N,C1CCC(C2CC3CCC4C5CCCC5CCC4C3C2)CC1,,,2,False,False,pending_dual_review,quarantined_before_evidence_review,primary_publication_identifier_missing
BDB-508708,508708,Nc1nc2c3c(ccc2c2nc(C4CCCN(c5cccc(F)c5)C4)nn12)OC(F)(F)O3,UOAZSEMQSQUOQN-UHFFFAOYSA-N,C1CCC(C2CCCC(C3CC4CCC5C6CCCC6CCC5C4C3)C2)CC1,,,2,False,False,pending_dual_review,quarantined_before_evidence_review,primary_publication_identifier_missing
BDB-508710,508710,Nc1nc2c3c(ccc2c2nc(C4CCCN(c5cc(F)cc(F)c5)C4)nn12)OC(F)(F)O3,HCVZIZVSGQBNBV-UHFFFAOYSA-N,C1CCC(C2CCCC(C3CC4CCC5C6CCCC6CCC5C4C3)C2)CC1,,,2,False,False,pending_dual_review,quarantined_before_evidence_review,primary_publication_identifier_missing
BDB-508712,508712,Nc1nc2c3c(ccc2c2nc([C@H]4CCCN(c5cncnc5)C4)nn12)OC(F)(F)O3,JJESMNPJLANBMC-JTQLQIEISA-N,C1CCC(C2CCCC(C3CC4CCC5C6CCCC6CCC5C4C3)C2)CC1,,,1,False,False,pending_dual_review,quarantined_before_evidence_review,primary_publication_identifier_missing
BDB-508713,508713,Nc1nc2c3c(ccc2c2nc([C@@H]4CCCN(c5cncnc5)C4)nn12)OC(F)(F)O3,JJESMNPJLANBMC-SNVBAGLBSA-N,C1CCC(C2CCCC(C3CC4CCC5C6CCCC6CCC5C4C3)C2)CC1,,,1,False,False,pending_dual_review,quarantined_before_evidence_review,primary_publication_identifier_missing
BDB-508714,508714,COC(=O)C(Cc1nc2c3ccc4c(c3nc(N)n2n1)OC(F)(F)O4)C(=O)OC,YSGWYQGBBQQPED-UHFFFAOYSA-N,C1CC2CCC3C4CCCC4CCC3C2C1,,,1,False,False,pending_dual_review,quarantined_before_evidence_review,primary_publication_identifier_missing
BDB-508715,508715,Nc1nc2c3c(ccc2c2nc(CC(CO)CO)nn12)OC(F)(F)O3,QTYYRIIHQGKDLA-UHFFFAOYSA-N,C1CC2CCC3C4CCCC4CCC3C2C1,,,1,False,False,pending_dual_review,quarantined_before_evidence_review,primary_publication_identifier_missing
BDB-508716,508716,Nc1nc2c3c(ccc2c2nc(CC(CCl)CCl)nn12)OC(F)(F)O3,QKXXJXNYURMXRY-UHFFFAOYSA-N,C1CC2CCC3C4CCCC4CCC3C2C1,,,1,False,False,pending_dual_review,quarantined_before_evidence_review,primary_publication_identifier_missing
BDB-508717,508717,Nc1nc2c3c(ccc2c2nc(CC4CN(C5CCC5)C4)nn12)OC(F)(F)O3,OKPABNJUFKJVJZ-UHFFFAOYSA-N,C1CC(C2CC(CC3CC4CCC5C6CCCC6CCC5C4C3)C2)C1,,,1,False,False,pending_dual_review,quarantined_before_evidence_review,primary_publication_identifier_missing
BDB-508718,508718,CC(F)(F)CN1CC(Cc2nc3c4ccc5c(c4nc(N)n3n2)OC(F)(F)O5)C1,JZINXPBIOZPKGR-UHFFFAOYSA-N,C1CC(CC2CC3CCC4C5CCCC5CCC4C3C2)C1,,,1,False,False,pending_dual_review,quarantined_before_evidence_review,primary_publication_identifier_missing
BDB-508719,508719,Nc1nc2c3c(ccc2c2nc(CC4CN(c5ccccn5)C4)nn12)OC(F)(F)O3,ODKYMKFAWHGQEK-UHFFFAOYSA-N,C1CCC(C2CC(CC3CC4CCC5C6CCCC6CCC5C4C3)C2)CC1,,,1,False,False,pending_dual_review,quarantined_before_evidence_review,primary_publication_identifier_missing
BDB-508720,508720,Nc1nc2c3c(ccc2c2nc(CC4CCN(CCC(F)(F)F)C4)nn12)OC(F)(F)O3,DLPVBNGGPPBKHR-UHFFFAOYSA-N,C1CCC(CC2CC3CCC4C5CCCC5CCC4C3C2)C1,,,2,False,False,pending_dual_review,quarantined_before_evidence_review,primary_publication_identifier_missing
BDB-508722,508722,Nc1nc2c3c(ccc2c2nc(CC4CCN(CC(F)F)C4)nn12)OC(F)(F)O3,LHGVLJLGHTXUQY-UHFFFAOYSA-N,C1CCC(CC2CC3CCC4C5CCCC5CCC4C3C2)C1,,,1,False,False,pending_dual_review,quarantined_before_evidence_review,primary_publication_identifier_missing
BDB-508723,508723,COCCN1CCC(Cc2nc3c4ccc5c(c4nc(N)n3n2)OC(F)(F)O5)C1,OTIIVDQMBZNTPI-UHFFFAOYSA-N,C1CCC(CC2CC3CCC4C5CCCC5CCC4C3C2)C1,,,1,False,False,pending_dual_review,quarantined_before_evidence_review,primary_publication_identifier_missing
BDB-508724,508724,Nc1nc2c3c(ccc2c2nc(C[C@H](N)C4CC4)nn12)OC(F)(F)O3,GARXKYOFOBRYDB-QMMMGPOBSA-N,C1CC2CCC3C4CC(CCC5CC5)CC4CCC3C2C1,,,1,False,False,pending_dual_review,quarantined_before_evidence_review,primary_publication_identifier_missing
BDB-508725,508725,Nc1nc2c3c(ccc2c2nc(C[C@@H](N)C4CC4)nn12)OC(F)(F)O3,GARXKYOFOBRYDB-MRVPVSSYSA-N,C1CC2CCC3C4CC(CCC5CC5)CC4CCC3C2C1,,,1,False,False,pending_dual_review,quarantined_before_evidence_review,primary_publication_identifier_missing
BDB-508726,508726,Nc1nc2c3c(ccc2c2nc([C@H]4CC[C@H](N5CCCC(F)(F)C5)C4)nn12)OC(F)(F)O3,MXBHXRNIRIXJBW-QWRGUYRKSA-N,C1CCC(C2CCC(C3CC4CCC5C6CCCC6CCC5C4C3)C2)CC1,,,1,False,False,pending_dual_review,quarantined_before_evidence_review,primary_publication_identifier_missing
BDB-508727,508727,Nc1nc2c3c(ccc2c2nc([C@H]4CC[C@@H](N5CCCC(F)(F)C5)C4)nn12)OC(F)(F)O3,MXBHXRNIRIXJBW-WDEREUQCSA-N,C1CCC(C2CCC(C3CC4CCC5C6CCCC6CCC5C4C3)C2)CC1,,,1,False,False,pending_dual_review,quarantined_before_evidence_review,primary_publication_identifier_missing
BDB-522505,522505,CCNC(=O)c1cc2c(N)nc(-c3cccc(C#N)c3)c(C3(C(F)(F)F)CC3)n2n1,VEWGEGNHOACSJX-UHFFFAOYSA-N,C1CCC(C2CCC3CCCC3C2C2CC2)CC1,,,1,False,False,pending_dual_review,quarantined_before_evidence_review,primary_publication_identifier_missing
BDB-522515,522515,N#Cc1cccc(-c2nc(N)c3cc(CN4CCC4)nn3c2-c2ccncn2)c1,RWDJGDBDGUWKMK-UHFFFAOYSA-N,C1CCC(C2CCC3CC(CC4CCC4)CC3C2C2CCCCC2)CC1,,,1,False,False,pending_dual_review,quarantined_before_evidence_review,primary_publication_identifier_missing
BDB-522542,522542,CCOC(=O)Nc1nc2c(N)nc(-c3cccc(C#N)c3)cn2n1,GMMFVQAVZGSNBP-UHFFFAOYSA-N,C1CCC(C2CCC3CCCC3C2)CC1,,,1,False,True,pending_dual_review,quarantined_before_evidence_review,generic_scaffold_overlaps_model_selection|primary_publication_identifier_missing
BDB-533249,533249,CCCCCn1c2cc[nH]c2c(=O)n2c(C)nnc12,UTULOYNJGOVYDE-UHFFFAOYSA-N,CC1C2CCCC2CC2CCCC21,,,1,False,False,pending_dual_review,quarantined_before_evidence_review,primary_publication_identifier_missing
BDB-533373,533373,CCCCCn1c2cc(-c3ccc(S(=O)(=O)Nc4ccc(C)cc4)cc3)[nH]c2c(=O)n2c(C)nnc12,KUANICKEWDXTEN-UHFFFAOYSA-N,CC1C2CCCC2CC2CC(C3CCC(C(C)(C)CC4CCCCC4)CC3)CC21,,,1,False,False,pending_dual_review,quarantined_before_evidence_review,primary_publication_identifier_missing
BDB-533375,533375,CCCCCn1c2c(Br)c[nH]c2c(=O)n2c(C)nnc12,BKZBPQIQMUPITR-UHFFFAOYSA-N,CC1C2CCCC2CC2CCCC21,,,1,False,False,pending_dual_review,quarantined_before_evidence_review,primary_publication_identifier_missing
BDB-533376,533376,CCCCCn1c2c(C)c[nH]c2c(=O)n2c(C)nnc12,QESCTAWRBAJYFA-UHFFFAOYSA-N,CC1C2CCCC2CC2CCCC21,,,1,False,False,pending_dual_review,quarantined_before_evidence_review,primary_publication_identifier_missing
BDB-533378,533378,CCCCCn1c2c(-c3ccccc3)c[nH]c2c(=O)n2c(C)nnc12,AWYVNIQFSCTSKR-UHFFFAOYSA-N,CC1C2CCCC2CC2C(C3CCCCC3)CCC12,,,1,False,False,pending_dual_review,quarantined_before_evidence_review,primary_publication_identifier_missing
BDB-533379,533379,CCCCCn1c2c(C#N)c[nH]c2c(=O)n2c(C)nnc12,SMWVPSNWBJBHLC-UHFFFAOYSA-N,CC1C2CCCC2CC2CCCC21,,,1,False,False,pending_dual_review,quarantined_before_evidence_review,primary_publication_identifier_missing
BDB-533380,533380,CCCCCn1c2c(-c3cnn(Cc4ccccc4)c3)c[nH]c2c(=O)n2c(C)nnc12,KQRJGJJHYOKUJF-UHFFFAOYSA-N,CC1C2CCCC2CC2C(C3CCC(CC4CCCCC4)C3)CCC12,,,1,False,False,pending_dual_review,quarantined_before_evidence_review,primary_publication_identifier_missing
BDB-533381,533381,CCCCCn1c2cc[nH]c2c(=O)n2c(C)cnc12,LXASEPWGJRTGSD-UHFFFAOYSA-N,CC1C2CCCC2CC2CCCC21,,,1,False,False,pending_dual_review,quarantined_before_evidence_review,primary_publication_identifier_missing
BDB-577235,577235,C[C@](C(=O)NCC1(O)COC1)(c1ccccc1)n1ncc2c1nc(N)n1nc(-c3ccco3)nc21,AUQLMDIRDBZGIX-JOCHJYFZSA-N,CC(CCC1CCC1)C(C1CCCCC1)C1CCC2C3CC(C4CCCC4)CC3CCC21,,,1,False,False,pending_dual_review,quarantined_before_evidence_review,primary_publication_identifier_missing
BDB-577256,577256,C[C@](C(=O)N[C@@H]1CCC[C@@H]1O)(c1ccccc1)n1ncc2c1nc(N)n1nc(-c3ccco3)nc21,MNURXUBONYMHGW-XVTZWQNCSA-N,CC(CC1CCCC1)C(C1CCCCC1)C1CCC2C3CC(C4CCCC4)CC3CCC21,,,1,False,False,pending_dual_review,quarantined_before_evidence_review,primary_publication_identifier_missing
BDB-577283,577283,CC1(O)CCC(NC(=O)[C@@](C)(c2ccccc2)n2ncc3c2nc(N)n2nc(-c4ccco4)nc32)CC1,YFGYRHKXJYYONZ-QNSCJGAESA-N,CC(CC1CCCCC1)C(C1CCCCC1)C1CCC2C3CC(C4CCCC4)CC3CCC21,,,1,False,False,pending_dual_review,quarantined_before_evidence_review,primary_publication_identifier_missing
BDB-577292,577292,C[C@](C(=O)NC1CCC(O)CC1)(c1ccccc1)n1ncc2c1nc(N)n1nc(-c3ccco3)nc21,OVWXGWTVJDXKCO-WFUJHSFVSA-N,CC(CC1CCCCC1)C(C1CCCCC1)C1CCC2C3CC(C4CCCC4)CC3CCC21,,,1,False,False,pending_dual_review,quarantined_before_evidence_review,primary_publication_identifier_missing
BDB-577300,577300,Nc1nc2c(cnn2[C@H](C(=O)NCC2(O)COC2)c2ccccc2)c2nc(-c3ccco3)nn12,WZFWTQIIRBONOA-INIZCTEOSA-N,CC(CCC1CCC1)C(C1CCCCC1)C1CCC2C3CC(C4CCCC4)CC3CCC21,,,1,False,False,pending_dual_review,quarantined_before_evidence_review,primary_publication_identifier_missing
BDB-59203,59203,NCCCNC(=O)[C@H]1O[C@@H](n2cnc3c(N)ncnc32)[C@H](O)[C@@H]1O,JLQSFLXHRJZVNM-QRIDJOKKSA-N,C1CCC2C(C1)CCC2C1CCCC1,10.1016/j.chembiol.2004.12.010,15734651,4,False,True,pending_dual_review,quarantined_before_evidence_review,generic_scaffold_overlaps_model_selection
BDB-59204,59204,NCCCCNC(=O)[C@H]1O[C@@H](n2cnc3c(N)ncnc32)[C@H](O)[C@@H]1O,FMPFVQVSAXMKDU-AEISUSGSSA-N,C1CCC2C(C1)CCC2C1CCCC1,10.1016/j.chembiol.2004.12.010,15734651,2,False,True,pending_dual_review,quarantined_before_evidence_review,generic_scaffold_overlaps_model_selection
BDB-59205,59205,NCCCCCNC(=O)[C@H]1O[C@@H](n2cnc3c(N)ncnc32)[C@H](O)[C@@H]1O,PAEOZPIVFGUKPF-BQVMBELUSA-N,C1CCC2C(C1)CCC2C1CCCC1,10.1016/j.chembiol.2004.12.010,15734651,1,False,True,pending_dual_review,quarantined_before_evidence_review,generic_scaffold_overlaps_model_selection
BDB-59206,59206,Nc1ncnc2c1ncn2[C@@H]1O[C@H](C(=O)NCCO)[C@@H](O)[C@H]1O,YLPQAZPIFSHMAY-FLNNQWSLSA-N,C1CCC2C(C1)CCC2C1CCCC1,10.1016/j.chembiol.2004.12.010|10.1021/acs.jmedchem.8b01662|10.1021/jm300095s,15734651|22486652|30605331,7,False,True,pending_dual_review,quarantined_before_evidence_review,generic_scaffold_overlaps_model_selection
BDB-59207,59207,Cc1ccccc1CNc1ncnc2c1ncn2[C@@H]1O[C@H](C(=O)NN)[C@@H](O)[C@H]1O,FCSCDOVNNDCDKF-MOROJQBDSA-N,C1CCC(CCC2CCCC3C(C4CCCC4)CCC23)CC1,10.1016/j.chembiol.2004.12.010,15734651,1,False,True,pending_dual_review,quarantined_before_evidence_review,generic_scaffold_overlaps_model_selection
BDB-59208,59208,CCNC(=O)[C@H]1O[C@@H](n2cnc3c(NCc4ccccc4C)ncnc32)[C@H](O)[C@@H]1O,HBTMNVJREDWGSK-KSVNGYGVSA-N,C1CCC(CCC2CCCC3C(C4CCCC4)CCC23)CC1,10.1016/j.chembiol.2004.12.010,15734651,4,False,True,pending_dual_review,quarantined_before_evidence_review,generic_scaffold_overlaps_model_selection
BDB-59209,59209,Cc1ccccc1CNc1ncnc2c1ncn2[C@@H]1O[C@H](C(=O)NCCN)[C@@H](O)[C@H]1O,KEGQUROXCLNXBX-KSVNGYGVSA-N,C1CCC(CCC2CCCC3C(C4CCCC4)CCC23)CC1,10.1016/j.chembiol.2004.12.010,15734651,2,False,True,pending_dual_review,quarantined_before_evidence_review,generic_scaffold_overlaps_model_selection
BDB-59210,59210,Cc1ccccc1CNc1ncnc2c1ncn2[C@@H]1O[C@H](C(=O)NCCO)[C@@H](O)[C@H]1O,WUVAIRDBJKHCIR-KSVNGYGVSA-N,C1CCC(CCC2CCCC3C(C4CCCC4)CCC23)CC1,10.1016/j.chembiol.2004.12.010,15734651,3,False,True,pending_dual_review,quarantined_before_evidence_review,generic_scaffold_overlaps_model_selection
BDB-601697,601697,COc1cc(C(F)(F)F)c(OC)cc1C1CCCNC1,NZKYTYHIERLZBG-UHFFFAOYSA-N,C1CCC(C2CCCCC2)CC1,,,1,False,False,pending_dual_review,quarantined_before_evidence_review,primary_publication_identifier_missing
BDB-605621,605621,Cc1cc(-c2c(-c3cnc4c(c3)CCN4)nc(N)n3ccnc23)cc(C)n1,WNBIJXYAWMXFRI-UHFFFAOYSA-N,C1CCC(C2C3CCCC3CCC2C2CCC3CCCC3C2)CC1,,,1,False,False,pending_dual_review,quarantined_before_evidence_review,primary_publication_identifier_missing
BDB-605622,605622,Cc1cc(-c2c(-c3ccccc3)nc(N)n3c(CN4CCOCC4)cnc23)cc(C)n1,SPVFWGOKSMQMRL-UHFFFAOYSA-N,C1CCC(CC2CCC3C2CCC(C2CCCCC2)C3C2CCCCC2)CC1,,,1,False,False,pending_dual_review,quarantined_before_evidence_review,primary_publication_identifier_missing
BDB-605624,605624,Nc1nc(-c2ccncc2)c(-c2ccncc2)c2nccn12,OFCAFXOFQQZGNF-UHFFFAOYSA-N,C1CCC(C2CCC3CCCC3C2C2CCCCC2)CC1,,,1,False,False,pending_dual_review,quarantined_before_evidence_review,primary_publication_identifier_missing
BDB-605625,605625,Cc1occc1-c1nc(N)n2ccnc2c1-c1ccncc1,WLEVMDSFOICAKH-UHFFFAOYSA-N,C1CCC(C2C3CCCC3CCC2C2CCCC2)CC1,,,1,False,False,pending_dual_review,quarantined_before_evidence_review,primary_publication_identifier_missing
BDB-605626,605626,Nc1nc(-c2ccccc2F)c(-c2ccncc2)c2nccn12,QNXGTKDUQGDBPT-UHFFFAOYSA-N,C1CCC(C2CCC3CCCC3C2C2CCCCC2)CC1,,,1,False,False,pending_dual_review,quarantined_before_evidence_review,primary_publication_identifier_missing
BDB-605627,605627,Nc1nc(-c2cc3ccccc3o2)c(-c2ccncc2)c2nccn12,CGGRWSNAKPBNEG-UHFFFAOYSA-N,C1CCC(C2C3CCCC3CCC2C2CC3CCCCC3C2)CC1,,,1,False,False,pending_dual_review,quarantined_before_evidence_review,primary_publication_identifier_missing
BDB-605628,605628,Cc1cc(-c2c(-c3cnn(C)c3)nc(N)n3ccnc23)ccn1,IJPNNRUVQFHIFE-UHFFFAOYSA-N,C1CCC(C2C3CCCC3CCC2C2CCCC2)CC1,,,1,False,False,pending_dual_review,quarantined_before_evidence_review,primary_publication_identifier_missing
BDB-605630,605630,CCOC(=O)c1cn2c(N)nc(-c3ccccc3)c(-c3ccnc(C)c3)c2n1,TWTIQUFTDKNIRQ-UHFFFAOYSA-N,C1CCC(C2CCC3CCCC3C2C2CCCCC2)CC1,,,1,False,False,pending_dual_review,quarantined_before_evidence_review,primary_publication_identifier_missing
BDB-605631,605631,COC(=O)c1cc(-c2cn3c(N)nc(-c4ccccc4)c(-c4ccncc4)c3n2)on1,FWGGFOAIYLYSHG-UHFFFAOYSA-N,C1CCC(C2CCC3CC(C4CCCC4)CC3C2C2CCCCC2)CC1,,,1,False,False,pending_dual_review,quarantined_before_evidence_review,primary_publication_identifier_missing
BDB-605632,605632,CCOc1ccc(-c2cnc3c(-c4ccnc(C)c4)c(-c4ccccc4)nc(N)n23)cc1,HCGQNENQYQTLDD-UHFFFAOYSA-N,C1CCC(C2CCC3C2CCC(C2CCCCC2)C3C2CCCCC2)CC1,,,1,False,False,pending_dual_review,quarantined_before_evidence_review,primary_publication_identifier_missing
BDB-605637,605637,CCNC(=O)c1nc2c(-c3ccnc(OC)c3)c(-c3cccc(C#N)c3)nc(N)n2c1C,PUHOETZEKRBPKX-UHFFFAOYSA-N,C1CCC(C2CCC3CCCC3C2C2CCCCC2)CC1,,,1,False,False,pending_dual_review,quarantined_before_evidence_review,primary_publication_identifier_missing
BDB-605642,605642,CCNC(=O)c1cn2c(NCC)nc(-c3ccccc3)c(-c3cc(C)nc(C)c3)c2n1,NGVCANAVHADHLZ-UHFFFAOYSA-N,C1CCC(C2CCC3CCCC3C2C2CCCCC2)CC1,,,1,False,False,pending_dual_review,quarantined_before_evidence_review,primary_publication_identifier_missing
BDB-605661,605661,CCNC(=O)c1cn2c(N)nc(-c3cccc(C#N)c3)c(C3CC3)c2n1,SBCRSXQUXQQCFU-UHFFFAOYSA-N,C1CCC(C2CCC3CCCC3C2C2CC2)CC1,,,1,False,False,pending_dual_review,quarantined_before_evidence_review,primary_publication_identifier_missing
BDB-60936,60936,Cn1cc2c(nc(NC(=O)CCCc3cn(CCCCCCNC(=O)c4ccc(-c5c6ccc(=N)c(S(=O)(=O)O)c-6oc6c(S(=O)(=O)O)c(N)ccc56)c(C(=O)O)c4)nn3)n3nc(-c4ccco4)nc23)n1,XEABBZPOOUCNPW-UHFFFAOYSA-N,CC(CCCC1CCC(CCCCCCCC(C)C2CCC(C3C4CCCCC4CC4CC(C)CCC43)CC2)C1)CC1CC2CCCC2C2CC(C3CCCC3)CC12,,,1,False,False,pending_dual_review,quarantined_before_evidence_review,primary_publication_identifier_missing
BDB-616044,616044,Cc1cc(-c2c(-c3ccccc3)nc(N)n3c(=O)n(CCn4cccn4)nc23)cc(C)n1,MMBFVVJIAGTGAP-UHFFFAOYSA-N,CC1C(CCC2CCCC2)CC2C1CCC(C1CCCCC1)C2C1CCCCC1,,,1,False,False,pending_dual_review,quarantined_before_evidence_review,primary_publication_identifier_missing
BDB-616045,616045,Cc1cc(-c2c(-c3ccccc3)nc(N)n3c(=O)n(CCc4nccn4C)nc23)cc(C)n1,FCKYDGCBFDNBTF-UHFFFAOYSA-N,CC1C(CCC2CCCC2)CC2C1CCC(C1CCCCC1)C2C1CCCCC1,,,1,False,False,pending_dual_review,quarantined_before_evidence_review,primary_publication_identifier_missing
BDB-616046,616046,Cc1cc(-c2c(-c3ccccc3)nc(N)n3c(=O)n(CCc4ncc[nH]4)nc23)cc(C)n1,MUTHLRILOGZHQR-UHFFFAOYSA-N,CC1C(CCC2CCCC2)CC2C1CCC(C1CCCCC1)C2C1CCCCC1,,,1,False,False,pending_dual_review,quarantined_before_evidence_review,primary_publication_identifier_missing
BDB-616047,616047,Cc1cc(-c2c(-c3ccccc3)nc(N)n3c(=O)n(CCc4nnn[nH]4)nc23)cc(C)n1,FPYFRECBFNKDQH-UHFFFAOYSA-N,CC1C(CCC2CCCC2)CC2C1CCC(C1CCCCC1)C2C1CCCCC1,,,1,False,False,pending_dual_review,quarantined_before_evidence_review,primary_publication_identifier_missing
BDB-616048,616048,Cc1cc(-c2c(-c3ccccc3)nc(N)n3c(=O)n(CCc4nnnn4C)nc23)cc(C)n1,XTTLLAKDCQBYNM-UHFFFAOYSA-N,CC1C(CCC2CCCC2)CC2C1CCC(C1CCCCC1)C2C1CCCCC1,,,1,False,False,pending_dual_review,quarantined_before_evidence_review,primary_publication_identifier_missing
BDB-616049,616049,Cc1cc(-c2c(-c3ccccc3)nc(N)n3c(=O)n(CCc4nnn(C)n4)nc23)cc(C)n1,WGRQFPKPIQMYLS-UHFFFAOYSA-N,CC1C(CCC2CCCC2)CC2C1CCC(C1CCCCC1)C2C1CCCCC1,,,1,False,False,pending_dual_review,quarantined_before_evidence_review,primary_publication_identifier_missing
BDB-616050,616050,CCn1nccc1CCn1nc2c(-c3cc(C)nc(C)c3)c(-c3ccccc3)nc(N)n2c1=O,NAVAZSSEGYGNRM-UHFFFAOYSA-N,CC1C(CCC2CCCC2)CC2C1CCC(C1CCCCC1)C2C1CCCCC1,,,1,False,False,pending_dual_review,quarantined_before_evidence_review,primary_publication_identifier_missing
BDB-616051,616051,Cc1cc(-c2c(-c3ccccc3)nc(N)n3c(=O)n(C(C)c4cccs4)nc23)cc(C)n1,KKKOQOXPYHEKBJ-UHFFFAOYSA-N,CC1C(CC2CCCC2)CC2C1CCC(C1CCCCC1)C2C1CCCCC1,,,1,False,False,pending_dual_review,quarantined_before_evidence_review,primary_publication_identifier_missing
BDB-616052,616052,Cc1cc(-c2c(-c3ccccc3)nc(N)n3c(=O)n(Cc4ncco4)nc23)cc(C)n1,NOGHRUCCGBPFIT-UHFFFAOYSA-N,CC1C(CC2CCCC2)CC2C1CCC(C1CCCCC1)C2C1CCCCC1,,,1,False,False,pending_dual_review,quarantined_before_evidence_review,primary_publication_identifier_missing
BDB-616053,616053,Cc1cc(-c2c(-c3ccccc3)nc(N)n3c(=O)n(Cc4cocn4)nc23)cc(C)n1,YVFJQGAFZPZEBO-UHFFFAOYSA-N,CC1C(CC2CCCC2)CC2C1CCC(C1CCCCC1)C2C1CCCCC1,,,1,False,False,pending_dual_review,quarantined_before_evidence_review,primary_publication_identifier_missing
BDB-616054,616054,Cc1cc(-c2c(-c3ccccc3)nc(N)n3c(=O)n(Cc4nccn4C)nc23)cc(C)n1,MOWUYQGQMOESEF-UHFFFAOYSA-N,CC1C(CC2CCCC2)CC2C1CCC(C1CCCCC1)C2C1CCCCC1,,,1,False,False,pending_dual_review,quarantined_before_evidence_review,primary_publication_identifier_missing
BDB-616055,616055,Cc1cc(-c2c(-c3ccccc3)nc(N)n3c(=O)n(Cc4ccnn4C)nc23)cc(C)n1,KBUUBRFJPMSNIP-UHFFFAOYSA-N,CC1C(CC2CCCC2)CC2C1CCC(C1CCCCC1)C2C1CCCCC1,,,1,False,False,pending_dual_review,quarantined_before_evidence_review,primary_publication_identifier_missing
BDB-616056,616056,Cc1cc(-c2c(-c3ccccc3)nc(N)n3c(=O)n(Cc4ccon4)nc23)cc(C)n1,AHZFLZZSRQRPPW-UHFFFAOYSA-N,CC1C(CC2CCCC2)CC2C1CCC(C1CCCCC1)C2C1CCCCC1,,,1,False,False,pending_dual_review,quarantined_before_evidence_review,primary_publication_identifier_missing
BDB-616057,616057,Cc1cc(-c2c(-c3ccccc3)nc(N)n3c(=O)n(Cc4cc(C)on4)nc23)cc(C)n1,KIMTUOMKHGKNPB-UHFFFAOYSA-N,CC1C(CC2CCCC2)CC2C1CCC(C1CCCCC1)C2C1CCCCC1,,,1,False,False,pending_dual_review,quarantined_before_evidence_review,primary_publication_identifier_missing
BDB-616058,616058,Cc1cc(-c2c(-c3ccccc3)nc(N)n3c(=O)n(Cc4coc(C)n4)nc23)cc(C)n1,UQGDUPSVMQWEDH-UHFFFAOYSA-N,CC1C(CC2CCCC2)CC2C1CCC(C1CCCCC1)C2C1CCCCC1,,,1,False,False,pending_dual_review,quarantined_before_evidence_review,primary_publication_identifier_missing
BDB-616059,616059,Cc1cc(-c2c(-c3ccccc3)nc(N)n3c(=O)n(Cc4ccn(C)n4)nc23)cc(C)n1,SGBYWHGUTYMOHZ-UHFFFAOYSA-N,CC1C(CC2CCCC2)CC2C1CCC(C1CCCCC1)C2C1CCCCC1,,,1,False,False,pending_dual_review,quarantined_before_evidence_review,primary_publication_identifier_missing
BDB-616060,616060,Cc1cc(-c2c(-c3ccccc3)nc(N)n3c(=O)n(Cc4nnc(C)o4)nc23)cc(C)n1,HRCMTEXBPWIYPD-UHFFFAOYSA-N,CC1C(CC2CCCC2)CC2C1CCC(C1CCCCC1)C2C1CCCCC1,,,1,False,False,pending_dual_review,quarantined_before_evidence_review,primary_publication_identifier_missing
BDB-616061,616061,Cc1cc(-c2c(-c3ccccc3)nc(N)n3c(=O)n(Cc4cncn4C)nc23)cc(C)n1,XDACPCPQQKGPAN-UHFFFAOYSA-N,CC1C(CC2CCCC2)CC2C1CCC(C1CCCCC1)C2C1CCCCC1,,,1,False,False,pending_dual_review,quarantined_before_evidence_review,primary_publication_identifier_missing
BDB-616062,616062,Cc1cc(-c2c(-c3ccccc3)nc(N)n3c(=O)n(Cc4nonc4C)nc23)cc(C)n1,YQAWUSZPAGMQFS-UHFFFAOYSA-N,CC1C(CC2CCCC2)CC2C1CCC(C1CCCCC1)C2C1CCCCC1,,,1,False,False,pending_dual_review,quarantined_before_evidence_review,primary_publication_identifier_missing
BDB-616063,616063,Cc1cc(-c2c(-c3ccccc3)nc(N)n3c(=O)n(Cc4noc(C)n4)nc23)cc(C)n1,AQPXCHDZPYRCHW-UHFFFAOYSA-N,CC1C(CC2CCCC2)CC2C1CCC(C1CCCCC1)C2C1CCCCC1,,,2,False,False,pending_dual_review,quarantined_before_evidence_review,primary_publication_identifier_missing
BDB-616065,616065,Cc1cc(-c2c(-c3ccccc3)nc(N)n3c(=O)n(Cc4ncoc4C)nc23)cc(C)n1,DCRQOMNFHCQNIL-UHFFFAOYSA-N,CC1C(CC2CCCC2)CC2C1CCC(C1CCCCC1)C2C1CCCCC1,,,1,False,False,pending_dual_review,quarantined_before_evidence_review,primary_publication_identifier_missing
BDB-616066,616066,Cc1cc(-c2c(-c3ccccc3)nc(N)n3c(=O)n(Cc4cnc[nH]4)nc23)cc(C)n1,TUFKXHJZODMCDS-UHFFFAOYSA-N,CC1C(CC2CCCC2)CC2C1CCC(C1CCCCC1)C2C1CCCCC1,,,1,False,False,pending_dual_review,quarantined_before_evidence_review,primary_publication_identifier_missing
BDB-616067,616067,Cc1cc(-c2c(-c3ccccc3)nc(N)n3c(=O)n(Cc4ncc[nH]4)nc23)cc(C)n1,ZYUSNFVEJLWSGK-UHFFFAOYSA-N,CC1C(CC2CCCC2)CC2C1CCC(C1CCCCC1)C2C1CCCCC1,,,1,False,False,pending_dual_review,quarantined_before_evidence_review,primary_publication_identifier_missing
BDB-616068,616068,Cc1cc(-c2c(-c3ccccc3)nc(N)n3c(=O)n(Cc4ccn[nH]4)nc23)cc(C)n1,SWIKGIDSPNXDFM-UHFFFAOYSA-N,CC1C(CC2CCCC2)CC2C1CCC(C1CCCCC1)C2C1CCCCC1,,,1,False,False,pending_dual_review,quarantined_before_evidence_review,primary_publication_identifier_missing
BDB-616069,616069,Cc1cc(-c2c(-c3ccccc3)nc(N)n3c(=O)n(Cc4nn[nH]n4)nc23)cc(C)n1,LVTQOBVKZIFIQC-UHFFFAOYSA-N,CC1C(CC2CCCC2)CC2C1CCC(C1CCCCC1)C2C1CCCCC1,,,1,False,False,pending_dual_review,quarantined_before_evidence_review,primary_publication_identifier_missing
BDB-616070,616070,Cc1cc(-c2c(-c3ccccc3)nc(N)n3c(=O)n(Cc4nnco4)nc23)cc(C)n1,WQUOUHGHAFKSMI-UHFFFAOYSA-N,CC1C(CC2CCCC2)CC2C1CCC(C1CCCCC1)C2C1CCCCC1,,,1,False,False,pending_dual_review,quarantined_before_evidence_review,primary_publication_identifier_missing
BDB-616071,616071,Cc1cc(-c2c(-c3ccccc3)nc(N)n3c(=O)n(Cc4nncn4C)nc23)cc(C)n1,BPRMMPSGNRRTOE-UHFFFAOYSA-N,CC1C(CC2CCCC2)CC2C1CCC(C1CCCCC1)C2C1CCCCC1,,,1,False,False,pending_dual_review,quarantined_before_evidence_review,primary_publication_identifier_missing
BDB-616072,616072,Cc1cc(-c2c(-c3ccccc3)nc(N)n3c(=O)n(Cc4nn[nH]c4C)nc23)cc(C)n1,RLTASICVRNCUDZ-UHFFFAOYSA-N,CC1C(CC2CCCC2)CC2C1CCC(C1CCCCC1)C2C1CCCCC1,,,1,False,False,pending_dual_review,quarantined_before_evidence_review,primary_publication_identifier_missing
BDB-616073,616073,Cc1cc(-c2c(-c3ccccc3)nc(N)n3c(=O)n(Cc4cnn(C)n4)nc23)cc(C)n1,LAPCEPBGFCHOGX-UHFFFAOYSA-N,CC1C(CC2CCCC2)CC2C1CCC(C1CCCCC1)C2C1CCCCC1,,,1,False,False,pending_dual_review,quarantined_before_evidence_review,primary_publication_identifier_missing
BDB-616074,616074,Cc1cc(-c2c(-c3ccc(F)cc3)nc(N)n3c(=O)n(Cc4ncoc4C)nc23)cc(C)n1,LUZUCUMDDYNAKC-UHFFFAOYSA-N,CC1C(CC2CCCC2)CC2C1CCC(C1CCCCC1)C2C1CCCCC1,,,1,False,False,pending_dual_review,quarantined_before_evidence_review,primary_publication_identifier_missing
BDB-616075,616075,Cc1cc(-c2c(-c3ccc(F)cc3)nc(N)n3c(=O)n(Cc4nc(C)oc4C)nc23)cc(C)n1,MJISJGGKEFUILP-UHFFFAOYSA-N,CC1C(CC2CCCC2)CC2C1CCC(C1CCCCC1)C2C1CCCCC1,,,1,False,False,pending_dual_review,quarantined_before_evidence_review,primary_publication_identifier_missing
BDB-616076,616076,COc1cccc(-c2nn(Cc3ccccc3)cc2Cn2nc3c(-c4cc(C)nc(C)c4)c(-c4ccccc4)nc(N)n3c2=O)c1,YEURAQRVHMLULE-UHFFFAOYSA-N,CC1C(CC2CC(CC3CCCCC3)CC2C2CCCCC2)CC2C1CCC(C1CCCCC1)C2C1CCCCC1,,,1,False,False,pending_dual_review,quarantined_before_evidence_review,primary_publication_identifier_missing
BDB-616077,616077,Cc1ocnc1Cn1nc2c(-c3cc(C)[n+]([O-])c(C)c3)c(-c3ccccc3)nc(N)n2c1=O,ZVYKYSVYIKDPHZ-UHFFFAOYSA-N,CC1C(CC2CCCC2)CC2C1CCC(C1CCCCC1)C2C1CCCCC1,,,1,False,False,pending_dual_review,quarantined_before_evidence_review,primary_publication_identifier_missing
BDB-616078,616078,Cc1nc(Cn2nc3c(-c4cc(C)[n+]([O-])c(C)c4)c(-c4ccc(F)cc4)nc(N)n3c2=O)c(C)o1,GJPXMWDBBHLPNZ-UHFFFAOYSA-N,CC1C(CC2CCCC2)CC2C1CCC(C1CCCCC1)C2C1CCCCC1,,,1,False,False,pending_dual_review,quarantined_before_evidence_review,primary_publication_identifier_missing
BDB-616079,616079,Cc1cc(-c2c(-c3ccccc3)nc(N)n3c(=O)n(Cc4nccn4C)nc23)cc(C)[n+]1[O-],OVEYJBNQCLZPPI-UHFFFAOYSA-N,CC1C(CC2CCCC2)CC2C1CCC(C1CCCCC1)C2C1CCCCC1,,,1,False,False,pending_dual_review,quarantined_before_evidence_review,primary_publication_identifier_missing
BDB-616080,616080,Cc1ocnc1Cn1nc2c(-c3cc(C)[n+]([O-])c(C)c3)c(-c3ccc(F)cc3)nc(N)n2c1=O,YJIHWQPWTWNKGB-UHFFFAOYSA-N,CC1C(CC2CCCC2)CC2C1CCC(C1CCCCC1)C2C1CCCCC1,,,1,False,False,pending_dual_review,quarantined_before_evidence_review,primary_publication_identifier_missing
BDB-616081,616081,COc1cc(-c2c(-c3ccccc3)nc(N)n3c(=O)n(Cc4nccn4C)nc23)cc(C)n1,YYWRJJYJMGWBCH-UHFFFAOYSA-N,CC1C(CC2CCCC2)CC2C1CCC(C1CCCCC1)C2C1CCCCC1,,,1,False,False,pending_dual_review,quarantined_before_evidence_review,primary_publication_identifier_missing
BDB-616082,616082,Cc1cc(-c2c(-c3ccccc3)nc(N)n3c(=O)n(Cc4ncoc4C)nc23)cc(CO)n1,FFJBFKGBZAIADA-UHFFFAOYSA-N,CC1C(CC2CCCC2)CC2C1CCC(C1CCCCC1)C2C1CCCCC1,,,2,False,False,pending_dual_review,quarantined_before_evidence_review,primary_publication_identifier_missing
BDB-616083,616083,Cc1cc(-c2c(-c3ccccc3)nc(N)n3c(=O)n(Cc4ncco4)nc23)cc(CO)n1,XCXKFVXZCIQUKP-UHFFFAOYSA-N,CC1C(CC2CCCC2)CC2C1CCC(C1CCCCC1)C2C1CCCCC1,,,1,False,False,pending_dual_review,quarantined_before_evidence_review,primary_publication_identifier_missing
BDB-616084,616084,Cc1cc(-c2c(-c3ccccc3)nc(N)n3c(=O)n(Cc4nccn4C)nc23)cc(CO)n1,PTHHJLCULHXTNZ-UHFFFAOYSA-N,CC1C(CC2CCCC2)CC2C1CCC(C1CCCCC1)C2C1CCCCC1,,,2,False,False,pending_dual_review,quarantined_before_evidence_review,primary_publication_identifier_missing
BDB-616085,616085,Cc1cc(-c2c(-c3ccccc3)nc(N)n3c(=O)n(Cc4cocn4)nc23)cc(CO)n1,YXCLPEIJGUEPJK-UHFFFAOYSA-N,CC1C(CC2CCCC2)CC2C1CCC(C1CCCCC1)C2C1CCCCC1,,,2,False,False,pending_dual_review,quarantined_before_evidence_review,primary_publication_identifier_missing
BDB-616086,616086,Cc1cc(-c2c(-c3ccccc3)nc(N)n3c(=O)n(Cc4cc(C)on4)nc23)cc(CO)n1,WZXZNSYSHUSCGY-UHFFFAOYSA-N,CC1C(CC2CCCC2)CC2C1CCC(C1CCCCC1)C2C1CCCCC1,,,1,False,False,pending_dual_review,quarantined_before_evidence_review,primary_publication_identifier_missing
BDB-616087,616087,Cc1cc(-c2c(-c3ccccc3)nc(N)n3c(=O)n(Cc4c(C)ncn4C)nc23)cc(CO)n1,IKSQNTSHMCAZSS-UHFFFAOYSA-N,CC1C(CC2CCCC2)CC2C1CCC(C1CCCCC1)C2C1CCCCC1,,,1,False,False,pending_dual_review,quarantined_before_evidence_review,primary_publication_identifier_missing
BDB-616088,616088,Cc1cc(-c2c(-c3ccccc3)nc(N)n3c(=O)n(Cc4ccn(C)n4)nc23)cc(CO)n1,LXZJDYBHHSOSIT-UHFFFAOYSA-N,CC1C(CC2CCCC2)CC2C1CCC(C1CCCCC1)C2C1CCCCC1,,,1,False,False,pending_dual_review,quarantined_before_evidence_review,primary_publication_identifier_missing
BDB-616089,616089,Cc1cc(-c2c(-c3ccccc3)nc(N)n3c(=O)n(Cc4nonc4C)nc23)cc(CO)n1,KYASYEGIIDZDNX-UHFFFAOYSA-N,CC1C(CC2CCCC2)CC2C1CCC(C1CCCCC1)C2C1CCCCC1,,,1,False,False,pending_dual_review,quarantined_before_evidence_review,primary_publication_identifier_missing
BDB-616093,616093,Cc1cc(-c2c(-c3ccc(F)cc3)nc(N)n3c(=O)n(Cc4nccn4C)nc23)cc(CO)n1,KRGQUBGMMXPUTM-UHFFFAOYSA-N,CC1C(CC2CCCC2)CC2C1CCC(C1CCCCC1)C2C1CCCCC1,,,1,False,False,pending_dual_review,quarantined_before_evidence_review,primary_publication_identifier_missing
BDB-616094,616094,Cc1cc(-c2c(-c3ccc(F)cc3)nc(N)n3c(=O)n(Cc4ncoc4C)nc23)cc(CO)n1,HVNGMANVEVLLGH-UHFFFAOYSA-N,CC1C(CC2CCCC2)CC2C1CCC(C1CCCCC1)C2C1CCCCC1,,,1,False,False,pending_dual_review,quarantined_before_evidence_review,primary_publication_identifier_missing
BDB-616095,616095,Cc1cc(-c2c(-c3ccc(F)cc3)nc(N)n3c(=O)n(Cc4ccn(C)n4)nc23)cc(CO)n1,XJFIMTHRQICORF-UHFFFAOYSA-N,CC1C(CC2CCCC2)CC2C1CCC(C1CCCCC1)C2C1CCCCC1,,,1,False,False,pending_dual_review,quarantined_before_evidence_review,primary_publication_identifier_missing
BDB-616096,616096,Cc1cc(-c2c(-c3ccc(F)cc3)nc(N)n3c(=O)n(Cc4nc(C)oc4C)nc23)cc(CO)n1,CMOFIUQZOOGQBR-UHFFFAOYSA-N,CC1C(CC2CCCC2)CC2C1CCC(C1CCCCC1)C2C1CCCCC1,,,1,False,False,pending_dual_review,quarantined_before_evidence_review,primary_publication_identifier_missing
BDB-616097,616097,Cc1ocnc1Cn1nc2c(-c3cc(Cl)nc(CO)c3)c(-c3ccccc3)nc(N)n2c1=O,RTSIMFURWJNTDE-UHFFFAOYSA-N,CC1C(CC2CCCC2)CC2C1CCC(C1CCCCC1)C2C1CCCCC1,,,2,False,False,pending_dual_review,quarantined_before_evidence_review,primary_publication_identifier_missing
BDB-616098,616098,Cn1ccnc1Cn1nc2c(-c3cc(Cl)nc(CO)c3)c(-c3ccccc3)nc(N)n2c1=O,RKWXSHJWRZFBGD-UHFFFAOYSA-N,CC1C(CC2CCCC2)CC2C1CCC(C1CCCCC1)C2C1CCCCC1,,,2,False,False,pending_dual_review,quarantined_before_evidence_review,primary_publication_identifier_missing
BDB-616101,616101,Cn1ccnc1Cn1nc2c(-c3cc(Cl)nc(CO)c3)c(-c3ccc(F)cc3)nc(N)n2c1=O,DWWJGYVOCKCATR-UHFFFAOYSA-N,CC1C(CC2CCCC2)CC2C1CCC(C1CCCCC1)C2C1CCCCC1,,,1,False,False,pending_dual_review,quarantined_before_evidence_review,primary_publication_identifier_missing
BDB-616102,616102,Cc1ocnc1Cn1nc2c(-c3cc(Cl)nc(CO)c3)c(-c3ccc(F)cc3)nc(N)n2c1=O,BGKYLOYPGSMFMF-UHFFFAOYSA-N,CC1C(CC2CCCC2)CC2C1CCC(C1CCCCC1)C2C1CCCCC1,,,1,False,False,pending_dual_review,quarantined_before_evidence_review,primary_publication_identifier_missing
BDB-616103,616103,COc1cc(-c2c(-c3ccccc3)nc(N)n3c(=O)n(Cc4ncoc4C)nc23)cc(CO)n1,RVSRHTURHQJAQH-UHFFFAOYSA-N,CC1C(CC2CCCC2)CC2C1CCC(C1CCCCC1)C2C1CCCCC1,,,2,False,False,pending_dual_review,quarantined_before_evidence_review,primary_publication_identifier_missing
BDB-616104,616104,COc1cc(-c2c(-c3ccccc3)nc(N)n3c(=O)n(Cc4nccn4C)nc23)cc(CO)n1,IZUXDAJSXUQWCV-UHFFFAOYSA-N,CC1C(CC2CCCC2)CC2C1CCC(C1CCCCC1)C2C1CCCCC1,,,2,False,False,pending_dual_review,quarantined_before_evidence_review,primary_publication_identifier_missing
BDB-616107,616107,COc1cc(-c2c(-c3ccc(F)cc3)nc(N)n3c(=O)n(Cc4ncoc4C)nc23)cc(CO)n1,SSQJWKJNNAFSIX-UHFFFAOYSA-N,CC1C(CC2CCCC2)CC2C1CCC(C1CCCCC1)C2C1CCCCC1,,,1,False,False,pending_dual_review,quarantined_before_evidence_review,primary_publication_identifier_missing
BDB-616108,616108,COc1cc(-c2c(-c3ccc(F)cc3)nc(N)n3c(=O)n(Cc4nccn4C)nc23)cc(CO)n1,PTVAHPCXIIONPJ-UHFFFAOYSA-N,CC1C(CC2CCCC2)CC2C1CCC(C1CCCCC1)C2C1CCCCC1,,,1,False,False,pending_dual_review,quarantined_before_evidence_review,primary_publication_identifier_missing
BDB-616109,616109,Cc1ocnc1Cn1nc2c(-c3cc(CO)nc(C(F)(F)F)c3)c(-c3ccccc3)nc(N)n2c1=O,ZXKOCSYXMKVZLO-UHFFFAOYSA-N,CC1C(CC2CCCC2)CC2C1CCC(C1CCCCC1)C2C1CCCCC1,,,1,False,False,pending_dual_review,quarantined_before_evidence_review,primary_publication_identifier_missing
BDB-616110,616110,Cn1ccnc1Cn1nc2c(-c3cc(CO)nc(C(F)(F)F)c3)c(-c3ccccc3)nc(N)n2c1=O,BGNFGSBZYCPTKE-UHFFFAOYSA-N,CC1C(CC2CCCC2)CC2C1CCC(C1CCCCC1)C2C1CCCCC1,,,1,False,False,pending_dual_review,quarantined_before_evidence_review,primary_publication_identifier_missing
BDB-616111,616111,Cc1cc(-c2c(-c3ccccc3)nc(N)n3c(=O)n(C4CCN(C(=O)OC(C)(C)C)C4)nc23)cc(C)n1,YWDNVBSEFSPSIL-UHFFFAOYSA-N,CC1C(C2CCCC2)CC2C1CCC(C1CCCCC1)C2C1CCCCC1,,,1,False,False,pending_dual_review,quarantined_before_evidence_review,primary_publication_identifier_missing
BDB-616112,616112,Cc1cc(-c2c(-c3ccccc3)nc(N)n3c(=O)n(C4CCNC4)nc23)cc(C)n1,WSTWOZMPASFHDU-UHFFFAOYSA-N,CC1C(C2CCCC2)CC2C1CCC(C1CCCCC1)C2C1CCCCC1,,,1,False,False,pending_dual_review,quarantined_before_evidence_review,primary_publication_identifier_missing
BDB-616113,616113,Cc1cc(-c2c(-c3ccccc3)nc(N)n3c(=O)n(C4CCN(C)C4)nc23)cc(C)n1,GXEFYWGMQOKHQO-UHFFFAOYSA-N,CC1C(C2CCCC2)CC2C1CCC(C1CCCCC1)C2C1CCCCC1,,,1,False,False,pending_dual_review,quarantined_before_evidence_review,primary_publication_identifier_missing
BDB-616114,616114,Cc1cc(-c2c(-c3ccccc3)nc(N)n3c(=O)n(CC4CCCN4C(=O)OC(C)(C)C)nc23)cc(C)n1,PLPHVJZLODRVST-UHFFFAOYSA-N,CC1C(CC2CCCC2)CC2C1CCC(C1CCCCC1)C2C1CCCCC1,,,1,False,False,pending_dual_review,quarantined_before_evidence_review,primary_publication_identifier_missing
BDB-616115,616115,Cc1cc(-c2c(-c3ccccc3)nc(N)n3c(=O)n(CC4CCCN4)nc23)cc(C)n1,IJZBGLSHICETQI-UHFFFAOYSA-N,CC1C(CC2CCCC2)CC2C1CCC(C1CCCCC1)C2C1CCCCC1,,,1,False,False,pending_dual_review,quarantined_before_evidence_review,primary_publication_identifier_missing
BDB-616116,616116,Cc1cc(-c2c(-c3ccccc3)nc(N)n3c(=O)n(CC4CCCN4C)nc23)cc(C)n1,ZIKXHBSBMPMPFJ-UHFFFAOYSA-N,CC1C(CC2CCCC2)CC2C1CCC(C1CCCCC1)C2C1CCCCC1,,,1,False,False,pending_dual_review,quarantined_before_evidence_review,primary_publication_identifier_missing
BDB-616117,616117,Cc1cc(-c2c(-c3ccccc3)nc(N)n3c(=O)n(C[C@H]4CCCN4C)nc23)cc(C)n1,ZIKXHBSBMPMPFJ-LJQANCHMSA-N,CC1C(CC2CCCC2)CC2C1CCC(C1CCCCC1)C2C1CCCCC1,,,1,False,False,pending_dual_review,quarantined_before_evidence_review,primary_publication_identifier_missing
BDB-616118,616118,Cc1cc(-c2c(-c3ccccc3)nc(N)n3c(=O)n(C[C@@H]4CCCN4C)nc23)cc(C)n1,ZIKXHBSBMPMPFJ-IBGZPJMESA-N,CC1C(CC2CCCC2)CC2C1CCC(C1CCCCC1)C2C1CCCCC1,,,1,False,False,pending_dual_review,quarantined_before_evidence_review,primary_publication_identifier_missing
BDB-616119,616119,COCCN1CCC[C@H]1Cn1nc2c(-c3cc(C)nc(C)c3)c(-c3ccccc3)nc(N)n2c1=O,ZFKHEAUSRFDPIK-NRFANRHFSA-N,CC1C(CC2CCCC2)CC2C1CCC(C1CCCCC1)C2C1CCCCC1,,,1,False,False,pending_dual_review,quarantined_before_evidence_review,primary_publication_identifier_missing
BDB-616120,616120,COCCN1CCC[C@@H]1Cn1nc2c(-c3cc(C)nc(C)c3)c(-c3ccccc3)nc(N)n2c1=O,ZFKHEAUSRFDPIK-OAQYLSRUSA-N,CC1C(CC2CCCC2)CC2C1CCC(C1CCCCC1)C2C1CCCCC1,,,1,False,False,pending_dual_review,quarantined_before_evidence_review,primary_publication_identifier_missing
BDB-616121,616121,Cc1cc(-c2c(-c3ccccc3)nc(N)n3c(=O)n(C[C@@H]4CC(F)(F)CN4)nc23)cc(C)n1,LUOKXZWWUQTBOZ-KRWDZBQOSA-N,CC1C(CC2CCCC2)CC2C1CCC(C1CCCCC1)C2C1CCCCC1,,,1,False,False,pending_dual_review,quarantined_before_evidence_review,primary_publication_identifier_missing
BDB-616122,616122,Cc1cc(-c2c(-c3ccccc3)nc(N)n3c(=O)n(C[C@H]4CC(F)(F)CN4)nc23)cc(C)n1,LUOKXZWWUQTBOZ-QGZVFWFLSA-N,CC1C(CC2CCCC2)CC2C1CCC(C1CCCCC1)C2C1CCCCC1,,,2,False,False,pending_dual_review,quarantined_before_evidence_review,primary_publication_identifier_missing
BDB-616123,616123,Cc1cc(-c2c(-c3ccccc3)nc(N)n3c(=O)n(C[C@@H]4CC(F)(F)CN4C)nc23)cc(C)n1,IXORLFBDGXIMIB-SFHVURJKSA-N,CC1C(CC2CCCC2)CC2C1CCC(C1CCCCC1)C2C1CCCCC1,,,1,False,False,pending_dual_review,quarantined_before_evidence_review,primary_publication_identifier_missing
BDB-616125,616125,Cc1cc(-c2c(-c3ccccc3)nc(N)n3c(=O)n(C(CN)C4CCOC4)nc23)cc(C)n1,IBTCLQDAKUZCES-UHFFFAOYSA-N,CC1C(CC2CCCC2)CC2C1CCC(C1CCCCC1)C2C1CCCCC1,,,1,False,False,pending_dual_review,quarantined_before_evidence_review,primary_publication_identifier_missing
BDB-616127,616127,Cc1cc(-c2c(-c3ccccc3)nc(N)n3c(=O)n(C[C@H]4CCCO4)nc23)cc(C)n1,SRPXOPHITSWMGC-GOSISDBHSA-N,CC1C(CC2CCCC2)CC2C1CCC(C1CCCCC1)C2C1CCCCC1,,,1,False,False,pending_dual_review,quarantined_before_evidence_review,primary_publication_identifier_missing
BDB-616128,616128,Cc1cc(-c2c(-c3ccccc3)nc(N)n3c(=O)n(C[C@@H]4CCCO4)nc23)cc(C)n1,SRPXOPHITSWMGC-SFHVURJKSA-N,CC1C(CC2CCCC2)CC2C1CCC(C1CCCCC1)C2C1CCCCC1,,,1,False,False,pending_dual_review,quarantined_before_evidence_review,primary_publication_identifier_missing
BDB-616129,616129,Cc1cc(-c2c(-c3ccccc3)nc(N)n3c(=O)n(C[C@H]4C[C@H](F)CN4)nc23)cc(C)n1,REBIJIQWVDKAAH-ZWKOTPCHSA-N,CC1C(CC2CCCC2)CC2C1CCC(C1CCCCC1)C2C1CCCCC1,,,1,False,False,pending_dual_review,quarantined_before_evidence_review,primary_publication_identifier_missing
BDB-616130,616130,Cc1cc(-c2c(-c3ccccc3)nc(N)n3c(=O)n(C[C@H]4C[C@@H](F)CN4)nc23)cc(C)n1,REBIJIQWVDKAAH-QZTJIDSGSA-N,CC1C(CC2CCCC2)CC2C1CCC(C1CCCCC1)C2C1CCCCC1,,,1,False,False,pending_dual_review,quarantined_before_evidence_review,primary_publication_identifier_missing
BDB-616131,616131,Cc1cc(-c2c(-c3ccccc3)nc(N)n3c(=O)n(C[C@@H]4C[C@H](F)CN4)nc23)cc(C)n1,REBIJIQWVDKAAH-ROUUACIJSA-N,CC1C(CC2CCCC2)CC2C1CCC(C1CCCCC1)C2C1CCCCC1,,,1,False,False,pending_dual_review,quarantined_before_evidence_review,primary_publication_identifier_missing
BDB-616132,616132,Cc1cc(-c2c(-c3ccccc3)nc(N)n3c(=O)n(C[C@@H]4C[C@@H](F)CN4)nc23)cc(C)n1,REBIJIQWVDKAAH-MSOLQXFVSA-N,CC1C(CC2CCCC2)CC2C1CCC(C1CCCCC1)C2C1CCCCC1,,,1,False,False,pending_dual_review,quarantined_before_evidence_review,primary_publication_identifier_missing
BDB-616133,616133,Cc1cc(-c2c(-c3ccccc3)nc(N)n3c(=O)n(C[C@@H]4C[C@H](O)CN4)nc23)cc(C)n1,UPNUYOTTYSQUML-ROUUACIJSA-N,CC1C(CC2CCCC2)CC2C1CCC(C1CCCCC1)C2C1CCCCC1,,,1,False,False,pending_dual_review,quarantined_before_evidence_review,primary_publication_identifier_missing
BDB-616134,616134,Cc1cc(-c2c(-c3ccccc3)nc(N)n3c(=O)n(C[C@H]4C[C@@H](O)CN4)nc23)cc(C)n1,UPNUYOTTYSQUML-QZTJIDSGSA-N,CC1C(CC2CCCC2)CC2C1CCC(C1CCCCC1)C2C1CCCCC1,,,1,False,False,pending_dual_review,quarantined_before_evidence_review,primary_publication_identifier_missing
BDB-616135,616135,Cc1cc(-c2c(-c3ccccc3)nc(N)n3c(=O)n(C[C@H]4C[C@@H](O)CN4C)nc23)cc(C)n1,MEASRQOGTUNGOS-RTBURBONSA-N,CC1C(CC2CCCC2)CC2C1CCC(C1CCCCC1)C2C1CCCCC1,,,1,False,False,pending_dual_review,quarantined_before_evidence_review,primary_publication_identifier_missing
BDB-616136,616136,Cc1cc(-c2c(-c3ccccc3)nc(N)n3c(=O)n(C[C@@H]4C[C@H](O)CN4C)nc23)cc(C)n1,MEASRQOGTUNGOS-OALUTQOASA-N,CC1C(CC2CCCC2)CC2C1CCC(C1CCCCC1)C2C1CCCCC1,,,1,False,False,pending_dual_review,quarantined_before_evidence_review,primary_publication_identifier_missing
BDB-616137,616137,Cc1cc(-c2c(-c3ccccc3)nc(N)n3c(=O)n(CCN4CCCC4)nc23)cc(C)n1,CCDAGOKSSJQJJJ-UHFFFAOYSA-N,CC1C(CCC2CCCC2)CC2C1CCC(C1CCCCC1)C2C1CCCCC1,,,1,False,False,pending_dual_review,quarantined_before_evidence_review,primary_publication_identifier_missing
BDB-616138,616138,COc1cc(-c2c(-c3ccccc3)nc(N)n3c(=O)n(C[C@H]4CCCO4)nc23)cc(C)n1,PJNLULNXNZLOGS-QGZVFWFLSA-N,CC1C(CC2CCCC2)CC2C1CCC(C1CCCCC1)C2C1CCCCC1,,,1,False,False,pending_dual_review,quarantined_before_evidence_review,primary_publication_identifier_missing
BDB-616139,616139,Cc1cc(-c2c(-c3ccccc3)nc(N)n3c(=O)n(C[C@@H]4CCCO4)nc23)cc(CO)n1,KYMLKWMLVPOBRI-SFHVURJKSA-N,CC1C(CC2CCCC2)CC2C1CCC(C1CCCCC1)C2C1CCCCC1,,,1,False,False,pending_dual_review,quarantined_before_evidence_review,primary_publication_identifier_missing
BDB-616140,616140,Cc1cc(-c2c(-c3ccccc3)nc(N)n3c(=O)n(C[C@H]4CCCO4)nc23)cc(CO)n1,KYMLKWMLVPOBRI-GOSISDBHSA-N,CC1C(CC2CCCC2)CC2C1CCC(C1CCCCC1)C2C1CCCCC1,,,2,False,False,pending_dual_review,quarantined_before_evidence_review,primary_publication_identifier_missing
BDB-616142,616142,Cc1cc(-c2c(-c3ccc(F)cc3)nc(N)n3c(=O)n(C[C@H]4CCCO4)nc23)cc(CO)n1,QALWGDZTZBMWOY-GOSISDBHSA-N,CC1C(CC2CCCC2)CC2C1CCC(C1CCCCC1)C2C1CCCCC1,,,1,False,False,pending_dual_review,quarantined_before_evidence_review,primary_publication_identifier_missing
BDB-616143,616143,Nc1nc(-c2ccccc2)c(-c2cc(Cl)nc(CO)c2)c2nn(C[C@H]3CCCO3)c(=O)n12,LKBFFESUIZLUKK-MRXNPFEDSA-N,CC1C(CC2CCCC2)CC2C1CCC(C1CCCCC1)C2C1CCCCC1,,,2,False,False,pending_dual_review,quarantined_before_evidence_review,primary_publication_identifier_missing
BDB-616145,616145,Nc1nc(-c2ccc(F)cc2)c(-c2cc(Cl)nc(CO)c2)c2nn(C[C@H]3CCCO3)c(=O)n12,UFUIKWOAURSHPO-MRXNPFEDSA-N,CC1C(CC2CCCC2)CC2C1CCC(C1CCCCC1)C2C1CCCCC1,,,1,False,False,pending_dual_review,quarantined_before_evidence_review,primary_publication_identifier_missing
BDB-616146,616146,COc1cc(-c2c(-c3ccccc3)nc(N)n3c(=O)n(C[C@H]4CCCO4)nc23)cc(CO)n1,IHXWYGYBHDQMRF-QGZVFWFLSA-N,CC1C(CC2CCCC2)CC2C1CCC(C1CCCCC1)C2C1CCCCC1,,,2,False,False,pending_dual_review,quarantined_before_evidence_review,primary_publication_identifier_missing
BDB-616148,616148,COc1cc(-c2c(-c3ccc(F)cc3)nc(N)n3c(=O)n(C[C@H]4CCCO4)nc23)cc(CO)n1,YXTJPSBZWZIFBR-QGZVFWFLSA-N,CC1C(CC2CCCC2)CC2C1CCC(C1CCCCC1)C2C1CCCCC1,,,1,False,False,pending_dual_review,quarantined_before_evidence_review,primary_publication_identifier_missing
BDB-616149,616149,Nc1nc(-c2ccccc2)c(-c2cc(CO)nc(C(F)(F)F)c2)c2nn(C[C@H]3CCCO3)c(=O)n12,GKBZJLIQFSPWFC-MRXNPFEDSA-N,CC1C(CC2CCCC2)CC2C1CCC(C1CCCCC1)C2C1CCCCC1,,,1,False,False,pending_dual_review,quarantined_before_evidence_review,primary_publication_identifier_missing
BDB-616150,616150,Cc1cc(-c2c(-c3ccccc3)nc(N)n3c(=O)n(CCN4CCCC4c4cccs4)nc23)cc(C)n1,HYNRMYWTHIXYKA-UHFFFAOYSA-N,CC1C(CCC2CCCC2C2CCCC2)CC2C1CCC(C1CCCCC1)C2C1CCCCC1,,,1,False,False,pending_dual_review,quarantined_before_evidence_review,primary_publication_identifier_missing
BDB-616151,616151,Cc1cc(-c2c(-c3ccccc3)nc(N)n3c(=O)n(CCNC4CCN(C(=O)c5cccnc5)C4)nc23)cc(C)n1,YBODLFCZUBRFSF-UHFFFAOYSA-N,CC(C1CCCCC1)C1CCC(CCCC2CC3C(CCC(C4CCCCC4)C3C3CCCCC3)C2C)C1,,,1,False,False,pending_dual_review,quarantined_before_evidence_review,primary_publication_identifier_missing
BDB-616152,616152,Cc1cc(-c2c(-c3ccccc3)nc(N)n3c(=O)n(CCN(C)c4cn[nH]c4)nc23)cc(C)n1,REMDWBVTCHMVGB-UHFFFAOYSA-N,CC1C(CCCC2CCCC2)CC2C1CCC(C1CCCCC1)C2C1CCCCC1,,,1,False,False,pending_dual_review,quarantined_before_evidence_review,primary_publication_identifier_missing
BDB-616153,616153,Cc1cc(-c2c(-c3ccccc3)nc(N)n3c(=O)n(CC4CCCN4Cc4ccccc4CN)nc23)cc(C)n1,CQVQLHOFWUEUBP-UHFFFAOYSA-N,CC1C(CC2CCCC2CC2CCCCC2)CC2C1CCC(C1CCCCC1)C2C1CCCCC1,,,1,False,False,pending_dual_review,quarantined_before_evidence_review,primary_publication_identifier_missing
BDB-616154,616154,Cc1cc(-c2c(N3CCCCC3)nc(N)n3c(=O)n(Cc4ncoc4C)nc23)cc(C)n1,NENSPOMULWREPS-UHFFFAOYSA-N,CC1C(CC2CCCC2)CC2C1CCC(C1CCCCC1)C2C1CCCCC1,,,1,False,False,pending_dual_review,quarantined_before_evidence_review,primary_publication_identifier_missing
BDB-618699,618699,Cc1cc(-c2sc(NC(=O)N3CCOCC3)nc2-c2cccc(C#N)c2)cc(Cl)n1,WHXLGPMRADOJPH-UHFFFAOYSA-N,CC(CC1CC(C2CCCCC2)C(C2CCCCC2)C1)C1CCCCC1,,,1,False,False,pending_dual_review,quarantined_before_evidence_review,primary_publication_identifier_missing
BDB-618708,618708,Cc1cc(-c2sc(NC(=O)N3CCC(C(C)(C)O)C3)nc2-c2cccc(C#N)c2)cc(Cl)n1,YXUANZVQNLMXJQ-UHFFFAOYSA-N,CC(CC1CC(C2CCCCC2)C(C2CCCCC2)C1)C1CCCC1,,,1,False,False,pending_dual_review,quarantined_before_evidence_review,primary_publication_identifier_missing
BDB-618709,618709,Cc1cc(-c2sc(NC(=O)N3CCC[C@@H]3C(C)(C)O)nc2-c2cccc(C#N)c2)cc(Cl)n1,OTSLWYZXKSSSBZ-GOSISDBHSA-N,CC(CC1CC(C2CCCCC2)C(C2CCCCC2)C1)C1CCCC1,,,1,False,False,pending_dual_review,quarantined_before_evidence_review,primary_publication_identifier_missing
BDB-618710,618710,Cc1cc(-c2sc(NC(=O)N3CCNCC3)nc2-c2cccc(C#N)c2)cc(Cl)n1,DILYZTPMSOLXNQ-UHFFFAOYSA-N,CC(CC1CC(C2CCCCC2)C(C2CCCCC2)C1)C1CCCCC1,,,1,False,False,pending_dual_review,quarantined_before_evidence_review,primary_publication_identifier_missing
BDB-618711,618711,Cc1cc(-c2sc(NC(=O)N3CCCC3)nc2-c2cccc(C#N)c2)cc(Cl)n1,IFELMDLQEYWGOA-UHFFFAOYSA-N,CC(CC1CC(C2CCCCC2)C(C2CCCCC2)C1)C1CCCC1,,,1,False,False,pending_dual_review,quarantined_before_evidence_review,primary_publication_identifier_missing
BDB-618712,618712,Cc1cc(-c2sc(NC(=O)N3CCCC3CC(C)(C)O)nc2-c2cccc(C#N)c2)cc(Cl)n1,ZFUQWWYFVIEYHH-UHFFFAOYSA-N,CC(CC1CC(C2CCCCC2)C(C2CCCCC2)C1)C1CCCC1,,,1,False,False,pending_dual_review,quarantined_before_evidence_review,primary_publication_identifier_missing
BDB-618713,618713,Cc1cc(-c2sc(NC(=O)N3CCOCC3C(C)(C)O)nc2-c2cccc(C#N)c2)cc(Cl)n1,LVINHVOGPJDIJB-UHFFFAOYSA-N,CC(CC1CC(C2CCCCC2)C(C2CCCCC2)C1)C1CCCCC1,,,1,False,False,pending_dual_review,quarantined_before_evidence_review,primary_publication_identifier_missing
BDB-618714,618714,Cc1cc(-c2sc(NC(=O)N3CCN[C@H](C(=O)O)C3)nc2-c2cccc(C#N)c2)cc(Cl)n1,RGCGTKGSFUEZRV-INIZCTEOSA-N,CC(CC1CC(C2CCCCC2)C(C2CCCCC2)C1)C1CCCCC1,,,1,False,False,pending_dual_review,quarantined_before_evidence_review,primary_publication_identifier_missing
BDB-618715,618715,Cc1cc(-c2sc(NC(=O)N3CCN(C)CC3)nc2-c2cccc(C#N)c2)cc(Cl)n1,DGIONYGMQFADSE-UHFFFAOYSA-N,CC(CC1CC(C2CCCCC2)C(C2CCCCC2)C1)C1CCCCC1,,,1,False,False,pending_dual_review,quarantined_before_evidence_review,primary_publication_identifier_missing
BDB-618716,618716,Cc1cc(-c2sc(NC(=O)N3CCC(C)(O)CC3)nc2-c2cccc(C#N)c2)cc(Cl)n1,RNFJTPAOSICRAX-UHFFFAOYSA-N,CC(CC1CC(C2CCCCC2)C(C2CCCCC2)C1)C1CCCCC1,,,1,False,False,pending_dual_review,quarantined_before_evidence_review,primary_publication_identifier_missing
BDB-618717,618717,Cc1cc(-c2sc(NC(=O)N3CCC(C)(C#N)CC3)nc2-c2cccc(C#N)c2)cc(Cl)n1,CWGOZRPOIYGCEC-UHFFFAOYSA-N,CC(CC1CC(C2CCCCC2)C(C2CCCCC2)C1)C1CCCCC1,,,1,False,False,pending_dual_review,quarantined_before_evidence_review,primary_publication_identifier_missing
BDB-618718,618718,Cc1cc(-c2sc(NC(=O)N3CCN[C@H](C(C)(C)O)C3)nc2-c2cccc(C#N)c2)cc(Cl)n1,RTRSUVIHEQQZQM-SFHVURJKSA-N,CC(CC1CC(C2CCCCC2)C(C2CCCCC2)C1)C1CCCCC1,,,1,False,False,pending_dual_review,quarantined_before_evidence_review,primary_publication_identifier_missing
BDB-618719,618719,Cc1cc(-c2sc(NC(=O)N3CCN[C@@H](C(C)(C)O)C3)nc2-c2cccc(C#N)c2)cc(Cl)n1,RTRSUVIHEQQZQM-GOSISDBHSA-N,CC(CC1CC(C2CCCCC2)C(C2CCCCC2)C1)C1CCCCC1,,,1,False,False,pending_dual_review,quarantined_before_evidence_review,primary_publication_identifier_missing
BDB-618720,618720,Cc1cc(-c2sc(NC(=O)N3CCN(C4COC4)CC3)nc2-c2cccc(C#N)c2)cc(Cl)n1,MVXVEWURZHVMCX-UHFFFAOYSA-N,CC(CC1CC(C2CCCCC2)C(C2CCCCC2)C1)C1CCC(C2CCC2)CC1,,,1,False,False,pending_dual_review,quarantined_before_evidence_review,primary_publication_identifier_missing
BDB-618721,618721,Cc1cc(-c2sc(NC(=O)N3CCS(=N)(=O)CC3)nc2-c2cccc(C#N)c2)cc(Cl)n1,QPLLPYGGXOXLLN-UHFFFAOYSA-N,CC(CC1CC(C2CCCCC2)C(C2CCCCC2)C1)C1CCC(C)(C)CC1,,,1,False,False,pending_dual_review,quarantined_before_evidence_review,primary_publication_identifier_missing
BDB-618722,618722,Cc1cc(-c2sc(NC(=O)N3CCN(C)CC3)nc2-c2cccc(C#N)c2)cc(C)n1,YPFUABJNAVWNRQ-UHFFFAOYSA-N,CC(CC1CC(C2CCCCC2)C(C2CCCCC2)C1)C1CCCCC1,,,1,False,False,pending_dual_review,quarantined_before_evidence_review,primary_publication_identifier_missing
BDB-618723,618723,Cc1cc(-c2sc(NC(=O)N3CCC(C#N)CC3)nc2-c2cccc(C#N)c2)cc(C)n1,LDIUBSYXXVVFCR-UHFFFAOYSA-N,CC(CC1CC(C2CCCCC2)C(C2CCCCC2)C1)C1CCCCC1,,,1,False,False,pending_dual_review,quarantined_before_evidence_review,primary_publication_identifier_missing
BDB-618724,618724,Cc1cc(-c2sc(NC(=O)N3CCS(=N)(=O)CC3)nc2-c2cccc(C#N)c2)cc(C)n1,BVSHEXLQKCVNON-UHFFFAOYSA-N,CC(CC1CC(C2CCCCC2)C(C2CCCCC2)C1)C1CCC(C)(C)CC1,,,1,False,False,pending_dual_review,quarantined_before_evidence_review,primary_publication_identifier_missing
BDB-618725,618725,Cc1cc(-c2sc(NC(=O)N3CCN(CCO)CC3)nc2-c2cccc(C#N)c2)cc(C)n1,FKSVJAWCVUMRMQ-UHFFFAOYSA-N,CC(CC1CC(C2CCCCC2)C(C2CCCCC2)C1)C1CCCCC1,,,1,False,False,pending_dual_review,quarantined_before_evidence_review,primary_publication_identifier_missing
BDB-618726,618726,Cc1cc(-c2sc(NC(=O)N3CCN(C4COC4)CC3)nc2-c2cccc(C#N)c2)cc(C)n1,VCKKMGQXUKZRHX-UHFFFAOYSA-N,CC(CC1CC(C2CCCCC2)C(C2CCCCC2)C1)C1CCC(C2CCC2)CC1,,,1,False,False,pending_dual_review,quarantined_before_evidence_review,primary_publication_identifier_missing
BDB-618727,618727,Cc1cc(-c2sc(NC(=O)N3CC[C@H](O)C3)nc2-c2cccc(C#N)c2)cc(C)n1,LVTBQVLZLFECLS-SFHVURJKSA-N,CC(CC1CC(C2CCCCC2)C(C2CCCCC2)C1)C1CCCC1,,,1,False,False,pending_dual_review,quarantined_before_evidence_review,primary_publication_identifier_missing
BDB-618728,618728,COCC1(C#N)CCN(C(=O)Nc2nc(-c3cccc(C#N)c3)c(-c3cc(C)nc(C)c3)s2)CC1,JDCZSDAVWDDCDJ-UHFFFAOYSA-N,CC(CC1CC(C2CCCCC2)C(C2CCCCC2)C1)C1CCCCC1,,,1,False,False,pending_dual_review,quarantined_before_evidence_review,primary_publication_identifier_missing
BDB-618729,618729,Cc1cc(-c2sc(NC(=O)N3CCC(F)(C#N)CC3)nc2-c2cccc(C#N)c2)cc(C)n1,QZUHTMOWMLCURQ-UHFFFAOYSA-N,CC(CC1CC(C2CCCCC2)C(C2CCCCC2)C1)C1CCCCC1,,,1,False,False,pending_dual_review,quarantined_before_evidence_review,primary_publication_identifier_missing
BDB-618730,618730,Cc1cc(-c2sc(NC(=O)N3CC[C@H](C#N)C3)nc2-c2cccc(C#N)c2)cc(C)n1,VKUIWMODWIFDPU-QGZVFWFLSA-N,CC(CC1CC(C2CCCCC2)C(C2CCCCC2)C1)C1CCCC1,,,1,False,False,pending_dual_review,quarantined_before_evidence_review,primary_publication_identifier_missing
BDB-618731,618731,Cc1cc(-c2sc(NC(=O)N3CC(C)(O)C3)nc2-c2cccc(C#N)c2)cc(C)n1,LFJONWCFDCMCKO-UHFFFAOYSA-N,CC(CC1CC(C2CCCCC2)C(C2CCCCC2)C1)C1CCC1,,,1,False,False,pending_dual_review,quarantined_before_evidence_review,primary_publication_identifier_missing
BDB-618732,618732,Cc1cc(-c2sc(NC(=O)N3CC[C@@H](C#N)C3)nc2-c2cccc(C#N)c2)cc(C)n1,VKUIWMODWIFDPU-KRWDZBQOSA-N,CC(CC1CC(C2CCCCC2)C(C2CCCCC2)C1)C1CCCC1,,,1,False,False,pending_dual_review,quarantined_before_evidence_review,primary_publication_identifier_missing
BDB-618733,618733,Cc1cc(-c2sc(NC(=O)N3CCN4CCOCC4C3)nc2-c2cccc(C#N)c2)cc(C)n1,BFHAHOLDXQKOJI-UHFFFAOYSA-N,CC(CC1CC(C2CCCCC2)C(C2CCCCC2)C1)C1CCC2CCCCC2C1,,,1,False,False,pending_dual_review,quarantined_before_evidence_review,primary_publication_identifier_missing
BDB-618734,618734,Cc1cc(-c2sc(NC(=O)N3CC4(COC4)C3)nc2-c2cccc(C#N)c2)cc(C)n1,YPTGPQIKPOJTLE-UHFFFAOYSA-N,CC(CC1CC(C2CCCCC2)C(C2CCCCC2)C1)C1CC2(CCC2)C1,,,1,False,False,pending_dual_review,quarantined_before_evidence_review,primary_publication_identifier_missing
BDB-618735,618735,Cc1cc(-c2sc(NC(=O)N3CCNC(=O)C3)nc2-c2cccc(C#N)c2)cc(C)n1,FMJYAIWZXSPLEX-UHFFFAOYSA-N,CC1CCCC(C(C)CC2CC(C3CCCCC3)C(C3CCCCC3)C2)C1,,,1,False,False,pending_dual_review,quarantined_before_evidence_review,primary_publication_identifier_missing
BDB-618736,618736,Cc1cc(-c2sc(NC(=O)N3CCOC(C(N)=O)C3)nc2-c2cccc(C#N)c2)cc(C)n1,CWJOKPPUHOMKSU-UHFFFAOYSA-N,CC(CC1CC(C2CCCCC2)C(C2CCCCC2)C1)C1CCCCC1,,,1,False,False,pending_dual_review,quarantined_before_evidence_review,primary_publication_identifier_missing
BDB-618737,618737,Cc1cc(-c2sc(NC(=O)N3CCN(C)C(=O)C3)nc2-c2cccc(C#N)c2)cc(C)n1,XXYXELSUFHSTHA-UHFFFAOYSA-N,CC1CCCC(C(C)CC2CC(C3CCCCC3)C(C3CCCCC3)C2)C1,,,1,False,False,pending_dual_review,quarantined_before_evidence_review,primary_publication_identifier_missing
BDB-618738,618738,Cc1cc(-c2sc(NC(=O)N3CCO[C@@H](CO)C3)nc2-c2cccc(C#N)c2)cc(C)n1,PLYCDELILFJGBT-LJQANCHMSA-N,CC(CC1CC(C2CCCCC2)C(C2CCCCC2)C1)C1CCCCC1,,,1,False,False,pending_dual_review,quarantined_before_evidence_review,primary_publication_identifier_missing
BDB-618739,618739,CC(=O)N1CCN(C(=O)Nc2nc(-c3cccc(C#N)c3)c(-c3cc(C)nc(C)c3)s2)CC1,VTSGJTRDFMURON-UHFFFAOYSA-N,CC(CC1CC(C2CCCCC2)C(C2CCCCC2)C1)C1CCCCC1,,,1,False,False,pending_dual_review,quarantined_before_evidence_review,primary_publication_identifier_missing
BDB-618740,618740,Cc1cc(-c2sc(NC(=O)N3CCN(S(C)(=O)=O)CC3)nc2-c2cccc(C#N)c2)cc(C)n1,MXCVTOFPCPHWIJ-UHFFFAOYSA-N,CC(CC1CC(C2CCCCC2)C(C2CCCCC2)C1)C1CCCCC1,,,2,False,False,pending_dual_review,quarantined_before_evidence_review,primary_publication_identifier_missing
BDB-618742,618742,Cc1cc(-c2sc(NC(=O)N3CCC4(CC3)NC(=O)NC4=O)nc2-c2cccc(C#N)c2)cc(C)n1,LQVBOTOHGNNRDD-UHFFFAOYSA-N,CC1CC(C)C2(CCC(C(C)CC3CC(C4CCCCC4)C(C4CCCCC4)C3)CC2)C1,,,1,False,False,pending_dual_review,quarantined_before_evidence_review,primary_publication_identifier_missing
BDB-618743,618743,Cc1cc(-c2sc(NC(=O)N3CCO[C@H](CO)C3)nc2-c2cccc(C#N)c2)cc(C)n1,PLYCDELILFJGBT-IBGZPJMESA-N,CC(CC1CC(C2CCCCC2)C(C2CCCCC2)C1)C1CCCCC1,,,1,False,False,pending_dual_review,quarantined_before_evidence_review,primary_publication_identifier_missing
BDB-618744,618744,COC1(C#N)CCN(C(=O)Nc2nc(-c3cccc(C#N)c3)c(-c3cc(C)nc(C)c3)s2)CC1,OBLUVQHFJFSJOK-UHFFFAOYSA-N,CC(CC1CC(C2CCCCC2)C(C2CCCCC2)C1)C1CCCCC1,,,1,False,False,pending_dual_review,quarantined_before_evidence_review,primary_publication_identifier_missing
BDB-618745,618745,Cc1cc(-c2sc(NC(=O)N3CCC(C#N)(CO)CC3)nc2-c2cccc(C#N)c2)cc(C)n1,RTEBQPAYZRBMQW-UHFFFAOYSA-N,CC(CC1CC(C2CCCCC2)C(C2CCCCC2)C1)C1CCCCC1,,,1,False,False,pending_dual_review,quarantined_before_evidence_review,primary_publication_identifier_missing
BDB-618746,618746,Cc1cc(-c2sc(NC(=O)N3CC[S+]([O-])CC3)nc2-c2cccc(C#N)c2)cc(C)n1,BSRHJZUUDPEACC-UHFFFAOYSA-N,CC(CC1CC(C2CCCCC2)C(C2CCCCC2)C1)C1CCCCC1,,,1,False,False,pending_dual_review,quarantined_before_evidence_review,primary_publication_identifier_missing
BDB-618747,618747,Cc1cc(-c2sc(NC(=O)N3CC(CO)C3)nc2-c2cccc(C#N)c2)cc(C)n1,PUAFOYPNJFPRCT-UHFFFAOYSA-N,CC(CC1CC(C2CCCCC2)C(C2CCCCC2)C1)C1CCC1,,,1,False,False,pending_dual_review,quarantined_before_evidence_review,primary_publication_identifier_missing
BDB-618748,618748,Cc1cc(-c2sc(NC(=O)N3CC(C#N)C3)nc2-c2cccc(C#N)c2)cc(C)n1,WHYCWINFYJKYPX-UHFFFAOYSA-N,CC(CC1CC(C2CCCCC2)C(C2CCCCC2)C1)C1CCC1,,,1,False,False,pending_dual_review,quarantined_before_evidence_review,primary_publication_identifier_missing
BDB-618749,618749,Cc1cc(-c2sc(NC(=O)N3CCS(=O)(=O)CC3)nc2-c2cccc(C#N)c2)cc(C)n1,CNJYUMUTVAUOIL-UHFFFAOYSA-N,CC(CC1CC(C2CCCCC2)C(C2CCCCC2)C1)C1CCC(C)(C)CC1,,,1,False,False,pending_dual_review,quarantined_before_evidence_review,primary_publication_identifier_missing
BDB-618750,618750,Cc1cc(-c2sc(NC(=O)N3CCC4(CC3)C(=O)N(C)C(=O)N4C)nc2-c2cccc(C#N)c2)cc(C)n1,PHNYMGWIGVRLPC-UHFFFAOYSA-N,CC1CC(C)C2(CCC(C(C)CC3CC(C4CCCCC4)C(C4CCCCC4)C3)CC2)C1,,,1,False,False,pending_dual_review,quarantined_before_evidence_review,primary_publication_identifier_missing
BDB-618751,618751,Cc1cc(-c2sc(NC(=O)N3CCC(C(N)=O)CC3)nc2-c2cccc(C#N)c2)cc(C)n1,DHIQTARWNIFMSA-UHFFFAOYSA-N,CC(CC1CC(C2CCCCC2)C(C2CCCCC2)C1)C1CCCCC1,,,1,False,False,pending_dual_review,quarantined_before_evidence_review,primary_publication_identifier_missing
BDB-618752,618752,Cc1cc(-c2sc(NC(=O)N3CC(O)C3)nc2-c2cccc(C#N)c2)cc(C)n1,PKGQALAEOQIFCJ-UHFFFAOYSA-N,CC(CC1CC(C2CCCCC2)C(C2CCCCC2)C1)C1CCC1,,,1,False,False,pending_dual_review,quarantined_before_evidence_review,primary_publication_identifier_missing
BDB-618753,618753,Cc1cc(-c2sc(NC(=O)N3CCN(CCO)C(=O)C3)nc2-c2cccc(C#N)c2)cc(C)n1,BZLVISKOGSBCJX-UHFFFAOYSA-N,CC1CCCC(C(C)CC2CC(C3CCCCC3)C(C3CCCCC3)C2)C1,,,1,False,False,pending_dual_review,quarantined_before_evidence_review,primary_publication_identifier_missing
BDB-618754,618754,Cc1cc(-c2sc(NC(=O)N3CCC(C#N)(C#N)CC3)nc2-c2cccc(C#N)c2)cc(C)n1,OUSIKEDFZPUNTO-UHFFFAOYSA-N,CC(CC1CC(C2CCCCC2)C(C2CCCCC2)C1)C1CCCCC1,,,1,False,False,pending_dual_review,quarantined_before_evidence_review,primary_publication_identifier_missing
BDB-618755,618755,Cc1cc(-c2sc(NC(=O)N3CC(C(C)(C)O)C3)nc2-c2cccc(C#N)c2)cc(C)n1,NPLVNRIJYPWZOB-UHFFFAOYSA-N,CC(CC1CC(C2CCCCC2)C(C2CCCCC2)C1)C1CCC1,,,1,False,False,pending_dual_review,quarantined_before_evidence_review,primary_publication_identifier_missing
BDB-618756,618756,Cc1cc(-c2sc(NC(=O)N3CCN(CC(C)(C)O)CC3)nc2-c2cccc(C#N)c2)cc(C)n1,RMPWETFELOJCPY-UHFFFAOYSA-N,CC(CC1CC(C2CCCCC2)C(C2CCCCC2)C1)C1CCCCC1,,,1,False,False,pending_dual_review,quarantined_before_evidence_review,primary_publication_identifier_missing
BDB-618757,618757,Cc1cc(-c2sc(NC(=O)N3CCC4(CCN4C)C3)nc2-c2cccc(C#N)c2)cc(C)n1,XOMCFCXRZSHDHK-UHFFFAOYSA-N,CC(CC1CC(C2CCCCC2)C(C2CCCCC2)C1)C1CCC2(CCC2)C1,,,1,False,False,pending_dual_review,quarantined_before_evidence_review,primary_publication_identifier_missing
BDB-618758,618758,Cc1cc(-c2sc(NC(=O)N3CCN(C(C)(C)CO)CC3)nc2-c2cccc(C#N)c2)cc(C)n1,MREBTSXRKBAJGT-UHFFFAOYSA-N,CC(CC1CC(C2CCCCC2)C(C2CCCCC2)C1)C1CCCCC1,,,1,False,False,pending_dual_review,quarantined_before_evidence_review,primary_publication_identifier_missing
BDB-618759,618759,Cc1cc(-c2sc(NC(=O)N3CCN4CCC[C@H]4C3)nc2-c2cccc(C#N)c2)cc(C)n1,YLHLNBOMTOZBFS-NRFANRHFSA-N,CC(CC1CC(C2CCCCC2)C(C2CCCCC2)C1)C1CCC2CCCC2C1,,,2,False,False,pending_dual_review,quarantined_before_evidence_review,primary_publication_identifier_missing
BDB-618760,618760,Cc1cc(-c2sc(NC(=O)N3CCN[C@@H](C(=O)O)C3)nc2-c2cccc(C#N)c2)cc(Cl)n1,RGCGTKGSFUEZRV-MRXNPFEDSA-N,CC(CC1CC(C2CCCCC2)C(C2CCCCC2)C1)C1CCCCC1,,,1,False,False,pending_dual_review,quarantined_before_evidence_review,primary_publication_identifier_missing
BDB-618761,618761,COC(=O)[C@H]1CN(C(=O)Nc2nc(-c3cccc(C#N)c3)c(-c3cc(C)nc(Cl)c3)s2)CCN1,OVJWZXVWIBPUOK-QGZVFWFLSA-N,CC(CC1CC(C2CCCCC2)C(C2CCCCC2)C1)C1CCCCC1,,,1,False,False,pending_dual_review,quarantined_before_evidence_review,primary_publication_identifier_missing
BDB-618762,618762,Cc1cc(-c2sc(NC(=O)N3CCN[C@H](CO)C3)nc2-c2cccc(C#N)c2)cc(Cl)n1,VPENOWLSVJUSPE-KRWDZBQOSA-N,CC(CC1CC(C2CCCCC2)C(C2CCCCC2)C1)C1CCCCC1,,,1,False,False,pending_dual_review,quarantined_before_evidence_review,primary_publication_identifier_missing
BDB-618763,618763,Cc1cc(-c2sc(NC(=O)N3CCN[C@@H](CO)C3)nc2-c2cccc(C#N)c2)cc(Cl)n1,VPENOWLSVJUSPE-QGZVFWFLSA-N,CC(CC1CC(C2CCCCC2)C(C2CCCCC2)C1)C1CCCCC1,,,1,False,False,pending_dual_review,quarantined_before_evidence_review,primary_publication_identifier_missing
BDB-618764,618764,Cc1cc(-c2sc(NC(=O)N3CCN[C@@H](C)C3)nc2-c2cccc(C#N)c2)cc(C)n1,XBCKRWZMAXYASX-INIZCTEOSA-N,CC(CC1CC(C2CCCCC2)C(C2CCCCC2)C1)C1CCCCC1,,,1,False,False,pending_dual_review,quarantined_before_evidence_review,primary_publication_identifier_missing
BDB-618765,618765,Cc1cc(-c2sc(NC(=O)N3CCN[C@H](C)C3)nc2-c2cccc(C#N)c2)cc(Cl)n1,BVZCAEHFQSIECY-CQSZACIVSA-N,CC(CC1CC(C2CCCCC2)C(C2CCCCC2)C1)C1CCCCC1,,,1,False,False,pending_dual_review,quarantined_before_evidence_review,primary_publication_identifier_missing
BDB-618766,618766,Cc1cc(-c2sc(NC(=O)N3C[C@@H]4C[C@H]3CN4)nc2-c2cccc(C#N)c2)cc(Cl)n1,JVFDTZLEGOEXCA-IRXDYDNUSA-N,CC(CC1CC(C2CCCCC2)C(C2CCCCC2)C1)C1CC2CCC1C2,,,1,False,False,pending_dual_review,quarantined_before_evidence_review,primary_publication_identifier_missing
BDB-618767,618767,Cc1cc(-c2sc(NC(=O)N3CCN[C@@H](C(N)=O)C3)nc2-c2cccc(C#N)c2)cc(Cl)n1,QCKIJYHHYKWLGW-MRXNPFEDSA-N,CC(CC1CC(C2CCCCC2)C(C2CCCCC2)C1)C1CCCCC1,,,1,False,False,pending_dual_review,quarantined_before_evidence_review,primary_publication_identifier_missing
BDB-618768,618768,Cc1cc(-c2sc(NC(=O)N3CCN[C@H](C(N)=O)C3)nc2-c2cccc(C#N)c2)cc(Cl)n1,QCKIJYHHYKWLGW-INIZCTEOSA-N,CC(CC1CC(C2CCCCC2)C(C2CCCCC2)C1)C1CCCCC1,,,1,False,False,pending_dual_review,quarantined_before_evidence_review,primary_publication_identifier_missing
BDB-618769,618769,Cc1cc(-c2sc(NC(=O)N3CCC(C)(N)CC3)nc2-c2cccc(C#N)c2)cc(Cl)n1,XWUGHPJRYMGCBH-UHFFFAOYSA-N,CC(CC1CC(C2CCCCC2)C(C2CCCCC2)C1)C1CCCCC1,,,1,False,False,pending_dual_review,quarantined_before_evidence_review,primary_publication_identifier_missing
BDB-618770,618770,Cc1cc(-c2sc(NC(=O)N3CCC(C)(C#N)CC3)nc2-c2cccc(C#N)c2)cc(C)n1,PFFKSQAULAQWHE-UHFFFAOYSA-N,CC(CC1CC(C2CCCCC2)C(C2CCCCC2)C1)C1CCCCC1,,,1,False,False,pending_dual_review,quarantined_before_evidence_review,primary_publication_identifier_missing
BDB-618771,618771,Cc1cc(-c2sc(NC(=O)N3CC[C@H](S(C)(=O)=O)C3)nc2-c2cccc(C#N)c2)cc(C)n1,XNHUHLPPGICOFD-IBGZPJMESA-N,CC(CC1CC(C2CCCCC2)C(C2CCCCC2)C1)C1CCCC1,,,1,False,False,pending_dual_review,quarantined_before_evidence_review,primary_publication_identifier_missing
BDB-618772,618772,Cc1cc(-c2sc(NC(=O)N3CCC(S(N)(=O)=O)C3)nc2-c2cccc(C#N)c2)cc(C)n1,UMLDSLIRYFOJRZ-UHFFFAOYSA-N,CC(CC1CC(C2CCCCC2)C(C2CCCCC2)C1)C1CCCC1,,,1,False,False,pending_dual_review,quarantined_before_evidence_review,primary_publication_identifier_missing
BDB-618773,618773,Cc1cc(-c2sc(NC(=O)N3CC[C@H](C(N)=O)C3)nc2-c2cccc(C#N)c2)cc(C)n1,OQPYUMWCKJTTNF-KRWDZBQOSA-N,CC(CC1CC(C2CCCCC2)C(C2CCCCC2)C1)C1CCCC1,,,1,False,False,pending_dual_review,quarantined_before_evidence_review,primary_publication_identifier_missing
BDB-618774,618774,Cc1cc(-c2sc(NC(=O)N3CCC4(CC3)CNC(=O)C4)nc2-c2cccc(C#N)c2)cc(C)n1,HSJQRKQPQHRYIY-UHFFFAOYSA-N,CC1CCC2(CCC(C(C)CC3CC(C4CCCCC4)C(C4CCCCC4)C3)CC2)C1,,,1,False,False,pending_dual_review,quarantined_before_evidence_review,primary_publication_identifier_missing
BDB-618775,618775,Cc1cc(-c2sc(NC(=O)N3C[C@H]4CC[C@@H](C3)N(C)C4)nc2-c2cccc(C#N)c2)cc(C)n1,NABVICBVHSQNIK-UGKGYDQZSA-N,CC(CC1CC(C2CCCCC2)C(C2CCCCC2)C1)C1CC2CCC(CC2)C1,,,1,False,False,pending_dual_review,quarantined_before_evidence_review,primary_publication_identifier_missing
BDB-618776,618776,Cc1cc(-c2sc(NC(=O)N3CCC4(CC3)NC(=O)N(C)C4=O)nc2-c2cccc(C#N)c2)cc(C)n1,YBIHBRXFJOTJOL-UHFFFAOYSA-N,CC1CC(C)C2(CCC(C(C)CC3CC(C4CCCCC4)C(C4CCCCC4)C3)CC2)C1,,,1,False,False,pending_dual_review,quarantined_before_evidence_review,primary_publication_identifier_missing
BDB-618777,618777,Cc1cc(-c2sc(NC(=O)N3CC(C)(C#N)C3)nc2-c2cccc(C#N)c2)cc(C)n1,DBCILVXTNGUBHQ-UHFFFAOYSA-N,CC(CC1CC(C2CCCCC2)C(C2CCCCC2)C1)C1CCC1,,,1,False,False,pending_dual_review,quarantined_before_evidence_review,primary_publication_identifier_missing
BDB-618778,618778,Cc1cc(-c2sc(NC(=O)N3CC[C@@H](C(N)=O)C3)nc2-c2cccc(C#N)c2)cc(C)n1,OQPYUMWCKJTTNF-QGZVFWFLSA-N,CC(CC1CC(C2CCCCC2)C(C2CCCCC2)C1)C1CCCC1,,,1,False,False,pending_dual_review,quarantined_before_evidence_review,primary_publication_identifier_missing
BDB-618779,618779,Cc1cc(-c2sc(NC(=O)N3CC[C@@H](S(N)(=O)=O)C3)nc2-c2cccc(C#N)c2)cc(C)n1,UMLDSLIRYFOJRZ-GOSISDBHSA-N,CC(CC1CC(C2CCCCC2)C(C2CCCCC2)C1)C1CCCC1,,,1,False,False,pending_dual_review,quarantined_before_evidence_review,primary_publication_identifier_missing
BDB-618780,618780,Cc1cc(-c2sc(NC(=O)N3CCC4(CC3)COC4)nc2-c2cccc(C#N)c2)cc(C)n1,DHKWXLHMOKIAPV-UHFFFAOYSA-N,CC(CC1CC(C2CCCCC2)C(C2CCCCC2)C1)C1CCC2(CCC2)CC1,,,1,False,False,pending_dual_review,quarantined_before_evidence_review,primary_publication_identifier_missing
BDB-618781,618781,Cc1cc(-c2sc(NC(=O)N3CCC4(CC3)CNC(=O)N4)nc2-c2cccc(C#N)c2)cc(C)n1,HAAACELZCOCTLG-UHFFFAOYSA-N,CC1CCC2(CCC(C(C)CC3CC(C4CCCCC4)C(C4CCCCC4)C3)CC2)C1,,,1,False,False,pending_dual_review,quarantined_before_evidence_review,primary_publication_identifier_missing
BDB-618782,618782,Cc1cc(-c2sc(NC(=O)N3CCC4(CC3)CN(C)C(=O)O4)nc2-c2cccc(C#N)c2)cc(C)n1,SRFDOJZWUVJKCF-UHFFFAOYSA-N,CC1CCC2(CCC(C(C)CC3CC(C4CCCCC4)C(C4CCCCC4)C3)CC2)C1,,,1,False,False,pending_dual_review,quarantined_before_evidence_review,primary_publication_identifier_missing
BDB-618783,618783,Cc1cc(-c2sc(NC(=O)N3CCN4C(=O)OCC4C3)nc2-c2cccc(C#N)c2)cc(C)n1,SCQUAWDNFDSNML-UHFFFAOYSA-N,CC(CC1CC(C2CCCCC2)C(C2CCCCC2)C1)C1CCC2C(C)CCC2C1,,,1,False,False,pending_dual_review,quarantined_before_evidence_review,primary_publication_identifier_missing
BDB-618784,618784,Cc1cc(-c2sc(NC(=O)N3CCN4CCS(=O)(=O)CC4C3)nc2-c2cccc(C#N)c2)cc(C)n1,QWSNOXLHNACCIG-UHFFFAOYSA-N,CC(CC1CC(C2CCCCC2)C(C2CCCCC2)C1)C1CCC2CCC(C)(C)CC2C1,,,1,False,False,pending_dual_review,quarantined_before_evidence_review,primary_publication_identifier_missing
BDB-618785,618785,Cc1cc(-c2sc(NC(=O)N3CC(=O)N4CCCCC4C3)nc2-c2cccc(C#N)c2)cc(C)n1,IOKBJIJENWRGSW-UHFFFAOYSA-N,CC(CC1CC(C2CCCCC2)C(C2CCCCC2)C1)C1CC(C)C2CCCCC2C1,,,1,False,False,pending_dual_review,quarantined_before_evidence_review,primary_publication_identifier_missing
BDB-618786,618786,Cc1cc(-c2sc(NC(=O)N3CCN4CCNC(=O)C4C3)nc2-c2cccc(C#N)c2)cc(C)n1,CGKSODIMIJDNQP-UHFFFAOYSA-N,CC(CC1CC(C2CCCCC2)C(C2CCCCC2)C1)C1CCC2CCCC(C)C2C1,,,1,False,False,pending_dual_review,quarantined_before_evidence_review,primary_publication_identifier_missing
BDB-618787,618787,Cc1cc(-c2sc(NC(=O)N3CCN4C(=O)OCCC4C3)nc2-c2cccc(C#N)c2)cc(C)n1,DVEYANZWQHZWPL-UHFFFAOYSA-N,CC(CC1CC(C2CCCCC2)C(C2CCCCC2)C1)C1CCC2C(C)CCCC2C1,,,1,False,False,pending_dual_review,quarantined_before_evidence_review,primary_publication_identifier_missing
BDB-618788,618788,Cc1cc(-c2sc(NC(=O)N3CCN4C(=O)CCC4C3)nc2-c2cccc(C#N)c2)cc(C)n1,VHFLVSZOOFOBSA-UHFFFAOYSA-N,CC(CC1CC(C2CCCCC2)C(C2CCCCC2)C1)C1CCC2C(C)CCC2C1,,,1,False,False,pending_dual_review,quarantined_before_evidence_review,primary_publication_identifier_missing
BDB-618789,618789,Cc1cc(-c2sc(NC(=O)N3CC[S+]([O-])CC3)nc2-c2cccc(C#N)c2)cc(C(F)F)n1,FQBCOIXCAHPMOH-UHFFFAOYSA-N,CC(CC1CC(C2CCCCC2)C(C2CCCCC2)C1)C1CCCCC1,,,1,False,False,pending_dual_review,quarantined_before_evidence_review,primary_publication_identifier_missing
BDB-618790,618790,Cc1cc(-c2sc(NC(=O)N3CCC4(CC3)CNC4=O)nc2-c2cccc(C#N)c2)cc(C)n1,YKOFVUWVWXJYBG-UHFFFAOYSA-N,CC(CC1CC(C2CCCCC2)C(C2CCCCC2)C1)C1CCC2(CC1)CCC2C,,,1,False,False,pending_dual_review,quarantined_before_evidence_review,primary_publication_identifier_missing
BDB-618791,618791,Cc1cc(-c2sc(NC(=O)N3CCC(n4cccn4)CC3)nc2-c2cccc(C#N)c2)cc(C)n1,PUEDRQFWOKJZNY-UHFFFAOYSA-N,CC(CC1CC(C2CCCCC2)C(C2CCCCC2)C1)C1CCC(C2CCCC2)CC1,,,1,False,False,pending_dual_review,quarantined_before_evidence_review,primary_publication_identifier_missing
BDB-618792,618792,Cc1cc(-c2sc(NC(=O)N3CCC(c4ncon4)CC3)nc2-c2cccc(C#N)c2)cc(C)n1,BCSCGSVZQIQNDR-UHFFFAOYSA-N,CC(CC1CC(C2CCCCC2)C(C2CCCCC2)C1)C1CCC(C2CCCC2)CC1,,,1,False,False,pending_dual_review,quarantined_before_evidence_review,primary_publication_identifier_missing
BDB-618793,618793,Cc1cc(-c2sc(NC(=O)N3CCN4C(=O)NC(=O)C4C3)nc2-c2cccc(C#N)c2)cc(C)n1,PLNOSHSBOUKUOQ-UHFFFAOYSA-N,CC(CC1CC(C2CCCCC2)C(C2CCCCC2)C1)C1CCC2C(C)CC(C)C2C1,,,1,False,False,pending_dual_review,quarantined_before_evidence_review,primary_publication_identifier_missing
BDB-618794,618794,Cc1cc(-c2sc(NC(=O)N3CCC4(CCNC4=O)CC3)nc2-c2cccc(C#N)c2)cc(C)n1,RAGQIMKRDCUHOR-UHFFFAOYSA-N,CC(CC1CC(C2CCCCC2)C(C2CCCCC2)C1)C1CCC2(CCCC2C)CC1,,,1,False,False,pending_dual_review,quarantined_before_evidence_review,primary_publication_identifier_missing
BDB-618795,618795,Cc1cc(-c2sc(NC(=O)N3CCC(c4ncc[nH]4)CC3)nc2-c2cccc(C#N)c2)cc(C)n1,YOTWOKYFSXNGSZ-UHFFFAOYSA-N,CC(CC1CC(C2CCCCC2)C(C2CCCCC2)C1)C1CCC(C2CCCC2)CC1,,,1,False,False,pending_dual_review,quarantined_before_evidence_review,primary_publication_identifier_missing
BDB-618796,618796,Cc1cc(-c2sc(NC(=O)N3CCC4(CCNC(=O)C4)CC3)nc2-c2cccc(C#N)c2)cc(C)n1,KVFJAVUKSPITAJ-UHFFFAOYSA-N,CC1CCCC2(CCC(C(C)CC3CC(C4CCCCC4)C(C4CCCCC4)C3)CC2)C1,,,1,False,False,pending_dual_review,quarantined_before_evidence_review,primary_publication_identifier_missing
BDB-618797,618797,Cc1cc(-c2sc(NC(=O)N3CCn4ccnc4C3)nc2-c2cccc(C#N)c2)cc(C)n1,WHKUUCITWCVSBE-UHFFFAOYSA-N,CC(CC1CC(C2CCCCC2)C(C2CCCCC2)C1)C1CCC2CCCC2C1,,,1,False,False,pending_dual_review,quarantined_before_evidence_review,primary_publication_identifier_missing
BDB-618798,618798,CNC(=O)C1CCN(C(=O)Nc2nc(-c3cccc(C#N)c3)c(-c3cc(C)nc(C)c3)s2)CC1,HQJKCVUCOQZQOD-UHFFFAOYSA-N,CC(CC1CC(C2CCCCC2)C(C2CCCCC2)C1)C1CCCCC1,,,1,False,False,pending_dual_review,quarantined_before_evidence_review,primary_publication_identifier_missing
BDB-618799,618799,Cc1cc(-c2sc(NC(=O)N3CCC4(CCOCC4)C3)nc2-c2cccc(C#N)c2)cc(C)n1,GCJZGZMWUICPRS-UHFFFAOYSA-N,CC(CC1CC(C2CCCCC2)C(C2CCCCC2)C1)C1CCC2(CCCCC2)C1,,,1,False,False,pending_dual_review,quarantined_before_evidence_review,primary_publication_identifier_missing
BDB-618800,618800,Cc1cc(-c2sc(NC(=O)N3CCC(N4CCNC4=O)CC3)nc2-c2cccc(C#N)c2)cc(C)n1,MTIJEKDIQNSJTR-UHFFFAOYSA-N,CC(CC1CC(C2CCCCC2)C(C2CCCCC2)C1)C1CCC(C2CCCC2C)CC1,,,1,False,False,pending_dual_review,quarantined_before_evidence_review,primary_publication_identifier_missing
BDB-618801,618801,Cc1cc(-c2sc(NC(=O)N3CCC(c4ncno4)CC3)nc2-c2cccc(C#N)c2)cc(C)n1,VMWUHBIWLLSDRL-UHFFFAOYSA-N,CC(CC1CC(C2CCCCC2)C(C2CCCCC2)C1)C1CCC(C2CCCC2)CC1,,,1,False,False,pending_dual_review,quarantined_before_evidence_review,primary_publication_identifier_missing
BDB-618802,618802,CN=S1(=O)CCN(C(=O)Nc2nc(-c3cccc(C#N)c3)c(-c3cc(C)nc(C)c3)s2)CC1,LGRIUOCZHYLCLQ-UHFFFAOYSA-N,CC(CC1CC(C2CCCCC2)C(C2CCCCC2)C1)C1CCC(C)(C)CC1,,,1,False,False,pending_dual_review,quarantined_before_evidence_review,primary_publication_identifier_missing
BDB-618803,618803,Cc1cc(-c2sc(NC(=O)N3CCC(C(=O)NCCO)CC3)nc2-c2cccc(C#N)c2)cc(C)n1,RXHZFUJNFLRPTM-UHFFFAOYSA-N,CC(CC1CC(C2CCCCC2)C(C2CCCCC2)C1)C1CCCCC1,,,1,False,False,pending_dual_review,quarantined_before_evidence_review,primary_publication_identifier_missing
BDB-618804,618804,Cc1cc(-c2sc(NC(=O)N3CC4(CCOC(=O)N4)C3)nc2-c2cccc(C#N)c2)cc(C)n1,SHPRCECULUTOHG-UHFFFAOYSA-N,CC1CCCC2(C1)CC(C(C)CC1CC(C3CCCCC3)C(C3CCCCC3)C1)C2,,,1,False,False,pending_dual_review,quarantined_before_evidence_review,primary_publication_identifier_missing
BDB-618805,618805,Cc1cc(-c2sc(NC(=O)N3CCN4C(=O)CNC(=O)C4C3)nc2-c2cccc(C#N)c2)cc(C)n1,HCSZSLBTGRLFSO-UHFFFAOYSA-N,CC(CC1CC(C2CCCCC2)C(C2CCCCC2)C1)C1CCC2C(C)CCC(C)C2C1,,,1,False,False,pending_dual_review,quarantined_before_evidence_review,primary_publication_identifier_missing
BDB-618806,618806,Cc1cc(-c2sc(NC(=O)N3CC[C@@H](C(C)(C)O)C3)nc2-c2cccc(C#N)c2)cc(C)n1,DXGKDIPTSNGLFN-HXUWFJFHSA-N,CC(CC1CC(C2CCCCC2)C(C2CCCCC2)C1)C1CCCC1,,,1,False,False,pending_dual_review,quarantined_before_evidence_review,primary_publication_identifier_missing
BDB-618807,618807,Cc1cc(-c2sc(NC(=O)N3CCN4C(=O)COCC4C3)nc2-c2cccc(C#N)c2)cc(C)n1,SPATURHSMZUXGL-UHFFFAOYSA-N,CC(CC1CC(C2CCCCC2)C(C2CCCCC2)C1)C1CCC2C(C)CCCC2C1,,,1,False,False,pending_dual_review,quarantined_before_evidence_review,primary_publication_identifier_missing
BDB-618808,618808,Cc1cc(-c2sc(NC(=O)N3CCC4(CC3)CC(=O)N(C)C4)nc2-c2cccc(C#N)c2)cc(C)n1,JPJXBZWCHNBTDL-UHFFFAOYSA-N,CC1CCC2(CCC(C(C)CC3CC(C4CCCCC4)C(C4CCCCC4)C3)CC2)C1,,,1,False,False,pending_dual_review,quarantined_before_evidence_review,primary_publication_identifier_missing
BDB-618809,618809,Cc1cc(-c2sc(NC(=O)N3CCN4C(=O)CN(C)C(=O)C4C3)nc2-c2cccc(C#N)c2)cc(C)n1,CGONDCFJYWEKQG-UHFFFAOYSA-N,CC(CC1CC(C2CCCCC2)C(C2CCCCC2)C1)C1CCC2C(C)CCC(C)C2C1,,,1,False,False,pending_dual_review,quarantined_before_evidence_review,primary_publication_identifier_missing
BDB-618810,618810,Cc1cc(-c2sc(NC(=O)N3CCC4(CCC(=O)NC4)CC3)nc2-c2cccc(C#N)c2)cc(C)n1,RPEKVFDTKVCUGI-UHFFFAOYSA-N,CC1CCC2(CC1)CCC(C(C)CC1CC(C3CCCCC3)C(C3CCCCC3)C1)CC2,,,1,False,False,pending_dual_review,quarantined_before_evidence_review,primary_publication_identifier_missing
BDB-618811,618811,Cc1cc(-c2sc(NC(=O)N3CCC(C#N)(C(C)(C)O)CC3)nc2-c2cccc(C#N)c2)cc(C)n1,DFHYNRZLEOIXQK-UHFFFAOYSA-N,CC(CC1CC(C2CCCCC2)C(C2CCCCC2)C1)C1CCCCC1,,,1,False,False,pending_dual_review,quarantined_before_evidence_review,primary_publication_identifier_missing
BDB-618812,618812,Cc1cc(-c2sc(NC(=O)N3CCN4C(=O)NCCC4C3)nc2-c2cccc(C#N)c2)cc(C)n1,PFIXFMQGZXUBAZ-UHFFFAOYSA-N,CC(CC1CC(C2CCCCC2)C(C2CCCCC2)C1)C1CCC2C(C)CCCC2C1,,,1,False,False,pending_dual_review,quarantined_before_evidence_review,primary_publication_identifier_missing
BDB-618813,618813,Cc1cc(-c2sc(NC(=O)N3CCN4C(=O)CCCC4C3)nc2-c2cccc(C#N)c2)cc(C)n1,RPCDSMXYJUCVDW-UHFFFAOYSA-N,CC(CC1CC(C2CCCCC2)C(C2CCCCC2)C1)C1CCC2C(C)CCCC2C1,,,1,False,False,pending_dual_review,quarantined_before_evidence_review,primary_publication_identifier_missing
BDB-618814,618814,Cc1cc(-c2sc(NC(=O)N3CC4(C3)CC(C)(O)C4)nc2-c2cccc(C#N)c2)cc(C)n1,YFTHLZKMQQZZHW-UHFFFAOYSA-N,CC(CC1CC(C2CCCCC2)C(C2CCCCC2)C1)C1CC2(CCC2)C1,,,1,False,False,pending_dual_review,quarantined_before_evidence_review,primary_publication_identifier_missing
BDB-618815,618815,Cc1cc(-c2sc(NC(=O)N3CCC4(CCC(=O)N4)CC3)nc2-c2cccc(C#N)c2)cc(C)n1,OKRWQLBZRUIUJZ-UHFFFAOYSA-N,CC1CCC2(CCC(C(C)CC3CC(C4CCCCC4)C(C4CCCCC4)C3)CC2)C1,,,1,False,False,pending_dual_review,quarantined_before_evidence_review,primary_publication_identifier_missing
BDB-618816,618816,Cc1cc(-c2sc(NC(=O)N3CC4(C3)CS(=O)(=O)C4)nc2-c2cccc(C#N)c2)cc(C)n1,SZEASFAOGJWRPC-UHFFFAOYSA-N,CC(CC1CC(C2CCCCC2)C(C2CCCCC2)C1)C1CC2(C1)CC(C)(C)C2,,,1,False,False,pending_dual_review,quarantined_before_evidence_review,primary_publication_identifier_missing
BDB-618817,618817,Cc1cc(-c2sc(NC(=O)N3CCOC(C(C)(C)C)C3)nc2-c2cccc(C#N)c2)cc(C)n1,NQMYEAQKOPYYKF-UHFFFAOYSA-N,CC(CC1CC(C2CCCCC2)C(C2CCCCC2)C1)C1CCCCC1,,,1,False,False,pending_dual_review,quarantined_before_evidence_review,primary_publication_identifier_missing
BDB-618818,618818,Cc1cc(-c2sc(NC(=O)N3CC[C@H](C(C)(C)O)C3)nc2-c2cccc(C#N)c2)cc(C)n1,DXGKDIPTSNGLFN-FQEVSTJZSA-N,CC(CC1CC(C2CCCCC2)C(C2CCCCC2)C1)C1CCCC1,,,1,False,False,pending_dual_review,quarantined_before_evidence_review,primary_publication_identifier_missing
BDB-618819,618819,Cc1cc(-c2sc(NC(=O)N3C[C@H]4COC[C@H]4C3)nc2-c2cccc(C#N)c2)cc(C)n1,ZGZRBBNOZYBCCN-BGYRXZFFSA-N,CC(CC1CC(C2CCCCC2)C(C2CCCCC2)C1)C1CC2CCCC2C1,,,1,False,False,pending_dual_review,quarantined_before_evidence_review,primary_publication_identifier_missing
BDB-618820,618820,Cc1cc(-c2sc(NC(=O)N3CCC4(CCOC(=O)N4)CC3)nc2-c2cccc(C#N)c2)cc(C)n1,OZJIOZJEQAEJJR-UHFFFAOYSA-N,CC1CCCC2(CCC(C(C)CC3CC(C4CCCCC4)C(C4CCCCC4)C3)CC2)C1,,,1,False,False,pending_dual_review,quarantined_before_evidence_review,primary_publication_identifier_missing
BDB-618821,618821,Cc1cc(-c2sc(NC(=O)N3CCC4(CC3)CNC(=O)N4C)nc2-c2cccc(C#N)c2)cc(C)n1,GIFUXUSVKIJMNO-UHFFFAOYSA-N,CC1CCC2(CCC(C(C)CC3CC(C4CCCCC4)C(C4CCCCC4)C3)CC2)C1,,,1,False,False,pending_dual_review,quarantined_before_evidence_review,primary_publication_identifier_missing
BDB-618822,618822,Cc1cc(-c2sc(NC(=O)N3C[C@@H]4CNC(=O)[C@@H]4C3)nc2-c2cccc(C#N)c2)cc(C)n1,XLIPMEBGFVXWGX-RBUKOAKNSA-N,CC(CC1CC(C2CCCCC2)C(C2CCCCC2)C1)C1CC2CCC(C)C2C1,,,1,False,False,pending_dual_review,quarantined_before_evidence_review,primary_publication_identifier_missing
BDB-618823,618823,Cc1cc(-c2sc(NC(=O)N3CC4(CCOC4)C3)nc2-c2cccc(C#N)c2)cc(C)n1,CIJPRWQYCZBVHF-UHFFFAOYSA-N,CC(CC1CC(C2CCCCC2)C(C2CCCCC2)C1)C1CC2(CCCC2)C1,,,1,False,False,pending_dual_review,quarantined_before_evidence_review,primary_publication_identifier_missing
BDB-618824,618824,Cc1cc(-c2sc(NC(=O)N3CC4(CCOCC4)C3)nc2-c2cccc(C#N)c2)cc(C)n1,QJWLYYDFASXBHV-UHFFFAOYSA-N,CC(CC1CC(C2CCCCC2)C(C2CCCCC2)C1)C1CC2(CCCCC2)C1,,,1,False,False,pending_dual_review,quarantined_before_evidence_review,primary_publication_identifier_missing
BDB-618825,618825,Cc1cc(-c2sc(NC(=O)N3CC4(CNC(=O)C4)C3)nc2-c2cccc(C#N)c2)cc(C)n1,SAZMTKZUKCSWPZ-UHFFFAOYSA-N,CC1CCC2(C1)CC(C(C)CC1CC(C3CCCCC3)C(C3CCCCC3)C1)C2,,,1,False,False,pending_dual_review,quarantined_before_evidence_review,primary_publication_identifier_missing
BDB-618826,618826,Cc1cc(-c2sc(NC(=O)N3CCC4(CC3)CNC(=O)O4)nc2-c2cccc(C#N)c2)cc(C)n1,YHPWZKYKNNZFPB-UHFFFAOYSA-N,CC1CCC2(CCC(C(C)CC3CC(C4CCCCC4)C(C4CCCCC4)C3)CC2)C1,,,1,False,False,pending_dual_review,quarantined_before_evidence_review,primary_publication_identifier_missing
BDB-618827,618827,Cc1cc(-c2sc(NC(=O)N3CC4(CNC(=O)N4)C3)nc2-c2cccc(C#N)c2)cc(C)n1,ZDANSSWRFVKKJQ-UHFFFAOYSA-N,CC1CCC2(C1)CC(C(C)CC1CC(C3CCCCC3)C(C3CCCCC3)C1)C2,,,1,False,False,pending_dual_review,quarantined_before_evidence_review,primary_publication_identifier_missing
BDB-618828,618828,Cc1cc(-c2sc(NC(=O)N3CCC4(CCCC(=O)N4)CC3)nc2-c2cccc(C#N)c2)cc(C)n1,MCNUAVMKNLRJBQ-UHFFFAOYSA-N,CC1CCCC2(CCC(C(C)CC3CC(C4CCCCC4)C(C4CCCCC4)C3)CC2)C1,,,1,False,False,pending_dual_review,quarantined_before_evidence_review,primary_publication_identifier_missing
BDB-618829,618829,Cc1cc(-c2sc(NC(=O)N3CC4(CCNC4=O)C3)nc2-c2cccc(C#N)c2)cc(C)n1,UVDPBLGGMLQMKX-UHFFFAOYSA-N,CC(CC1CC(C2CCCCC2)C(C2CCCCC2)C1)C1CC2(CCCC2C)C1,,,1,False,False,pending_dual_review,quarantined_before_evidence_review,primary_publication_identifier_missing
BDB-618830,618830,CCN1CCN(C(=O)Nc2nc(-c3cccc(C#N)c3)c(-c3cc(C)nc(C)c3)s2)CC1,ONFBNKWPRBHZKE-UHFFFAOYSA-N,CC(CC1CC(C2CCCCC2)C(C2CCCCC2)C1)C1CCCCC1,,,1,False,False,pending_dual_review,quarantined_before_evidence_review,primary_publication_identifier_missing
BDB-618831,618831,Cc1cc(-c2sc(NC(=O)N3CCN(C4COC4)CC3)nc2-c2cccc(C#N)c2)cc(C(F)(F)F)n1,OYGZBWYDFZRXNL-UHFFFAOYSA-N,CC(CC1CC(C2CCCCC2)C(C2CCCCC2)C1)C1CCC(C2CCC2)CC1,,,1,False,False,pending_dual_review,quarantined_before_evidence_review,primary_publication_identifier_missing
BDB-618832,618832,Cc1cc(-c2sc(NC(=O)N3CCC(C(=O)O)CC3)nc2-c2cccc(C#N)c2)cc(C)n1,RWGPUTLBVZOREC-UHFFFAOYSA-N,CC(CC1CC(C2CCCCC2)C(C2CCCCC2)C1)C1CCCCC1,,,1,False,False,pending_dual_review,quarantined_before_evidence_review,primary_publication_identifier_missing
BDB-618833,618833,Cc1cc(-c2sc(NC(=O)N3CC[C@H](C(=O)O)C3)nc2-c2cccc(C#N)c2)cc(C)n1,ALWJVWFNKQXOOW-KRWDZBQOSA-N,CC(CC1CC(C2CCCCC2)C(C2CCCCC2)C1)C1CCCC1,,,1,False,False,pending_dual_review,quarantined_before_evidence_review,primary_publication_identifier_missing
BDB-618834,618834,Cc1cc(-c2sc(NC(=O)N3CC(C#N)(CO)C3)nc2-c2cccc(C#N)c2)cc(C)n1,QVJCWKLWMRPJOZ-UHFFFAOYSA-N,CC(CC1CC(C2CCCCC2)C(C2CCCCC2)C1)C1CCC1,,,1,False,False,pending_dual_review,quarantined_before_evidence_review,primary_publication_identifier_missing
BDB-618835,618835,Cc1cc(-c2sc(NC(=O)N3CC[C@@H](C(=O)O)C3)nc2-c2cccc(C#N)c2)cc(C)n1,ALWJVWFNKQXOOW-QGZVFWFLSA-N,CC(CC1CC(C2CCCCC2)C(C2CCCCC2)C1)C1CCCC1,,,1,False,False,pending_dual_review,quarantined_before_evidence_review,primary_publication_identifier_missing
BDB-618836,618836,Cc1cc(-c2sc(NC(=O)N3CCC(C)(C#N)CC3)nc2-c2cccc(C#N)c2)c(F)c(C)n1,CHDWLPJVFWRYPZ-UHFFFAOYSA-N,CC(CC1CC(C2CCCCC2)C(C2CCCCC2)C1)C1CCCCC1,,,1,False,False,pending_dual_review,quarantined_before_evidence_review,primary_publication_identifier_missing
BDB-618837,618837,Cc1cc(-c2sc(NC(=O)N3CC(C)(O)C3)nc2-c2cccc(C#N)c2)c(F)c(C)n1,JGBJWSNBSURFSW-UHFFFAOYSA-N,CC(CC1CC(C2CCCCC2)C(C2CCCCC2)C1)C1CCC1,,,1,False,False,pending_dual_review,quarantined_before_evidence_review,primary_publication_identifier_missing
BDB-618838,618838,Cc1cc(-c2sc(NC(=O)N3CC(C)(C#N)C3)nc2-c2cccc(C#N)c2)c(F)c(C)n1,KGHZTSSHTDNABC-UHFFFAOYSA-N,CC(CC1CC(C2CCCCC2)C(C2CCCCC2)C1)C1CCC1,,,1,False,False,pending_dual_review,quarantined_before_evidence_review,primary_publication_identifier_missing
BDB-618839,618839,Cc1cc(-c2sc(NC(=O)N3CCC4(CC3)CNC4=O)nc2-c2cccc(C#N)c2)c(F)c(C)n1,FOAUEWYVUYEXRD-UHFFFAOYSA-N,CC(CC1CC(C2CCCCC2)C(C2CCCCC2)C1)C1CCC2(CC1)CCC2C,,,1,False,False,pending_dual_review,quarantined_before_evidence_review,primary_publication_identifier_missing
BDB-618840,618840,Cc1cc(-c2sc(NC(=O)N3CC(C(=O)O)C3)nc2-c2cccc(C#N)c2)cc(C)n1,JZIHPMPMUARXGF-UHFFFAOYSA-N,CC(CC1CC(C2CCCCC2)C(C2CCCCC2)C1)C1CCC1,,,1,False,False,pending_dual_review,quarantined_before_evidence_review,primary_publication_identifier_missing
BDB-618841,618841,Cc1cc(-c2sc(NC(=O)N3CCC[C@H]3CO)nc2-c2cccc(C#N)c2)cc(C)n1,SYRYPDPQVTUVCX-IBGZPJMESA-N,CC(CC1CC(C2CCCCC2)C(C2CCCCC2)C1)C1CCCC1,,,1,False,False,pending_dual_review,quarantined_before_evidence_review,primary_publication_identifier_missing
BDB-618842,618842,Cc1cc(-c2sc(NC(=O)N3CC[C@@H]3C)nc2-c2cccc(C#N)c2)cc(C)n1,FOYVAEUIQMFLPF-HNNXBMFYSA-N,CC(CC1CC(C2CCCCC2)C(C2CCCCC2)C1)C1CCC1,,,1,False,False,pending_dual_review,quarantined_before_evidence_review,primary_publication_identifier_missing
BDB-618843,618843,Cc1cc(-c2sc(NC(=O)N3CC[C@H]3CO)nc2-c2cccc(C#N)c2)cc(C)n1,BVKHWMGWUHIAIE-SFHVURJKSA-N,CC(CC1CC(C2CCCCC2)C(C2CCCCC2)C1)C1CCC1,,,1,False,False,pending_dual_review,quarantined_before_evidence_review,primary_publication_identifier_missing
BDB-618844,618844,Cc1cc(-c2sc(NC(=O)N3CCOC[C@H]3C)nc2-c2cccc(C#N)c2)cc(C)n1,SACCZKOAQXBWPN-MRXNPFEDSA-N,CC(CC1CC(C2CCCCC2)C(C2CCCCC2)C1)C1CCCCC1,,,1,False,False,pending_dual_review,quarantined_before_evidence_review,primary_publication_identifier_missing
BDB-618845,618845,Cc1cc(-c2sc(NC(=O)N3CCN[C@H](C(C)(C)O)C3)nc2-c2cccc(C#N)c2)cc(C)n1,STRHLFBVPLEKAL-FQEVSTJZSA-N,CC(CC1CC(C2CCCCC2)C(C2CCCCC2)C1)C1CCCCC1,,,1,False,False,pending_dual_review,quarantined_before_evidence_review,primary_publication_identifier_missing
BDB-618846,618846,Cc1cc(-c2sc(NC(=O)N3CCOC[C@@H]3CO)nc2-c2cccc(C#N)c2)cc(C)n1,ZTHKJWSSLGQOEJ-IBGZPJMESA-N,CC(CC1CC(C2CCCCC2)C(C2CCCCC2)C1)C1CCCCC1,,,1,False,False,pending_dual_review,quarantined_before_evidence_review,primary_publication_identifier_missing
BDB-618847,618847,Cc1cc(-c2sc(NC(=O)N3CCC4(CCN(C)C4=O)CC3)nc2-c2cccc(C#N)c2)cc(C)n1,WWTORXTXVGKLSY-UHFFFAOYSA-N,CC(CC1CC(C2CCCCC2)C(C2CCCCC2)C1)C1CCC2(CCCC2C)CC1,,,1,False,False,pending_dual_review,quarantined_before_evidence_review,primary_publication_identifier_missing
BDB-618848,618848,Cc1cc(-c2sc(NC(=O)N3CC[C@H]3C)nc2-c2cccc(C#N)c2)cc(C)n1,FOYVAEUIQMFLPF-OAHLLOKOSA-N,CC(CC1CC(C2CCCCC2)C(C2CCCCC2)C1)C1CCC1,,,1,False,False,pending_dual_review,quarantined_before_evidence_review,primary_publication_identifier_missing
BDB-618849,618849,Cc1cc(-c2sc(NC(=O)N3CC4(COC4)C3)nc2-c2cccc(C#N)c2C)cc(C)n1,ZMIPSCJQPOCPSP-UHFFFAOYSA-N,CC(CC1CC(C2CCCCC2)C(C2CCCCC2)C1)C1CC2(CCC2)C1,,,1,False,False,pending_dual_review,quarantined_before_evidence_review,primary_publication_identifier_missing
BDB-618850,618850,Cc1cc(-c2sc(NC(=O)N3CCC4(CCOC4)C3)nc2-c2cccc(C#N)c2)cc(C)n1,ITLOHXJVMWRNDK-UHFFFAOYSA-N,CC(CC1CC(C2CCCCC2)C(C2CCCCC2)C1)C1CCC2(CCCC2)C1,,,1,False,False,pending_dual_review,quarantined_before_evidence_review,primary_publication_identifier_missing
BDB-618851,618851,Cc1cc(-c2sc(NC(=O)N3CCC4(COC4)C3)nc2-c2cccc(C#N)c2)cc(C)n1,NNILQDANISAREW-UHFFFAOYSA-N,CC(CC1CC(C2CCCCC2)C(C2CCCCC2)C1)C1CCC2(CCC2)C1,,,1,False,False,pending_dual_review,quarantined_before_evidence_review,primary_publication_identifier_missing
BDB-618852,618852,Cc1cc(-c2sc(NC(=O)N3CC[C@H]3C(C)(C)O)nc2-c2cccc(C#N)c2)cc(C)n1,FZALMXVBLZMYMY-IBGZPJMESA-N,CC(CC1CC(C2CCCCC2)C(C2CCCCC2)C1)C1CCC1,,,1,False,False,pending_dual_review,quarantined_before_evidence_review,primary_publication_identifier_missing
BDB-618853,618853,Cc1cc(-c2sc(NC(=O)N3CC[C@@H]3C(C)(C)O)nc2-c2cccc(C#N)c2)cc(C)n1,FZALMXVBLZMYMY-LJQANCHMSA-N,CC(CC1CC(C2CCCCC2)C(C2CCCCC2)C1)C1CCC1,,,1,False,False,pending_dual_review,quarantined_before_evidence_review,primary_publication_identifier_missing
BDB-618854,618854,Cc1cc(-c2sc(NC(=O)N3CCC(N4CCOCC4)C3)nc2-c2cccc(C#N)c2)cc(C)n1,WEBQQMXOEZWGMA-UHFFFAOYSA-N,CC(CC1CC(C2CCCCC2)C(C2CCCCC2)C1)C1CCC(C2CCCCC2)C1,,,1,False,False,pending_dual_review,quarantined_before_evidence_review,primary_publication_identifier_missing
BDB-618855,618855,Cc1cc(-c2sc(NC(=O)N3CC(=O)N[C@H](C)C3)nc2-c2cccc(C#N)c2)cc(C)n1,OTHIXJVWRGFKQF-OAHLLOKOSA-N,CC1CCCC(C(C)CC2CC(C3CCCCC3)C(C3CCCCC3)C2)C1,,,1,False,False,pending_dual_review,quarantined_before_evidence_review,primary_publication_identifier_missing
BDB-618856,618856,Cc1cc(-c2sc(NC(=O)N3CCOC[C@@H]3C)nc2-c2cccc(C#N)c2)cc(C)n1,SACCZKOAQXBWPN-INIZCTEOSA-N,CC(CC1CC(C2CCCCC2)C(C2CCCCC2)C1)C1CCCCC1,,,1,False,False,pending_dual_review,quarantined_before_evidence_review,primary_publication_identifier_missing
BDB-618857,618857,Cc1cc(-c2sc(NC(=O)N3CCC34COC4)nc2-c2cccc(C#N)c2)cc(C)n1,BWCINGVKAJBGIW-UHFFFAOYSA-N,CC(CC1CC(C2CCCCC2)C(C2CCCCC2)C1)C1CCC12CCC2,,,1,False,False,pending_dual_review,quarantined_before_evidence_review,primary_publication_identifier_missing
BDB-618858,618858,Cc1cc(-c2sc(NC(=O)N3CCOC[C@H]3CO)nc2-c2cccc(C#N)c2)cc(C)n1,ZTHKJWSSLGQOEJ-LJQANCHMSA-N,CC(CC1CC(C2CCCCC2)C(C2CCCCC2)C1)C1CCCCC1,,,1,False,False,pending_dual_review,quarantined_before_evidence_review,primary_publication_identifier_missing
BDB-618859,618859,Cc1cc(-c2sc(NC(=O)N3CCC4(CC3)CN(C)C(=O)N4C)nc2-c2cccc(C#N)c2)cc(C)n1,MCYPVIDYFWIQPW-UHFFFAOYSA-N,CC1CCC2(CCC(C(C)CC3CC(C4CCCCC4)C(C4CCCCC4)C3)CC2)C1,,,1,False,False,pending_dual_review,quarantined_before_evidence_review,primary_publication_identifier_missing
BDB-618860,618860,Cc1cc(-c2sc(NC(=O)N3CC(=O)N[C@@H](C)C3)nc2-c2cccc(C#N)c2)cc(C)n1,OTHIXJVWRGFKQF-HNNXBMFYSA-N,CC1CCCC(C(C)CC2CC(C3CCCCC3)C(C3CCCCC3)C2)C1,,,1,False,False,pending_dual_review,quarantined_before_evidence_review,primary_publication_identifier_missing
BDB-618861,618861,Cc1cc(-c2sc(NC(=O)N3CC[C@@H]3CO)nc2-c2cccc(C#N)c2)cc(C)n1,BVKHWMGWUHIAIE-GOSISDBHSA-N,CC(CC1CC(C2CCCCC2)C(C2CCCCC2)C1)C1CCC1,,,1,False,False,pending_dual_review,quarantined_before_evidence_review,primary_publication_identifier_missing
BDB-618862,618862,Cc1cc(-c2sc(NC(=O)N3CC4(CCN(C)C4=O)C3)nc2-c2cccc(C#N)c2)cc(C)n1,QMPWTMOJZGZMAZ-UHFFFAOYSA-N,CC(CC1CC(C2CCCCC2)C(C2CCCCC2)C1)C1CC2(CCCC2C)C1,,,1,False,False,pending_dual_review,quarantined_before_evidence_review,primary_publication_identifier_missing
BDB-618863,618863,Cc1cc(-c2sc(NC(=O)N3CC4(CCO4)C3)nc2-c2cccc(C#N)c2)cc(C)n1,MOMWVCUQAONDQS-UHFFFAOYSA-N,CC(CC1CC(C2CCCCC2)C(C2CCCCC2)C1)C1CC2(CCC2)C1,,,1,False,False,pending_dual_review,quarantined_before_evidence_review,primary_publication_identifier_missing
BDB-618864,618864,Cc1cc(-c2sc(NC(=O)N3CCC4(CCC(=O)N4C)CC3)nc2-c2cccc(C#N)c2)cc(C)n1,MMBJMERRKMUEQC-UHFFFAOYSA-N,CC1CCC2(CCC(C(C)CC3CC(C4CCCCC4)C(C4CCCCC4)C3)CC2)C1,,,1,False,False,pending_dual_review,quarantined_before_evidence_review,primary_publication_identifier_missing
BDB-618865,618865,Cc1cc(-c2sc(NC(=O)N3CCC(S(C)(=O)=O)CC3)nc2-c2cccc(C#N)c2)cc(C)n1,NSEAVGHPIGUIOR-UHFFFAOYSA-N,CC(CC1CC(C2CCCCC2)C(C2CCCCC2)C1)C1CCCCC1,,,1,False,False,pending_dual_review,quarantined_before_evidence_review,primary_publication_identifier_missing
BDB-618866,618866,Cc1cc(-c2sc(NC(=O)N3CCC(C)(O)CC3)nc2-c2cccc(C#N)c2)cc(C)n1,JBLYFIWXCDXLAR-UHFFFAOYSA-N,CC(CC1CC(C2CCCCC2)C(C2CCCCC2)C1)C1CCCCC1,,,1,False,False,pending_dual_review,quarantined_before_evidence_review,primary_publication_identifier_missing
BDB-618867,618867,Cc1cc(-c2sc(NC(=O)N3CC4(COC4)C3)nc2-c2cccc(C#N)c2)cc(C(F)F)n1,DEDLIQAJULJXFL-UHFFFAOYSA-N,CC(CC1CC(C2CCCCC2)C(C2CCCCC2)C1)C1CC2(CCC2)C1,,,1,False,False,pending_dual_review,quarantined_before_evidence_review,primary_publication_identifier_missing
BDB-618868,618868,Cc1cc(-c2sc(NC(=O)N3C[C@@H]4OCCN(C)[C@@H]4C3)nc2-c2cccc(C#N)c2)cc(C)n1,CMIGKYBKSYVYBH-RTWAWAEBSA-N,CC(CC1CC(C2CCCCC2)C(C2CCCCC2)C1)C1CC2CCCCC2C1,,,1,False,False,pending_dual_review,quarantined_before_evidence_review,primary_publication_identifier_missing
BDB-618869,618869,Cc1cc(-c2sc(NC(=O)N3CC4(COC4)C3)nc2-c2cccc(C#N)c2)cc(C(F)(F)F)n1,LFRMCFGYKTYXMZ-UHFFFAOYSA-N,CC(CC1CC(C2CCCCC2)C(C2CCCCC2)C1)C1CC2(CCC2)C1,,,1,False,False,pending_dual_review,quarantined_before_evidence_review,primary_publication_identifier_missing
BDB-618870,618870,Cc1cc(-c2sc(NC(=O)N3CC4(COC4)C3)nc2-c2cccc(C#N)c2)cc(Cl)n1,GRUNZMAGIRVZPR-UHFFFAOYSA-N,CC(CC1CC(C2CCCCC2)C(C2CCCCC2)C1)C1CC2(CCC2)C1,,,1,False,False,pending_dual_review,quarantined_before_evidence_review,primary_publication_identifier_missing
BDB-618871,618871,CC(=O)N1C[C@H]2C[C@@H]1CN2C(=O)Nc1nc(-c2cccc(C#N)c2)c(-c2cc(C)nc(C)c2)s1,MRDNWELGGZQODR-NHCUHLMSSA-N,CC(CC1CC(C2CCCCC2)C(C2CCCCC2)C1)C1CC2CCC1C2,,,1,False,False,pending_dual_review,quarantined_before_evidence_review,primary_publication_identifier_missing
BDB-618872,618872,Cc1cc(-c2sc(NC(=O)N3C[C@@H]4C[C@H]3CN4C)nc2-c2cccc(C#N)c2)cc(C)n1,KRLMDGNNWAYDSP-PMACEKPBSA-N,CC(CC1CC(C2CCCCC2)C(C2CCCCC2)C1)C1CC2CCC1C2,,,1,False,False,pending_dual_review,quarantined_before_evidence_review,primary_publication_identifier_missing
BDB-618873,618873,Cc1cc(-c2sc(NC(=O)N3CCC4(CC3)CN(C)C(=O)N4)nc2-c2cccc(C#N)c2)cc(C)n1,HNQRWFIBJWKZGN-UHFFFAOYSA-N,CC1CCC2(CCC(C(C)CC3CC(C4CCCCC4)C(C4CCCCC4)C3)CC2)C1,,,1,False,False,pending_dual_review,quarantined_before_evidence_review,primary_publication_identifier_missing
BDB-618874,618874,[2H]C([2H])([2H])c1cc(-c2sc(NC(=O)N3CC4(COC4)C3)nc2-c2cccc(C#N)c2)cc(C([2H])([2H])[2H])n1,YPTGPQIKPOJTLE-WFGJKAKNSA-N,CC(CC1CC(C2CCCCC2)C(C2CCCCC2)C1)C1CC2(CCC2)C1,,,1,False,False,pending_dual_review,quarantined_before_evidence_review,primary_publication_identifier_missing
BDB-618875,618875,Cc1cc(-c2sc(NC(=O)N3CC4(COC4)C3)nc2-c2cccc(C#N)c2)c(F)c(C)n1,CQCROGUBUXSQOS-UHFFFAOYSA-N,CC(CC1CC(C2CCCCC2)C(C2CCCCC2)C1)C1CC2(CCC2)C1,,,1,False,False,pending_dual_review,quarantined_before_evidence_review,primary_publication_identifier_missing
BDB-618876,618876,Cc1cc(-c2sc(NC(=O)N3C[C@H]4OCCN(C)[C@H]4C3)nc2-c2cccc(C#N)c2)cc(C(F)F)n1,IHGWMVLXLWNQRP-VQTJNVASSA-N,CC(CC1CC(C2CCCCC2)C(C2CCCCC2)C1)C1CC2CCCCC2C1,,,1,False,False,pending_dual_review,quarantined_before_evidence_review,primary_publication_identifier_missing
BDB-618877,618877,Cc1cc(-c2sc(NC(=O)N3CCC4(CN(C)CCO4)C3)nc2-c2cccc(C#N)c2)cc(C(F)F)n1,DCQBRBWYOSPSKX-UHFFFAOYSA-N,CC(CC1CC(C2CCCCC2)C(C2CCCCC2)C1)C1CCC2(CCCCC2)C1,,,1,False,False,pending_dual_review,quarantined_before_evidence_review,primary_publication_identifier_missing
BDB-618878,618878,Cc1cc(-c2sc(NC(=O)N3CCC4(CNCCO4)C3)nc2-c2cccc(C#N)c2)cc(C(F)F)n1,OGRLPFRNSASAHR-UHFFFAOYSA-N,CC(CC1CC(C2CCCCC2)C(C2CCCCC2)C1)C1CCC2(CCCCC2)C1,,,1,False,False,pending_dual_review,quarantined_before_evidence_review,primary_publication_identifier_missing
BDB-618879,618879,Cc1cc(-c2sc(NC(=O)N3C[C@@H]4OCCN(C)[C@H]4C3)nc2-c2cccc(C#N)c2)cc(C(F)F)n1,IHGWMVLXLWNQRP-PMACEKPBSA-N,CC(CC1CC(C2CCCCC2)C(C2CCCCC2)C1)C1CC2CCCCC2C1,,,1,False,False,pending_dual_review,quarantined_before_evidence_review,primary_publication_identifier_missing
BDB-618880,618880,Cc1cc(-c2sc(NC(=O)N3CCC(C)(C#N)C3)nc2-c2cccc(C#N)c2)cc(C2COC2)n1,IWFRKWXFLFKGED-UHFFFAOYSA-N,CC(CC1CC(C2CCCCC2)C(C2CCCC(C3CCC3)C2)C1)C1CCCC1,,,1,False,False,pending_dual_review,quarantined_before_evidence_review,primary_publication_identifier_missing
BDB-618881,618881,Cc1cc(-c2sc(NC(=O)N3CCC(C)(C#N)CC3)nc2-c2cccc(C#N)c2)cc(C2COC2)n1,CSFMEQUUPNNETI-UHFFFAOYSA-N,CC(CC1CC(C2CCCCC2)C(C2CCCC(C3CCC3)C2)C1)C1CCCCC1,,,1,False,False,pending_dual_review,quarantined_before_evidence_review,primary_publication_identifier_missing
BDB-618882,618882,Cc1cc(-c2sc(NC(=O)N3CC(N4CCOCC4)C3)nc2-c2cccc(C#N)c2)cc(C)n1,DHZURMZVYIMOKJ-UHFFFAOYSA-N,CC(CC1CC(C2CCCCC2)C(C2CCCCC2)C1)C1CC(C2CCCCC2)C1,,,1,False,False,pending_dual_review,quarantined_before_evidence_review,primary_publication_identifier_missing
BDB-618883,618883,Cc1cc(-c2sc(NC(=O)N3CCN(C4CCOCC4)CC3)nc2-c2cccc(C#N)c2)cc(C)n1,MTRASOUZARLQTQ-UHFFFAOYSA-N,CC(CC1CC(C2CCCCC2)C(C2CCCCC2)C1)C1CCC(C2CCCCC2)CC1,,,1,False,False,pending_dual_review,quarantined_before_evidence_review,primary_publication_identifier_missing
BDB-618884,618884,Cc1cc(-c2sc(NC(=O)N3CC(N4CCCC4)C3)nc2-c2cccc(C#N)c2)cc(C)n1,YMHOJGAKNXUDHW-UHFFFAOYSA-N,CC(CC1CC(C2CCCCC2)C(C2CCCCC2)C1)C1CC(C2CCCC2)C1,,,1,False,False,pending_dual_review,quarantined_before_evidence_review,primary_publication_identifier_missing
BDB-618885,618885,Cc1cc(-c2sc(NC(=O)N3CC(N(C)C)C3)nc2-c2cccc(C#N)c2)cc(C)n1,CDKUBXGYCLLNQZ-UHFFFAOYSA-N,CC(CC1CC(C2CCCCC2)C(C2CCCCC2)C1)C1CCC1,,,1,False,False,pending_dual_review,quarantined_before_evidence_review,primary_publication_identifier_missing
BDB-618886,618886,Cc1cc(-c2sc(NC(=O)N3CCC(CN4CCOCC4)CC3)nc2-c2cccc(C#N)c2)cc(C)n1,YNOMOWLYLVPENL-UHFFFAOYSA-N,CC(CC1CC(C2CCCCC2)C(C2CCCCC2)C1)C1CCC(CC2CCCCC2)CC1,,,1,False,False,pending_dual_review,quarantined_before_evidence_review,primary_publication_identifier_missing
BDB-618887,618887,Cc1cc(-c2sc(NC(=O)N3CC4CN(C)CC43)nc2-c2cccc(C#N)c2)cc(C)n1,LLURTNCAAGCLCY-UHFFFAOYSA-N,CC(CC1CC(C2CCCCC2)C(C2CCCCC2)C1)C1CC2CCCC21,,,1,False,False,pending_dual_review,quarantined_before_evidence_review,primary_publication_identifier_missing
BDB-618888,618888,Cc1cc(-c2sc(NC(=O)N3CCN4CCC3C4)nc2-c2cccc(C#N)c2)cc(C)n1,ODHUGVXJYGCUFP-UHFFFAOYSA-N,CC(CC1CC(C2CCCCC2)C(C2CCCCC2)C1)C1CCC2CCC1C2,,,1,False,False,pending_dual_review,quarantined_before_evidence_review,primary_publication_identifier_missing
BDB-618889,618889,Cc1cc(-c2sc(NC(=O)N3CCNCC3)nc2-c2cccc(C#N)c2)cc(C)n1,PQTUCRDHQODHBI-UHFFFAOYSA-N,CC(CC1CC(C2CCCCC2)C(C2CCCCC2)C1)C1CCCCC1,,,1,False,False,pending_dual_review,quarantined_before_evidence_review,primary_publication_identifier_missing
BDB-618890,618890,Cc1cc(-c2sc(NC(=O)N3CCN[C@H](C)C3)nc2-c2cccc(C#N)c2)cc(C)n1,XBCKRWZMAXYASX-MRXNPFEDSA-N,CC(CC1CC(C2CCCCC2)C(C2CCCCC2)C1)C1CCCCC1,,,1,False,False,pending_dual_review,quarantined_before_evidence_review,primary_publication_identifier_missing
BDB-618891,618891,Cc1cc(-c2sc(NC(=O)N3CCC(N)(C#N)CC3)nc2-c2cccc(C#N)c2)cc(C)n1,LYHNBCNMLDBNAP-UHFFFAOYSA-N,CC(CC1CC(C2CCCCC2)C(C2CCCCC2)C1)C1CCCCC1,,,1,False,False,pending_dual_review,quarantined_before_evidence_review,primary_publication_identifier_missing
BDB-618892,618892,Cc1cc(-c2sc(NC(=O)N3CCC4(CC3)CNCCO4)nc2-c2cccc(C#N)c2)cc(C)n1,VVUBYEYBHCVVEM-UHFFFAOYSA-N,CC(CC1CC(C2CCCCC2)C(C2CCCCC2)C1)C1CCC2(CCCCC2)CC1,,,1,False,False,pending_dual_review,quarantined_before_evidence_review,primary_publication_identifier_missing
BDB-618893,618893,Cc1cc(-c2sc(NC(=O)N3C4CCC3CNC4)nc2-c2cccc(C#N)c2)cc(C)n1,PNBGOAUJKQUSAV-UHFFFAOYSA-N,CC(CC1CC(C2CCCCC2)C(C2CCCCC2)C1)C1C2CCCC1CC2,,,1,False,False,pending_dual_review,quarantined_before_evidence_review,primary_publication_identifier_missing
BDB-618894,618894,Cc1cc(-c2sc(NC(=O)N3C4CNCC3C4)nc2-c2cccc(C#N)c2)cc(C)n1,SBTLCUCAOMEOPV-UHFFFAOYSA-N,CC(CC1CC(C2CCCCC2)C(C2CCCCC2)C1)C1C2CCCC1C2,,,1,False,False,pending_dual_review,quarantined_before_evidence_review,primary_publication_identifier_missing
BDB-618895,618895,Cc1cc(-c2sc(NC(=O)N3C[C@H]4CC[C@@H]3CN4)nc2-c2cccc(C#N)c2)cc(C)n1,SLFGQYPLUWNLTM-WOJBJXKFSA-N,CC(CC1CC(C2CCCCC2)C(C2CCCCC2)C1)C1CC2CCC1CC2,,,1,False,False,pending_dual_review,quarantined_before_evidence_review,primary_publication_identifier_missing
BDB-618896,618896,Cc1cc(-c2sc(NC(=O)N3C[C@H](C)NC[C@@H]3C)nc2-c2cccc(C#N)c2)cc(C)n1,IHYKMMJKRTYXGL-IRXDYDNUSA-N,CC(CC1CC(C2CCCCC2)C(C2CCCCC2)C1)C1CCCCC1,,,1,False,False,pending_dual_review,quarantined_before_evidence_review,primary_publication_identifier_missing
BDB-618897,618897,Cc1cc(-c2sc(NC(=O)N3[C@H](C)CNC[C@H]3C)nc2-c2cccc(C#N)c2)cc(C)n1,BLSWJNCQZDJTAV-IAGOWNOFSA-N,CC(CC1CC(C2CCCCC2)C(C2CCCCC2)C1)C1CCCCC1,,,1,False,False,pending_dual_review,quarantined_before_evidence_review,primary_publication_identifier_missing
BDB-618898,618898,Cc1cc(-c2sc(NC(=O)N3CCNCC3(C)C)nc2-c2cccc(C#N)c2)cc(C)n1,WJMABUVFAFZLIT-UHFFFAOYSA-N,CC(CC1CC(C2CCCCC2)C(C2CCCCC2)C1)C1CCCCC1,,,1,False,False,pending_dual_review,quarantined_before_evidence_review,primary_publication_identifier_missing
BDB-618899,618899,Cc1cc(-c2sc(NC(=O)N3CCNCC34CCC4)nc2-c2cccc(C#N)c2)cc(C)n1,PHYMNDJQJBRWTD-UHFFFAOYSA-N,CC(CC1CC(C2CCCCC2)C(C2CCCCC2)C1)C1CCCCC12CCC2,,,1,False,False,pending_dual_review,quarantined_before_evidence_review,primary_publication_identifier_missing
BDB-618900,618900,Cc1cc(-c2sc(NC(=O)N3C[C@@H](C)NC[C@@H]3C)nc2-c2cccc(C#N)c2)cc(C)n1,IHYKMMJKRTYXGL-SJORKVTESA-N,CC(CC1CC(C2CCCCC2)C(C2CCCCC2)C1)C1CCCCC1,,,1,False,False,pending_dual_review,quarantined_before_evidence_review,primary_publication_identifier_missing
BDB-618901,618901,CC(=O)N=S1(=O)CCN(C(=O)Nc2nc(-c3cccc(C#N)c3)c(-c3cc(C)nc(C)c3)s2)CC1,FTAJQZNFWVOZDQ-UHFFFAOYSA-N,CC(CC1CC(C2CCCCC2)C(C2CCCCC2)C1)C1CCC(C)(C)CC1,,,1,False,False,pending_dual_review,quarantined_before_evidence_review,primary_publication_identifier_missing
BDB-618902,618902,Cc1cc(-c2sc(NC(=O)N3CC4(COC4)C3)nc2-c2cccc(C#N)c2)cc(CO)n1,UXMZWONQXDZECF-UHFFFAOYSA-N,CC(CC1CC(C2CCCCC2)C(C2CCCCC2)C1)C1CC2(CCC2)C1,,,1,False,False,pending_dual_review,quarantined_before_evidence_review,primary_publication_identifier_missing
BDB-618903,618903,Cc1cc(-c2sc(NC(=O)N3CCC4(CC3)CNC4=O)nc2-c2cccc(C#N)c2)cc(CO)n1,YDHQVDJBAOENIR-UHFFFAOYSA-N,CC(CC1CC(C2CCCCC2)C(C2CCCCC2)C1)C1CCC2(CC1)CCC2C,,,1,False,False,pending_dual_review,quarantined_before_evidence_review,primary_publication_identifier_missing
BDB-618904,618904,Cc1cc(-c2sc(NC(=O)N3CC[C@@H](C(C)(C)O)C3)nc2-c2cccc(C#N)c2)cc(CO)n1,ZZUFRZCSCUJSAW-LJQANCHMSA-N,CC(CC1CC(C2CCCCC2)C(C2CCCCC2)C1)C1CCCC1,,,1,False,False,pending_dual_review,quarantined_before_evidence_review,primary_publication_identifier_missing
BDB-618905,618905,Cc1cc(-c2sc(NC(=O)N3CC[S+]([O-])CC3)nc2-c2cccc(C#N)c2)cc(CO)n1,UWKGTTNMLVBLQC-UHFFFAOYSA-N,CC(CC1CC(C2CCCCC2)C(C2CCCCC2)C1)C1CCCCC1,,,1,False,False,pending_dual_review,quarantined_before_evidence_review,primary_publication_identifier_missing
BDB-618906,618906,Cc1cc(-c2sc(NC(=O)N3CCN(C4COC4)CC3)nc2-c2cccc(C#N)c2)cc(CO)n1,POXBZUYLAHIWPR-UHFFFAOYSA-N,CC(CC1CC(C2CCCCC2)C(C2CCCCC2)C1)C1CCC(C2CCC2)CC1,,,1,False,False,pending_dual_review,quarantined_before_evidence_review,primary_publication_identifier_missing
BDB-618907,618907,Cc1cc(-c2sc(NC(=O)N3CCC4(CC3)C(=O)N(C)C(=O)N4C)nc2-c2cccc(C#N)c2)cc(CO)n1,CKDRQGKQICWQRP-UHFFFAOYSA-N,CC1CC(C)C2(CCC(C(C)CC3CC(C4CCCCC4)C(C4CCCCC4)C3)CC2)C1,,,1,False,False,pending_dual_review,quarantined_before_evidence_review,primary_publication_identifier_missing
BDB-618908,618908,Cc1cc(-c2sc(NC(=O)N3CCC(C#N)CC3)nc2-c2cccc(C#N)c2)cc(CO)n1,KBDAZKPQXDQGAZ-UHFFFAOYSA-N,CC(CC1CC(C2CCCCC2)C(C2CCCCC2)C1)C1CCCCC1,,,1,False,False,pending_dual_review,quarantined_before_evidence_review,primary_publication_identifier_missing
BDB-618909,618909,Cc1cc(-c2sc(NC(=O)N3CCC(C#N)(CO)CC3)nc2-c2cccc(C#N)c2)cc(CO)n1,OIYOUYFUWVNMCU-UHFFFAOYSA-N,CC(CC1CC(C2CCCCC2)C(C2CCCCC2)C1)C1CCCCC1,,,1,False,False,pending_dual_review,quarantined_before_evidence_review,primary_publication_identifier_missing
BDB-618910,618910,Cc1cc(-c2sc(NC(=O)N3CCC(C#N)(C#N)CC3)nc2-c2cccc(C#N)c2)cc(CO)n1,JSAZHPWODZDTQF-UHFFFAOYSA-N,CC(CC1CC(C2CCCCC2)C(C2CCCCC2)C1)C1CCCCC1,,,1,False,False,pending_dual_review,quarantined_before_evidence_review,primary_publication_identifier_missing
BDB-618911,618911,COC1(C#N)CCN(C(=O)Nc2nc(-c3cccc(C#N)c3)c(-c3cc(C)nc(CO)c3)s2)CC1,BAPCHZCMISFSHS-UHFFFAOYSA-N,CC(CC1CC(C2CCCCC2)C(C2CCCCC2)C1)C1CCCCC1,,,1,False,False,pending_dual_review,quarantined_before_evidence_review,primary_publication_identifier_missing
BDB-618912,618912,Cc1cc(-c2sc(NC(=O)N3CC[S+]([O-])CC3)nc2-c2cccc(C#N)c2)c(F)c(C)n1,JXPYZJFJLGDXAP-UHFFFAOYSA-N,CC(CC1CC(C2CCCCC2)C(C2CCCCC2)C1)C1CCCCC1,,,1,False,False,pending_dual_review,quarantined_before_evidence_review,primary_publication_identifier_missing
BDB-618913,618913,Cc1cc(-c2sc(NC(=O)N3CCS(=O)(=NC#N)CC3)nc2-c2cccc(C#N)c2)cc(C)n1,UNGXLJLNBVZZTD-UHFFFAOYSA-N,CC(CC1CC(C2CCCCC2)C(C2CCCCC2)C1)C1CCC(C)(C)CC1,,,1,False,False,pending_dual_review,quarantined_before_evidence_review,primary_publication_identifier_missing
BDB-618914,618914,Cc1cc(-c2sc(NC(=O)N3CCC(C)(C#N)CC3)nc2-c2cccc(C#N)c2)cc(C(C)(C)O)n1,UBPOFNRPXJPSTC-UHFFFAOYSA-N,CC(CC1CC(C2CCCCC2)C(C2CCCCC2)C1)C1CCCCC1,,,1,False,False,pending_dual_review,quarantined_before_evidence_review,primary_publication_identifier_missing
BDB-618915,618915,Cc1cc(-c2sc(NC(=O)N3CC4(CCOC4)C3)nc2-c2cccc(C#N)c2)cc(C(C)(C)O)n1,XEZNZOIJRQGBLJ-UHFFFAOYSA-N,CC(CC1CC(C2CCCCC2)C(C2CCCCC2)C1)C1CC2(CCCC2)C1,,,1,False,False,pending_dual_review,quarantined_before_evidence_review,primary_publication_identifier_missing
BDB-618916,618916,Cc1cc(-c2sc(NC(=O)N3CC4(COC4)C3)nc2-c2cccc(C#N)c2)cc(C(C)(C)O)n1,RNKURTDMEUKCJQ-UHFFFAOYSA-N,CC(CC1CC(C2CCCCC2)C(C2CCCCC2)C1)C1CC2(CCC2)C1,,,1,False,False,pending_dual_review,quarantined_before_evidence_review,primary_publication_identifier_missing
BDB-618917,618917,Cc1cc(-c2sc(NC(=O)N3CC4(COC4)C3)nc2-c2cccc(C#N)c2)cc(C(C)O)n1,ABQYDWLTXYHUTL-UHFFFAOYSA-N,CC(CC1CC(C2CCCCC2)C(C2CCCCC2)C1)C1CC2(CCC2)C1,,,1,False,False,pending_dual_review,quarantined_before_evidence_review,primary_publication_identifier_missing
BDB-618918,618918,Cc1cc(-c2sc(NC(=O)N3CC4(COC4)C3)nc2-c2cccc(C#N)c2)cc([C@@H](C)O)n1,ABQYDWLTXYHUTL-OAHLLOKOSA-N,CC(CC1CC(C2CCCCC2)C(C2CCCCC2)C1)C1CC2(CCC2)C1,,,2,False,False,pending_dual_review,quarantined_before_evidence_review,primary_publication_identifier_missing
BDB-618920,618920,Cc1cc(-c2sc(NC(=O)N3C[C@@H](C)N[C@@H](C)C3)nc2-c2cccc(C#N)c2)cc(C)n1,VXNUSMNPNQVRQM-CALCHBBNSA-N,CC(CC1CC(C2CCCCC2)C(C2CCCCC2)C1)C1CCCCC1,,,1,False,False,pending_dual_review,quarantined_before_evidence_review,primary_publication_identifier_missing
BDB-618921,618921,Cc1cc(-c2sc(NC(=O)N3CC4(CNCCO4)C3)nc2-c2cccc(C#N)c2)cc(C)n1,IIQMRORWHATERX-UHFFFAOYSA-N,CC(CC1CC(C2CCCCC2)C(C2CCCCC2)C1)C1CC2(CCCCC2)C1,,,1,False,False,pending_dual_review,quarantined_before_evidence_review,primary_publication_identifier_missing
BDB-618922,618922,Cc1cc(-c2sc(NC(=O)N3CCNC4(CC4)C3)nc2-c2cccc(C#N)c2)cc(C)n1,DZIHJISTAHJHKT-UHFFFAOYSA-N,CC(CC1CC(C2CCCCC2)C(C2CCCCC2)C1)C1CCCC2(CC2)C1,,,1,False,False,pending_dual_review,quarantined_before_evidence_review,primary_publication_identifier_missing
BDB-618923,618923,Cc1cc(-c2sc(NC(=O)N3C[C@H](C)N[C@@H](C)C3)nc2-c2cccc(C#N)c2)cc(C)n1,VXNUSMNPNQVRQM-IRXDYDNUSA-N,CC(CC1CC(C2CCCCC2)C(C2CCCCC2)C1)C1CCCCC1,,,1,False,False,pending_dual_review,quarantined_before_evidence_review,primary_publication_identifier_missing
BDB-618924,618924,Cc1cc(-c2sc(NC(=O)N3CCNC[C@@H]3C)nc2-c2cccc(C#N)c2)cc(C)n1,PMAWFSGSEWOSPU-INIZCTEOSA-N,CC(CC1CC(C2CCCCC2)C(C2CCCCC2)C1)C1CCCCC1,,,1,False,False,pending_dual_review,quarantined_before_evidence_review,primary_publication_identifier_missing
BDB-618925,618925,Cc1cc(-c2sc(NC(=O)N3CCNC[C@@H]3CO)nc2-c2cccc(C#N)c2)cc(C)n1,JUMSYLVPQVRYJZ-LJQANCHMSA-N,CC(CC1CC(C2CCCCC2)C(C2CCCCC2)C1)C1CCCCC1,,,1,False,False,pending_dual_review,quarantined_before_evidence_review,primary_publication_identifier_missing
BDB-618926,618926,Cc1cc(-c2sc(NC(=O)N3CCNC[C@H]3CO)nc2-c2cccc(C#N)c2)cc(C)n1,JUMSYLVPQVRYJZ-IBGZPJMESA-N,CC(CC1CC(C2CCCCC2)C(C2CCCCC2)C1)C1CCCCC1,,,1,False,False,pending_dual_review,quarantined_before_evidence_review,primary_publication_identifier_missing
BDB-618927,618927,Cc1cc(-c2sc(NC(=O)N3CC4CC(C3)N4)nc2-c2cccc(C#N)c2)cc(C)n1,HKKYQWGNGRJVKL-UHFFFAOYSA-N,CC(CC1CC(C2CCCCC2)C(C2CCCCC2)C1)C1CC2CC(C2)C1,,,1,False,False,pending_dual_review,quarantined_before_evidence_review,primary_publication_identifier_missing
BDB-618928,618928,Cc1cc(-c2sc(NC(=O)N3CCNC[C@H]3C)nc2-c2cccc(C#N)c2)cc(C)n1,PMAWFSGSEWOSPU-MRXNPFEDSA-N,CC(CC1CC(C2CCCCC2)C(C2CCCCC2)C1)C1CCCCC1,,,1,False,False,pending_dual_review,quarantined_before_evidence_review,primary_publication_identifier_missing
BDB-618929,618929,Cc1cc(-c2sc(NC(=O)N3CCC4(COCCN4)C3)nc2-c2cccc(C#N)c2)cc(C)n1,GFEMSLCOMREKOW-UHFFFAOYSA-N,CC(CC1CC(C2CCCCC2)C(C2CCCCC2)C1)C1CCC2(CCCCC2)C1,,,1,False,False,pending_dual_review,quarantined_before_evidence_review,primary_publication_identifier_missing
BDB-618930,618930,Cc1cc(-c2sc(NC(=O)N3CCN[C@H](C(F)(F)F)C3)nc2-c2cccc(C#N)c2)cc(C)n1,UGURNQFXVXZOEA-SFHVURJKSA-N,CC(CC1CC(C2CCCCC2)C(C2CCCCC2)C1)C1CCCCC1,,,1,False,False,pending_dual_review,quarantined_before_evidence_review,primary_publication_identifier_missing
BDB-618931,618931,Cc1cc(-c2sc(NC(=O)N3CC4CCC(C3)N4)nc2-c2cccc(C#N)c2)cc(C)n1,WVJZBTBIXXIGBO-UHFFFAOYSA-N,CC(CC1CC(C2CCCCC2)C(C2CCCCC2)C1)C1CC2CCC(C2)C1,,,1,False,False,pending_dual_review,quarantined_before_evidence_review,primary_publication_identifier_missing
BDB-618932,618932,Cc1cc(-c2sc(NC(=O)N3CCC4(CNCCO4)C3)nc2-c2cccc(C#N)c2)cc(C)n1,VXEKVJRPMGFMPZ-UHFFFAOYSA-N,CC(CC1CC(C2CCCCC2)C(C2CCCCC2)C1)C1CCC2(CCCCC2)C1,,,1,False,False,pending_dual_review,quarantined_before_evidence_review,primary_publication_identifier_missing
BDB-618933,618933,Cc1cc(-c2sc(NC(=O)N3CCN[C@@H](C(F)(F)F)C3)nc2-c2cccc(C#N)c2)cc(C)n1,UGURNQFXVXZOEA-GOSISDBHSA-N,CC(CC1CC(C2CCCCC2)C(C2CCCCC2)C1)C1CCCCC1,,,1,False,False,pending_dual_review,quarantined_before_evidence_review,primary_publication_identifier_missing
BDB-618934,618934,Cc1cc(-c2sc(NC(=O)N3CCN[C@H](C#N)C3)nc2-c2cccc(C#N)c2)cc(C)n1,PXPYGSWUADRPAU-LJQANCHMSA-N,CC(CC1CC(C2CCCCC2)C(C2CCCCC2)C1)C1CCCCC1,,,1,False,False,pending_dual_review,quarantined_before_evidence_review,primary_publication_identifier_missing
BDB-618935,618935,Cc1cc(-c2sc(NC(=O)N3CCN[C@@H](C#N)C3)nc2-c2cccc(C#N)c2)cc(C)n1,PXPYGSWUADRPAU-IBGZPJMESA-N,CC(CC1CC(C2CCCCC2)C(C2CCCCC2)C1)C1CCCCC1,,,1,False,False,pending_dual_review,quarantined_before_evidence_review,primary_publication_identifier_missing
BDB-618936,618936,Cc1cc(-c2sc(NC(=O)N3CCN[C@H](C)C3)nc2-c2cccc(C#N)c2)cc(C(F)(F)F)n1,HABHGMXNRAODGF-CQSZACIVSA-N,CC(CC1CC(C2CCCCC2)C(C2CCCCC2)C1)C1CCCCC1,,,1,False,False,pending_dual_review,quarantined_before_evidence_review,primary_publication_identifier_missing
BDB-618937,618937,Cc1cc(-c2sc(NC(=O)N3C[C@@H]4NCCO[C@H]4C3)nc2-c2cccc(C#N)c2)cc(C(F)F)n1,XITWFGRWJCCJDS-OALUTQOASA-N,CC(CC1CC(C2CCCCC2)C(C2CCCCC2)C1)C1CC2CCCCC2C1,,,1,False,False,pending_dual_review,quarantined_before_evidence_review,primary_publication_identifier_missing
BDB-618938,618938,Cc1cc(-c2sc(NC(=O)N3C[C@@H]4NCCO[C@@H]4C3)nc2-c2cccc(C#N)c2)cc(C(F)F)n1,XITWFGRWJCCJDS-RBUKOAKNSA-N,CC(CC1CC(C2CCCCC2)C(C2CCCCC2)C1)C1CC2CCCCC2C1,,,1,False,False,pending_dual_review,quarantined_before_evidence_review,primary_publication_identifier_missing
BDB-618939,618939,Cc1cc(-c2sc(NC(=O)N3C[C@@H]4NCCO[C@H]4C3)nc2-c2cccc(C#N)c2)cc(C)n1,YJNYOUCJBIIGKF-PMACEKPBSA-N,CC(CC1CC(C2CCCCC2)C(C2CCCCC2)C1)C1CC2CCCCC2C1,,,1,False,False,pending_dual_review,quarantined_before_evidence_review,primary_publication_identifier_missing
BDB-618940,618940,Cc1cc(-c2sc(NC(=O)N3CCNCC3C3CC3)nc2-c2cccc(C#N)c2)cc(C)n1,WHIWLEWEZUETKU-UHFFFAOYSA-N,CC(CC1CC(C2CCCCC2)C(C2CCCCC2)C1)C1CCCCC1C1CC1,,,1,False,False,pending_dual_review,quarantined_before_evidence_review,primary_publication_identifier_missing
BDB-618941,618941,Cc1cc(-c2sc(NC(=O)N3CCNCC3CC3CC3)nc2-c2cccc(C#N)c2)cc(C)n1,VMGOXCZUTHTHLX-UHFFFAOYSA-N,CC(CC1CC(C2CCCCC2)C(C2CCCCC2)C1)C1CCCCC1CC1CC1,,,1,False,False,pending_dual_review,quarantined_before_evidence_review,primary_publication_identifier_missing
BDB-618942,618942,Cc1cc(-c2sc(NC(=O)N3CCNC(C)(C)C3)nc2-c2cccc(C#N)c2)cc(C)n1,JUJZMJXHJBUBHZ-UHFFFAOYSA-N,CC(CC1CC(C2CCCCC2)C(C2CCCCC2)C1)C1CCCCC1,,,1,False,False,pending_dual_review,quarantined_before_evidence_review,primary_publication_identifier_missing
BDB-618943,618943,COc1cc(-c2sc(NC(=O)N3CCS(=N)(=O)CC3)nc2-c2cccc(C#N)c2)cc(C)n1,SWQJWMCOWAYYSH-UHFFFAOYSA-N,CC(CC1CC(C2CCCCC2)C(C2CCCCC2)C1)C1CCC(C)(C)CC1,,,1,False,False,pending_dual_review,quarantined_before_evidence_review,primary_publication_identifier_missing
BDB-618944,618944,Cc1cc(-c2sc(NC(=O)N3CCS(=N)(=O)CC3)nc2-c2cccc(C#N)c2)cc(C(F)F)n1,SEIQILTVKFVMOI-UHFFFAOYSA-N,CC(CC1CC(C2CCCCC2)C(C2CCCCC2)C1)C1CCC(C)(C)CC1,,,1,False,False,pending_dual_review,quarantined_before_evidence_review,primary_publication_identifier_missing
BDB-618945,618945,Cc1cc(-c2sc(NC(=O)N3CC[S+]([O-])CC3)nc2-c2cccc(C#N)c2)cc(C(F)(F)F)n1,ADLBWIAMBJMTER-UHFFFAOYSA-N,CC(CC1CC(C2CCCCC2)C(C2CCCCC2)C1)C1CCCCC1,,,1,False,False,pending_dual_review,quarantined_before_evidence_review,primary_publication_identifier_missing
BDB-618946,618946,COc1cc(-c2sc(NC(=O)N3CC[S+]([O-])CC3)nc2-c2cccc(C#N)c2)cc(C)n1,GQIYVNJXZJZZLO-UHFFFAOYSA-N,CC(CC1CC(C2CCCCC2)C(C2CCCCC2)C1)C1CCCCC1,,,1,False,False,pending_dual_review,quarantined_before_evidence_review,primary_publication_identifier_missing
BDB-618947,618947,Cc1cc(-c2sc(NC(=O)N3CC4(COC4)C3)nc2-c2cccc(C#N)c2)cc(C2COC2)n1,KQDHJKCGGYFKBJ-UHFFFAOYSA-N,CC(CC1CC(C2CCCCC2)C(C2CCCC(C3CCC3)C2)C1)C1CC2(CCC2)C1,,,1,False,False,pending_dual_review,quarantined_before_evidence_review,primary_publication_identifier_missing
BDB-618948,618948,Cc1cc(-c2sc(NC(=O)N3CC[S+]([O-])CC3)nc2-c2cccc(C#N)c2)cc(C#N)n1,HMWKEQROQILXKO-UHFFFAOYSA-N,CC(CC1CC(C2CCCCC2)C(C2CCCCC2)C1)C1CCCCC1,,,1,False,False,pending_dual_review,quarantined_before_evidence_review,primary_publication_identifier_missing
BDB-618949,618949,Cc1cc(-c2sc(NC(=O)N3CC4(COC4)C3)nc2-c2cccc(C#N)c2)cc(CF)n1,JZUHWMNOTKBRPO-UHFFFAOYSA-N,CC(CC1CC(C2CCCCC2)C(C2CCCCC2)C1)C1CC2(CCC2)C1,,,1,False,False,pending_dual_review,quarantined_before_evidence_review,primary_publication_identifier_missing
BDB-618950,618950,Cc1cc(-c2sc(NC(=O)N3CC4(COC4)C3)nc2-c2cccc(C#N)c2)cc(C2CC2)n1,UXIQWMJQVRYKLM-UHFFFAOYSA-N,CC(CC1CC(C2CCCCC2)C(C2CCCC(C3CC3)C2)C1)C1CC2(CCC2)C1,,,1,False,False,pending_dual_review,quarantined_before_evidence_review,primary_publication_identifier_missing
BDB-618951,618951,Cc1cc(-c2sc(NC(=O)N3CC4(COC4)C3)nc2-c2cccc(C#N)c2)cc(C(C)C)n1,NNZPWUYJBVKUHT-UHFFFAOYSA-N,CC(CC1CC(C2CCCCC2)C(C2CCCCC2)C1)C1CC2(CCC2)C1,,,1,False,False,pending_dual_review,quarantined_before_evidence_review,primary_publication_identifier_missing
BDB-618952,618952,CCc1cc(-c2sc(NC(=O)N3CC4(COC4)C3)nc2-c2cccc(C#N)c2)cc(C)n1,HYSLTRJRKJKCIP-UHFFFAOYSA-N,CC(CC1CC(C2CCCCC2)C(C2CCCCC2)C1)C1CC2(CCC2)C1,,,1,False,False,pending_dual_review,quarantined_before_evidence_review,primary_publication_identifier_missing
BDB-618953,618953,N#Cc1cccc(-c2nc(NC(=O)N3CC4(COC4)C3)sc2-c2cc(Cl)nc(Cl)c2)c1,ZJZRGZYFVVWGBA-UHFFFAOYSA-N,CC(CC1CC(C2CCCCC2)C(C2CCCCC2)C1)C1CC2(CCC2)C1,,,1,False,False,pending_dual_review,quarantined_before_evidence_review,primary_publication_identifier_missing
BDB-618954,618954,Cc1cc(-c2sc(NC(=O)N3CC4(COC4)C3)nc2-c2cccc(C#N)c2)cc(C)[n+]1[O-],MXZYUVAHIBHHEC-UHFFFAOYSA-N,CC(CC1CC(C2CCCCC2)C(C2CCCCC2)C1)C1CC2(CCC2)C1,,,1,False,False,pending_dual_review,quarantined_before_evidence_review,primary_publication_identifier_missing
BDB-618955,618955,Cc1cc(-c2sc(NC(=O)N3CCC(C)(C#N)CC3)nc2-c2cccc(C#N)c2C)cc(C)n1,FKFYCYGTRWEAGI-UHFFFAOYSA-N,CC(CC1CC(C2CCCCC2)C(C2CCCCC2)C1)C1CCCCC1,,,1,False,False,pending_dual_review,quarantined_before_evidence_review,primary_publication_identifier_missing
BDB-618956,618956,CC(=O)Nc1cc(-c2sc(NC(=O)N3CC4(COC4)C3)nc2-c2cccc(C#N)c2)cc(C)n1,WAWAYGZUJWERRN-UHFFFAOYSA-N,CC(CC1CC(C2CCCCC2)C(C2CCCCC2)C1)C1CC2(CCC2)C1,,,1,False,False,pending_dual_review,quarantined_before_evidence_review,primary_publication_identifier_missing
BDB-618957,618957,CC(=O)NCc1cc(-c2sc(NC(=O)N3CC4(COC4)C3)nc2-c2cccc(C#N)c2)cc(C)n1,OFEGZGHSQYWLCT-UHFFFAOYSA-N,CC(CC1CC(C2CCCCC2)C(C2CCCCC2)C1)C1CC2(CCC2)C1,,,1,False,False,pending_dual_review,quarantined_before_evidence_review,primary_publication_identifier_missing
BDB-618958,618958,COCc1cc(-c2sc(NC(=O)N3CC4(COC4)C3)nc2-c2cccc(C#N)c2)cc(C)n1,HJHJCZWNBBIXLW-UHFFFAOYSA-N,CC(CC1CC(C2CCCCC2)C(C2CCCCC2)C1)C1CC2(CCC2)C1,,,1,False,False,pending_dual_review,quarantined_before_evidence_review,primary_publication_identifier_missing
BDB-618959,618959,COC(C)c1cc(-c2sc(NC(=O)N3CC4(COC4)C3)nc2-c2cccc(C#N)c2)cc(C)n1,KVDQMFFAYANGFY-UHFFFAOYSA-N,CC(CC1CC(C2CCCCC2)C(C2CCCCC2)C1)C1CC2(CCC2)C1,,,1,False,False,pending_dual_review,quarantined_before_evidence_review,primary_publication_identifier_missing
BDB-618960,618960,CC(C)(O)c1cc(-c2sc(NC(=O)N3CC4(COC4)C3)nc2-c2cccc(C#N)c2)cc(Cl)n1,TXORUQROYSBYPT-UHFFFAOYSA-N,CC(CC1CC(C2CCCCC2)C(C2CCCCC2)C1)C1CC2(CCC2)C1,,,1,False,False,pending_dual_review,quarantined_before_evidence_review,primary_publication_identifier_missing
BDB-618961,618961,Cc1cc(-c2sc(NC(=O)N3CCC(C)(C#N)CC3)nc2-c2cccc(C#N)c2)cc(CO)n1,VEOHHGHSQAFQOQ-UHFFFAOYSA-N,CC(CC1CC(C2CCCCC2)C(C2CCCCC2)C1)C1CCCCC1,,,1,False,False,pending_dual_review,quarantined_before_evidence_review,primary_publication_identifier_missing
BDB-618962,618962,N#Cc1cccc(-c2nc(NC(=O)N3CC4(COC4)C3)sc2-c2cc(CO)nc(C(F)(F)F)c2)c1,MSVGTCVLFIAFQB-UHFFFAOYSA-N,CC(CC1CC(C2CCCCC2)C(C2CCCCC2)C1)C1CC2(CCC2)C1,,,1,False,False,pending_dual_review,quarantined_before_evidence_review,primary_publication_identifier_missing
BDB-618963,618963,Cc1cc(-c2sc(NC(=O)N3CCC(C)(C#N)C3)nc2-c2cccc(C#N)c2)cc(C)n1,SMDAWUUWLRYYSQ-UHFFFAOYSA-N,CC(CC1CC(C2CCCCC2)C(C2CCCCC2)C1)C1CCCC1,,,1,False,False,pending_dual_review,quarantined_before_evidence_review,primary_publication_identifier_missing
BDB-618964,618964,Cc1cc(-c2sc(NC(=O)N3CC[C@@](C)(C#N)C3)nc2-c2cccc(C#N)c2)cc(C)n1,SMDAWUUWLRYYSQ-DEOSSOPVSA-N,CC(CC1CC(C2CCCCC2)C(C2CCCCC2)C1)C1CCCC1,,,1,False,False,pending_dual_review,quarantined_before_evidence_review,primary_publication_identifier_missing
BDB-618965,618965,Cc1cc(-c2sc(NC(=O)N3CC[C@](C)(C#N)C3)nc2-c2cccc(C#N)c2)cc(C)n1,SMDAWUUWLRYYSQ-XMMPIXPASA-N,CC(CC1CC(C2CCCCC2)C(C2CCCCC2)C1)C1CCCC1,,,1,False,False,pending_dual_review,quarantined_before_evidence_review,primary_publication_identifier_missing
BDB-618966,618966,[2H]C([2H])([2H])c1cc(-c2sc(NC(=O)N3CCC(C)(C#N)CC3)nc2-c2cccc(C#N)c2)cc(C([2H])([2H])[2H])n1,PFFKSQAULAQWHE-WFGJKAKNSA-N,CC(CC1CC(C2CCCCC2)C(C2CCCCC2)C1)C1CCCCC1,,,1,False,False,pending_dual_review,quarantined_before_evidence_review,primary_publication_identifier_missing
BDB-633495,633495,N#Cc1cccc(-c2nc(N)nc3c2cnn3Cc2ccc(N)cc2)n1,VZFOFHZENULCKK-UHFFFAOYSA-N,C1CCC(CC2CCC3C(C4CCCCC4)CCCC23)CC1,,,1,False,False,pending_dual_review,quarantined_before_evidence_review,primary_publication_identifier_missing
BDB-633496,633496,N#Cc1ccnc(-c2nc(N)nc3c2cnn3Cc2ccc(N)cc2)c1,PNTDPOVRJAZQGM-UHFFFAOYSA-N,C1CCC(CC2CCC3C(C4CCCCC4)CCCC23)CC1,,,1,False,False,pending_dual_review,quarantined_before_evidence_review,primary_publication_identifier_missing
BDB-633500,633500,N#Cc1ccnc(-c2nc(N)nc3c2cnn3Cc2ccc(N)cc2F)c1,FQXXYHRPGNAMBH-UHFFFAOYSA-N,C1CCC(CC2CCC3C(C4CCCCC4)CCCC23)CC1,,,1,False,False,pending_dual_review,quarantined_before_evidence_review,primary_publication_identifier_missing
BDB-633504,633504,N#Cc1ccnc(-c2nc(N)nc3c2cnn3Cc2c(F)cc(N)cc2F)c1,YJVPPONEOQQPAH-UHFFFAOYSA-N,C1CCC(CC2CCC3C(C4CCCCC4)CCCC23)CC1,,,1,False,False,pending_dual_review,quarantined_before_evidence_review,primary_publication_identifier_missing
BDB-633508,633508,Cc1cc(Cn2ncc3c(-c4cc(C#N)ccn4)nc(N)nc32)ccc1N,SLIMQRHHCLWUHI-UHFFFAOYSA-N,C1CCC(CC2CCC3C(C4CCCCC4)CCCC23)CC1,,,1,False,False,pending_dual_review,quarantined_before_evidence_review,primary_publication_identifier_missing
BDB-633512,633512,N#Cc1ccnc(-c2nc(N)nc3c2cnn3Cc2c(F)cccc2F)c1,UBGTUQAUNSSZFJ-UHFFFAOYSA-N,C1CCC(CC2CCC3C(C4CCCCC4)CCCC23)CC1,,,1,False,False,pending_dual_review,quarantined_before_evidence_review,primary_publication_identifier_missing
BDB-633513,633513,N#Cc1cncc(-c2nc(N)nc3c2cnn3Cc2c(F)cccc2F)c1,YQAKAGUMJOSZSI-UHFFFAOYSA-N,C1CCC(CC2CCC3C(C4CCCCC4)CCCC23)CC1,,,1,False,False,pending_dual_review,quarantined_before_evidence_review,primary_publication_identifier_missing
BDB-633514,633514,N#Cc1cc(-c2nc(N)nc3c2cnn3Cc2c(F)cccc2F)ccn1,FNXNWVCPMOWTFP-UHFFFAOYSA-N,C1CCC(CC2CCC3C(C4CCCCC4)CCCC23)CC1,,,1,False,False,pending_dual_review,quarantined_before_evidence_review,primary_publication_identifier_missing
BDB-658492,658492,CC(C)(O)CNC(=O)c1ccc2nc(-c3cccc(C#N)c3)c(Br)n2n1,DYEDQRJXWKXROR-UHFFFAOYSA-N,C1CCC(C2CC3CCCCC3C2)CC1,,,1,False,False,pending_dual_review,quarantined_before_evidence_review,primary_publication_identifier_missing
BDB-658493,658493,CC(=O)c1cc(-c2c(-c3cccc(C#N)c3)nc3ccc(C(=O)NCC(C)(C)O)nn23)cc(C)n1,VTDFKRMSENXWDU-UHFFFAOYSA-N,C1CCC(C2CC3CCCCC3C2C2CCCCC2)CC1,,,1,False,False,pending_dual_review,quarantined_before_evidence_review,primary_publication_identifier_missing
BDB-658494,658494,Cc1cc(-c2c(-c3cccc(C#N)c3)nc3ccc(C(=O)NCC(C)(C)O)nn23)cc(C)n1,DWZAUOXIBAXBAG-UHFFFAOYSA-N,C1CCC(C2CC3CCCCC3C2C2CCCCC2)CC1,,,1,False,False,pending_dual_review,quarantined_before_evidence_review,primary_publication_identifier_missing
BDB-658495,658495,Cc1cc(-c2c(-c3cccc(C#N)c3)nc3ccc(C(=O)NCC(C)(C)O)nn23)cc(Cl)n1,ADIRMDKZFIHCOH-UHFFFAOYSA-N,C1CCC(C2CC3CCCCC3C2C2CCCCC2)CC1,,,1,False,False,pending_dual_review,quarantined_before_evidence_review,primary_publication_identifier_missing
BDB-658496,658496,Cc1cc(-c2c(-c3cccc(C#N)c3)nc3ccc(C(=O)NCC(C)(C)O)nn23)cc(C(F)(F)F)n1,QAPHZMZOIGVICY-UHFFFAOYSA-N,C1CCC(C2CC3CCCCC3C2C2CCCCC2)CC1,,,1,False,False,pending_dual_review,quarantined_before_evidence_review,primary_publication_identifier_missing
BDB-658497,658497,COc1cc(-c2c(-c3cccc(C#N)c3)nc3ccc(C(=O)NCC(C)(C)O)nn23)cc(C)n1,OMHQGFDQXAGVRK-UHFFFAOYSA-N,C1CCC(C2CC3CCCCC3C2C2CCCCC2)CC1,,,1,False,False,pending_dual_review,quarantined_before_evidence_review,primary_publication_identifier_missing
BDB-658498,658498,Cc1cc(-c2c(-c3cccc(C#N)c3)nc3ccc(C(=O)N[C@@H](C)C(C)(C)O)nn23)cc(C(C)F)n1,FVXFBDUKBLRQBF-DJNXLDHESA-N,C1CCC(C2CC3CCCCC3C2C2CCCCC2)CC1,,,1,False,False,pending_dual_review,quarantined_before_evidence_review,primary_publication_identifier_missing
BDB-658499,658499,Cc1cc(-c2c(-c3cccc(C#N)c3)nc3ccc(C(=O)N[C@@H](C)C(C)(C)O)nn23)cc(C(F)(F)F)n1,FYSCIRBOTPKUKE-HNNXBMFYSA-N,C1CCC(C2CC3CCCCC3C2C2CCCCC2)CC1,,,1,False,False,pending_dual_review,quarantined_before_evidence_review,primary_publication_identifier_missing
BDB-658500,658500,Cc1cc(-c2c(-c3cccc(C#N)c3)nc3ccc(C(=O)N[C@H](C)C(C)(C)O)nn23)cc(C(F)(F)F)n1,FYSCIRBOTPKUKE-OAHLLOKOSA-N,C1CCC(C2CC3CCCCC3C2C2CCCCC2)CC1,,,1,False,False,pending_dual_review,quarantined_before_evidence_review,primary_publication_identifier_missing
BDB-658501,658501,COc1cc(-c2c(-c3cccc(C#N)c3)nc3ccc(C(=O)N[C@@H](C)C(C)(C)O)nn23)cc(C)n1,GOYSYUDRGCFXIA-INIZCTEOSA-N,C1CCC(C2CC3CCCCC3C2C2CCCCC2)CC1,,,1,False,False,pending_dual_review,quarantined_before_evidence_review,primary_publication_identifier_missing
BDB-658502,658502,Cc1cc(-c2c(-c3cccc(C#N)c3)nc3ccc(C(=O)N[C@@H](C)C(C)(C)O)nn23)cc(Cl)n1,NXDKFKFOPXVCSV-HNNXBMFYSA-N,C1CCC(C2CC3CCCCC3C2C2CCCCC2)CC1,,,1,False,False,pending_dual_review,quarantined_before_evidence_review,primary_publication_identifier_missing
BDB-658503,658503,Cc1cc(-c2c(-c3cccc(C#N)c3)nc3ccc(C(=O)N[C@@H](C)C(C)(C)O)nn23)cc(C)n1,MUZVVRJJIZVJMD-KRWDZBQOSA-N,C1CCC(C2CC3CCCCC3C2C2CCCCC2)CC1,,,1,False,False,pending_dual_review,quarantined_before_evidence_review,primary_publication_identifier_missing
BDB-658504,658504,Cc1cc(-c2c(-c3cccc(C#N)c3)nc3ccc(C(=O)N[C@@H](C)C(C)(C)O)nn23)cc(CO)n1,DBKMWUQBSHJPON-INIZCTEOSA-N,C1CCC(C2CC3CCCCC3C2C2CCCCC2)CC1,,,1,False,False,pending_dual_review,quarantined_before_evidence_review,primary_publication_identifier_missing
BDB-6643,6643,COc1nc(N)c(C#N)c(-c2ccc3c(c2)OCO3)c1C#N,ABLFQJZRWXQNFZ-UHFFFAOYSA-N,C1CCC(C2CCC3CCCC3C2)CC1,10.1021/jm3003069,22827545,1,False,True,pending_dual_review,quarantined_before_evidence_review,generic_scaffold_overlaps_model_selection
BDB-670951,670951,COC(=O)c1c(C(=O)OC)c2c(C)cc(C)cn2c1C(=O)c1ccc(OC)cc1,WRUCVLBDDYCPEJ-UHFFFAOYSA-N,CC(C1CCCCC1)C1CCC2CCCCC21,,,1,False,False,pending_dual_review,quarantined_before_evidence_review,primary_publication_identifier_missing
BDB-670953,670953,COC(=O)c1c(C(=O)OC)c2c(C)cc(C)cn2c1C(=O)c1ccc(Br)cc1,KPFZDGIOSOKXET-UHFFFAOYSA-N,CC(C1CCCCC1)C1CCC2CCCCC21,,,1,False,False,pending_dual_review,quarantined_before_evidence_review,primary_publication_identifier_missing
BDB-670955,670955,CCOC(=O)c1cc(C(=O)c2ccccc2[N+](=O)[O-])n2cc(C)cc(C)c12,MBNHIQKDVBHOCM-UHFFFAOYSA-N,CC(C1CCCCC1)C1CCC2CCCCC21,,,1,False,False,pending_dual_review,quarantined_before_evidence_review,primary_publication_identifier_missing
BDB-670956,670956,CCOC(=O)c1cc(C(=O)c2ccc(C)cc2)n2cc(C)cc(C)c12,XFMCDLWGIYIVIF-UHFFFAOYSA-N,CC(C1CCCCC1)C1CCC2CCCCC21,,,1,False,False,pending_dual_review,quarantined_before_evidence_review,primary_publication_identifier_missing
BDB-670957,670957,COC(=O)c1c(C(=O)OC)c2c(C)cc(C)cn2c1C(=O)c1ccc(C)cc1,LNCLHVYDJPVUJY-UHFFFAOYSA-N,CC(C1CCCCC1)C1CCC2CCCCC21,,,1,False,False,pending_dual_review,quarantined_before_evidence_review,primary_publication_identifier_missing
BDB-670959,670959,COC(=O)c1c(C(=O)OC)c2c(C)cc(C)cn2c1C(=O)c1ccc(Cl)cc1,QHVABGBFSFJSRT-UHFFFAOYSA-N,CC(C1CCCCC1)C1CCC2CCCCC21,,,1,False,False,pending_dual_review,quarantined_before_evidence_review,primary_publication_identifier_missing
BDB-761350,761350,Cc1ncnc2ccc(-c3sc(NC(=O)N4CC[C@](C)(C#N)C4)nc3-c3cccc(C#N)c3)cc12,KCXBNHVPTOFQIO-AREMUKBSSA-N,CC(CC1CC(C2CCCCC2)C(C2CCC3CCCCC3C2)C1)C1CCCC1,,,1,False,False,pending_dual_review,quarantined_before_evidence_review,primary_publication_identifier_missing
BDB-761351,761351,Cc1ncnc2ccc(-c3sc(NC(=O)N4CCC5(CC4)COCCN5)nc3-c3cccc(C#N)c3)cc12,WZIULCQUWMIREO-UHFFFAOYSA-N,CC(CC1CC(C2CCCCC2)C(C2CCC3CCCCC3C2)C1)C1CCC2(CCCCC2)CC1,,,1,False,False,pending_dual_review,quarantined_before_evidence_review,primary_publication_identifier_missing
BDB-761352,761352,Cc1ncnc2ccc(-c3sc(NC(=O)N4CCNCC4CC4CC4)nc3-c3cccc(C#N)c3)cc12,FWXRWJANPIAFPE-UHFFFAOYSA-N,CC(CC1CC(C2CCCCC2)C(C2CCC3CCCCC3C2)C1)C1CCCCC1CC1CC1,,,1,False,False,pending_dual_review,quarantined_before_evidence_review,primary_publication_identifier_missing
BDB-761353,761353,Cc1cc(-c2sc(NC(=O)N3CC4(COC4)C3)nc2-c2cccc(C#N)c2)cc2[nH]ncc12,KYCIHKHONOENCK-UHFFFAOYSA-N,CC(CC1CC(C2CCCCC2)C(C2CCC3CCCC3C2)C1)C1CC2(CCC2)C1,,,1,False,False,pending_dual_review,quarantined_before_evidence_review,primary_publication_identifier_missing
BDB-761354,761354,Cc1cc(-c2sc(NC(=O)N3CC4(COC4)C3)nc2-c2cccc(C#N)c2)cc2[nH]nnc12,PMIXQJWUBMEMDJ-UHFFFAOYSA-N,CC(CC1CC(C2CCCCC2)C(C2CCC3CCCC3C2)C1)C1CC2(CCC2)C1,,,1,False,False,pending_dual_review,quarantined_before_evidence_review,primary_publication_identifier_missing
BDB-761355,761355,N#Cc1cccc(-c2nc(NC(=O)N3CC4(COC4)C3)sc2-c2ccnc3[nH]ccc23)c1,HPMJJXZGHDFNOW-UHFFFAOYSA-N,CC(CC1CC(C2CCCCC2)C(C2CCCC3CCCC32)C1)C1CC2(CCC2)C1,,,1,False,False,pending_dual_review,quarantined_before_evidence_review,primary_publication_identifier_missing
BDB-761356,761356,Cc1cc(-c2sc(NC(=O)N3CC4(COC4)C3)nc2-c2cccc(C#N)c2)c2cn[nH]c2n1,AZLQAISIAKASED-UHFFFAOYSA-N,CC(CC1CC(C2CCCCC2)C(C2CCCC3CCCC32)C1)C1CC2(CCC2)C1,,,1,False,False,pending_dual_review,quarantined_before_evidence_review,primary_publication_identifier_missing
BDB-761357,761357,Cc1ncnc2ccc(-c3sc(NC(=O)N4CCC(N5CCNCC5)CC4)nc3-c3cccc(C#N)c3)cc12,MZXPUZXUEFFMRC-UHFFFAOYSA-N,CC(CC1CC(C2CCCCC2)C(C2CCC3CCCCC3C2)C1)C1CCC(C2CCCCC2)CC1,,,1,False,False,pending_dual_review,quarantined_before_evidence_review,primary_publication_identifier_missing
BDB-761358,761358,Cc1ncnc2ccc(-c3sc(NC(=O)N4CCC5(CC4)CNCCO5)nc3-c3cccc(C#N)c3)cc12,ZTIXWIFEZDRZSL-UHFFFAOYSA-N,CC(CC1CC(C2CCCCC2)C(C2CCC3CCCCC3C2)C1)C1CCC2(CCCCC2)CC1,,,1,False,False,pending_dual_review,quarantined_before_evidence_review,primary_publication_identifier_missing
BDB-761359,761359,Cc1ncnc2ccc(-c3sc(NC(=O)N4CCC5(CNCCO5)C4)nc3-c3cccc(C#N)c3)cc12,URRFNJBIBVAUTE-UHFFFAOYSA-N,CC(CC1CC(C2CCCCC2)C(C2CCC3CCCCC3C2)C1)C1CCC2(CCCCC2)C1,,,1,False,False,pending_dual_review,quarantined_before_evidence_review,primary_publication_identifier_missing
BDB-761360,761360,Cc1ncnc2ccc(-c3sc(NC(=O)N4CCC5(CNCCO5)C4)nc3-c3cccc(C#N)c3)cc12,URRFNJBIBVAUTE-UHFFFAOYSA-N,CC(CC1CC(C2CCCCC2)C(C2CCC3CCCCC3C2)C1)C1CCC2(CCCCC2)C1,,,1,False,False,pending_dual_review,quarantined_before_evidence_review,primary_publication_identifier_missing
BDB-761361,761361,Cc1ncnc2ccc(-c3sc(NC(=O)N4CCC5(CNCCO5)C4)nc3-c3cccc(C#N)c3)cc12,URRFNJBIBVAUTE-UHFFFAOYSA-N,CC(CC1CC(C2CCCCC2)C(C2CCC3CCCCC3C2)C1)C1CCC2(CCCCC2)C1,,,1,False,False,pending_dual_review,quarantined_before_evidence_review,primary_publication_identifier_missing
BDB-761362,761362,Cc1ncnc2ccc(-c3sc(NC(=O)N4CCC5(CNCCO5)C4)nc3-c3cccc(C#N)c3)cc12,URRFNJBIBVAUTE-UHFFFAOYSA-N,CC(CC1CC(C2CCCCC2)C(C2CCC3CCCCC3C2)C1)C1CCC2(CCCCC2)C1,,,1,False,False,pending_dual_review,quarantined_before_evidence_review,primary_publication_identifier_missing
BDB-761363,761363,Cc1ncnc2ccc(-c3sc(NC(=O)N4CC[C@H](C(C)(C)O)C4)nc3-c3cccc(C#N)c3)cc12,ZSTYCIJDKKYOAU-FQEVSTJZSA-N,CC(CC1CC(C2CCCCC2)C(C2CCC3CCCCC3C2)C1)C1CCCC1,,,1,False,False,pending_dual_review,quarantined_before_evidence_review,primary_publication_identifier_missing
BDB-761364,761364,Cc1ncnc2ccc(-c3sc(NC(=O)N4CCC(C)(C#N)CC4)nc3-c3cccc(C#N)c3)cc12,QNMZHCVLXHACHP-UHFFFAOYSA-N,CC(CC1CC(C2CCCCC2)C(C2CCC3CCCCC3C2)C1)C1CCCCC1,,,1,False,False,pending_dual_review,quarantined_before_evidence_review,primary_publication_identifier_missing
BDB-761365,761365,Cc1ncnc2ccc(-c3sc(NC(=O)N4CC[C@@H](C(C)(C)O)C4)nc3-c3cccc(C#N)c3)cc12,ZSTYCIJDKKYOAU-HXUWFJFHSA-N,CC(CC1CC(C2CCCCC2)C(C2CCC3CCCCC3C2)C1)C1CCCC1,,,1,False,False,pending_dual_review,quarantined_before_evidence_review,primary_publication_identifier_missing
BDB-761366,761366,Cc1ncnc2ccc(-c3sc(NC(=O)N4CC[C@@](C)(C#N)C4)nc3-c3cccc(C#N)c3)cc12,KCXBNHVPTOFQIO-SANMLTNESA-N,CC(CC1CC(C2CCCCC2)C(C2CCC3CCCCC3C2)C1)C1CCCC1,,,1,False,False,pending_dual_review,quarantined_before_evidence_review,primary_publication_identifier_missing
BDB-761367,761367,Cc1ncnc2ccc(-c3sc(NC(=O)N4CCN(C(C)(C)C#N)CC4)nc3-c3cccc(C#N)c3)cc12,SLZUNTCCJFZKJJ-UHFFFAOYSA-N,CC(CC1CC(C2CCCCC2)C(C2CCC3CCCCC3C2)C1)C1CCCCC1,,,1,False,False,pending_dual_review,quarantined_before_evidence_review,primary_publication_identifier_missing
BDB-761368,761368,Cc1ncnc2ccc(-c3sc(NC(=O)N4CC5CN(C)CC54)nc3-c3cccc(C#N)c3)cc12,VCFJRACWMMTFTN-UHFFFAOYSA-N,CC(CC1CC(C2CCCCC2)C(C2CCC3CCCCC3C2)C1)C1CC2CCCC21,,,1,False,False,pending_dual_review,quarantined_before_evidence_review,primary_publication_identifier_missing
BDB-761369,761369,Cc1ncnc2ccc(-c3sc(NC(=O)N4CC5(CN(C)C5)C4)nc3-c3cccc(C#N)c3)cc12,VSDBWXPKDBTQDY-UHFFFAOYSA-N,CC(CC1CC(C2CCCCC2)C(C2CCC3CCCCC3C2)C1)C1CC2(CCC2)C1,,,1,False,False,pending_dual_review,quarantined_before_evidence_review,primary_publication_identifier_missing
BDB-761371,761371,Cc1ncnc2ccc(-c3sc(NC(=O)N4CCN(C(C)C#N)CC4)nc3-c3cccc(C#N)c3)cc12,LTCSUAUTFWUXGH-UHFFFAOYSA-N,CC(CC1CC(C2CCCCC2)C(C2CCC3CCCCC3C2)C1)C1CCCCC1,,,1,False,False,pending_dual_review,quarantined_before_evidence_review,primary_publication_identifier_missing
BDB-761372,761372,Cc1ncnc2ccc(-c3sc(NC(=O)N4CCC(N(C)C)CC4)nc3-c3cccc(C#N)c3)cc12,YNJRYXIEWOZEHL-UHFFFAOYSA-N,CC(CC1CC(C2CCCCC2)C(C2CCC3CCCCC3C2)C1)C1CCCCC1,,,1,False,False,pending_dual_review,quarantined_before_evidence_review,primary_publication_identifier_missing
BDB-761373,761373,Cc1ncnc2ccc(-c3sc(NC(=O)N4CCOC(C(C)(C)O)C4)nc3-c3cccc(C#N)c3)cc12,LSBHNWBIGHQPNH-UHFFFAOYSA-N,CC(CC1CC(C2CCCCC2)C(C2CCC3CCCCC3C2)C1)C1CCCCC1,,,1,False,False,pending_dual_review,quarantined_before_evidence_review,primary_publication_identifier_missing
BDB-761374,761374,Cc1ncnc2ccc(-c3sc(NC(=O)N4CCO[C@@H](C(C)(C)O)C4)nc3-c3cccc(C#N)c3)cc12,LSBHNWBIGHQPNH-JOCHJYFZSA-N,CC(CC1CC(C2CCCCC2)C(C2CCC3CCCCC3C2)C1)C1CCCCC1,,,1,False,False,pending_dual_review,quarantined_before_evidence_review,primary_publication_identifier_missing
BDB-761375,761375,Cc1ncnc2ccc(-c3sc(NC(=O)N4CCO[C@@H](C(C)(C)O)C4)nc3-c3cccc(C#N)c3)cc12,LSBHNWBIGHQPNH-JOCHJYFZSA-N,CC(CC1CC(C2CCCCC2)C(C2CCC3CCCCC3C2)C1)C1CCCCC1,,,1,False,False,pending_dual_review,quarantined_before_evidence_review,primary_publication_identifier_missing
BDB-761376,761376,Cc1ncnc2ccc(-c3sc(NC(=O)N4CCOC(CN(C)C)C4)nc3-c3cccc(C#N)c3)cc12,WUQWSYWYOUUNSJ-UHFFFAOYSA-N,CC(CC1CC(C2CCCCC2)C(C2CCC3CCCCC3C2)C1)C1CCCCC1,,,1,False,False,pending_dual_review,quarantined_before_evidence_review,primary_publication_identifier_missing
BDB-761377,761377,Cc1ncnc2ccc(-c3sc(NC(=O)N4CCC(OCCN5CCCC5)C4)nc3-c3cccc(C#N)c3)cc12,MWFHGZGSGGNCED-UHFFFAOYSA-N,CC(CC1CC(C2CCCCC2)C(C2CCC3CCCCC3C2)C1)C1CCC(CCCC2CCCC2)C1,,,1,False,False,pending_dual_review,quarantined_before_evidence_review,primary_publication_identifier_missing
BDB-761378,761378,Cc1ncnc2ccc(-c3sc(NC(=O)N4CCC5(CC4)CN(C)CCO5)nc3-c3cccc(C#N)c3)cc12,KWXSUTBSWGAOTK-UHFFFAOYSA-N,CC(CC1CC(C2CCCCC2)C(C2CCC3CCCCC3C2)C1)C1CCC2(CCCCC2)CC1,,,1,False,False,pending_dual_review,quarantined_before_evidence_review,primary_publication_identifier_missing
BDB-761379,761379,Cc1ncnc2ccc(-c3sc(NC(=O)N4CC5CCCN(C)C5C4)nc3-c3cccc(C#N)c3)cc12,LXRZZEHMYVVTCL-UHFFFAOYSA-N,CC(CC1CC(C2CCCCC2)C(C2CCC3CCCCC3C2)C1)C1CC2CCCCC2C1,,,1,False,False,pending_dual_review,quarantined_before_evidence_review,primary_publication_identifier_missing
BDB-761380,761380,Cc1ncnc2ccc(-c3sc(NC(=O)N4CCC(N5CCN(C)CC5)CC4)nc3-c3cccc(C#N)c3)cc12,ZMBJEPPGYCIBTB-UHFFFAOYSA-N,CC(CC1CC(C2CCCCC2)C(C2CCC3CCCCC3C2)C1)C1CCC(C2CCCCC2)CC1,,,1,False,False,pending_dual_review,quarantined_before_evidence_review,primary_publication_identifier_missing
BDB-761381,761381,Cc1ncnc2ccc(-c3sc(NC(=O)N4CCN(C5CCN(C)CC5)CC4)nc3-c3cccc(C#N)c3)cc12,BOYSBKADMGZVPH-UHFFFAOYSA-N,CC(CC1CC(C2CCCCC2)C(C2CCC3CCCCC3C2)C1)C1CCC(C2CCCCC2)CC1,,,1,False,False,pending_dual_review,quarantined_before_evidence_review,primary_publication_identifier_missing
BDB-761382,761382,Cc1ncnc2ccc(-c3sc(NC(=O)N4CCC(N5CCOCC5)CC4)nc3-c3cccc(C#N)c3)cc12,OPUWYJYOXLMGJV-UHFFFAOYSA-N,CC(CC1CC(C2CCCCC2)C(C2CCC3CCCCC3C2)C1)C1CCC(C2CCCCC2)CC1,,,1,False,False,pending_dual_review,quarantined_before_evidence_review,primary_publication_identifier_missing
BDB-761383,761383,Cc1ncnc2ccc(-c3sc(NC(=O)N4CCN(CC#N)CC4)nc3-c3cccc(C#N)c3)cc12,JTMSDFMTFYAOBF-UHFFFAOYSA-N,CC(CC1CC(C2CCCCC2)C(C2CCC3CCCCC3C2)C1)C1CCCCC1,,,1,False,False,pending_dual_review,quarantined_before_evidence_review,primary_publication_identifier_missing
BDB-761384,761384,Cc1ncnc2ccc(-c3sc(NC(=O)N4CCN[C@H](C(C)(C)O)C4)nc3-c3cccc(C#N)c3)cc12,MJMGBTUHTLCXTB-QFIPXVFZSA-N,CC(CC1CC(C2CCCCC2)C(C2CCC3CCCCC3C2)C1)C1CCCCC1,,,1,False,False,pending_dual_review,quarantined_before_evidence_review,primary_publication_identifier_missing
BDB-761385,761385,Cc1ncnc2ccc(-c3sc(NC(=O)N4CCC5(CC4)CNC(=O)C5)nc3-c3cccc(C#N)c3)cc12,WRUCNEPRQZRDAA-UHFFFAOYSA-N,CC1CCC2(CCC(C(C)CC3CC(C4CCCCC4)C(C4CCC5CCCCC5C4)C3)CC2)C1,,,1,False,False,pending_dual_review,quarantined_before_evidence_review,primary_publication_identifier_missing
BDB-761386,761386,Cc1ncnc2ccc(-c3sc(NC(=O)N4CCCNCC4)nc3-c3cccc(C#N)c3)cc12,LDPVSVUAQDLNIK-UHFFFAOYSA-N,CC(CC1CC(C2CCCCC2)C(C2CCC3CCCCC3C2)C1)C1CCCCCC1,,,1,False,False,pending_dual_review,quarantined_before_evidence_review,primary_publication_identifier_missing
BDB-761387,761387,Cc1ncnc2ccc(-c3sc(NC(=O)N4CC5(CCO5)C4)nc3-c3cccc(C#N)c3)cc12,LXRXBUKJWHXLQT-UHFFFAOYSA-N,CC(CC1CC(C2CCCCC2)C(C2CCC3CCCCC3C2)C1)C1CC2(CCC2)C1,,,1,False,False,pending_dual_review,quarantined_before_evidence_review,primary_publication_identifier_missing
BDB-761388,761388,Cc1ncnc2ccc(-c3sc(NC(=O)N4C[C@@H]5OCCN(C)[C@@H]5C4)nc3-c3cccc(C#N)c3)cc12,HOUPTZXHRZTUEE-PKTZIBPZSA-N,CC(CC1CC(C2CCCCC2)C(C2CCC3CCCCC3C2)C1)C1CC2CCCCC2C1,,,1,False,False,pending_dual_review,quarantined_before_evidence_review,primary_publication_identifier_missing
BDB-761390,761390,Cc1ncnc2ccc(-c3sc(NC(=O)N4CCNCC4)nc3-c3cccc(C#N)c3)cc12,FCROHHSPGYBLDH-UHFFFAOYSA-N,CC(CC1CC(C2CCCCC2)C(C2CCC3CCCCC3C2)C1)C1CCCCC1,,,1,False,False,pending_dual_review,quarantined_before_evidence_review,primary_publication_identifier_missing
BDB-761391,761391,Cc1ncnc2ccc(-c3sc(NC(=O)N4CCN(C)CC4)nc3-c3cccc(C#N)c3)cc12,IZUSNUBCFJJJOP-UHFFFAOYSA-N,CC(CC1CC(C2CCCCC2)C(C2CCC3CCCCC3C2)C1)C1CCCCC1,,,1,False,False,pending_dual_review,quarantined_before_evidence_review,primary_publication_identifier_missing
BDB-761392,761392,Cc1ncnc2ccc(-c3sc(NC(=O)N4CCC5(CCC(=O)N5)CC4)nc3-c3cccc(C#N)c3)cc12,UVGGADYSQZSZQD-UHFFFAOYSA-N,CC1CCC2(CCC(C(C)CC3CC(C4CCCCC4)C(C4CCC5CCCCC5C4)C3)CC2)C1,,,1,False,False,pending_dual_review,quarantined_before_evidence_review,primary_publication_identifier_missing
BDB-761393,761393,Cc1ncnc2ccc(-c3sc(NC(=O)N4CC5(C4)CC(C)(O)C5)nc3-c3cccc(C#N)c3)cc12,WHFCSQVWNWTHQN-UHFFFAOYSA-N,CC(CC1CC(C2CCCCC2)C(C2CCC3CCCCC3C2)C1)C1CC2(CCC2)C1,,,1,False,False,pending_dual_review,quarantined_before_evidence_review,primary_publication_identifier_missing
BDB-761394,761394,Cc1ncnc2ccc(-c3sc(NC(=O)N4CCC(C)(C#N)C4)nc3-c3cccc(C#N)c3)cc12,KCXBNHVPTOFQIO-UHFFFAOYSA-N,CC(CC1CC(C2CCCCC2)C(C2CCC3CCCCC3C2)C1)C1CCCC1,,,1,False,False,pending_dual_review,quarantined_before_evidence_review,primary_publication_identifier_missing
BDB-761395,761395,Cc1ncnc2ccc(-c3sc(NC(=O)N4CCC5(CC4)CN(C)C(=O)O5)nc3-c3cccc(C#N)c3)cc12,RFZXGIZJAPXOFB-UHFFFAOYSA-N,CC1CCC2(CCC(C(C)CC3CC(C4CCCCC4)C(C4CCC5CCCCC5C4)C3)CC2)C1,,,1,False,False,pending_dual_review,quarantined_before_evidence_review,primary_publication_identifier_missing
BDB-761396,761396,Cc1ncnc2ccc(-c3sc(NC(=O)N4CCN(CCO)CC4)nc3-c3cccc(C#N)c3)cc12,LHWFAGLDQPXQAH-UHFFFAOYSA-N,CC(CC1CC(C2CCCCC2)C(C2CCC3CCCCC3C2)C1)C1CCCCC1,,,1,False,False,pending_dual_review,quarantined_before_evidence_review,primary_publication_identifier_missing
BDB-761397,761397,Cc1ncnc2ccc(-c3sc(NC(=O)N4CCN(C5COC5)CC4)nc3-c3cccc(C#N)c3)cc12,LZEQCELLCXNCOB-UHFFFAOYSA-N,CC(CC1CC(C2CCCCC2)C(C2CCC3CCCCC3C2)C1)C1CCC(C2CCC2)CC1,,,1,False,False,pending_dual_review,quarantined_before_evidence_review,primary_publication_identifier_missing
BDB-761398,761398,Cc1ncnc2ccc(-c3sc(NC(=O)N4CC5(COC5)C4)nc3-c3cccc(C#N)c3)cc12,HUUGFGUSESLVLA-UHFFFAOYSA-N,CC(CC1CC(C2CCCCC2)C(C2CCC3CCCCC3C2)C1)C1CC2(CCC2)C1,,,1,False,False,pending_dual_review,quarantined_before_evidence_review,primary_publication_identifier_missing
BDB-761399,761399,Cc1ncc2cc(-c3sc(NC(=O)N4CC5(COC5)C4)nc3-c3cccc(C#N)c3)ccc2n1,IQTYJTOABVOISN-UHFFFAOYSA-N,CC(CC1CC(C2CCCCC2)C(C2CCC3CCCCC3C2)C1)C1CC2(CCC2)C1,,,1,False,False,pending_dual_review,quarantined_before_evidence_review,primary_publication_identifier_missing
BDB-761400,761400,Cc1nc(C)c2cc(-c3sc(NC(=O)N4CC5(COC5)C4)nc3-c3cccc(C#N)c3)ccc2n1,YMANIEWMYVNPAZ-UHFFFAOYSA-N,CC(CC1CC(C2CCCCC2)C(C2CCC3CCCCC3C2)C1)C1CC2(CCC2)C1,,,1,False,False,pending_dual_review,quarantined_before_evidence_review,primary_publication_identifier_missing
BDB-761401,761401,N#Cc1cccc(-c2nc(NC(=O)N3CC4(COC4)C3)sc2-c2ccc3ncncc3c2)c1,YVMKMDWECLBRRQ-UHFFFAOYSA-N,CC(CC1CC(C2CCCCC2)C(C2CCC3CCCCC3C2)C1)C1CC2(CCC2)C1,,,1,False,False,pending_dual_review,quarantined_before_evidence_review,primary_publication_identifier_missing
BDB-761402,761402,Cc1ccnc2ccc(-c3sc(NC(=O)N4CC5(COC5)C4)nc3-c3cccc(C#N)c3)cc12,XQTPWUPRMHEQJP-UHFFFAOYSA-N,CC(CC1CC(C2CCCCC2)C(C2CCC3CCCCC3C2)C1)C1CC2(CCC2)C1,,,1,False,False,pending_dual_review,quarantined_before_evidence_review,primary_publication_identifier_missing
BDB-761403,761403,COc1ncnc2ccc(-c3sc(NC(=O)N4CC5(COC5)C4)nc3-c3cccc(C#N)c3)cc12,ULUIBPHLGRLNTA-UHFFFAOYSA-N,CC(CC1CC(C2CCCCC2)C(C2CCC3CCCCC3C2)C1)C1CC2(CCC2)C1,,,1,False,False,pending_dual_review,quarantined_before_evidence_review,primary_publication_identifier_missing
BDB-761404,761404,CCc1ncnc2ccc(-c3sc(NC(=O)N4CC5(COC5)C4)nc3-c3cccc(C#N)c3)cc12,FGIKDSAEGOOIIE-UHFFFAOYSA-N,CC(CC1CC(C2CCCCC2)C(C2CCC3CCCCC3C2)C1)C1CC2(CCC2)C1,,,1,False,False,pending_dual_review,quarantined_before_evidence_review,primary_publication_identifier_missing
BDB-761405,761405,Cc1nc(C)c(-c2sc(NC(=O)N3CCC(C)(C#N)CC3)nc2-c2cccc(C#N)c2)o1,ONLJRWBFRUXLRY-UHFFFAOYSA-N,CC(CC1CC(C2CCCCC2)C(C2CCCC2)C1)C1CCCCC1,,,1,False,False,pending_dual_review,quarantined_before_evidence_review,primary_publication_identifier_missing
BDB-761406,761406,Cc1nc(C)c(-c2sc(NC(=O)N3CC4(COC4)C3)nc2-c2cccc(C#N)c2)o1,DHNANCVMXKQKJH-UHFFFAOYSA-N,CC(CC1CC(C2CCCCC2)C(C2CCCC2)C1)C1CC2(CCC2)C1,,,1,False,False,pending_dual_review,quarantined_before_evidence_review,primary_publication_identifier_missing
BDB-761407,761407,Cn1cc(-c2sc(NC(=O)N3CC4(COC4)C3)nc2-c2cccc(C#N)c2)c2cccnc21,UMACHBDNQUZTBJ-UHFFFAOYSA-N,CC(CC1CC(C2CCCCC2)C(C2CCC3CCCCC32)C1)C1CC2(CCC2)C1,,,1,False,False,pending_dual_review,quarantined_before_evidence_review,primary_publication_identifier_missing
BDB-761408,761408,N#Cc1cccc(-c2nc(NC(=O)N3CC4(COC4)C3)sc2-c2c[nH]c3ncccc23)c1,XTXWHMIBEZOTGD-UHFFFAOYSA-N,CC(CC1CC(C2CCCCC2)C(C2CCC3CCCCC32)C1)C1CC2(CCC2)C1,,,1,False,False,pending_dual_review,quarantined_before_evidence_review,primary_publication_identifier_missing
BDB-761409,761409,Cc1cc(-c2sc(NC(=O)N3CC4(COC4)C3)nc2-c2cccc(C#N)c2)cn2c(C)cnc12,LYHOWDSAIIZRHQ-UHFFFAOYSA-N,CC(CC1CC(C2CCCCC2)C(C2CCC3CCCC3C2)C1)C1CC2(CCC2)C1,,,1,False,False,pending_dual_review,quarantined_before_evidence_review,primary_publication_identifier_missing
BDB-761410,761410,Cc1cc(-c2sc(NC(=O)N3CCC(C)(C#N)CC3)nc2-c2cccc(C#N)c2)c2[nH]ncc2n1,VXKXWXWSORWFLJ-UHFFFAOYSA-N,CC(CC1CC(C2CCCCC2)C(C2CCCC3CCCC32)C1)C1CCCCC1,,,1,False,False,pending_dual_review,quarantined_before_evidence_review,primary_publication_identifier_missing
BDB-761411,761411,Cc1ncnc2c(C)cc(-c3sc(NC(=O)N4CC5(COC5)C4)nc3-c3cccc(C#N)c3)cc12,CUUZBHQFPVSZHL-UHFFFAOYSA-N,CC(CC1CC(C2CCCCC2)C(C2CCC3CCCCC3C2)C1)C1CC2(CCC2)C1,,,1,False,False,pending_dual_review,quarantined_before_evidence_review,primary_publication_identifier_missing
BDB-761412,761412,Cn1ccc2c(-c3sc(NC(=O)N4CC5(COC5)C4)nc3-c3cccc(C#N)c3)ccnc21,XSGHXMPQOQQKIW-UHFFFAOYSA-N,CC(CC1CC(C2CCCCC2)C(C2CCCC3CCCC32)C1)C1CC2(CCC2)C1,,,1,False,False,pending_dual_review,quarantined_before_evidence_review,primary_publication_identifier_missing
BDB-761413,761413,Cc1cnc2ccc(-c3sc(NC(=O)N4CC5(COC5)C4)nc3-c3cccc(C#N)c3)cn12,SVLHSAQDGPMOSL-UHFFFAOYSA-N,CC(CC1CC(C2CCCCC2)C(C2CCC3CCCC3C2)C1)C1CC2(CCC2)C1,,,1,False,False,pending_dual_review,quarantined_before_evidence_review,primary_publication_identifier_missing
BDB-761414,761414,Cc1cc(-c2sc(NC(=O)N3CC4(COC4)C3)nc2-c2cccc(C#N)c2)c2[nH]ncc2n1,VKLOURSBQIRIQU-UHFFFAOYSA-N,CC(CC1CC(C2CCCCC2)C(C2CCCC3CCCC32)C1)C1CC2(CCC2)C1,,,1,False,False,pending_dual_review,quarantined_before_evidence_review,primary_publication_identifier_missing
BDB-761415,761415,Cc1cc(-c2sc(NC(=O)N3CC4(COC4)C3)nc2-c2cccc(C#N)c2)c2ccn(C)c2n1,PASSTVCKEUMADY-UHFFFAOYSA-N,CC(CC1CC(C2CCCCC2)C(C2CCCC3CCCC32)C1)C1CC2(CCC2)C1,,,1,False,False,pending_dual_review,quarantined_before_evidence_review,primary_publication_identifier_missing
BDB-761416,761416,Cn1cnc2ccc(-c3sc(NC(=O)N4CC5(COC5)C4)nc3-c3cccc(C#N)c3)cc21,SBIXFHBZVCIHCX-UHFFFAOYSA-N,CC(CC1CC(C2CCCCC2)C(C2CCC3CCCC3C2)C1)C1CC2(CCC2)C1,,,1,False,False,pending_dual_review,quarantined_before_evidence_review,primary_publication_identifier_missing
BDB-761417,761417,N#Cc1cccc(-c2nc(NC(=O)N3CC4(COC4)C3)sc2-c2ccc3nccn3c2)c1,YUTCGIGGTIPXIW-UHFFFAOYSA-N,CC(CC1CC(C2CCCCC2)C(C2CCC3CCCC3C2)C1)C1CC2(CCC2)C1,,,1,False,False,pending_dual_review,quarantined_before_evidence_review,primary_publication_identifier_missing
BDB-761418,761418,Cc1cc(-c2sc(NC(=O)N3CC4(COC4)C3)nc2-c2cccc(C#N)c2)cc2cn[nH]c12,BIRZHUJMVDEKJW-UHFFFAOYSA-N,CC(CC1CC(C2CCCCC2)C(C2CCC3CCCC3C2)C1)C1CC2(CCC2)C1,,,1,False,False,pending_dual_review,quarantined_before_evidence_review,primary_publication_identifier_missing
BDB-761419,761419,Cc1cc(-c2sc(NC(=O)N3CC4(COC4)C3)nc2-c2cccc(C#N)c2)cc2cn(C)nc12,FYHVDVIRWYGHJF-UHFFFAOYSA-N,CC(CC1CC(C2CCCCC2)C(C2CCC3CCCC3C2)C1)C1CC2(CCC2)C1,,,1,False,False,pending_dual_review,quarantined_before_evidence_review,primary_publication_identifier_missing
BDB-761420,761420,Cc1cc(-c2sc(NC(=O)N3CC4(COC4)C3)nc2-c2cccc(C#N)c2)cn2ccnc12,ZNSHSDKVUZDIQE-UHFFFAOYSA-N,CC(CC1CC(C2CCCCC2)C(C2CCC3CCCC3C2)C1)C1CC2(CCC2)C1,,,1,False,False,pending_dual_review,quarantined_before_evidence_review,primary_publication_identifier_missing
BDB-761421,761421,Cc1cc(-c2sc(NC(=O)N3CC4(COC4)C3)nc2-c2cccc(C#N)c2)cc2cnn(C)c12,CUIYNPRCCZOLEG-UHFFFAOYSA-N,CC(CC1CC(C2CCCCC2)C(C2CCC3CCCC3C2)C1)C1CC2(CCC2)C1,,,1,False,False,pending_dual_review,quarantined_before_evidence_review,primary_publication_identifier_missing
BDB-761422,761422,Cc1cc(-c2sc(NC(=O)N3CC4(COC4)C3)nc2-c2cccc(C#N)c2)cnn1,NHOKEEHIHAADHS-UHFFFAOYSA-N,CC(CC1CC(C2CCCCC2)C(C2CCCCC2)C1)C1CC2(CCC2)C1,,,1,False,False,pending_dual_review,quarantined_before_evidence_review,primary_publication_identifier_missing
BDB-761423,761423,Cc1cc(-c2sc(NC(=O)N3CC4(COC4)C3)nc2-c2cccc(C#N)c2)cnc1-n1nccn1,NDVLUOLYOPFGOB-UHFFFAOYSA-N,CC(CC1CC(C2CCCCC2)C(C2CCC(C3CCCC3)CC2)C1)C1CC2(CCC2)C1,,,1,False,False,pending_dual_review,quarantined_before_evidence_review,primary_publication_identifier_missing
BDB-761424,761424,N#Cc1cccc(-c2nc(NC(=O)N3CCOCC3)sc2-c2ccn3nccc3c2)c1,UBPBSNJMAHQTAE-UHFFFAOYSA-N,CC(CC1CC(C2CCCCC2)C(C2CCC3CCCC3C2)C1)C1CCCCC1,,,1,False,False,pending_dual_review,quarantined_before_evidence_review,primary_publication_identifier_missing
BDB-761425,761425,Cc1cc(-c2sc(NC(=O)N3CC4(COC4)C3)nc2-c2cccc(C#N)c2)c2cc[nH]c2n1,QUJOMYRRFBBIFG-UHFFFAOYSA-N,CC(CC1CC(C2CCCCC2)C(C2CCCC3CCCC32)C1)C1CC2(CCC2)C1,,,1,False,False,pending_dual_review,quarantined_before_evidence_review,primary_publication_identifier_missing
BDB-761426,761426,N#Cc1cccc(-c2nc(NC(=O)N3CC4(COC4)C3)sc2-c2ccc3ncoc3c2)c1,DAGIMZFTKXHQKE-UHFFFAOYSA-N,CC(CC1CC(C2CCCCC2)C(C2CCC3CCCC3C2)C1)C1CC2(CCC2)C1,,,1,False,False,pending_dual_review,quarantined_before_evidence_review,primary_publication_identifier_missing
BDB-765086,765086,Fc1cnccc1-c1nnc(Nc2cccnc2)nc1-c1cccnc1,QKHNCUVUKZTPBE-UHFFFAOYSA-N,C1CCC(CC2CCC(C3CCCCC3)C(C3CCCCC3)C2)CC1,,,1,False,False,pending_dual_review,quarantined_before_evidence_review,primary_publication_identifier_missing
BDB-765087,765087,Fc1cccc(Nc2nnc(-c3ccncc3F)c(-c3cccnc3)n2)c1,UHAZPVKJBZMDQL-UHFFFAOYSA-N,C1CCC(CC2CCC(C3CCCCC3)C(C3CCCCC3)C2)CC1,,,1,False,False,pending_dual_review,quarantined_before_evidence_review,primary_publication_identifier_missing
BDB-765089,765089,Fc1cnccc1-c1nnc(Nc2nc(Cl)cs2)nc1-c1cccnc1,HXIPJWSNXCYBKT-UHFFFAOYSA-N,C1CCC(C2CCC(CC3CCCC3)CC2C2CCCCC2)CC1,,,1,False,False,pending_dual_review,quarantined_before_evidence_review,primary_publication_identifier_missing
BDB-765093,765093,Fc1ccccc1-c1nc(Nc2cccnc2)nnc1-c1ccnc(C(F)(F)F)c1,KATRRRILJXWGEL-UHFFFAOYSA-N,C1CCC(CC2CCC(C3CCCCC3)C(C3CCCCC3)C2)CC1,,,1,False,False,pending_dual_review,quarantined_before_evidence_review,primary_publication_identifier_missing
BDB-765097,765097,Fc1cccc(Nc2nnc(-c3ccncc3F)c(-c3ccccc3F)n2)c1,WAJJRHUQOXSTIE-UHFFFAOYSA-N,C1CCC(CC2CCC(C3CCCCC3)C(C3CCCCC3)C2)CC1,,,1,False,False,pending_dual_review,quarantined_before_evidence_review,primary_publication_identifier_missing
BDB-765100,765100,Cc1n[nH]c(Nc2nnc(-c3ccncc3F)c(-c3ccccc3F)n2)n1,PUMBGGNFJITWNW-UHFFFAOYSA-N,C1CCC(C2CCC(CC3CCCC3)CC2C2CCCCC2)CC1,,,1,False,False,pending_dual_review,quarantined_before_evidence_review,primary_publication_identifier_missing
BDB-765102,765102,Cc1cnc(-c2nc(Nc3cccc(F)c3)nnc2-c2ccncc2F)o1,QKAVBHOVZJRJAX-UHFFFAOYSA-N,C1CCC(CC2CCC(C3CCCCC3)C(C3CCCC3)C2)CC1,,,1,False,False,pending_dual_review,quarantined_before_evidence_review,primary_publication_identifier_missing
BDB-765104,765104,Cc1ccc(Nc2nnc(-c3ccncc3F)c(-c3ccccc3F)n2)cn1,QHJIFIGSMFLMEG-UHFFFAOYSA-N,C1CCC(CC2CCC(C3CCCCC3)C(C3CCCCC3)C2)CC1,,,1,False,False,pending_dual_review,quarantined_before_evidence_review,primary_publication_identifier_missing
BDB-765105,765105,OCc1ccc(Nc2nnc(-c3ccncc3F)c(-c3ccccc3F)n2)cn1,SINIMPNEJVAKLO-UHFFFAOYSA-N,C1CCC(CC2CCC(C3CCCCC3)C(C3CCCCC3)C2)CC1,,,1,False,False,pending_dual_review,quarantined_before_evidence_review,primary_publication_identifier_missing
BDB-765106,765106,COc1ccc(Nc2nnc(-c3ccncc3F)c(-c3ccccc3F)n2)cn1,PMFZUUIEALVURB-UHFFFAOYSA-N,C1CCC(CC2CCC(C3CCCCC3)C(C3CCCCC3)C2)CC1,,,1,False,False,pending_dual_review,quarantined_before_evidence_review,primary_publication_identifier_missing
BDB-765111,765111,Fc1cnccc1-c1nnc(Nc2ccc(OCC(F)F)nc2)nc1-c1ccccc1F,XMGDFYYBCKXCQT-UHFFFAOYSA-N,C1CCC(CC2CCC(C3CCCCC3)C(C3CCCCC3)C2)CC1,,,1,False,False,pending_dual_review,quarantined_before_evidence_review,primary_publication_identifier_missing
BDB-765112,765112,OCc1ccc(Nc2nnc(-c3ccncc3F)c(-c3ccccc3F)n2)cc1F,ORAXKQQGZXQSRN-UHFFFAOYSA-N,C1CCC(CC2CCC(C3CCCCC3)C(C3CCCCC3)C2)CC1,,,1,False,False,pending_dual_review,quarantined_before_evidence_review,primary_publication_identifier_missing
BDB-765113,765113,CC(C)(O)c1ccc(Nc2nnc(-c3ccncc3F)c(-c3ccccc3F)n2)cn1,RCOJQPPMIUHUMM-UHFFFAOYSA-N,C1CCC(CC2CCC(C3CCCCC3)C(C3CCCCC3)C2)CC1,,,1,False,False,pending_dual_review,quarantined_before_evidence_review,primary_publication_identifier_missing
BDB-765114,765114,OCc1ncc(Nc2nnc(-c3ccncc3F)c(-c3ccccc3F)n2)cn1,VJFZAWFVUZKDJU-UHFFFAOYSA-N,C1CCC(CC2CCC(C3CCCCC3)C(C3CCCCC3)C2)CC1,,,1,False,False,pending_dual_review,quarantined_before_evidence_review,primary_publication_identifier_missing
BDB-765115,765115,CC(O)c1ccc(Nc2nnc(-c3ccncc3F)c(-c3ccccc3F)n2)cn1,FXVUXIKSDCIRIG-UHFFFAOYSA-N,C1CCC(CC2CCC(C3CCCCC3)C(C3CCCCC3)C2)CC1,,,1,False,False,pending_dual_review,quarantined_before_evidence_review,primary_publication_identifier_missing
BDB-765116,765116,Fc1cnccc1-c1nnc(Nc2ccc(C3CC3)nc2)nc1-c1ccccc1F,MGKXNKVZNMHLOO-UHFFFAOYSA-N,C1CCC(C2CCC(CC3CCC(C4CC4)CC3)CC2C2CCCCC2)CC1,,,1,False,False,pending_dual_review,quarantined_before_evidence_review,primary_publication_identifier_missing
BDB-792956,792956,C[C@@H]1CN(c2c(-c3ccccc3)nc(N)n3c(=O)n(CCC(F)(F)F)nc23)C[C@H](C)O1,KDXJBMRQWCTPSO-BETUJISGSA-N,CC1CCC2C1CCC(C1CCCCC1)C2C1CCCCC1,,,1,False,False,pending_dual_review,quarantined_before_evidence_review,primary_publication_identifier_missing
BDB-792957,792957,C[C@@H]1CN(c2c(-c3ccccc3)nc(N)n3c(=O)n(CCCF)nc23)C[C@H](C)O1,NCVJVPVNGIRXBX-OKILXGFUSA-N,CC1CCC2C1CCC(C1CCCCC1)C2C1CCCCC1,,,1,False,False,pending_dual_review,quarantined_before_evidence_review,primary_publication_identifier_missing
BDB-792958,792958,C[C@@H]1CN(c2c(-c3ccccc3)nc(N)n3c(=O)n(CCC(F)F)nc23)C[C@H](C)O1,KTEUQRPEFHJWKI-BETUJISGSA-N,CC1CCC2C1CCC(C1CCCCC1)C2C1CCCCC1,,,1,False,False,pending_dual_review,quarantined_before_evidence_review,primary_publication_identifier_missing
BDB-792959,792959,CCCn1nc2c(N3C[C@@H](C)O[C@@H](C)C3)c(-c3ccccc3)nc(N)n2c1=O,OZGHBVPPBMZZJK-OKILXGFUSA-N,CC1CCC2C1CCC(C1CCCCC1)C2C1CCCCC1,,,1,False,False,pending_dual_review,quarantined_before_evidence_review,primary_publication_identifier_missing
BDB-792960,792960,C[C@@H]1CN(c2c(-c3ccc(F)cc3)nc(N)n3c(=O)n(CCC(F)(F)F)nc23)C[C@H](C)O1,IDCIUJASVHRYBH-TXEJJXNPSA-N,CC1CCC2C1CCC(C1CCCCC1)C2C1CCCCC1,,,1,False,False,pending_dual_review,quarantined_before_evidence_review,primary_publication_identifier_missing
BDB-792961,792961,CCCn1nc2c(N3C[C@@H](C)O[C@@H](C)C3)c(-c3ccc(F)cc3)nc(N)n2c1=O,OVGHXZIIIAAPCB-BETUJISGSA-N,CC1CCC2C1CCC(C1CCCCC1)C2C1CCCCC1,,,1,False,False,pending_dual_review,quarantined_before_evidence_review,primary_publication_identifier_missing
BDB-792962,792962,C[C@@H]1CN(c2c(-c3ccccc3)nc(N)n3c(=O)n(C[C@@H]4CCCN4C)nc23)C[C@H](C)O1,BQOVGGOUTKJLTF-JZXOWHBKSA-N,CC1C(CC2CCCC2)CC2C1CCC(C1CCCCC1)C2C1CCCCC1,,,1,False,False,pending_dual_review,quarantined_before_evidence_review,primary_publication_identifier_missing
BDB-792963,792963,C[C@@H]1CN(c2c(-c3ccccc3)nc(N)n3c(=O)n(C[C@H]4CCCO4)nc23)C[C@H](C)O1,WGKKOVUFCBDNKZ-HLLBOEOZSA-N,CC1C(CC2CCCC2)CC2C1CCC(C1CCCCC1)C2C1CCCCC1,,,1,False,False,pending_dual_review,quarantined_before_evidence_review,primary_publication_identifier_missing
BDB-792964,792964,C[C@@H]1CN(c2c(-c3ccccc3)nc(N)n3c(=O)n(CCN4CCCCC4)nc23)C[C@H](C)O1,JUDXDAMNCSGJED-HDICACEKSA-N,CC1C(CCC2CCCCC2)CC2C1CCC(C1CCCCC1)C2C1CCCCC1,,,1,False,False,pending_dual_review,quarantined_before_evidence_review,primary_publication_identifier_missing
BDB-792965,792965,C[C@@H]1CN(c2c(-c3ccccc3)nc(N)n3c(=O)n(C[C@H]4COCCN4)nc23)C[C@H](C)O1,JRAWMIHZSJIXEQ-UXLLHSPISA-N,CC1C(CC2CCCCC2)CC2C1CCC(C1CCCCC1)C2C1CCCCC1,,,1,False,False,pending_dual_review,quarantined_before_evidence_review,primary_publication_identifier_missing
BDB-792966,792966,C[C@@H]1CN(c2c(-c3ccccc3)nc(N)n3c(=O)n(C[C@@H]4COCCN4)nc23)C[C@H](C)O1,JRAWMIHZSJIXEQ-HLLBOEOZSA-N,CC1C(CC2CCCCC2)CC2C1CCC(C1CCCCC1)C2C1CCCCC1,,,1,False,False,pending_dual_review,quarantined_before_evidence_review,primary_publication_identifier_missing
BDB-792967,792967,C[C@@H]1CN(c2c(-c3ccccc3)nc(N)n3c(=O)n(C[C@H]4COCCN4C)nc23)C[C@H](C)O1,IAAQDZOTKBGLLL-JZXOWHBKSA-N,CC1C(CC2CCCCC2)CC2C1CCC(C1CCCCC1)C2C1CCCCC1,,,1,False,False,pending_dual_review,quarantined_before_evidence_review,primary_publication_identifier_missing
BDB-792968,792968,C[C@@H]1CN(c2c(-c3ccccc3)nc(N)n3c(=O)n(C[C@@H]4COCCN4C)nc23)C[C@H](C)O1,IAAQDZOTKBGLLL-SOLBZPMBSA-N,CC1C(CC2CCCCC2)CC2C1CCC(C1CCCCC1)C2C1CCCCC1,,,1,False,False,pending_dual_review,quarantined_before_evidence_review,primary_publication_identifier_missing
BDB-792969,792969,C[C@@H]1CN(c2c(-c3ccccc3)nc(N)n3c(=O)n(Cc4ccc(F)cn4)nc23)C[C@H](C)O1,QKJISDGJUZBGJQ-GASCZTMLSA-N,CC1C(CC2CCCCC2)CC2C1CCC(C1CCCCC1)C2C1CCCCC1,,,1,False,False,pending_dual_review,quarantined_before_evidence_review,primary_publication_identifier_missing
BDB-792970,792970,COc1ncccc1Cn1nc2c(N3C[C@@H](C)O[C@@H](C)C3)c(-c3ccccc3)nc(N)n2c1=O,LEMDGRRAFOZAHN-IYBDPMFKSA-N,CC1C(CC2CCCCC2)CC2C1CCC(C1CCCCC1)C2C1CCCCC1,,,1,False,False,pending_dual_review,quarantined_before_evidence_review,primary_publication_identifier_missing
BDB-792971,792971,C[C@@H]1CN(c2c(-c3ccccc3)nc(N)n3c(=O)n(Cc4cccnn4)nc23)C[C@H](C)O1,ZWFHANYQTXKZDJ-GASCZTMLSA-N,CC1C(CC2CCCCC2)CC2C1CCC(C1CCCCC1)C2C1CCCCC1,,,1,False,False,pending_dual_review,quarantined_before_evidence_review,primary_publication_identifier_missing
BDB-792972,792972,C[C@@H]1CN(c2c(-c3ccccc3)nc(N)n3c(=O)n(CCc4ccccc4)nc23)C[C@H](C)O1,GSLJGZHYTRMALP-HDICACEKSA-N,CC1C(CCC2CCCCC2)CC2C1CCC(C1CCCCC1)C2C1CCCCC1,,,1,False,False,pending_dual_review,quarantined_before_evidence_review,primary_publication_identifier_missing
BDB-792973,792973,C[C@@H]1CC(c2c(-c3ccccc3)nc(N)n3c(=O)n(CCC(F)(F)F)nc23)=C[C@H](C)O1,OXTRSOVDEBIWBM-QWHCGFSZSA-N,CC1CCC2C1CCC(C1CCCCC1)C2C1CCCCC1,,,1,False,False,pending_dual_review,quarantined_before_evidence_review,primary_publication_identifier_missing
BDB-792974,792974,C[C@@H]1CN(c2c(-c3ccccc3)nc(N)n3c(=O)n(CCC(F)(F)F)nc23)C[C@H](C)O1,KDXJBMRQWCTPSO-BETUJISGSA-N,CC1CCC2C1CCC(C1CCCCC1)C2C1CCCCC1,,,1,False,False,pending_dual_review,quarantined_before_evidence_review,primary_publication_identifier_missing
BDB-792975,792975,Cc1cc(-c2c(-c3ccccc3)nc(N)n3c(=O)n(Cc4ccc(F)cn4)nc23)cc(C)c1O,OLRADYMAXSEFAN-UHFFFAOYSA-N,CC1C(CC2CCCCC2)CC2C1CCC(C1CCCCC1)C2C1CCCCC1,,,1,False,False,pending_dual_review,quarantined_before_evidence_review,primary_publication_identifier_missing
BDB-792976,792976,Cc1cc(-c2c(-c3ccc(F)cc3)nc(N)n3c(=O)n(CCC(F)(F)F)nc23)cc2ocnc12,GUGRLSDYHRPSDJ-UHFFFAOYSA-N,CC1CCC2C1CCC(C1CCCCC1)C2C1CCC2CCCC2C1,,,1,False,False,pending_dual_review,quarantined_before_evidence_review,primary_publication_identifier_missing
BDB-792977,792977,Cc1cc(-c2c(-c3ccc(F)cc3)nc(N)n3c(=O)n(Cc4ccc(Cl)cn4)nc23)cc2ocnc12,PMGCVFKYTNFHKN-UHFFFAOYSA-N,CC1C(CC2CCCCC2)CC2C1CCC(C1CCCCC1)C2C1CCC2CCCC2C1,,,1,False,False,pending_dual_review,quarantined_before_evidence_review,primary_publication_identifier_missing
BDB-792978,792978,Cc1ccc(Cn2nc3c(-c4cc(C)c5ncoc5c4)c(-c4ccc(F)cc4)nc(N)n3c2=O)nc1,YCLLBMADBFTBBS-UHFFFAOYSA-N,CC1C(CC2CCCCC2)CC2C1CCC(C1CCCCC1)C2C1CCC2CCCC2C1,,,1,False,False,pending_dual_review,quarantined_before_evidence_review,primary_publication_identifier_missing
BDB-792979,792979,Cc1cc(-c2c(-c3ccccc3)nc(N)n3c(=O)n(Cc4ccc(F)cn4)nc23)cc2c1N=NC2,CFKVXDPOCKMZRN-UHFFFAOYSA-N,CC1C(CC2CCCCC2)CC2C1CCC(C1CCCCC1)C2C1CCC2CCCC2C1,,,1,False,False,pending_dual_review,quarantined_before_evidence_review,primary_publication_identifier_missing
BDB-792980,792980,Cc1cc(-c2c(-c3ccccc3)nc(N)n3c(=O)n(Cc4ccc(F)cn4)nc23)cc2nc[nH]c12,OFFURUJZFMFNSK-UHFFFAOYSA-N,CC1C(CC2CCCCC2)CC2C1CCC(C1CCCCC1)C2C1CCC2CCCC2C1,,,1,False,False,pending_dual_review,quarantined_before_evidence_review,primary_publication_identifier_missing
BDB-792981,792981,Cc1ocnc1Cn1nc2c(-c3cc(C)c4ncoc4c3)c(-c3ccccc3)nc(N)n2c1=O,ATEIDDSDMLUNLR-UHFFFAOYSA-N,CC1C(CC2CCCC2)CC2C1CCC(C1CCCCC1)C2C1CCC2CCCC2C1,,,1,False,False,pending_dual_review,quarantined_before_evidence_review,primary_publication_identifier_missing
BDB-792982,792982,Cc1nc(Cn2nc3c(-c4cc(C)c5ncoc5c4)c(-c4ccc(F)cc4)nc(N)n3c2=O)c(C)o1,GTTMMDPYSXFEGR-UHFFFAOYSA-N,CC1C(CC2CCCC2)CC2C1CCC(C1CCCCC1)C2C1CCC2CCCC2C1,,,1,False,False,pending_dual_review,quarantined_before_evidence_review,primary_publication_identifier_missing
BDB-792983,792983,Cc1ocnc1Cn1nc2c(-c3cc(C)c4[nH]ncc4c3)c(-c3ccc(F)cc3)nc(N)n2c1=O,QIDIKWFLUVGNKC-UHFFFAOYSA-N,CC1C(CC2CCCC2)CC2C1CCC(C1CCCCC1)C2C1CCC2CCCC2C1,,,1,False,False,pending_dual_review,quarantined_before_evidence_review,primary_publication_identifier_missing
BDB-792984,792984,Cc1ocnc1Cn1nc2c(-c3cc(C)c4[nH]ncc4c3)c(-c3ccccc3)nc(N)n2c1=O,AGAOWKARFSSGOJ-UHFFFAOYSA-N,CC1C(CC2CCCC2)CC2C1CCC(C1CCCCC1)C2C1CCC2CCCC2C1,,,1,False,False,pending_dual_review,quarantined_before_evidence_review,primary_publication_identifier_missing
BDB-792985,792985,[2H]c1c([2H])c([2H])c(-c2nc(N)n3c(=O)n(Cc4ncoc4C)nc3c2-c2cc(C)c3[nH]ncc3c2)c([2H])c1[2H],AGAOWKARFSSGOJ-DKFMXDSJSA-N,CC1C(CC2CCCC2)CC2C1CCC(C1CCCCC1)C2C1CCC2CCCC2C1,,,1,False,False,pending_dual_review,quarantined_before_evidence_review,primary_publication_identifier_missing
BDB-792986,792986,Cc1ocnc1Cn1nc2c(-c3cc(Cl)c4[nH]ncc4c3)c(-c3ccccc3)nc(N)n2c1=O,RHBPBNHERQWPOD-UHFFFAOYSA-N,CC1C(CC2CCCC2)CC2C1CCC(C1CCCCC1)C2C1CCC2CCCC2C1,,,1,False,False,pending_dual_review,quarantined_before_evidence_review,primary_publication_identifier_missing
BDB-792987,792987,Cc1ocnc1Cn1nc2c(-c3cc(C)c4[nH]ccc4c3)c(-c3ccccc3)nc(N)n2c1=O,IQKYEVCSRKBURH-UHFFFAOYSA-N,CC1C(CC2CCCC2)CC2C1CCC(C1CCCCC1)C2C1CCC2CCCC2C1,,,1,False,False,pending_dual_review,quarantined_before_evidence_review,primary_publication_identifier_missing
BDB-81925,81925,Cn1c(=O)c2[nH]c(C3CCCC3)nc2n(C)c1=O,SCVHFRLUNIOSGI-UHFFFAOYSA-N,CC1CC(C)C2CC(C3CCCC3)CC2C1,10.1021/jm00126a014,2724296|3010074,2,False,True,pending_dual_review,quarantined_before_evidence_review,generic_scaffold_overlaps_model_selection
BDB-82020,82020,Cn1c(=O)[nH]c2nc[nH]c2c1=O,MVOYJPOZRLFTCP-UHFFFAOYSA-N,CC1CC(C)C2CCCC2C1,10.1021/jm00126a014,2724296,1,True,False,pending_dual_review,quarantined_before_evidence_review,exact_structure_previously_visible
BDB-82032,82032,CCCn1c(=O)c2[nH]cnc2n(CCC)c1=O,MJVIGUCNSRXAFO-UHFFFAOYSA-N,CC1CC(C)C2CCCC2C1,10.1021/jm00062a010|10.1021/jm00118a032|10.1021/jm00126a014,10496952|2724296|3010074|3172141|8496906,5,True,False,pending_dual_review,quarantined_before_evidence_review,exact_structure_previously_visible
BDB-82042,82042,Cn1c(=O)c2[nH]c(-c3cccs3)nc2n(C)c1=O,XKANLKMBLCBGOJ-UHFFFAOYSA-N,CC1CC(C)C2CC(C3CCCC3)CC2C1,,3010074,1,False,True,pending_dual_review,quarantined_before_evidence_review,generic_scaffold_overlaps_model_selection
BDB-82047,82047,Cn1c(=O)c2nc(C3CCOC3)[nH]c2n(C)c1=O,LSQHYWKBICIJRM-UHFFFAOYSA-N,CC1CC(C)C2CC(C3CCCC3)CC2C1,,3010074,1,False,True,pending_dual_review,quarantined_before_evidence_review,generic_scaffold_overlaps_model_selection
BDB-82053,82053,Cn1c(=O)c2nc[nH]c2n(C)c1=O,ZFXYFBGIUFBOJW-UHFFFAOYSA-N,CC1CC(C)C2CCCC2C1,10.1016/j.bmc.2013.09.044|10.1016/j.ejmech.2019.111879|10.1021/acs.jmedchem.9b01572,24139167|3010074|31738058|31780082,4,True,False,pending_dual_review,quarantined_before_evidence_review,exact_structure_previously_visible
BDB-85523,85523,CCNC(=O)C1OC(n2cnc3c(N)nc(C#C[C@H](O)c4ccccc4)nc32)C(O)C1O,WOAZCBPWCCREDO-SWDFYPTCSA-N,C1CCC(CCCC2CCC3CCC(C4CCCC4)C3C2)CC1,10.1007/s002109900044,10494877,1,False,True,pending_dual_review,quarantined_before_evidence_review,generic_scaffold_overlaps_model_selection
BDB-86760,86760,CCNC(=O)C1OC(n2cnc3c(N)nc(NCCc4ccc(CCC(=O)O)cc4)nc32)C(O)C1O,PAOANWZGLPPROA-UHFFFAOYSA-N,C1CCC(CCCC2CCC3CCC(C4CCCC4)C3C2)CC1,10.1016/j.bmc.2007.02.043,17350268,1,False,True,pending_dual_review,quarantined_before_evidence_review,generic_scaffold_overlaps_model_selection
BDB-86761,86761,CCNC(=O)[C@H]1O[C@@H](n2cnc3c(N)ncnc32)[C@H](O)[C@@H]1O,JADDQZYHOWSFJD-FLNNQWSLSA-N,C1CCC2C(C1)CCC2C1CCCC1,10.1111/cbdd.12801,27282729,1,True,True,pending_dual_review,quarantined_before_evidence_review,exact_structure_previously_visible|generic_scaffold_overlaps_model_selection
